dadaismus	43-33551-B
daemlack doeskopp einfaltspinsel esel flachwichser gimpel hirni hohlkopf holzkopf honk hornochse idiot kamel kindskopf mondkalb narr rindvieh schafskopf schwachkopf schwachmat simpel spaten spatzengehirn spatzenhirn stiesel strohkopf tor tropf trottel vollhonk vollpfosten	8-73583-S
daemmerung	25-53266-B
daemmstoff	3-31837-B,7-26282-B
daemon unhold	32-23232-B
daemonenhaft daemonisch	35-55553-B
daemonisch	35-55553-S
daemonisieren verteufeln	35-55731-B
daempfen	33-3177-B,43-39208-B
daempfen erleichtern lindern stillen	13-52812-S
daempfung	32-36006-B,36-17893-B
daene	15-23464-B
daenemark	11-61595-B
daenisch	8-85332-B,12-45572-B
daenische gebaerdensprache	27-12606-B
daenische krone	28-23381-B
daf	29-11438-B
dafuer statt stattdessen	10-3722-S
dagegen jedoch sondern	9-42328-S
dagestan	17-50250-B
dago dagobert	31-15898-B
dagobert	10-87889-S,31-15898-S
dagobert duck onkel dagobert	10-87889-B
dahinscheiden das zeitliche segnen den arsch zukneifen den loeffel abgeben den weg alles irdischen gehen die augen fuer immer schliessen draufgehen entschlafen heimgehen hinscheiden in die ewigen jagdgruende eingehen ins gras beissen krepieren sein leben aushauchen sterben verrecken verscheiden versterben ueber den jordan gehen ueber die klinge springen den geist aufgeben hops gehen	9-11033-S
daikon	33-7653-B
daisayah	40-44347-B
daisy duck	41-22189-B
dakar	23-14249-B
dakka dhaka	17-49292-S
dako thrakisch thrakisch	42-8266-B
dakota	15-32549-S
dakota sueddakota	15-33785-S
dakryozystitis traenensackentzuendung	39-42289-B
daktylogramm fingerabdruck	36-6438-B
daktyloskopie fingerabdruckverfahren	36-6287-B
daktylus	36-6659-B
dalai lama	31-16773-B
dalasi	34-24727-B
dalli los nun	43-61231-B
daltonismus rot gruen blindheit rot gruen sehschwaeche	36-7014-B
damals dazumal derzeit ehedem seinerzeit	10-31285-B
damaskus	17-49411-B
damast	22-43487-B
damast damaszener stahl damaszenerstahl	36-7617-B
damaszener	36-7542-B
damaszener stahl damaszenerstahl	36-7617-S
damaszenerstahl	36-7617-S
dame	8-17116-S,11-66367-B
dame frau frauenzimmer weib weibsperson	6-27450-B
dame koenigin	8-17414-B
damebrett	32-32577-B
damm	2-9563-B,31-18951-S
damm perineum mittelfleisch perinaeum	28-44353-B
dammschnitt episiotomie	28-44204-B
dampf	8-59606-B,23-25005-S
dampfdruck	6-12527-B
dampferzeuger	5-41856-B
dampfig	38-46923-B
dampfkessel	12-48296-B
dampfkessel heizkessel kessel siedekessel	1-35265-B
dampfmaschine	12-41803-B
dampfturbine	12-50600-B
danach	11-62059-S
danach dann	43-18614-B
danach nachher spaeter	29-10997-B
danburit	36-11736-B
dandy fieber dengue fieber denguefieber knochenbrecherfieber	20-50195-B
dandy geck gent laffe schoenling stutzer	14-35430-S
daniel	36-8915-B
daniel duesentrieb	23-10635-B
daniela	36-11801-B
dank	43-60766-B
dankbar	29-48424-B,37-5477-B
dankbarkeit	37-5499-B
dankbezeigung danksagung	28-6055-B
danke	7-55786-B
danken	11-14883-S,20-61027-B
danksagung	28-6055-S
dann	43-18614-S
dann und wann gelegentlich manchmal mitunter zuweilen zuzeiten	9-29535-S
daphnien wasserfloh	6-19505-B
daressalam	28-35472-B
darfur	12-16188-B
darlegen	28-10001-B
darlegung	19-11513-B
darm grippe	37-1223-S
darm trakt verdauungsapparat verdauungstrakt	28-13619-S
darmspiegelung koloskopie	25-66318-B
darmstadtium	13-3791-B
darmverstopfung konstipation obstipation verstopfung	35-51332-B
darshan darshana	41-12745-B
darshana	41-12745-S
darstellen	24-15601-S,26-38053-B,26-38153-B,27-768-S
darsteller darstellerin schauspieler schauspielerin	13-38613-B
darsteller schauspieler	38-33720-B
darstellerin schauspieler schauspielerin	13-38613-S
darstellerin schauspielerin	13-38847-B
darstellung	8-50856-S
darstellung des herrn einfuehrung jesu in den tempel lichtmess mariae lichtmess mariae reinigung	43-20638-B
darueberhinaus ferner fernerhin obendrein weiterhin zudem zusaetzlich ueberdies	10-70576-S
darum deshalb deswegen	14-3182-B
darwinistisch	33-41396-B
das	13-71349-B,21-63539-B
das a und das o	15-43278-S
das bessere ist des guten feind	44-6828-B
das blinken mit dem fernlicht	23-1926-B
das commonwealth der noerdlichen marianen	24-36395-S
das der die	9-15088-B
das der die dieser	10-56749-B
das eis brechen	39-17027-B
das fell nicht verteilen eh man den baeren erlegt hat	44-31774-S
das ganze den ganzen die ganze	9-40126-B
das gesicht verlieren	41-19080-B
das kind mit dem bade ausschuetten	8-24659-B
das leben nehmen sich entleiben sich toeten sich umbringen	36-36545-S
das letzte abendmahl	17-45776-B
das letzte einhorn	20-0-B
das mausen nicht ein bauer bleibt immer ein bauer	44-31593-S
das o	15-43278-S
das ufer	30-6355-S
das woertchen wenn nicht waer waer mein vater millionaer	44-32080-S
das woertchen wenn nicht waer wenn das woertchen wenn nicht waer waer mein vater millionaer	44-32080-S
das zeitliche segnen den arsch zukneifen den loeffel abgeben den weg alles irdischen gehen die augen fuer immer schliessen draufgehen entschlafen heimgehen hinscheiden in die ewigen jagdgruende eingehen ins gras beissen krepieren sein leben aushauchen sterben verrecken verscheiden versterben ueber den jordan gehen ueber die klinge springen den geist aufgeben hops gehen	9-11033-S
daseinsmuede lebensmuede lebensueberdruessig	34-12769-B
datei file	44-16105-B
datei kartei	44-16010-S
daten	18-72271-B
datenanalyse	2-9902-B
datenaustausch	2-10039-B,3-32371-S
datenbank	2-9950-B,7-23041-S
datenkompression	27-4103-B
datenkompression datenkomprimierung	28-46605-B
datenkomprimierung	28-46605-S
datennetz	19-52316-S
datenrate datentransferrate datenuebertragungsrate bandbreite kapazitaet verbindungsgeschwindigkeit uebertragungsgeschwindigkeit	28-46108-B
datensatz	21-33008-B
datenschutz	2-10132-B
datenspeicher speicher speichermedium	21-9789-B
datentraeger	2-10006-B
datentransferrate datenuebertragungsrate bandbreite kapazitaet verbindungsgeschwindigkeit uebertragungsgeschwindigkeit	28-46108-S
datenuebertragungsrate bandbreite kapazitaet verbindungsgeschwindigkeit uebertragungsgeschwindigkeit	28-46108-S
datenverarbeitung	2-10075-B
datenverarbeitungssystem	7-15726-B
datenzentrum rechenzentrum	7-20696-B
datierbar	35-51042-B
datierung	2-10168-B
dativ wemfall dritter fall	17-69490-B
dattel	38-17374-S,38-58931-B
dattel rote dattel	38-17374-S
dattel sauerdattel	36-33058-S
dattelpalme	38-59086-B
datum	9-23132-B,11-16589-B
dauerform	5-11096-B
dauerfrostboden permafrostboden	12-42211-B
dauerhaft	28-25258-B
dauerlutscher lollipop lutscher	43-63742-B
dauern andauern waehren	23-8486-S
dauernd immerdar immerfort immerwaehrend immerzu jederzeit stets staendig	10-14746-S
dauerregen landregen	24-3779-B
dauerwurst	40-54988-B
daumen	10-72915-B
daune	8-30434-B
dauphin	40-36607-B
dauphine	40-36935-B
david	36-9030-B
davor vorher zuvor	12-734-B
dazit	36-6873-B
dazumal derzeit ehedem seinerzeit	10-31285-S
ddr deutsche demokratische republik	10-50291-B
ddt	2-10606-S
de belfort	24-51220-S
de calais	24-47785-S
de chile	19-56347-S
de clérambault syndrom erotomanie liebeswahn	40-57088-B
de cologne koelnisch wasser riechwasser riechwaesserchen	12-18555-S
de dôme	24-47918-S
de france	25-7584-S
de haute provence	24-41366-S
de janeiro	31-1714-S,31-1847-S
de javel javelwasser	35-10846-S
de marne	24-51744-S
de mars marsfeld	25-15263-S
de melun	25-72844-S
de menthe	39-46922-S
de seine	24-51485-S
dealen schmuggeln	12-36724-B
deauville	32-6538-B
debakel	35-9270-B
debatte	6-40538-S,13-76960-B
debattieren	35-9515-B
debitkarte	26-16968-B
debuet	34-34210-B
debugger	40-25174-B
decan dekan	32-12084-B
dechiffrieren entschluesseln	20-38982-B
dechlorierung dechlorination entchlorung	7-6555-B
dechlorination entchlorung	7-6555-S
deckbett federbett	19-17986-S
decke	9-63474-B,14-39101-B,14-53088-B,27-7411-B
deckel	14-42327-B
deckelkorb	22-3049-B
decken	14-10876-B
deckfluegel fluegeldecken	38-844-B
deckname	29-18238-B
deckung	2-6448-S,19-2343-B
deduktion ableitung deduktive methode deduktiver schluss	38-57253-B
deduktive methode deduktiver schluss	38-57253-S
deduktiver schluss	38-57253-S
defaekation stuhlgang	39-0-B
defaekieren defaezieren kacken koten scheissen	13-45926-S
defaetismus	35-20620-B
defaezieren kacken koten scheissen	13-45926-S
default swap	35-43514-S
defaultwert standard standardwert	18-72489-B
defekt fehler mangel	33-34297-B
defekt fehlerhaft	29-3933-B
defekt kaputt	13-29478-B
definieren	18-72411-B
definierte bedeutung	17-2277-B
definition	16-39468-B,17-2407-B
definitionsbereich definitionsmenge	42-36323-B
definitionsmenge	42-36323-S
definitiv	32-3924-B
definitiv ein fuer allemal	32-3945-B
defizit	18-72680-B
deflation	15-11033-B
degen	34-23549-B
degeneration	12-36016-B
deglobalisierung	42-44162-B
degradieren	26-22044-B
degradierung	28-26943-B
dehydratation dehydration dehydratisierung	28-40409-S
dehydration dehydratisierung	28-40409-S
dehydratisierung	28-40409-S
dehydroepiandrosteron prasteron	40-43464-S
deich	2-22068-B
deichhummel	44-25398-B
deichverstaerkung	2-22243-B
dein	7-58986-B
deinking druckfarbenentfernung	2-12296-B
dekade dezennium jahrzehnt	11-63930-B
dekadenlang	18-62669-S
dekadent	35-12850-B
dekadenz	35-12746-B
dekagon zehneck	16-31132-B
dekagonal zehneckig	16-28265-B
dekagramm	41-61177-B
dekalkomanie	36-10416-B
dekalog zehn gebote	42-21833-B
dekan	32-12084-S
dekantieren	7-26311-B,36-10283-B
dekarbonisieren entkohlen frischen	36-18081-B
dekathlon zehnkampf	35-13050-B
deklamation	35-15637-B
deklamieren	35-15289-B
deklaration	18-72122-B
deklarieren	42-73787-B
deklination	15-51608-B,21-62857-B
dekolleté	44-7342-B
dekontamination	2-10978-B
dekorateur	35-16555-B
dekorativ	35-16343-B
dekret	18-63452-B
dekriminalisieren	35-34208-S
dekubitalgeschwuer dekubitus druckgeschwuer druckulkus wundliegegeschwuer	34-16163-B
dekubitus druckgeschwuer druckulkus wundliegegeschwuer	34-16163-S
del friuli	21-63847-S
delaware	13-70177-B,19-48805-B
delegieren	13-3039-B
delegierte delegierter	31-12294-B
delegierter	31-12294-S
delfin	24-76-S,27-12178-S
delfinarium delphinarium	42-41719-B
delhi	28-19082-S,40-20168-B
delikat	25-55961-B
delikatesse	35-26641-B
delikatesse gaumenfreude gaumenkitzel gaumenschmaus koestlichkeit leckerbissen schmankerl	38-26915-B
delinquent ganove gesetzesbrecher krimineller rechtsbrecher verbrecher	8-47421-S
delinquenz	2-12339-B
delizioes koestlich lecker	35-25633-B
delphin delfin	24-76-B
delphinarium	42-41719-S
delta flussdelta	2-12405-B
deltoid drachenviereck	16-32939-B
dem abend loben mache keine milchmaedchenrechnung man soll das fell nicht verteilen eh man den baeren erlegt hat	44-31774-S
dem bade ausschuetten	8-24659-S
dem beelzebub austreiben den teufel durch beelzebub austreiben den teufel mit beelzebub austreiben	42-52739-S
dem dach	42-12821-S
dem dach besser ein spatz in der hand als eine taube auf dem dach der spatz in der hand ist besser als die taube auf dem dach lieber der spatz in der hand als die taube auf dem dach	42-12821-S
dem dach der spatz in der hand ist besser als die taube auf dem dach lieber der spatz in der hand als die taube auf dem dach	42-12821-S
dem dach lieber der spatz in der hand als die taube auf dem dach	42-12821-S
dem fernlicht	23-1926-S
dem feuer	40-18191-S
dem gebiet	19-20844-S
dem hoehepunkt des erfolgs	22-28612-S
dem liebesspiel hingeben sich der schoensten nebensache der welt widmen voegeln	10-77377-S
dem sattel heben aus dem sattel werfen	41-17677-S
dem sattel werfen	41-17677-S
dem uhrzeigersinn gegen den uhrzeigersinn im gegenuhrzeigersinn	22-40828-S
demagoge	35-32913-B
demagogie	35-34524-B
demagogisch	40-28056-B
demarkation	23-3242-S
dement	36-38554-B
dementieren	24-15843-B
demenz	35-35229-B
deminutiv diminutiv diminutivum verkleinerungsform	11-47428-B
demission ruecktritt	40-30269-B
demnaechst	13-59708-S
demobilisierung	39-62427-B
demografie demographie	2-12647-S
demographie	2-12647-S
demographisch	37-6980-B
demographische entwicklung	2-12594-B,4-45470-S
demokrat	35-37146-B
demokratie	2-12547-B,14-54381-S,14-54420-S,14-54475-S
demokratisch	18-57799-B,36-10826-B
demokratische republik	10-50291-S
demokratische republik kongo	32-30552-B
demokratische volksrepublik algerien	8-22689-S
demokratische volksrepublik laos laos	11-61225-B
demokratisieren	35-37576-B,36-16891-S
demokratisierung	36-17009-B
demonstrant	24-37067-B
demonstration	35-37951-B
demonstrativ	39-27179-B
demonstrativpronomen hinweisendes fuerwort	17-27925-B
demonstrieren	35-37869-B
demonstrieren pruefen zeigen	18-66729-S
demonstrieren vorfuehren	18-66650-B
demontieren	36-19824-B
demonym ethnikon volksbezeichnung voelkername	28-23799-B
demoskopie meinungsforschung	5-920-B
demotivieren	35-38056-B
demut	27-14376-B
den achseln zucken mit den schultern zucken	20-46496-S
den angeln heben	26-44973-S
den arm nehmen in die arme nehmen	16-47419-S
den arsch fuer die katz fuer nichts fuer nichts und wieder nichts fuer nix und wieder nix umsonst	27-36898-S
den arsch zukneifen den loeffel abgeben den weg alles irdischen gehen die augen fuer immer schliessen draufgehen entschlafen heimgehen hinscheiden in die ewigen jagdgruende eingehen ins gras beissen krepieren sein leben aushauchen sterben verrecken verscheiden versterben ueber den jordan gehen ueber die klinge springen den geist aufgeben hops gehen	9-11033-S
den baeren erlegt hat	44-31774-S
den braten riechen	35-13256-S
den durst loeschen den durst stillen	32-17167-B
den durst stillen	32-17167-S
den ganzen die ganze	9-40126-S
den ganzen tag	43-14442-B
den geist aufgeben hops gehen	9-11033-S
den haag	17-13750-B
den jordan gehen ueber die klinge springen den geist aufgeben hops gehen	9-11033-S
den kopf treffen	10-18336-S
den loeffel abgeben den weg alles irdischen gehen die augen fuer immer schliessen draufgehen entschlafen heimgehen hinscheiden in die ewigen jagdgruende eingehen ins gras beissen krepieren sein leben aushauchen sterben verrecken verscheiden versterben ueber den jordan gehen ueber die klinge springen den geist aufgeben hops gehen	9-11033-S
den mittelpunkt stellen	18-55012-S
den nagel auf den kopf treffen	10-18336-B
den rang ablaufen	26-5425-B
den schleier nehmen	34-22807-B
den schultern zucken	20-46496-S
den strick nehmen	39-58480-S
den tag nicht vor dem abend loben mache keine milchmaedchenrechnung man soll das fell nicht verteilen eh man den baeren erlegt hat	44-31774-B
den tempel lichtmess mariae lichtmess mariae reinigung	43-20638-S
den teufel durch beelzebub austreiben den teufel mit beelzebub austreiben	42-52739-S
den teufel mit beelzebub austreiben	42-52739-S
den teufel mit dem beelzebub austreiben den teufel durch beelzebub austreiben den teufel mit beelzebub austreiben	42-52739-B
den uhrzeigersinn im gegenuhrzeigersinn	22-40828-S
den vondel	44-0-S
den weg alles irdischen gehen die augen fuer immer schliessen draufgehen entschlafen heimgehen hinscheiden in die ewigen jagdgruende eingehen ins gras beissen krepieren sein leben aushauchen sterben verrecken verscheiden versterben ueber den jordan gehen ueber die klinge springen den geist aufgeben hops gehen	9-11033-S
den zeilen anspielung stichelei versteckte andeutung versteckte anspielung	17-78986-S
denar	28-35240-S
denar mazedonischer denar	28-35240-B
dendrimer	42-28480-B
dendrit	9-39698-B
dendrochronologie jahresringdatierung baumringdatierung	2-12990-B
dendrogramm	40-29535-B
dendrologie	21-63449-B
dendrometrie	2-13206-B
dengue fieber denguefieber knochenbrecherfieber	20-50195-S
denguefieber knochenbrecherfieber	20-50195-S
denim	35-39001-B
denis	24-51630-S
denitrifikation	2-13233-B
denkapparat denkorgan gehirn hirn	9-43528-B
denkbar moeglich	8-32042-B
denken	33-26228-S
denken glauben meinen	9-20157-B
denken gruebeln nachdenken nachsinnen reflektieren sinnieren ueberlegen sinnen	8-67155-B
denkmal	4-8675-B
denkorgan gehirn hirn	9-43528-S
denn weil	7-53229-S
dennoch jedoch nichtsdestotrotz trotzdem dessenungeachtet doch gleichwohl nichtsdestominder nichtsdestoweniger	10-88266-B
dennoch trotzdem	26-18870-B
denotation	40-25309-B
dental	39-24213-B,39-24317-B,39-24424-B
dentition zahnen	34-17749-B
dento maxillaere orthopaedie kieferorthopaedie orthodontie zahnregulierung	27-42986-B
denunzieren	30-19846-B
deo deodorant desodorant	32-7791-B
deodorant desodorant	32-7791-S
deontologie	33-46212-B
deontologisch	33-46251-B
depesche	33-22770-S
depilieren enthaaren epilieren	35-40731-B
deponie muelldeponie muellhalde muellkippe	3-39054-B
deponieabdeckung	3-39220-B
deponieentgasung	3-39457-B
deponieren	19-3578-B
deportieren	35-41356-B
depp doofi doofkopf dummbratze dummerchen dummerjan dummkopf dumpfbacke daemlack doeskopp einfaltspinsel esel flachwichser gimpel hirni hohlkopf holzkopf honk hornochse idiot kamel kindskopf mondkalb narr rindvieh schafskopf schwachkopf schwachmat simpel spaten spatzengehirn spatzenhirn stiesel strohkopf tor tropf trottel vollhonk vollpfosten	8-73583-S
depression	15-63767-B
depression konjunkturtief	15-64179-B
depressive erkrankung	33-43318-S
deprimiert down gedrueckt geknickt niedergeschlagen truebsinnig	15-1841-S
der	13-71283-B,28-18442-S
der anderen seite	39-26841-S
der antarktis	1-17138-S
der antillen puerto rico kirsche westindische kirsche	35-31165-S
der apfel faellt nicht weit vom stamm	11-29366-B
der arbeit	23-22315-S
der arbeiterbewegung tag der arbeit	23-22315-S
der atmosphaere	1-23887-S,1-24019-S
der baer	12-18282-S
der bemannung	34-42029-S
der beste die beste	14-67092-S
der des	29-13029-S
der die	9-15088-S
der die dieser	10-56749-S
der ehe	39-51594-S
der ehe eheliche gewalt	39-51480-S
der enns niederoesterreich	24-39573-S
der erste die erste	7-53050-B
der europaeischen union	2-38607-S
der frau	6-27720-S
der gemeinschaftsdatenbank	28-16572-S
der gemeinschaftsklasse	29-11196-S
der hand als die taube auf dem dach	42-12821-S
der hand als die taube auf dem dach besser ein spatz in der hand als eine taube auf dem dach der spatz in der hand ist besser als die taube auf dem dach lieber der spatz in der hand als die taube auf dem dach	42-12821-S
der hand als eine taube auf dem dach der spatz in der hand ist besser als die taube auf dem dach lieber der spatz in der hand als die taube auf dem dach	42-12821-S
der hand ist besser als die taube auf dem dach lieber der spatz in der hand als die taube auf dem dach	42-12821-S
der herr der ringe herr der ringe	19-44681-B
der icao	13-64540-S
der informationstechnik	21-13037-S
der justiz	23-35408-S
der machbarkeit proof of concept proof of concept	17-77672-S
der mikrowelle erhitzen in der mikrowelle kochen	39-24815-S
der mikrowelle kochen	39-24815-S
der niederlande niederlande	8-31621-S
der noerdlichen marianen	24-36395-S
der offenbarung johannes apokalypse johannesapokalypse johannesoffenbarung offenbarung des johannes	29-43061-S
der papst	40-10201-S
der periodenabgrenzung	19-4178-S
der praerie indianer	27-24609-S
der reihe sein	20-12163-S
der ringe	19-44681-S
der ringe herr der ringe	19-44681-S
der schoensten nebensache der welt widmen voegeln	10-77377-S
der schwebe	28-30174-S
der seychellen	12-49205-S
der sozialistischen sowjetrepubliken	14-60413-S
der spatz in der hand als die taube auf dem dach	42-12821-S
der spatz in der hand als die taube auf dem dach besser ein spatz in der hand als eine taube auf dem dach der spatz in der hand ist besser als die taube auf dem dach lieber der spatz in der hand als die taube auf dem dach	42-12821-S
der spatz in der hand ist besser als die taube auf dem dach lieber der spatz in der hand als die taube auf dem dach	42-12821-S
der sterne	22-23905-S
der tage	29-9465-S
der technik	5-40975-S
der top level domain	28-28775-S
der toten	15-46276-S
der vereinigten staaten united states minor outlying islands	24-38433-S
der vereinten nationen un generalsekretaer	14-48258-S
der vereinten nationen un sicherheitsrat weltsicherheitsrat	10-81853-S
der welt widmen voegeln	10-77377-S
der zeit	11-52616-S
der zeitenwende u z unserer zeitrechnung	31-19858-S
der zeitenwende vor unserer zeitrechnung	31-20179-S
derart dermassen	39-27206-B
deregulation	2-13303-B
dereinst ehemals einst einstens einstmals vormals vorzeiten weiland	22-13614-S
derivat	35-44939-B
derivat derivativum	37-28523-S
derivativum	37-28523-S
dermal	21-39463-S,39-23567-B
dermassen	39-27206-S
dermatitis	39-34927-B
dermatologe hautarzt	15-55767-B
dermatologie	28-10275-B
dermatomyositis	39-33709-B
dermatophytose	33-13375-B
dermis	43-31646-S
derzeit derzeitig gegenwaertig gerade momentan zurzeit	20-14149-B
derzeit ehedem seinerzeit	10-31285-S
derzeit gerade im augenblick im moment jetzt momentan nun zu zeit	10-23597-S
derzeitig gegenwaertig gerade momentan zurzeit	20-14149-S
des	29-13029-S
des bodens	6-43777-S
des erfolgs	22-28612-S
des gerichts	18-44670-S
des gesetzes polizeivollzugsbeamtin polizeibeamtin	11-77386-S
des guten feind	44-6828-S
des herrn einfuehrung jesu in den tempel lichtmess mariae lichtmess mariae reinigung	43-20638-S
des herrn grossneujahr hochneujahr hohneujahr theophanie	22-46588-S
des johannes	29-43061-S
des krebses	29-39495-S
des salomonischen tempels zu jerusalem tempelherren tempelritter templer templerorden	41-18199-S
