geogener faktor	3-9256-B
geograf	15-65965-B
geografie geographie	3-9364-S
geografisch geographisch	31-2683-B,31-2795-B
geografische breite	7-24553-S
geografische einheit	28-35810-B
geografische laenge	7-24789-S
geographie	3-9364-S,4-35998-S,4-42053-S
geographisch	31-2683-S,31-2795-S
geographische form	3-39497-B
geographische laenge laengengrad geografische laenge	7-24789-B
geographische projektion	7-24394-B
geographisches informationssystem	3-9293-B
geographisches kar	6-33690-B
geologe	16-2544-B
geologie	3-9760-B
geometrie	14-49023-B
geometrische folge	15-23740-B
geometrische korrektur	7-23497-B
geometrische reihe	30-39895-B
geometrisches mittel	23-3518-B
geomorphologie	3-9779-B
geomorphologisch	32-40797-B
geophysik	3-9810-B
geophysikalisch	32-43229-B
geopolitik	40-14428-B
geordnet	35-29082-B
georgetown	19-56164-B
georgia	11-20331-B
georgianisch	11-20557-B
georgien	11-20243-B
georgier georgierin	16-15319-B
georgierin	16-15319-S
georgisch	8-86895-B,16-15219-B,23-43784-S
georgisches alphabet	25-49834-B
geostationaere transferbahn	40-32671-B
geotechnik	7-7121-B
geotechnologie	3-9927-B
geowissenschaften	2-22715-B
geozentrisch	25-39347-B
geozoologie	34-39071-B
gepaeck reisegepaeck	14-21409-B
gepaeckstueck	14-21596-B
gepanzert	30-3310-B
gepard	29-40911-B
gepflastert	27-5120-B
geplante obsoleszenz	42-26215-S
geplapper gerede geschwaetz gewaesch schmonzes schnack seich	22-25860-S
gequaelt	29-14014-B
ger lanze speer spiess	17-24158-B
gerade	8-62581-B,19-36254-B
gerade geradzahlig	14-51686-B
gerade im augenblick im moment jetzt momentan nun zu zeit	10-23597-S
gerade kaum	39-372-S
gerade momentan zurzeit	20-14149-S
geradeaus	14-25702-B
geradeso gleichfalls	13-21333-S
geradewegs	21-48643-B
geradheit offenheit rechtschaffenheit redlichkeit wahrhaftigkeit	14-3905-S
geradlinig	26-39705-B
geradzahlig	14-51686-S
geraet	1-8058-S,10-79170-S
geraetetreiber treiber	21-13573-B
geraeucherter hering	31-45244-B
geraeusch	1-6341-S
geraeuschanalyse	4-15695-B
geraeuschemacher	25-36440-B
geraeuschemission	4-15795-B
geraeuschlos	8-23418-B
geraeuschlos lautlos ruhig still	8-23954-B
geraeuschlosigkeit lautlosigkeit ruhe schweigen stille	8-56595-B
geraeuschpegel	1-2838-S
geraeuschuebertragung	5-34049-B
geraffel geruempel kram krempel krimskrams plunder ramsch schurrmurr troedel troedelkram	15-7174-S
gerais	25-30266-S
geranie	23-4762-B
geraten	35-2031-S,40-41674-S
gerbera	25-16370-B
gerbstoff	5-47900-B
gerecht	37-5458-B
gerede	24-30673-S
gerede geschwaetz gewaesch schmonzes schnack seich	22-25860-S
geriater	16-51998-B
geriatrie	16-51948-B
gericht	6-47755-B,9-48194-B,19-20770-S,36-28342-S
gerichts	18-44670-S
gerichtsentscheidung gerichtsurteil urteil	6-47010-S
gerichtsgebaeude	34-36065-B
gerichtshof	2-6420-B,2-38985-S,3-33002-S
gerichtssaal	31-1978-B
gerichtsurteil urteil	6-47010-S,15-12013-B
gerichtsverfahren	7-15029-B
geringschaetzig	34-25285-B,36-14376-B
geringschaetzung	36-14351-B
gerinnen koagulieren	33-34653-B
gerinnungshemmer	30-48430-S
gerippe	15-57956-S,26-45156-B
germanisieren	31-14830-B
germanismus	35-8081-B
germanium	13-22040-B
germinal keimmonat	26-24658-B
gern	38-34055-B
gern geschehen kein problem keine ursache nichts zu danken	11-14883-S
gerontokratie	35-14214-B
gers	24-52682-B,25-6503-B
gerste	16-56168-B
gerstensaft	9-69236-S
geruch	4-22236-B,7-57423-B,22-53178-S
geruch geruchsinn	18-12143-B
geruchsbelaestigung	4-22360-B
geruchsbeseitigung	36-11543-S
geruchsinn	18-12143-S
geruchsstoff	1-21447-B
geruecht	37-30206-B
geruempel kram krempel krimskrams plunder ramsch schurrmurr troedel troedelkram	15-7174-S
geruest	12-35211-S
gerundium	20-11016-B
gesaess po podex popo poeter allerwertester hintern hinterteil arsch mond poeker vollmond sitzfleisch kaecker	14-66466-B
gesaessbacke hinterbacke pobacke	21-8572-S
gesaessspalte poritze poschlitz pospalte	34-33919-S
gesaettigt voll	39-57324-S
gesamtentnahme	7-6480-B
gesamtgewicht	40-7238-S
gesamtheit	21-26192-B,22-33959-S,37-3445-B
gesamtmasse zulaessiges gesamtgewicht	40-7238-S
gesamtorganischer kohlenstoff	7-0-B
gesamtrechnung	6-40689-S
gesamtschuldner	3-36530-B
gesamtwirtschaftliches ziel	3-48998-B
gesandter sendbote	34-3485-S
geschaeft	14-4503-S,43-22198-B
geschaeft laden	5-23825-S
geschaeft unternehmen	1-40433-B
geschaeftsfuehrendes vorstandsmitglied	18-27256-B
geschaeftsgebaren	7-13374-B
geschaeftsmann	37-32064-B
geschaeftsmodell	33-45791-B
geschaeftsreise	43-7646-S
geschaeftssinn	34-5162-B
geschaeftsstelle des gerichts	18-44670-B
geschaeftszweck	19-27862-B
geschaffen von	28-39332-B
geschehen kein problem keine ursache nichts zu danken	11-14883-S
geschehen passieren sein	9-41373-B
geschehen passieren sich ereignen	14-7661-B
gescheiterter staat zerfallener staat	23-53083-B
geschenk praesent	7-59227-S
geschenkband	17-22570-B
geschenkpapier	38-54693-B
geschichte	3-19124-B,12-53228-B,12-53502-S,21-26382-S
geschichte historische entwicklung	19-26221-B
geschichte japans japanische geschichte	21-26382-B
geschichtlich historisch	26-31316-B
geschichtsforschung	3-18876-B
geschickt	24-5912-B,28-52392-B
geschiedene	28-42725-B
geschiedener	28-42801-B
geschirr	18-4794-S
geschirrspueler geschirrspuelmaschine spuelmaschine	36-18565-B
geschirrspuelmaschine spuelmaschine	36-18565-S
geschirrtuch	36-17468-S
geschlecht	14-28427-B,17-67277-S,17-67463-S,17-67860-S,17-68069-S,20-14326-S,24-30046-S
geschlecht grammatikalisches geschlecht grammatisches geschlecht	17-67463-S
geschlecht grammatisches geschlecht	17-67463-S
geschlecht saechliches genus saechliches geschlecht	17-68069-S
geschlechtlich	31-30528-B
geschlechtsakt geschlechtsverkehr kohabitation koitus kopulation	11-26325-S
geschlechtsdimorphismus sexualdimorphismus	37-14618-B
geschlechtskrankheit sexuell uebertragbare krankheit	21-40426-B
geschlechtslos	30-4860-B
geschlechtsorgan	23-4561-S
geschlechtsreif	15-54732-S
geschlechtsverkehr haben liebe machen sex haben es treiben es tun ficken in die kissen steigen in die kiste springen knaeggern miteinander schlafen pimpern roedeln schnackseln sich dem liebesspiel hingeben sich der schoensten nebensache der welt widmen voegeln	10-77377-B
geschlechtsverkehr kohabitation koitus kopulation	11-26325-S
geschlechtswort	8-90876-S
geschlossene ortschaft	36-31466-B
geschmack	40-29152-B
geschmack geschmackssinn	17-60073-B
geschmacklos geschmacksfrei geschmacksneutral	28-245-S
geschmacklos unangenehm	36-24620-B
geschmacksfrei geschmacksneutral	28-245-S
geschmacksknospe	42-63858-B
geschmacksneutral	28-245-S
geschmackssinn	17-60073-S
geschossflaechenzahl	43-23997-S
geschrieben autografisch	40-37355-S
geschrieben in	28-19245-S
geschriebene sprache schriftliche sprache	20-40578-B
geschriebenes brahui	23-45690-B
geschriebenes bretonisch	23-44589-B
geschriebenes ido	23-50891-B
geschriebenes irisch	23-44272-B
geschriebenes kappadokisch	23-41272-B
geschriebenes koptisch	23-42208-B
geschriebenes pontisch	23-40942-B
geschriebenes sahidisch	23-42455-B
geschriebenes telugu	33-29006-B
geschriebenes uigurisch	23-38169-B
geschwaetz	32-30356-B
geschwaetz gewaesch schmonzes schnack seich	22-25860-S
geschwaetz kauderwelsch nonsens unfug unsinn	13-47013-S
geschwaetzig gespraechig redselig schwatzhaft	28-50824-B
geschwind hurtig rasch schnell	9-63868-B
geschwind rapide rasant schnell	8-18523-S
geschwindigkeit	5-38257-B
geschwindigkeitsbeschraenkung	5-38324-B
geschwister	9-71430-B
geschworener	18-14086-B
geschwuer	21-41765-S,23-14354-B
geschwuer karbunkel pickel	14-31446-S
gesehen	43-615-S
gesellschaft	5-30642-B
gesellschaft gilde innung klub orden verband verbindung verein vereinigung	31-8257-S
gesellschaftliches bindemittel	21-25799-B
gesellschaftsgruppe	5-30280-B
gesellschaftsschicht	21-8314-S
gesellschaftsstruktur sozialstruktur	5-30551-B
gesellschaftssystem	5-30606-B
gesellschaftstanz	35-11336-B
gesellschaftsvertrag	18-39947-B
gesellschaftswissenschaft sozialwissenschaft	6-31833-B
gesetz	3-40569-B
gesetz boyle mariottesches gesetz gesetz von boyle mariotte	29-19505-S
gesetz gesetz von boyle mariotte	29-19505-S
gesetz von boyle mariotte	29-19505-S
gesetzbuch	1-57986-B,18-55748-S
gesetzentwurf	6-46422-B,21-49108-B
gesetzes polizeivollzugsbeamtin polizeibeamtin	11-77386-S
gesetzesbrecher krimineller rechtsbrecher verbrecher	8-47421-S
gesetzesinitiative	7-15140-B
gesetzesnovelle	19-0-B
gesetzesnovellierung	3-40695-B
gesetzestext	7-9353-B
gesetzesvollzug	3-40734-B
gesetzeswidrig gesetzwidrig	40-26209-B
gesetzgebend	23-14728-B
gesetzgeber	40-4153-B
gesetzgebung	3-43233-B,4-12900-S,7-18153-B
gesetzgebungskompetenz	3-43308-B
gesetzlich legal rechtsmaessig	40-26093-B
gesetzmaessig legal legitim rechtmaessig	20-50713-B
gesetzwidrig	40-26209-S
gesetzwidrig illegal rechtswidrig	31-36684-B
gesicht verlieren	41-19080-S
gesicht visage	9-33760-S
gesichts fazial	33-31954-B
gesichtsausdruck mine	20-27278-S
gesichtsfarbe teint	21-48032-B
gesichtskreis horizont	22-8386-B
gesichtslaehmung	42-17195-S
gesichtsnerv	42-17333-B
gesichtsstraffung lifting rythidectomie	42-17860-S
gesindel	32-2487-B
gesinnt feindselig nachteilig schaedlich unfreundlich unhold	40-5525-S
gespalten	32-5716-B
gespannt	27-12066-B
gesperrt	34-3630-B
gespielt von	29-11350-S
gespraechig mitteilsam redefreudig redelustig redselig	19-12120-B
gespraechig redselig schwatzhaft	28-50824-S
gespraechspartner	22-40147-B
gespreizten beinen	30-16898-S
gesprochen in	28-16740-S
gesprochene sprache	20-40887-B
gesprochenes ainu	23-38338-B
gesprochenes altgriechisch	23-40099-B
gesprochenes brahui	23-45769-B
gesprochenes franzoesisch	23-49084-S
gesprochenes ido	23-50994-B
gesprochenes irisch	23-44347-B
gesprochenes italienisch	23-50326-B
gesprochenes kappadokisch	23-41400-B
gesprochenes lakisch gesprochenes lakkisch	23-43241-B
gesprochenes lakkisch	23-43241-S
gesprochenes latein gesprochenes lateinisch	23-50493-S
gesprochenes lateinisch	23-50493-S
gesprochenes lombardisch	23-49813-B
gesprochenes obersorbisch	23-52201-B
gesprochenes russisch	23-52286-B
gesprochenes sizilianisch	23-50414-B
gesprochenes tachelhit	23-41907-B
gesprochenes uigurisch	23-38247-B
gesprochenes ukrainisch	23-52410-B
gesprochenes venetisch	23-49735-B
gespuer	33-53176-S
gestaendnis	18-31999-S
gestalt	20-24864-B,24-35118-B,26-30788-B
gestalten	27-428-S
gestank	9-46529-B
gestation graviditaet schwangerschaft	22-22450-B
gestationsdiabetes schwangerschaftsdiabetes typ 4 diabetes	43-2739-S
geste	19-54830-B
gestehen	30-38709-B
gestein	5-13378-S
gestellt	35-42489-S
gestellte fragen	44-11123-S
gestern	7-58063-B,22-49872-B
gestern abend	38-23653-B
gestern mittag	38-23725-B
gestern morgen	38-23589-B
gestikulieren	33-34496-B
gestirnt sternenbedeckt sternenuebersaet	26-2260-S
gestreift	42-38162-B
gestresst stressgeplagt	19-958-B
gestrig	37-14680-B
gestriger tag	22-49380-B
gesund wohlauf	8-47225-B
gesunden konvaleszieren sich erholen	32-38942-S
gesunder menschenverstand	20-60155-B
gesundheit	3-15568-B,3-21044-S,12-54652-B
gesundheitseinrichtung	3-16286-B
gesundheitsfuersorge	3-15796-B
gesundheitsgefaehrdend ungesund unzutraeglich	33-41510-B
gesundheitsrecht	3-16331-B
getaufte	25-22724-B
geteilt	32-5732-B
getraenk	1-29346-B,15-6252-S
getraenkeindustrie	1-29204-B
getraenkekarte	29-6986-B
getreide	3-11269-B
getreideernte	41-35698-B,41-35762-B
getreidemilch	42-56098-B
getreidesilo	13-633-B
getrennt	11-68420-B
getreu konform	18-15964-S
getreu treu	39-35218-S
getriebe getriebegehaeuse getriebekasten	11-18393-B
getriebegehaeuse getriebekasten	11-18393-S
getriebekasten	11-18393-S
getuschel	33-1719-B
gewaechs	4-39119-S
gewaechshaus	6-37389-S
gewaechshaus treibhaus	40-3267-B
gewaesch schmonzes schnack seich	22-25860-S
gewaesser	6-21044-B
gewaesserboden	1-28266-B
gewaessereinzugsgebiet	1-46868-S
gewaessername hydronym	22-15529-B
gewaesserschutz	6-19199-B,6-20575-B
gewaessersohle	6-19025-B
gewagt	9-0-S,25-8605-B
gewahren	35-46791-B
gewalt	8-92105-B,13-22984-B,30-17410-S,39-51160-S,39-51480-S
gewalt in der ehe eheliche gewalt	39-51480-B
gewaltig	27-15393-B
gewandt	29-1483-B
gewandt klug	33-36391-B
gewandung kleider kleidung	12-12516-S
gewebe	2-42933-B,6-925-S
gewebe zellulaeres gewebe	6-925-B
gewehr	14-25154-B
geweih	29-42010-B
gewellt	27-11071-B
gewerbe	3-50719-S
gewerkschaft	6-3191-B
gewesen	33-49129-S
gewicht	6-24168-B
gewichtheber	28-1768-B,28-1796-B
gewichtig schwerwiegend	10-65149-B
gewichtig signifikant	27-46282-S
gewiegtes hack haschee	32-27925-S
gewieher wiehern	42-34332-B
gewinn	20-16166-B
gewinn profit	4-48140-B
gewinnbringend lohnend lukrativ profitabel rentabel	20-49209-S
gewinnen	18-37701-S,29-37899-B
gewinnen siegen	15-24556-B
gewinner meister sieger	31-6542-B
gewinner sieger	30-48936-B
gewinnsucht habsucht raffgier raffsucht habgier	34-5780-B
gewinnsucht profitgier profitsucht	22-38957-B
gewiss	13-4529-S
gewiss sicher sicherlich	32-5125-S
gewiss sicher unzweifelhaft	13-4322-S
gewissen	34-23381-B
gewissenhaft	34-23401-B
gewissensbisse reue	34-18914-B
gewitter	7-3420-B
gewitterig	12-66148-S,12-66217-S
gewittrig gewitterig	12-66148-B,12-66217-B
gewoehnen	21-2207-B
gewoehnlich	9-25265-B
gewoehnlich normalerweise ueblicherweise	12-31248-B
gewoehnlicher feldsalat rapunzel	34-29359-S
gewoehnlicher tintenfisch	27-32987-B
gewoelbe	16-25140-B
gewohnheitstrinker saufaus saufbold saeufer trinker trunkenbold	31-35955-S
gewohnheitstrinkerin saeuferin trinkerin	31-36155-S
gewuehl massenandrang	18-68226-S
gewuerz	12-67474-B
gewuerz wuerzmittel	13-47970-B
gewuerzgurke	17-70943-B
gewuerzkoriander indische petersilie kaliander klanner koriander schwindelkorn schwindelkraut stinkdill wandlaeusekraut wanzendill wanzenkraut wanzenkuemmel	33-6264-S
gewuerzlorbeer lorbeer	13-7911-S
gewuerznelke	33-28808-B
gewuerzvanille vanille vanillebaum	38-45685-B
gewundenheit	27-11380-B
geysir	22-49477-B
gezeiten tide	6-273-B
gezeitenenergie	6-207-B
gezeitenkraftwerk	7-1116-B
gfz geschossflaechenzahl	43-23997-B
ggt groesster gemeinsamer teiler	15-27158-B
ghana	11-60284-B
ghanaer	28-48280-B
ghanaisch	40-37747-B
ghanaische gebaerdensprache	27-44442-B
ghat	40-12719-B
ghostwriter auftragsschreiber phantomschreiber	42-6073-B
ghrelin	32-12229-B
gibraltar	22-49040-B,28-48659-S
gibt nichts umsonst	41-14859-S
gicht urikopathie	42-53852-B
gichtig	42-54185-B
gien talje	12-68631-S
gierig	34-6405-B
giersch baumtropf dreiblatt geissfuss schettele wiesenholler zaungiersch ziegenfuss ziegenkraut zipperleinskraut	44-17179-B
giessen	39-19914-S
giessen waessern	7-29689-S
giessen wie aus kannen in stroemen regnen kuebeln schuetten wie aus eimern	12-3396-S
giesserei	34-36952-B
giesskanne	23-29875-B
gift	4-40645-B
gift toxin	6-2924-B
giftig toxisch	15-53030-B
giftmuell	6-2898-B
giftring	38-62214-B
giftstachel wehrstachel	17-14399-S
gigabit	32-43542-B
gigant koloss	33-50796-B
gigawatt	30-1592-B
gilaki	13-48840-B
gilben	12-27584-B
gilbertesisch kiribatisch	16-26494-B
gilbwurz gilbwurzel kurkuma kurkume safranwurzel	44-8070-S
gilbwurzel kurkuma kurkume safranwurzel	44-8070-S
gilde innung klub orden verband verbindung verein vereinigung	31-8257-S
giles system	39-2741-S
gimpel	32-10888-S
gimpel hirni hohlkopf holzkopf honk hornochse idiot kamel kindskopf mondkalb narr rindvieh schafskopf schwachkopf schwachmat simpel spaten spatzengehirn spatzenhirn stiesel strohkopf tor tropf trottel vollhonk vollpfosten	8-73583-S
gingival	39-35930-B
gingivitis	39-35778-S
ginsterkatzen	43-15618-B
gipfel	9-58033-S,20-24788-B,20-38449-B,26-32306-B,27-1841-B,27-16573-B
gipfel hoehepunkt zenit	23-36473-S
gipfeln	27-25367-B
gips kalziumsulfat	3-14302-S
giraffe	10-1174-B,26-14395-B
gironde	24-44799-B,25-12-B
gis digitalverfahren	7-24268-B
gis labor	7-24966-B
gitarre	14-40178-B,14-40311-S
gitarre elektrogitarre stromgitarre elektrische gitarre	14-40311-S
gitarrenspieler gitarrist gitarrenspielerin gitarristin	18-17827-B
gitarrenspielerin gitarristin	18-17827-S
gitarrist gitarrenspielerin gitarristin	18-17827-S
gitarristin	18-17827-S
gittermast	24-29056-B
gitternetz	7-24340-B
gitterstab tralje	44-35671-B
gladiator	35-8201-B
glaenzen	35-7378-S
glaesern	13-72864-B,25-27229-B
glaeubig gottesfuerchtig gottglaeubig	37-34172-S
glaeubige glaeubiger	26-42479-B
glaeubiger	25-34068-B,26-42479-S
glandulaer	41-11966-S
glans	33-29089-S
glanz	26-43761-B,27-8675-B,30-36483-B
glanzkuckuck	41-58683-B
glarus	32-47160-S
glarus kanton glarus	32-47160-B
glas	3-10586-B
glas trinkglas	22-42586-B
glasauge	32-1783-B
glasfaser	29-12184-B
glasfaserverstaerkter kunststoff	29-25829-S
glasfenster	27-16783-B,27-16803-B
glasharmonika	42-31765-B
glasindustrie	3-10885-B
glaskugel	17-29830-S
glasnudel	28-14606-B
glassplitter	28-14210-B
glastisch	28-14479-B
glaswolle	2-44682-B
glatt	7-40738-B
glatteis	7-3732-B
glattrasiert	33-22183-B
glattweg	31-35472-S
glatze	27-2401-B
glatzkoepfig kahl kahlkoepfig	21-17777-B
glatzkoepfigkeit kahlkoepfigkeit	42-3881-B
glaube	18-23579-B
glaube meinung	18-23195-S
glauben	11-68540-S,12-5988-B,12-6056-B,43-16848-B,44-32885-S
glauben meinen	9-20157-S
glaubensstark glaeubig gottesfuerchtig gottglaeubig	37-34172-S
glaubhaft glaubwuerdig vertrauenswuerdig	34-40529-B
glaubhaft plausibel	33-14134-S
glaubwuerdig	31-32268-B
