adaequatheit angemessenheit	28-52409-S
adagio	15-29205-B
adam des y chromosoms	29-34320-B
adamorobe gebaerdensprache	25-23217-B
adamsapfel	14-37688-B
addendum	22-25085-B
addieren	23-4381-B
addis abeba	17-47885-B
addition	1-4176-B,13-2581-B
additionspolymer	1-4453-B
additivitaet	39-9712-B
adel	27-10849-B
adelaide	30-26538-B
adeliepinguin	43-29132-B
adeln	23-23872-B
adeln nobilitieren	23-52912-B
adenitis	39-43656-B
adenokarzinom	44-3473-B
adenosin	40-30945-B
adenotomie	41-61543-B
ader vene	12-37663-B
adh aldehydreduktase alkoholdehydrogenase	20-19250-B
adhaesion	17-66390-B
adhaesionsfolie	33-22412-B
adhs aufmerksamkeitsdefizit und hyperaktivitaetsyndrom aufmerksamkeitsdefizit hyperaktivitaetsstoerung aufmerksamkeitsdefizit hyperaktivitaetssyndrom hks hyperkinetische stoerung	30-44004-B
adi wert	1-4906-B
adieu auf wiedersehen tschues tschuess	7-55162-B
adieu guten tag hallo moin moin	7-54976-S
adipocire fettwachs leichenwachs	42-28108-B
adipositas fettleibigkeit fettsucht obesitas	22-23067-B
adipozyt	32-45283-B
adjektiv	19-60601-S,19-60886-S
adjektiv beiwort eigenschaftswort	8-84220-B
adjektivisch	40-30812-B
adjuvans	44-12208-B
adler	26-14341-B,30-20397-B
adlerfisch umberfisch	37-32017-B
adlerjunges	43-67865-B
adlig edel	32-1843-B
adliger aristokrat	12-57042-B
administration verwaltung	1-4944-B
administrativ	26-31781-B
administrator administratorin verwalter verwalterin	28-53559-B
administratorin verwalter verwalterin	28-53559-S
admirabel bewundernswert bewunderungswuerdig	22-26359-B
admiral	17-62820-B,30-30489-B
admiralitaet	39-9813-B
adobe lehmstein ungebrannter lehmziegel	16-17077-B
adoleszent adoleszentin halbwuechsige halbwuechsiger heranwachsende heranwachsender jugendliche jugendlicher teenager teenagerin junge frau junger mann	27-43254-B
adoleszentin halbwuechsige halbwuechsiger heranwachsende heranwachsender jugendliche jugendlicher teenager teenagerin junge frau junger mann	27-43254-S
adoleszenz juenglingsalter knabenalter	14-11873-B
adoptieren anwenden	18-16097-B
adoption	15-48856-B
adoptiveltern	41-30932-B
adposition	16-6361-B
adrenalin	29-1411-B
adressat empfaenger	28-25688-B,28-51968-B
adressbuch	18-71672-B
adresse	43-61298-S
adresse anschrift	13-30481-B
adressenliste	3-49351-B
adria adriatisches meer	19-59412-B
adriatisches meer	19-59412-S
adscharien	25-16968-B
adsl	21-2687-B
adsl modem dsl modem	19-61155-B
adsorption	1-5446-B
adstringens	28-9516-B
adstringierend	34-39841-B
advent	29-3733-B
adventmarkt christkindlemarkt christkindlesmarkt christkindlmarkt weihnachtsmarkt	16-48050-B
adventskalender	16-50400-B
adventsstern christstern poinsettie	10-39838-S
adventure adventurespiel textadventure textadventurespiel	12-8178-B
adventurespiel textadventure textadventurespiel	12-8178-S
adverb umstandswort nebenwort	7-60107-B
advocatus diaboli	16-61863-B,16-62224-B
advokat anwalt	14-45468-S
adygeja	17-49555-B
adygisch nordwestkaukasisch	23-42759-S
ae astronomische einheit	25-36112-B
aebtin aebtissin	15-15759-B
aebtissin	15-15759-S
aebtlich	38-53362-S
aechten	35-19575-S
aegaeis aegaeisches meer	28-30277-B
aegaeisches meer	28-30277-S
aegide	39-56728-S
aegypten	12-23015-S
aegypten aegypten	12-23015-S
aegypter	17-10495-B
aegypterin	41-8563-B
aegyptisch	17-10572-B
aegyptisch arabisch	25-44722-B
aegyptische gebaerdensprache	27-21869-B
aegyptisches pfund	28-30866-S
aegyptologe	37-18361-B
aegyptologie	33-19940-B
aehnlich	9-32878-B
aehre	7-44122-B
aehrige minze	43-46987-S
aelter	10-58552-B
aeltere schwester	10-55369-B,10-56168-S
aelterer bruder	10-56325-S
aelteres futhark	17-60991-B
aelteste schwester	19-46412-B
aenderbar	29-30528-S
aendern	7-50148-S,7-50243-S
aenderung	7-50362-S,18-43328-S,18-44993-S
aengstlich	11-16275-S,16-21946-S
aeolisch	23-40185-S
aeolische inseln	31-15310-S
aequator	22-42928-B
aequatoriales klima	7-2789-B
aequatorialguinea	12-51250-B
aequinoktium	20-25732-S
aequivalent	38-5595-B
aequivalentdosis	2-37895-B
aera	14-14391-S
aerger	21-49075-B
aergerlich	11-18153-S,29-39210-B,29-39228-B,37-30355-S
aergern	17-30418-B,29-38664-S,44-35445-S
aergernis	29-39155-B
aermel	43-51469-B
aermelkanal	25-11116-B
aermelloch	30-3208-S
aermellos	35-28897-B
aerobe behandlung	7-6960-B
aerober prozess	1-6239-B
aerobic	29-6607-B
aerobiologie	1-6314-B
aerodynamik	17-72977-B
aerodynamisch	29-6645-B
aerodynamisches geraeusch	1-6341-B
aeronautisch	29-6763-B
aeronomie physik der atmosphaere	1-24019-B
aerophon	16-66869-B
aerosol	1-6388-B,7-1936-S
aerosolbombe	28-7480-B
aerztin	13-40471-S
aesthet	29-6868-B
aesthetik	1-6536-B
aesthetisch	29-6962-B,37-7125-B
aesthetizist	40-27231-S
aestuar	2-38221-B
aestuarbiologie	2-38134-B
aestuare ozeanographie	2-38171-B
aethan	32-11374-S
aethanol aethylalkohol	7-2174-S,31-35678-S
aetherisches oel	39-18507-S
aethiopien	12-23933-B
aethiopier	34-25810-B
aethiopische gebaerdensprache	27-22270-B
aethiopische schrift	25-49987-B
aethylalkohol	7-2174-S,31-35678-S
aetiologie	33-5902-B
aetzen	37-7169-B
aetzmittel	2-38238-B
aeusserst	13-72907-S
aeusserst links	16-27176-S
aeusserst ungewoehnlich	37-15898-B
afar	9-4501-B,29-5538-B
affaere angelegenheit	29-7746-B
affaere liebschaft verhaeltnis	29-8141-B
affe	8-41608-B,41-26582-S
affe dandy geck gent laffe schoenling stutzer	14-35430-B
affektiert	24-15801-B
affektiv	29-8549-B
affektive stoerung manisch depressive erkrankung	33-43318-S
affenbrotbaeume baobab	18-10218-B
affenhitze bullenhitze	40-49049-B
affidavit eidesstattliche erklaerung	29-41793-B
affinitaet	29-9777-B
affirmativ	29-10180-B
affix	39-14247-B
afghane	19-5017-B
afghani	13-67193-B
afghanin	41-5674-B
afghanisch	41-5761-B
afghanistan	8-22280-S
afghanistan islamische republik afghanistan	8-22280-B
afrihili	25-23813-B
afrika	1-6595-B,5-35134-S
afrikaans	8-80911-B
afrikanisch	33-18579-B
afrikanischer elefant	41-51046-B,41-51147-B
afrikanischer strauss	23-6641-S
afro amerikanerin afroamerikanerin	15-39705-B
afroamerikaner neger schwarzer	15-39354-B
afroamerikanerin	15-39705-S
afroasiatisch	10-7561-B
after anus arschloch	30-37338-B
agammaglobulinaemie	21-23756-B
agave	30-42550-B
agave sisal	25-16574-S
agavendicksaft agavensirup	43-19048-B
agavensirup	43-19048-S
agentur	18-21091-B
agglomeration ballungsgebiet ballungsraum stadtregion	16-65311-B
aggregatzustand	5-33087-S,5-41268-B
aggression angriff	18-41135-B,29-11573-B
aggressiv angriffslustig kampfbegierig kampfesfreudig kampfeslustig kaempferisch	18-45545-B
aggressivitaet	29-11699-B
aggressor angreifer	25-24654-B
agil behend behende	33-45406-B
agilolfinger agilulfinger	36-20650-B
agilolfingisch	36-20895-B
agilulfinger	36-20650-S
agitator hetzer	22-8770-B
agitieren	29-13478-B
agnat	36-3812-B
agnes	33-41667-B
agnosie	32-38630-B
agnostiker agnostikerin	39-48831-B
agnostikerin	39-48831-S
agnostizismus	14-67356-B
agora	21-44690-B
agoraphobie	28-38450-B
agram zagreb	9-57750-B
agrarbiotechnologie	1-7562-B
agrarchemikalie agrochemikalie	1-8308-B
agrarier bauer landwirt	17-63422-B
agrarindustrie	1-8396-B
agraringenieurwesen	1-7882-B
agrarmanagement	1-8137-B
agraroekologie landwirtschaftsoekologie	1-7653-B
agraroekonomie	1-7849-B
agrarpolitik landwirtschaftspolitik	1-8217-B
agrarproduktion	1-8272-B
agrarschaedling schaedling	1-8170-B
agrarsystem	6-43002-B
agrartourismus	5-14367-B
agrarumweltrecht	2-35774-B
agrarwissenschaft	6-42974-B
agrigent	24-52800-B,25-2075-B
agrobiodiversitaet	26-3541-B
agrochemikalie	1-8308-S
agroforstwirtschaft	1-8360-B
agrometeorologie	1-8425-B
agrotreibstoff biokraftstoff biosprit biotreibstoff	7-1985-B
ahd althochdeutsche	26-46648-S
ahmet moschee	16-36435-S
ahnen lassen hellsehen verheissen wahrsagen	44-10203-B
ahnenforscher genealoge stammbaumforscher	41-28977-B
ahnung vorahnung vorgefuehl	22-37483-B
ahorn	43-42413-S
ahorn ahornholz	34-43323-B
ahornholz	34-43323-S
ahornkirsche antillenkirsche azerola jamaika kirsche kirsche der antillen puerto rico kirsche westindische kirsche	35-31165-S
ahornkirsche antillenkirsche jamaika kirsche puerto rico kirsche westindische kirsche	35-31860-S
ahornsirup	20-16512-B
aids	1-8462-B
ain	24-41018-B,25-9557-B
ainu	9-5097-B,10-55553-B,10-55948-B,23-38327-B,23-38338-S
aioli allioli	32-12689-B
aiolisch aeolisch	23-40185-B
airbag luftkissen luftsack prallkissen prallsack	13-24289-B
aires	17-49084-S
aisne	24-41148-B
ajax	19-67436-B,19-67521-B
ajvar ajwar	42-53437-B
ajwar	42-53437-S
aka kede kede	23-38726-B
akademie uni universitaet	14-64258-B
akademiker	38-18785-B
akademisch	23-7757-B
akadisch akadisches franzoesisch	23-48668-B
akadisches franzoesisch	23-48668-S
akalkulie	36-1018-B
akan	9-5321-B,9-5380-B
akarizid	42-27304-B
akateko	29-39817-B
akazie	15-24893-B
akkadisch	16-41049-B
akklimatisieren	28-45219-B
akkord	30-26230-B
akkordeon	15-27907-B
akkreditieren gutschreiben	14-52098-B
akku akkumulator	1-2223-B
akkumulation	28-47428-B
akkumulator	1-2223-S
akkurat exakt genau praezise richtig vorschriftsmaessig	8-88639-B
akkuratesse genauigkeit praezision	18-26512-B
akkusativ wenfall vierter fall	17-69091-B
akme gipfel hoehepunkt zenit	23-36473-B
akne	15-36894-B
akrobat	15-14542-B
akrobatik	28-51080-B
akrobatisch	28-51056-B
akronym	17-78246-B,17-78718-S
akrophobie hypsiphobie hoehenangst	15-35577-B
akropolis	30-26455-B
akrostichon	41-9425-B
akryl	30-40703-B
akt nacktbild	14-26700-B
akte	10-49209-B
akte datei kartei	44-16010-B
aktenkoffer	30-18483-B
aktenkoffer aktentasche	32-8956-B
aktentasche	32-8956-S
aktie	15-49031-B
aktien	20-6346-S
aktienblock aktienpaket	20-3576-B
aktienoption option	13-23464-B
aktienpaket	20-3576-S
aktinometer	39-57837-B
aktionskomitee buergerinitiative	1-3529-B
aktionsradius	19-44336-B
aktionsturbine gleichdruckturbine	35-4797-B
aktiv	11-64430-B,11-64506-B,11-64567-B,28-51452-B
aktive immunitaet	21-20727-B
aktiver vulkan	25-37743-B
aktivieren	28-51433-B
aktivierungsenergie	29-41370-B
aktivist	18-41870-B
aktivitaet	1-17937-S,5-20662-S,9-109-B
aktivkohle	1-3578-B
aktivvermoegen	18-39837-B
aktualisierung	18-16166-B
aktuell	13-16231-B
akupunktur	28-3618-B
akustik	1-3048-B,7-912-B
akustikfilter akustischer filter	1-2749-B
akustisch	13-25670-B,28-49730-B
akustische eigenschaft akustische kenngroesse	1-2979-B
akustische kenngroesse	1-2979-S
akustischer filter	1-2749-S
akut	39-40134-B
akute beckenentzuendung	21-41967-B
akute krankheit	39-40542-B
akute stenosierende laryngotracheitis	5-37294-S
akw atomkraftwerk kkw kernkraftwerk	4-19542-B
akzent	11-4242-B,11-4389-B
akzent akzentzeichen	11-4041-B
akzent betonung	17-52602-B
akzent syndrom	40-22337-S
akzentuierend	38-64468-B
akzentuierung	28-22377-B
akzentzeichen	11-4041-S
akzeptabel annehmbar	15-27850-B
akzeptant empfaenger	38-64492-B
akzeptieren	31-29719-B
akzeptierung annahme	18-53384-B
alabama	13-69253-B,25-30788-B
alagoas	33-10618-B
alarm alarmsignal	10-18423-B
alarmierung	1-10140-B
alarmsignal	10-18423-S
alaska	9-55287-B
alb	38-28047-S
albaner	16-8213-B,22-20288-B
albanerin	22-20394-B
albanien	8-22515-S
albanien republik albanien	8-22515-B
albanisch	8-81387-B,16-8340-B
albatros	38-19479-B
albedo	32-35045-B
albernheit	12-31718-B
albinismus	29-18217-B
albino	29-17900-B
alborg ålborg	9-2424-S
albtraeume haben schlecht traeumen	41-55751-B
albtraum alpdruck angsttraum nachtmahr nachtschaden	12-32501-S
albtraumhaft alptraumhaft	12-32992-B
album	18-18733-B
album musikalbum	18-18985-B
albuminurie	19-49307-B
alchemie alchimie alchymie	15-59757-B
alchemist alchimist	29-18055-B
alchimie alchymie	15-59757-S
alchimist	29-18055-S
alchymie	15-59757-S
alcotest	40-57843-B
aldehyd	18-6525-B
aldehydreduktase alkoholdehydrogenase	20-19250-S
alemannisch	15-61612-B
alexandria	30-43140-B
alexithymie gefuehlsblindheit	41-44976-B
alfalfa luzerne	16-17583-B
algebra	14-46215-B,26-5300-S
algebraisch	20-42022-B
algen	1-10959-B
algenbluete wasserbluete	1-11228-B
algerien	8-22689-S
algerien demokratische volksrepublik algerien	8-22689-B
algerier	41-12577-B
algerierin	41-12660-B
algerisch	41-12423-B,42-25984-B
algerische gebaerdensprache	25-45135-B
algier	22-28315-B
algierer	42-25904-B
algizid	1-11493-B
algorithmus	15-8594-B
alibi	29-18293-B
alicante	22-25472-B
alicyclische verbindung alizyklische verbindung	1-11510-B
alicyclischer kohlenwasserstoff	1-11645-B
alimente ehegattenunterhalt unterhalt	19-34491-B
aliphatische verbindung	1-11709-B
aliphatischer kohlenwasserstoff	1-11756-B
alizyklische verbindung	1-11510-S
alkali batterie alkalische batterie	7-5822-B
alkalimetall	2-30608-B
alkaliphil	44-4756-B
alkaliphilie	44-4670-B
alkalisch	29-23432-B
alkalische batterie	7-5822-S
alkalische phosphatase alkalische phosphomonoesterase ostase	21-22729-S
alkalische phosphomonoesterase ostase	21-22729-S
alkalischer boden	1-11841-B
alkaloide	22-11563-B
alkan	1-11871-B
alkanal	30-36928-B
alken	18-8040-B
alki alkoholabhaengiger alkoholiker gewohnheitstrinker saufaus saufbold saeufer trinker trunkenbold	31-35955-B
alkin	18-8054-S,30-25821-B
alkohol	1-10367-B
alkohol ethanol ethylalkohol spiritus weingeist aethanol aethylalkohol	31-35678-B
alkoholabhaengig alkoholsuechtig trunksuechtig	31-36549-S
alkoholabhaengige alkoholikerin gewohnheitstrinkerin saeuferin trinkerin	31-36155-B
alkoholabhaengiger alkoholiker gewohnheitstrinker saufaus saufbold saeufer trinker trunkenbold	31-35955-S
alkoholdehydrogenase	20-19250-S
alkoholfrei	23-28166-B
alkoholhaltig alkoholisch	20-898-B
alkoholiker gewohnheitstrinker saufaus saufbold saeufer trinker trunkenbold	31-35955-S
alkoholikerin gewohnheitstrinkerin saeuferin trinkerin	31-36155-S
alkoholisch	20-898-S
alkoholisiert berauscht besoffen betrunken bezecht blau hackedicht knuelle sternhagelvoll stockbesoffen stockbetrunken sturzbesoffen trunken voll volltrunken	8-83028-B
alkoholismus	29-18193-B
alkoholkrank alkoholabhaengig alkoholsuechtig trunksuechtig	31-36549-B
alkoholsuechtig trunksuechtig	31-36549-S
alkylverbindung	1-11884-B
all kosmos universum welt weltall	12-40823-B
alldieweil da denn weil	7-53229-B
alle alles saemtliche saemtliches	7-41486-B
alle hebel in bewegung setzen	42-24778-S
alle jede jeder jedes	13-72997-B
alle jeder jedweder	13-54379-B
alle wege fuehren nach rom	37-41362-B
allee	18-31299-B
allegorisch	29-24945-B
allein	9-52165-B,15-40159-B
allein autonom	10-22481-B
allein erziehend	25-64697-S
alleinerziehend allein erziehend	25-64697-B
alleinerziehende single mutter	40-53691-B
alleinerziehender	40-53837-B
alleinerziehendes elternteil	40-53968-B
alleinkind einzelkind	11-73249-B
alleinstehend ledig unverheiratet	15-40219-B
alleinstehender junggeselle single	39-21610-B
allel	23-0-B
allem anderen	39-26794-S
allem vor allem anderen	39-26794-S
allemal	32-3945-S
allenthalben allerorten allerorts allueberall ueberall	15-42580-B
allerdings ausserdem	13-55745-B
allerdings bestimmt gewiss sicher sicherlich	32-5125-B
allergen	1-11919-B
allergie	1-12082-B
allergisch	29-25778-B
allergologie	42-19520-B
allerletzt	9-23039-B
allerorten allerorts allueberall ueberall	15-42580-S
allerorts allueberall ueberall	15-42580-S
allerwertester hintern hinterteil arsch mond poeker vollmond sitzfleisch kaecker	14-66466-S
alles gut	44-11865-S
alles gute	42-52237-B
alles gute zum geburtstag herzlichen glueckwunsch zum geburtstag	42-45824-B
alles im gruenen bereich	39-41479-S
alles in butter alles ist in butter alles im gruenen bereich	39-41479-B
alles irdischen gehen die augen fuer immer schliessen draufgehen entschlafen heimgehen hinscheiden in die ewigen jagdgruende eingehen ins gras beissen krepieren sein leben aushauchen sterben verrecken verscheiden versterben ueber den jordan gehen ueber die klinge springen den geist aufgeben hops gehen	9-11033-S
alles ist in butter alles im gruenen bereich	39-41479-S
alles saemtliche saemtliches	7-41486-S
allesfressend omnivor	21-64050-B
allesfresser omnivore pantophage	43-27353-B
alleswisser besserwisser neunmalkluger rechthaber schlauberger schlaumeier	17-19396-B
allezeit allzeit dauernd immerdar immerfort immerwaehrend immerzu jederzeit stets staendig	10-14746-S
allgegenwaertig omnipraesent ubiquitaer ueberall verbreitet	18-31810-B
allgemein	23-15169-B
allgemein generell	7-26723-B
allgemein generisch	19-54324-B
allgemein verstaendlich	21-52254-B
allgemeinanaesthesie vollnarkose	41-57440-B
allgemeinbildung	7-15521-B
allgemeine algebra	26-5300-B
allgemeine chemie	3-8713-B
allgemeine relativitaetstheorie	26-12006-B
allgemeinen	30-48893-S
allgemeingut allmende gemeingut	19-17834-B
allgemeinplatz banalitaet binsenweisheit gemeinplatz klischee plattituede	18-17143-B
allgewaltig allmaechtig omnipotent	13-72736-B
allianz bruderschaft gesellschaft gilde innung klub orden verband verbindung verein vereinigung	31-8257-B
allier	24-41262-B
alligator	25-8130-B
alliierter buendnispartner verbuendeter	18-36244-B
allioli	32-12689-S
alliteration	38-49647-B
allmaechtig omnipotent	13-72736-S
allmaechtiger allvater gott herr herrgott jahwe schoepfer vater	7-36592-B
