erhaengen sich aufhaengen sich aufknuepfen sich den strick nehmen	39-58480-S
erhaengen strangulation	15-58669-B
erhaengter	26-51672-B
erhalten	12-39472-S
erhalten konservieren	33-26332-S
erheben	24-16489-S,35-38080-S
erheblich	29-47586-S
erhebung	22-30475-B,24-3115-B
erhitzen	8-38252-B,23-32290-S
erhitzen in der mikrowelle kochen	39-24815-S
erhoehung zunahme zuwachs	9-53487-B
erholen	32-38942-S
erholung	5-6185-B
erindyah	40-44130-B
erinnern	9-3205-B,13-60838-S
eritrea	12-23129-B
eritreisch	38-6197-B
eriwan jerewan	9-57802-B
erkaelten	41-7951-S
erkaeltung grippaler infekt	39-38782-B
erkennen	22-30172-B
erkennen flachlegen knallen nageln nehmen rannehmen	20-37116-S
erkenntnistheoretisch	40-111-B
erklaerbar	37-26867-B,37-35977-B
erklaeren	19-4391-B
erklaeren erlaeutern	9-62720-B
erklaeren verdeutlichen	13-60176-B
erklaerung	29-41793-S
erklaerung erlaeuterung	12-37841-B
erkrankung	33-43318-S
erkrankung leiden	10-10362-B
erkrankungsrate krankheitsrate morbiditaet morbiditaetsrate	41-26401-B
erkunden rekognoszieren	13-16898-S
erlaesslich	36-21327-S
erlaeutern	9-62720-S
erlaeuterung	12-37841-S
erlang	38-6267-B
erlangen schoepfen	13-56618-B
erlauben	18-21158-B
erle	35-27328-B
erlebnis	18-40496-S
erlebte rede freie indirekte rede	41-3970-B
erlegt hat	44-31774-S
erleichtern	37-8696-B
erleichtern lindern	29-25800-B
erleichtern lindern stillen	13-52812-S
erlernen erwerb erwerbung	18-13623-B
erlesen exquisit	8-40023-S
erleuchtet	28-31387-S
erloes	19-48534-B
erloeschen verfallen	15-17020-S
erloeschen verloeschen	15-16821-S
erloesung	21-58462-B
erlogen	35-20561-S
erloschener vulkan	25-38074-B
ermaechtigung	1-24512-S
ermaessigung minderung rabatt reduktion	28-23579-B
ermahnen	29-683-B
ermahnung	29-705-B
ermittelbar feststellbar	30-4508-S
ermittlung nachweis	2-14118-B
ermittlungsbescheid	20-55586-B
ermoeglichen	18-69067-B
ermorden liquidieren morden umbringen um die ecke bringen	20-57502-B
ermorden toeten	10-76286-B
ermordung	16-28361-B
ermueden	33-25507-B,33-25581-B
ermuedend	25-6327-S
ermuedung erschoepfung lethargie muedigkeit	21-61424-B
ermutigen	30-28290-B
ermutigung	36-45410-B
ernaehren naehren fuettern	13-78493-B
ernaehrer	32-7064-S
ernaehrung	4-21082-B,19-32938-B
ernaehrungssicherung	40-15998-B
ernennen	19-27338-B
erneuerbare ressource	5-8872-B
erneuerbare rohstoffe	5-8205-B
erneuern	26-41640-B
erneut nochmals wieder wiederholt wiederum	10-22100-S
erniedrigung	28-22404-B
ernst ernsthaft serioes	17-63810-B
ernsthaft	36-29930-B
ernsthaft serioes	17-63810-S
ernsthaft von ganzem herzen	38-32058-B
ernsthaftigkeit seriositaet	17-63919-B
ernte ernteertrag	3-15020-B
ernte ernten	41-35617-B
ernteabfall	2-6864-B
ernteertrag	3-15020-S
erntemonat messidor	26-25464-B
ernten	29-8232-B,41-35617-S
ernuechtern	38-14506-B
eroberer	34-23280-B
erobern	15-13977-S
erobern nehmen	10-47937-S
eroberung	12-60887-S
erogeen	37-6388-B
eros opfern sex haben bumsen einen wegstecken ficken koitieren voegeln	10-75411-B
erosion	2-38077-B
erosionsschutz	2-38094-B
erotik	37-6425-B
erotisch	37-6406-B,37-21656-B
erotomanie liebeswahn	40-57088-S
erpel	23-31141-S
erpressen	24-20-B
erpressen abpressen	37-33231-B
erpresser	31-42701-B,37-33172-B
erpressung	37-33210-B
erratum	37-6557-B
erregend	21-9300-S,39-29853-B
erregung	20-49786-B
erreichbar	28-49425-B,30-19623-B
erreichen	28-49445-B,30-18983-B
erreichung	18-68929-B
errgend	37-16597-B
errichten	11-42008-S,21-57543-B,37-5813-B
errinnern sich erinnern	13-60838-B
erroeten rot werden	12-26105-S
errungenschaft	15-16764-B,21-33616-B
ersaeufen ertraenken	40-57019-B
ersatz	9-64153-S
ersaufen	30-20136-S
erschaffen erstellen kreieren schaffen	17-81572-B
erscheinen	14-56396-B,30-23014-S
erscheinung des herrn grossneujahr hochneujahr hohneujahr theophanie	22-46588-S
erscheinung erscheinungsbild	18-35249-S
erscheinungsbild	18-35249-S
erscheinungsbild phaenotyp	23-30047-B
erschiessen totschiessen	22-45712-S
erschiessungskommando exekutionskommando	14-24853-B
erschoepft	26-31112-B
erschoepfung	37-17146-B
erschoepfung lethargie muedigkeit	21-61424-S
erschuettern	24-8561-B,26-45327-B
erschuetterung	6-14384-B,35-7261-S
erschwinglich leistbar	31-27502-S
ersisch	27-39666-S
ersparnis	5-16791-B
erst	13-71487-B
erstarren	8-86139-B
erstauffuehrung premiere urauffuehrung	38-32341-B
erstaunen	30-15437-B,30-15901-B
erstaunlich	30-15456-B
erstaunt	29-32810-B
erstausbildung	6-38230-B
erste	7-53050-S
erste die erste	7-53050-S
erste klasse	43-10776-B
erste person	18-5769-B
erstehen kaufen	11-68653-B
erstellen kreieren schaffen	17-81572-S
erstellung	21-509-S
erster fall	17-68608-S
erster form	44-22145-S
erster gang	25-62920-B,43-16071-B
erster mai kampftag der arbeiterbewegung tag der arbeit	23-22315-S
erstere ersterer ersteres	20-22132-B
ersterer ersteres	20-22132-S
ersteres	20-22132-S
erstgebaerend	43-69198-B
ersticken	19-55807-B
ersticken erwuergen	30-9481-B
erstwaehler	21-57603-B
ertauben	35-20266-B
ertraenken	40-57019-S
ertraenken ins wasser gehen	39-58607-S
ertrag	7-11921-B
ertrag rendite	6-29597-B
ertragen	11-12566-S
ertragen hinnehmen leiden schlucken sich schicken tolerieren	14-64805-S
ertragreich fruchtbar	15-54856-B
ertragreich gewinnbringend lohnend lukrativ profitabel rentabel	20-49209-S
ertrinken	28-5758-B
ertrinken ersaufen	30-20136-B
eruption	22-7602-S,23-2406-S
eruption santorin eruption thera eruption	22-7602-S
eruption thera eruption	22-7602-S
erwachen	26-42687-B
erwachen wach werden	9-51868-S
erwachsenenbildung	1-5670-B
erwachsener	1-5468-B
erwachsenheit	29-1846-B
erwaehnen	12-9379-B
erwaermen	23-32188-S
erwaermen waermen	23-31949-B
erwaermung	3-10918-S
erwarten	9-53779-S
erwartung	18-38740-B,37-18792-B
erweisen	20-3197-S
erweiterbar	37-35168-B
erweitern	24-30027-B
erweiterte realitaet	42-1265-B
erweiterte stichprobe	19-11757-B
erweiterung	17-59454-S,20-43472-B,25-2444-B,37-18646-B
erweiterungsfaehig	37-36227-B
erwerb	18-13201-B
erwerb erwerbung	18-13623-S
erwerbslos	38-60510-S
erwerbstaetige bevoelkerung	6-39283-B
erwerbung	18-13623-S
erwogen wohl bedacht	34-23878-S
erworbene immunitaet	21-20119-B
erwuergen	30-9481-S,41-31821-B
erwuergung	41-31977-B
erythema	21-34882-B
erythema exsudativum multiforme erythema multiforme	21-35015-B
erythema multiforme	21-35015-S
erythropoese erythropoiese	36-34974-B
erythropoiese	36-34974-S
erythrozyt rotes blutkoerperchen	36-34636-B
erz	4-24157-B
erzaehlen	26-47587-B
erzaehlung geschichte	12-53502-B
erzbischof	29-49125-B
erzbistum	20-60829-B
erzengel	29-48993-B
erzeugen herstellen machen produzieren	13-74460-B
erzeugerin	26-43789-B
erzeugnis produkt ware	33-25309-S
erzeugung	19-19401-B
erzherzog	30-405-B
erzherzogtum oesterreich unter der enns niederoesterreich	24-39573-B
erziehend	25-64697-S
erzieher	38-29771-B
erzieher erzieherin	36-37759-B
erzieherin	36-37759-S,38-29942-B
erzieherisch	36-37724-B
erzieherisch paedagogisch	37-41133-B
erziehung	6-10035-B
erzkatholisch stockkatholisch	40-9976-B
erzuernt veraergert wuetend aergerlich	37-30355-B
es	42-68525-S
es gibt nichts umsonst	41-14859-B
es lohnt sich	38-40878-B
es sich gehoert	24-14011-S
es treiben es tun ficken in die kissen steigen in die kiste springen knaeggern miteinander schlafen pimpern roedeln schnackseln sich dem liebesspiel hingeben sich der schoensten nebensache der welt widmen voegeln	10-77377-S
es tun ficken in die kissen steigen in die kiste springen knaeggern miteinander schlafen pimpern roedeln schnackseln sich dem liebesspiel hingeben sich der schoensten nebensache der welt widmen voegeln	10-77377-S
es tut mir leid tut mir leid	14-10577-S
es wieviel uhr ist es	42-68525-S
eschatologie	38-7014-B
esche	20-31818-B
esche eschenholz	34-43266-B
eschenholz	34-43266-S
escudo	28-36798-S
esel	11-65176-B,39-34485-S
esel flachwichser gimpel hirni hohlkopf holzkopf honk hornochse idiot kamel kindskopf mondkalb narr rindvieh schafskopf schwachkopf schwachmat simpel spaten spatzengehirn spatzenhirn stiesel strohkopf tor tropf trottel vollhonk vollpfosten	8-73583-S
esel stur wie ein esel stur wie ein panzer stoerrisch wie ein esel	39-34485-S
esel stur wie ein panzer stoerrisch wie ein esel	39-34485-S
eselsohr	31-9723-B
eselsohr machen	11-30974-B
eskalation	37-6673-B
eskalieren	37-6651-B
eskapade	37-6693-B
eskimo	37-6964-B
eskorte	37-6828-B
eskortieren	37-6844-B
esoterisch	27-5420-B
espe	16-20762-B
esperantist esperantistin	38-7403-B
esperantistin	38-7403-S
esperanto	8-85623-B
esperantosprachig esperantosprechend	38-24349-B
esperantosprechend	38-24349-S
espresso	13-20584-B
espressokanne	13-20868-B
ess brechsucht	43-24736-S
essayist	37-7049-B
essbar	11-35184-S
essbar geniessbar essbar	11-35184-B
essbare judaskirsche	33-49513-S
essbarer teil	28-25511-B
essbesteck	43-31741-S
essen	39-57548-S,40-21840-B
essen essen gehen	37-39329-S
essen futtern speisen verspeisen verzehren	8-34569-B
essen gehen	37-39329-S
essen nahrung speise	3-0-B
essen sich erbrechen sich uebergeben vomieren	8-771-S
essen speisen	9-56509-B
essenziell unentbehrlich	18-65376-S
essgeschirr geschirr	18-4794-B
essig	17-70405-B
essigfliege fruchtfliege obstfliege taufliege	42-12679-B
essigkahm essigmutter essigpilz	43-62851-B
essigmutter essigpilz	43-62851-S
essigpilz	43-62851-S
essigsaeurealdehyd ethanal ethylaldehyd	17-62835-S
essigsauer	28-49310-B
essigsaures blei essigsaures bleioxyd	41-45455-S
essigsaures bleioxyd	41-45455-S
essonne	24-51359-B
essstaebchen	9-13730-B
essstoerung	36-36927-S
essstoerung essstoerung	36-36927-B
esszimmer speisesaal speisezimmer	36-4810-B
establishment	20-32002-B
este estin	16-11497-B
ester	18-7918-B
estin	16-11497-S
estin estlaenderin	28-30614-B
estlaenderin	28-30614-S
estland	11-62921-B
estnisch	8-86351-B,16-11612-B
estnische gebaerdensprache	27-22120-B
estradiol oestradiol	35-16899-B
estragon	37-38215-B
et cetera etc und so weiter usw	31-4599-B
et cher	24-45584-S
et garonne	24-46220-S,24-50126-S
et loir	24-44061-S
et loire	24-45232-S,24-46632-S,24-48821-S
et marne	24-49355-S
et moselle	24-47034-S
et vilaine	24-45030-S
et zeichen kaufmanns und und zeichen kaufmaennisches und	29-34908-B
etablieren	20-29503-S
etage stock	12-53687-B
etappe teilstrecke	8-8752-S
etc und so weiter usw	31-4599-S
ethan aethan	32-11374-B
ethanal ethylaldehyd	17-62835-S
ethanol ethylalkohol spiritus weingeist aethanol aethylalkohol	7-2174-B,31-35678-S
ethanol kraftstoff	3-4854-B
ether	2-38461-B,18-6746-B
etherisches oel aetherisches oel	39-18507-B
ethernet	10-11323-B
ethik	2-38474-B
ethisch	20-49448-B
ethnie	24-25403-B
ethnikon volksbezeichnung voelkername	28-23799-S
ethnische saeuberung	14-45073-B
ethnobotanik	29-21849-B
ethnografie	27-6081-B
ethnologe	37-7523-B
ethnologie	2-38504-B
ethnonym	17-39243-B
ethnozid	38-8954-B
ethologe	41-26855-B
ethologie	2-38526-B
ethologisch	41-26934-B
ethylaldehyd	17-62835-S
ethylalkohol spiritus weingeist aethanol aethylalkohol	7-2174-S,31-35678-S
etikett	33-24290-B
etikette	37-8654-B
etikettieren	42-2607-B
etrusker	28-11121-B
etruskisch	12-11468-B,12-12070-B
etuede	12-39915-B
etw wieder zu eigen geben	26-40059-B
etwa rund ungefaehr	9-34854-S
etwas	7-41885-B,7-45623-B,9-918-B,13-55939-S
etwas absehen	19-32054-S
etwas herauswinden	21-52040-S
etwas hinwegsehen	23-28981-S
etwas notiz nehmen	18-65872-S
etwas verfuegen	19-8042-S
etwas vornehmen	20-4843-S
etwas zeugen	27-12130-S
etwas zurueckgreifen	24-441-S
etymologe	36-3509-B
etymologie	10-88526-B
etymologin	36-3652-B
etymologisieren	36-3317-B
etymon	36-2985-B,36-3095-B
eu erweiterung	17-59454-B
eu europaeische union	2-39211-B
eu umweltzeichen	2-24400-B
eucharistie	37-8803-B
eudiometer	38-9810-B
euer	9-56198-B
euergetismus	42-5543-B
eugenik	37-9058-B
eukalyptus	37-8674-B
eukaryonten eukaryoten	29-23484-B
eukaryoten	29-23484-S
euklidisch	38-9851-B
eule	13-74685-B
eunuch kastrat verschnittener	36-10956-S
eupeptisch verdauungsfoerdernd	43-2526-B
euphemismus beschoenigung hehlwort huellwort verbraemung	17-36487-B
euphemistisch	37-9243-S
euphonie	38-9833-B
euphonisch melodisch wohlklingend wohllautend wohltoenend	21-54693-B
euphorie	37-9332-B
euphorisch	9-71629-S
euphrat	24-21609-B
eurasien	37-30828-B
eure	24-43970-B
eure et loir	24-44061-B
euro	13-67252-B
euro schein hunderteuroschein	25-61167-S
eurobanknote	25-61347-B
euromuenze	25-61498-B
europa	2-38720-B,15-21723-B,38-34833-B
europaeer europaeerin	11-69579-B
europaeerin	11-69579-S
europaeisch	21-19635-B
europaeische atomgemeinschaft	2-38682-B
europaeische eibe gemeine eibe	44-21386-S
europaeische gemeinschaften	2-1054-S
europaeische gottesanbeterin	24-18770-S
europaeische honigbiene honigbiene westliche honigbiene biene	10-73959-B
europaeische kommission	2-38938-B
europaeische sprotte sprott	44-28084-S
europaeische umweltagentur	2-39039-B
europaeische union	2-39211-S
europaeische zentralbank	24-7503-S
europaeischen union	2-38607-S
europaeischer gerichtshof	2-38985-B
europaeischer grottenolm	43-15024-S
europaeischer iltis waldiltis ratz staenker	41-20380-B
europaeischer umweltrat	2-39106-B
europaeisches land	20-14070-B
europaeisches mittelmeer mittellaendisches meer mittelmeer	7-20004-B
europaeisches parlament	2-39167-B
europaeisches waehrungssystem	7-13937-S
europakritik europaskepsis	38-19204-B
europanto	27-22415-B
europaskepsis	38-19204-S
europium	13-14089-B
euroskeptiker	38-19080-B
euroskeptisch	38-18809-B
eurozentrisch	25-74741-B
eurozentrismus	25-76429-B
eusozialitaet	42-47235-B
euter	42-69939-B
euthanasie sterbehilfe	20-23395-B
eutroph	25-52694-B
eutrophierung	2-39940-B
evangelisieren	38-22321-S
evangelist	37-40330-B
evaporation verdunstung	2-40260-B
evapotranspiration	2-40363-B
evasiv evasorisch	18-43168-S,18-51817-S
evasorisch	18-43168-S,18-51817-S
eventualitaet moeglichkeit zufaelligkeit moeglicher fall	38-9987-B
eventuell moeglicherweise vielleicht womoeglich	16-53316-B
eventuell zur not	24-13661-B
evolution	2-40402-B
evolution abiogenese	34-37837-S
evolution weiterentwicklung	20-4036-B
evolutionaer	33-39965-B
evolutionaere psychologie	42-64694-S
evolutionspsychologie evolutionaere psychologie	42-64694-B
evolvente	38-10114-B
ewe	11-9505-B
ewenkisch	23-38709-B
ewig	37-7198-B,37-11108-B
ewig fuer immer immerdar	14-7398-B
ewigen jagdgruende eingehen ins gras beissen krepieren sein leben aushauchen sterben verrecken verscheiden versterben ueber den jordan gehen ueber die klinge springen den geist aufgeben hops gehen	9-11033-S
ewigkeit	39-3208-B
ewigkeit unendlichkeit	39-3140-S
ewigkeit zeitlosigkeit zeitlose existenz	37-7212-B
ews europaeisches waehrungssystem	7-13937-B
ex	38-9705-S
ex ehefrau ex frau ex gattin	38-9398-S
ex ehemann ex mann	38-9504-S
ex ex ehefrau ex frau ex gattin	38-9398-B
ex ex ehemann ex mann	38-9504-S
ex ex freund	38-9620-B
ex frau ex gattin	38-9398-S
ex freund	38-9620-S
ex freundin ex	38-9705-B
ex gatte ex ex ehemann ex mann	38-9504-B
ex gattin	38-9398-S
ex mann	38-9504-S
ex trinken exen herunterstuerzen hinunterstuerzen runterkippen	8-30680-S
exactum vollendete zukunft	17-80842-S
exakt genau praezise richtig vorschriftsmaessig	8-88639-S
exakte wissenschaft	2-40767-B
examen	9-48828-B
exekutieren hinrichten	17-42733-B
exekution hinrichtung	12-11787-B
exekutionskommando	14-24853-S
exekutivgewalt	23-36755-B
exemplar	9-24373-S
exen herunterstuerzen hinunterstuerzen runterkippen	8-30680-S
exequatur	37-38274-B
exhaerese	37-38254-B
exhalation	35-16578-S
exhalieren	14-18444-S
exhibitionismus	37-17696-B
existenz	37-7212-S
existenzialismus	37-17968-B
existieren sein	9-41475-B
exklave	15-60838-B
exkommunikation	37-16763-B
exkommunizieren	37-16735-B
exkrement faezes kacka kot stuhl kacke	13-45409-S
exodus	37-18093-B
exogamie	37-36294-B
exokrine druese	41-11053-B
exonym	22-15229-B
exoplanet extrasolarer planet	22-55554-B
exorzismus teufelsaustreibung	37-18237-B
exorzist	37-18277-B
exoskelett	20-5873-B
exosphaere	32-34768-B
exot	2-41344-B
