bibliothek programmbibliothek	31-19906-B
bibliothekar	16-12666-B
bibliotheksdienst	7-16300-B
biblisch	32-46667-B
bidet	29-9509-B
biegen	30-24552-B
biene	10-59388-S
biene imme	1-26751-B
bienenhaltung bienenzucht imkerei	1-17860-B
bienenhonig honig	16-44693-B
bienenkoenigin koenigin stockmutter weisel	21-11076-B
bienenkorb	26-38633-B
bienenschutz	1-26634-B
bienenstich	22-3776-B
bienenstock	35-68797-B
bienenvater bienenzuechter imker zeidler	15-40509-B
bienenwachs	28-13330-B
bienenzucht imkerei	1-17860-S
bienenzuechter imker zeidler	15-40509-S
bier gerstensaft	9-58839-B
bierbauch	38-19857-B
bierhefe	37-18838-B
bierzelt festzelt	35-2769-B
bieten	16-24838-B,19-32833-S
bieter	17-55450-B
bigamie	22-5064-B
bigamist	36-29740-B
bigott borniert intolerant	35-58080-S
bigotterie engstirnigkeit	12-6920-B
bijugatus spanische limette	19-3199-S
bike	8-35065-S
bikini	20-28826-B
bikini atoll	20-29535-S
bikini bikini atoll	20-29535-B
bilabial	36-39750-B,36-39820-B
bilanz	1-25055-B
bilateral	19-45879-B
bilateraler vertrag	1-29523-B
bilbao	29-4521-B
bild	37-34642-S
bild foto fotografie lichtbild photo photographie	4-28281-B
bild gemaelde	10-4685-B
bild von commons	37-31915-B
bilden	24-25023-S
bilderrahmen	37-10847-B
bilderstuermer	14-57488-B
bildersturm ikonoklasmus	35-52964-B
bildgebendes filtern	7-16855-B
bildhauer	16-1835-B
bildhauerei	30-45046-B
bildhauerin	30-45020-B
bildklassifikation	7-17009-B
bildlich	24-24740-B
bildnisrecht recht am eigenen bild	37-34642-B
bildpunkt pixel	7-16611-B
bildroehre	22-38245-B
bildschirm	17-32391-S
bildschirmfoto screenshot	30-40012-B
bildsynthese rendern	23-32791-B
bildueberlagerung	7-16979-B
bildung	2-22232-B
bildungsanstalt	2-22402-B
bildungsniveau	21-44145-B
bildungsplanung	2-22438-B
bildungspolitik	2-22472-B
bildungsstand	7-10656-B
bildungsweg	6-26773-B
bildungswesen	2-22504-B
bildverarbeitung	3-19988-B,7-16745-S
bildverarbeitungssystem	7-16678-S
bildverbesserung	7-16899-B
bilgenoel	1-29567-B
bilgenwasser	1-29745-S
bilingual zweisprachig	18-64140-B,18-64300-B
billard	28-13355-B
billett fahrkarte fahrschein ticket	17-50199-B
billiarde	21-16291-B
billiardqueue	22-20828-B
billig guenstig preisguenstig preiswert wohlfeil	11-58843-B
billigen gutheissen	18-2013-B
billigflaggen	2-40844-B
billigung	6-34086-B
billigung einwilligung zustimmung	21-19422-B
billigung zustimmung	7-12500-S
billion	12-2857-B
bilokation	37-15491-B
bimetall	12-26411-B
bims bimsstein	29-15481-B
bimsstein	29-15481-S
bin	10-57444-B
binde verband	18-1142-S
bindehautentzuendung konjunktivitis	36-21371-B
binden	22-19988-B
binden knoten knuepfen verknoten verknuepfen zusammenknoten	9-30796-B
bindestrich	32-13321-B
bindewort konjunktion	16-56453-B
bindfaeden regnen giessen wie aus kannen in stroemen regnen kuebeln schuetten wie aus eimern	11-59120-B
binnenfischerei	3-25811-B
binnengewaesser	3-25909-B
binnengewaessertransport	2-42409-B
binnengueterschiffahrt	3-25937-B
binnenhandel	2-18154-B
binnenmajuskel binnenversal binnenversalie	19-36364-B
binnenmeer	15-33503-B
binnenschiffahrt	3-25880-B
binnenversal binnenversalie	19-36364-S
binnenversalie	19-36364-S
binnenwanderung	7-11253-B
binokular	29-39027-B
binominal	29-9830-B
binsenlauch brislauch graslauch jakobszwiebel schnitt lauch schnittling	13-61476-S
binsenweisheit gemeinplatz klischee plattituede	17-45603-S
bio biologisch	11-67698-B
bioakkumulation	1-29864-B
biochemie	1-29933-B
biochemiker	16-9901-B
biochemisch	36-28754-B
biodegradation biologischer abbau	1-30300-B
biodiesel	36-34722-B
biodiversitaet	1-30479-S
bioengineering biotechnik	1-30847-B
bioethik	1-30661-B
biogas	1-30681-B
biogeochemie	1-30745-B
biogeochemischer kreislauf	1-30695-B
biogeographie	1-30820-B
biogeographische region	1-30771-B
biograf biograph	29-9994-B
biografie biographie	28-13164-B
biografisch biographisch	29-10062-B
biograph	29-9994-S
biographie	28-13164-S
biographisch	29-10062-S
bioindikator	1-30888-B
bioklimatologie	1-30110-B
biokonzentrationsfaktor	1-30200-B
biokraftstoff biosprit biotreibstoff	6-36895-S
biologe	15-56800-B
biologie	1-31298-B
biologisch	11-67698-S
biologisch abbaubar	26-50891-B
biologische abbaubarkeit	1-30247-B
biologische anpassung	2-20865-B
biologische konkurrenz	2-0-B
biologische schaedlingsbekaempfung	1-31030-B
biologische stickstoff fixierung	1-30969-B
biologische ueberwachung	1-30915-S
biologische uhr	10-54515-B
biologischer abbau	1-30300-S
biologischer landbau	4-19415-B
biologisches kampfmittel	1-31255-B
biolumineszenz	1-31583-B
biom	11-47396-B
biomarker	6-34242-B
biomasse	1-31773-B
biometrisch	28-18886-B
biomonitoring biologische ueberwachung	1-30915-B
biomuell	4-19704-B
bionik	29-10458-B
bionisch	29-10351-B
biophysik	1-31791-B
biopsie	28-29624-B
bioreaktor	1-31811-B
biorhythmus	1-31833-B
biosicherheit	1-31854-B
biosphaere	1-31882-B
biosphaerenreservat	1-32001-B
biosprit biotreibstoff	6-36895-S
biosynthese	1-32045-B
biosystematik systematik	23-50647-B
biotechnik	1-30847-S
biotechnologie	1-32069-B
biotischer faktor	1-32099-B
biotischer index	6-35257-B
biotop	1-32134-B
biotopschutz	1-32181-B
biotopverlust	3-40314-B
biotopvernetzung	1-32149-B
biotreibstoff	6-36895-S
bioverfuegbarkeit	1-29896-B
biowissenschaften	3-37731-B
biozid	1-30095-B
bipolare affektive stoerung manisch depressive erkrankung	30-55609-S
bipolare stoerung bipolare affektive stoerung manisch depressive erkrankung	30-55609-B
birke	11-29093-B
birke birkenholz	32-4865-B
birkenholz	32-4865-S
birma myanmar burma union myanmar	12-4011-B
birmanisch burmesisch	8-76329-B
birmingham	19-45857-B
birnbaum	16-10650-B
birne	16-10564-B
birobidschan	17-10787-B
bis	8-50106-B
bis auf weiteres	36-38678-S
bis auf weiteres bis auf weiteres	36-38678-B
bis bald auf wiedersehen	18-65134-B
bis jetzt bisher bislang	36-5665-B
bis jetzt bisher bislang noch	8-44738-B
bischoeflich	34-2027-B
bischof	14-54165-B
bisexualitaet	15-18924-B
bisexuell	11-9552-B
bisher bislang	36-5665-S
bisher bislang noch	8-44738-S
bislama	15-49318-B
bislang	36-5665-S
bislang noch	8-44738-S
bismut wismut	12-44570-B
bison	16-26520-B
biss	8-58724-S
biss bisswunde	14-27490-B
bissau	12-35823-S,26-4712-B
bisschen funken iota jota spur	19-48030-B
bisschen wenig	14-17093-S
bissen happen	14-43462-B
bissen happen imbiss	14-27702-B
bissig	26-22928-B
bissig hoehnisch zynisch	10-79708-S
bisswunde	14-27490-S
bist	19-43584-B
bist du	38-10302-S
bistum dioezese kirchensprengel sprengel	25-22976-B
bisweilen dann und wann gelegentlich manchmal mitunter zuweilen zuzeiten	9-22061-S
bit	14-43223-B
bitte	7-46235-B,7-47874-B,10-77903-S,34-189-S
bitte bitte schoen bitte sehr gern geschehen kein problem keine ursache nichts zu danken	11-1465-B
bitte flehentliche bitte	34-189-S
bitte schoen bitte sehr gern geschehen kein problem keine ursache nichts zu danken	11-1465-S
bitte sehr bitteschoen	7-47998-B
bitte sehr gern geschehen kein problem keine ursache nichts zu danken	11-1465-S
bitte wie bitte	10-77903-B
bitten flehen	32-58783-B
bitter	15-25391-B
bitter erbittert heftig scharf virulent	14-52462-S
bittergurke bittermelone	38-6837-S
bitterkeit erbitterung	26-23144-B
bittermelone	38-6837-S
bitteschoen	7-47998-S
bitumen	1-32778-B
bitzelwasser selters selterswasser sprudel sprudelwasser saurer sprudel	10-69729-B
bizarr eigenartig fremdartig sonderbar ungewoehnlich	35-26984-B
bizarr eigenwillig kurios	11-15204-B
bj	38-4753-S
blabla gedoens gefasel gelaber geplapper gerede geschwaetz gewaesch schmonzes schnack seich	21-4878-B
blackout filmriss	9-71903-B
blaehen schwellen zunehmen	21-43323-S
blaeser geblaese	29-18141-B
blaesshuhn	36-39507-B
blaettermagen	14-40254-B
blaetterwerk laub laubwerk	2-43130-S
blaeulich	16-38795-B
blanchieren	31-42552-B,31-42588-B
blank mittellos pleite	29-31413-S
blankenese	39-20223-B
blankwaffe nahkampfwaffe	20-1614-B
blase	19-47777-B
blase bulla	9-36554-B
blase harnblase	25-4869-B
blasebalg	25-38114-B,29-1697-B
blasen	8-55484-B
blasen fellationieren fellieren	14-45394-B
blasen wehen	8-55866-B
blasenentzuendung zystitis	36-15314-B
blasenkammer	17-31822-B
blasenstein	32-26596-B
blasinstrument	16-34666-B
blasphemie	29-14306-B
blastoderm	36-29809-B
blatt	3-35500-B,13-34847-B
blattgemuese	3-9810-B
blattgruen chlorophyll	1-47009-B
blattlaus	39-9609-B
blattwerk belaubung blaetterwerk laub laubwerk	2-43130-B
blau	14-45578-B,14-46143-B
blau hackedicht knuelle sternhagelvoll stockbesoffen stockbetrunken sturzbesoffen trunken voll volltrunken	8-74670-S
blau kupferlasur	9-23778-S
blau machen die schule schwaenzen schwaenzen	36-39148-B
blauaeugig	21-26530-B
blaualgen cyanobakterien	1-33351-B
blaue moschee sultan ahmet moschee	16-7626-B
blauer planet	10-72400-S
blaues auge	17-14650-B
blauflossen thunfisch grosser thun nordatlantischer thun roter thun	19-42582-B
blaumann	22-38386-B
blaupause	29-18358-B
blausaeure cyanwasserstoff	32-32147-B
blausucht cyanose zyanose	28-28000-B
blauwal	38-2181-B
blauzungenkrankheit maulkrankheit	11-8433-B
blei	3-34890-B
bleiben	17-24671-B
bleibt immer ein bauer	39-14021-S
bleicherde	1-33089-B
bleichmittel	1-33010-B
bleichverfahren	1-33111-B
bleifrei	37-35292-B
bleifreies benzin	6-4660-B
bleistift	8-27792-B
bleistift rollenspiel pen paper rollenspiel rpg rsp rollenspiel	18-56532-S
bleiverbindung	3-35429-B
bleivergiftung saturnismus	37-0-B
blenden	26-3308-B,36-0-B
blendend	16-5560-B,32-15004-B
blepharitis	36-21254-B
bleu d auvergne	23-57695-B
bleu hellblau	37-16061-B
blickpunkt anschauungsweise ansicht betrachtungsweise blickwinkel gesichtspunkt perspektive sichtweise standpunkt	35-40055-B
blickwinkel gesichtspunkt perspektive sichtweise standpunkt	35-40055-S
blickwinkel standpunkt	30-43677-B
blind	9-69256-B
blind blindlings	38-16533-B
blinddarmentzuendung appendizitis	27-30025-B
blindenschrift brailleschrift	17-38613-B
blinder fleck	38-12173-B
blindheit	19-50244-B,35-35570-B
blindlings	38-16533-S
blindschleiche	29-16007-B
blinker richtungsanzeiger	36-32035-S
blinzeln	9-69776-B
blinzeln zwinkern	35-33827-B
blitz	9-69621-B
blitz getroffen wie vom donner geruehrt	14-47533-S
blitzableiter	18-32140-B
blizzard	29-16280-B
block	14-6354-B,14-7323-B
block haeuserblock	14-6887-B
blockade	11-60952-B
blockfloete	15-25515-B
blockieren	14-6579-B
blockieren versperren	14-6174-B
bloed doof dumm	9-13998-B
bloedian bloedmann depp doofi doofkopf dummbratze dummerchen dummerjan dummkopf dumpfbacke daemlack doeskopp einfaltspinsel esel flachwichser gimpel hirni hohlkopf holzkopf honk hornochse idiot kamel kindskopf mondkalb narr rindvieh schafskopf schwachkopf schwachmat simpel spaten spatzengehirn spatzenhirn stiesel strohkopf tor tropf trottel vollhonk vollpfosten	8-64803-S
bloedmann depp doofi doofkopf dummbratze dummerchen dummerjan dummkopf dumpfbacke daemlack doeskopp einfaltspinsel esel flachwichser gimpel hirni hohlkopf holzkopf honk hornochse idiot kamel kindskopf mondkalb narr rindvieh schafskopf schwachkopf schwachmat simpel spaten spatzengehirn spatzenhirn stiesel strohkopf tor tropf trottel vollhonk vollpfosten	8-64803-S
bloeken	28-20299-B
bloemfontein	22-39500-B
bloesse	28-38272-B
blog weblog	16-24706-B
bloggen	37-31046-B
blogger	18-66372-B
blois	29-17528-B
blond	24-26547-B,24-26706-B,28-1605-B
blondine	29-16462-B
bloss huellenlos nackt unbekleidet	13-3600-B
bloss lediglich nur rein	9-33378-B
blossfuessig	19-16091-S
blubber bong wasserpfeife	35-14731-B
bluehen	34-51368-B
bluehen erbluehen	38-27321-B
bluete	2-41329-B,33-32765-B
blueten falschgeld	30-19727-B
bluetenkohl italienischer kohl karfiol kaesekohl traubenkohl	13-65446-S
bluetenlese	21-39380-S
bluetenpflanzen	1-14553-S
blume	34-14344-B
blumenerde erde	13-12466-B
blumengeschaeft blumenladen florist	18-40056-B
blumenkohl bluetenkohl italienischer kohl karfiol kaesekohl traubenkohl	13-65446-B
blumenkrone	31-42061-B
blumenladen florist	18-40056-S
blumenstrauss strauss	35-15930-B
blumenzwiebelkultur	1-37350-B
blut	1-33139-B
blutapfelsine blutorange	37-40185-B
blutarm	27-16245-S
blutarmut	20-12188-S
blutbad blutvergiessen gemetzel massaker	20-21399-B
blutbahn blutkreislauf blutstrom	20-21226-B
blutbank	20-22706-B
blutbleispiegel	3-35459-B
blutdiamant konfliktdiamant	30-46197-B
blutdoping	20-25283-B
blutdruck gefaessdruck	20-26395-B
blutdruckmessgeraet	37-22320-B
blutduerstig	20-26024-B
blutegel	16-64187-B
bluten	11-46698-B
bluterguss haematom	20-49989-B
bluterkrankheit haemophilie	20-12779-B,20-27545-B
blutfleck	29-17999-B
blutgeld	29-16789-B,39-13901-B
blutgerinnsel blutpfropf thrombus	13-5414-B
blutgruppe	9-35914-B
bluthochdruck	25-13317-B
blutig	20-19708-B,39-4310-B
blutkoerperchen	33-43237-S,33-43524-S
blutkrebs hyperleukozytose leukose leukaemie	3-36991-B
blutkreislauf blutstrom	20-21226-S
blutorange	20-45663-B,37-40185-S
blutpfropf thrombus	13-5414-S
blutplaettchen thrombozyt	24-3993-B
blutplasma	20-42533-B
blutplasma plasma	23-53276-B
blutprobe	20-43209-B
blutprobe blutuntersuchung	20-41091-B
blutrache fehde vendetta	34-16500-B
blutrot	29-17727-B
blutsauger	38-9450-B
blutschande	20-45130-S
blutspender	20-24299-B
blutstrom	20-21226-S
blutsverwandter	33-2060-B
bluttransfusion	20-47690-B
blutung	25-34605-B
blutuntersuchung	20-41091-S
blutverduenner gerinnungshemmer	28-28207-S
blutvergiessen	14-44857-B
blutvergiessen gemetzel massaker	20-21399-S
blutvergiftung	29-17028-B,36-16375-S
blutwurst	29-17853-B
blutzuckermessgeraet	38-23497-B
bns epilepsie west syndrom maligne saeuglingsepilepsie	38-11554-B
boa vista	23-30368-B
bobsport	21-34128-B
bock rammler	32-19000-B
bock schafsbock widder	8-31650-B
bockig querkoepfig stoerrisch	31-37187-B
bocksbaerte	27-36849-B
bockshornklee	31-47991-B
boden	1-11628-S,2-2163-S,5-24511-B
boden erde	7-30412-B
boden fussboden	9-54171-B
boden grund	13-26025-B
boden speicher dachboden soeller trockenspeicher	27-56253-B
bodenart	5-25638-B
bodenbildung	5-25169-B
bodenbiologie	5-24930-B
bodenchemie	5-24958-B
bodendekontamination	5-25046-B
bodendenkmal	1-18717-B
bodenerosion	5-25081-B
bodenfeuchtigkeit	5-25338-B
bodenfruchtbarkeit	5-25106-B
bodenguete	5-25454-B
bodenkarte	5-25253-B
bodenkunde	5-25523-B
bodenlos	29-26594-B
bodenluft	5-24909-B
bodenmechanik	5-25275-B
bodenmineralogie	5-25304-B
bodennutzung	5-25658-B
bodenoekologie	3-33768-B
bodenorganismus	5-25367-B
bodenprofil	5-25429-B
bodens	6-30820-S
bodenschadstoff	5-25398-B
bodenschicht	5-25230-B
bodensenkung	5-25579-B
bodenverbesserer	6-30308-S
bodenverbesserung	5-25195-B
bodenverdichtung	5-24982-B
bodenverfestigung	5-25545-B
bodenversalzung versalzung	5-25480-B
bodenversauerung	5-24786-B
bodenversiegelung	5-25604-B
bodenwasser	5-25684-B
bodenwert	3-34474-B
bodenzustand	5-25016-B
body mass index kaup index koerpermasseindex koerpermassenzahl	27-7561-B
bodyguard leibwaechter personenschuetzer	29-21179-B
boe boee windboe windboee	29-26880-B
boee windboe windboee	29-26880-S
boeller	16-41130-B
boerse	25-23842-B
boersencrash krach	22-26464-S
boersenkrach boersencrash krach	22-26464-B
boersenmarkt	36-2152-B
boesartigkeit	14-20228-B
boese	34-13997-B
boese erbost fuchsig fuchtig grimmig sauer ungehalten veraergert wuetend aergerlich	11-3487-S
boeswilligkeit missgunst	36-24591-B
bogen	16-35285-S,17-35087-B
bogeninstrument	35-39302-S
bogenmass	13-47983-B
bogenschiessen	27-34540-B
bogenschuetze	26-1090-B
bogotá	19-1592-B
bohne	11-16772-B
bohne bohnenpflanze	14-39319-B
bohnenpflanze	14-39319-S
bohnenstange	28-47879-B,28-47961-B
bohren	22-24320-B
bohrer	39-10654-B
bohrium	12-46191-B
bohrung	2-18529-B
boje	28-13871-B
bokmål	12-9761-B
bolch dorsch	28-11331-S
bolide feuerball	31-15248-B
bolivianer bolivianerin	29-3206-B
bolivianerin	29-3206-S
bolivianisch	29-3240-B
bolivianische gebaerdensprache	24-3089-B
bolivien	11-23912-B
bollwerk wall	14-35679-B
bolzen	19-48417-B
bolívar	21-2168-B
bombardement	29-21754-B
bombardieren	10-74151-B
bombardon	36-29720-B
