zonnekoning	19-13048-B
zonnekrachtcentrale	5-25870-B
zonnelicht zonneschijn	11-62948-S
zonnepaneel	13-36441-B
zonnescherm	33-33127-S
zonnescherm zonnetent	28-19940-S
zonneschijn	2-19332-S,11-62948-S
zonneslag	37-8813-B
zonneslag zonnesteek	30-719-B
zonnesteek	30-719-S
zonnestelsel	23-43420-B
zonnestraling	5-25905-B
zonnetent	28-19940-S
zonnevlam	23-56220-B
zonnevlek	23-56291-B
zonnewende	16-41338-B
zonnewijzer	17-33728-B
zonnewind	23-56520-B
zonnig	9-4833-S,11-49526-B
zonsondergang	14-9221-B
zonsopgang	13-40992-S,14-9058-B
zonsverduistering	37-27707-B
zoo	6-19783-S
zoofilie zooseksualiteit	15-18953-S
zoogdier	3-41655-B
zoogster	34-20415-S
zool	16-51045-B,24-14667-S
zoolganger	27-14270-B
zoologie	6-19842-S
zoologisch	34-33193-B
zooloog	27-5749-S
zoom	11-14990-B
zoon	9-49750-B,11-13460-S
zoonosis	6-20039-B
zooseksualiteit	15-18953-S
zootroop	31-29331-B
zorg	13-33145-S,13-35009-S,20-19765-S
zorgelijk	33-9392-S,33-25793-S,35-37281-S
zorgeloos	26-46993-S
zorgeloosheid	18-49046-S
zorgen maken	38-10488-S
zorgen voor	15-22378-S
zorginstelling	3-12107-S
zorgvuldig	34-46304-S
zorgwekkend alarmerend angstwekkend onrustbarend onrustwekkend ontstellend veeg verontrustend zorgelijk	33-9392-B
zorgwekkend alarmerend verontrustend	21-9497-B
zorgwekkend angstwekkend onrustbarend ontstellend schokkend schrikbarend verontrustend zorgelijk	33-25793-B
zot	27-51422-S,33-31767-S
zout	7-48246-B,38-30614-B
zout gebruiken	26-12977-S
zout water	5-11057-B
zout zoutachtig zoutig	19-29422-S
zoutachtig zoutig	19-29422-S
zoutarm	19-29525-B
zouten	5-10874-B,26-12879-B
zoutgehalte	5-10768-B,20-33515-S
zoutgehalte van de bodem	6-30820-B
zoutgehalte van het water	7-1458-B
zoutig	19-29422-S
zoutkoepel	5-10853-B
zoutmeer	7-12110-B
zoutmijn	30-25367-B
zoutmoeras	5-10832-B
zoutstrooier zoutvaatje	35-59333-B
zoutvaatje	35-59333-S
zoutwinning	5-10722-B
zoutzuur	3-17891-B
zoveelste	20-33127-B
zowaar	23-14707-B
zowat	9-27061-S,14-5505-S
zowel	8-10413-S
zozeer	36-12347-S
zuchten	18-58462-B
zuid afrika	11-32803-B
zuid amerika	5-27099-B
zuid chinese zee	19-2998-B
zuid corsica	23-1747-S
zuid duits	35-33294-B
zuid holland	22-44197-B
zuid korea	12-24761-B
zuid koreaan	34-17953-B
zuid koreaans	25-1058-B
zuid oost	28-52300-S
zuid oost azie	5-27832-B
zuid ossetie	16-64685-B
zuid sotho	16-12314-S
zuid zuid oost	28-52300-B
zuid zuiden	9-39699-B
zuidafrikaanse gebarentaal	26-34113-B
zuidelijk afrika	5-28261-B
zuidelijk azie	5-28567-B
zuidelijk beloetsji	23-45648-B
zuidelijk min	11-59650-S
zuidelijke atlantische oceaan	5-27543-B
zuidelijke en antarctische franse gebieden	22-19720-B
zuidelijke stille oceaan	5-28593-B
zuidelijke zeeolifant	12-16984-B
zuiden	9-39699-S
zuidpoolgebied	27-22832-S
zuidwest afrika	29-47738-S
zuigeling	6-19304-B,7-56435-S
zuigen	8-60061-S
zuiger	12-44962-B
zuigerring zuigerveer	12-45466-B
zuigerstang	12-48232-S
zuigerveer	12-45466-S
zuigfles	8-18983-S
zuigwormen	5-12381-S
zuil	28-39447-S
zuinig	11-58843-S
zuipen	14-23600-S
zuiper	29-5522-S
zuivelfabriek	30-4297-B
zuivelindustrie	2-8135-B
zuivelproduct	30-4697-S
zuiver	13-30465-S,33-11769-S
zuiveren	20-21170-S,20-33182-B
zuiverend	22-15398-S
zuiverheid	6-21871-S,22-41070-S
zuivering	4-40310-B,14-20306-S,34-22293-S
zulia	28-48291-B
zultkop	8-64803-S
zure kers	33-1509-S
zure regen	1-2204-B
zure room	38-22464-B
zurich	13-36138-B
zus	9-61023-S,10-44942-S
zus kleine zusje	10-45362-S
zus oudere zus	10-44942-S
zus oudere zuster oudste zus oudste zuster	18-62543-S
zus oudste zuster	18-62543-S
zus zuster	7-40006-B
zusje	10-45362-S
zuster	7-40006-S,7-42107-S,15-15342-S,18-62543-S
zuster oudste zus oudste zuster	18-62543-S
zuur	1-2268-B,2-14419-S,27-55244-S,36-41006-B
zuur amandelzuur blauwzuur	32-32147-S
zuurdesem	35-8088-B
zuurgraad zuurtegraad	1-2171-B
zuurkool	31-39980-B
zuurpruim	32-5853-S
zuurstof	4-21362-B
zuurstofgehalte	4-21946-B
zuurstoftoevoer	4-21912-B
zuurstofverbinding	4-20078-S
zuurtegraad	1-2099-B,1-2171-S,7-14044-S
zuurzak zuurzakboom	39-5744-B
zuurzakboom	39-5744-S
zwaan	20-3153-B
zwaar	7-25044-B,11-57553-S
zwaar gehandicapt	33-27804-B
zwaar water	31-29363-B
zwaard degen	9-17722-B
zwaarder worden	28-6309-S
zwaardvis	39-301-B
zwaarlijvig	12-67096-S
zwaarmoedig	32-3492-S
zwaarmoedigheid	21-33107-S
zwaarmoedigheid zwartgalligheid	15-35239-S
zwaartekracht gravitatie	12-11266-S
zwaartekrachtlens	37-12496-S
zwabber	39-1993-B
zwabisch	10-6186-B
zwachtel	18-1142-S
zwadderich	9-65580-B
zwager	26-40972-S
zwak	9-41796-B,20-20750-S,32-31730-S
zwakheid zwakte	30-49020-S,35-26483-S
zwakhoofdig	10-71935-S
zwakkeling slappeling	35-24626-B
zwakte	30-49020-S,35-26483-S
zwaluw	15-37883-B
zwammen	30-3228-S
zwammer zwetser	28-20360-S
zwanenmeer	27-48944-B
zwanger	20-8333-S
zwangere vrouw	37-4214-S
zwangerschap draagtijd dracht	21-2572-B
zwangerschap extra uteriene graviditeit	36-8006-S
zwangerschapsdiabetes	38-18400-B
zware metalen	3-12853-B
zwart	8-61290-B,14-43717-B,38-19498-B
zwart gat	11-71780-B
zwartachtig zwartig	24-27002-B
zwarte	14-44159-S
zwarte bes	30-29691-B,30-29777-B
zwarte dood pest	33-43848-B
zwarte handel	12-12900-B
zwarte kunsten	9-46126-S
zwarte lijst	29-13900-B
zwarte piet	16-22640-B
zwarte rat	25-3546-B
zwarte roodstaart	22-7737-B
zwarte thee	33-48273-B
zwarte woud	13-27237-B
zwarte zee	7-14288-B
zwarte zeekust	26-36044-B
zwartgalligheid	15-35239-S
zwartharige vachtegel	35-19951-B
zwartig	24-27002-S
zwartkijker	35-6783-S
zwartmaken	27-44369-S
zwartmakerij	32-38549-S
zwartogig	21-26775-B
zwavel	5-36422-B
zwaveldioxide	5-36664-B
zwavelgehalte	5-36628-B
zwavelmonoxide	6-35029-B
zwaveloxide	5-36862-B
zwavelstokje	20-27423-S
zwavelverbinding	4-20257-S
zwavelwaterstof	3-18804-S
zwavelzuur	5-36795-S,36-12607-S
zweden	9-64481-B
zweed	9-64207-B
zweeds	9-8797-B,15-48484-B
zweedse	9-13395-B
zweedse gebarentaal	25-15497-S,26-4102-B
zweeftoestel zweefvliegtuig	9-9542-S
zweefvliegtuig	9-9542-S
zweep	18-15005-B
zweer	21-40387-B
zweet	37-14294-B
zweetdoek	24-37354-B
zweinstein	9-64751-B
zwellen	9-31002-S,21-43323-S
zwelling	33-29016-S
zwembad	14-0-B,34-58951-S
zwemblaas	21-15463-B
zwemmen	8-65755-B,15-36049-S
zwempak	11-33657-S
zwemvest	8-71477-S
zwemvogel	23-22780-S
zwemwater	1-26293-B
zwendel bedrog	17-56795-S
zwendel zwendelarij	30-5035-S
zwendelaar	30-4935-S
zwendelarij	30-5035-S,32-20171-S
zwendelen	30-5164-S
zweren	14-35119-S
zwerfhond	32-33020-S
zwerfkat	27-5831-B
zwerflandbouw	5-17229-B,6-30368-B
zwerven	35-21368-S
zwerver	32-44220-S
zweten	37-14422-B
zwetser	28-20360-S
zwijgen	34-20584-B
zwijgen is goud	37-18169-S
zwijgend	18-36649-S
zwijggeld	39-13809-B
zwijgzaam stil zwijgend	18-36649-B
zwijgzaamheid	35-58507-B
zwijn ever everzwijn	19-7239-S
zwitser	15-47190-B
zwitserland	9-67347-B,28-1018-S,28-1237-S
zwitsers duitse gebarentaal	27-42270-B
zwitsers frans	15-34242-B,22-12996-B
zwitsers franse gebarentaal	27-42368-B
zwitsers italiaanse gebarentaal	27-42169-B
zwitserse alpen	33-501-B
zwitserse franc	24-23808-B
zwitterion	35-16622-S
zygote	21-31482-B
