dystopie	30-14172-B
dzongkha	16-61801-B
dôme	23-7760-S
dôn	37-28218-B
d’armor	23-419-S
d’oise	23-13401-S
d’or	23-355-S
e	32-48023-B
e gitarre elektrogitarre stromgitarre elektrische gitarre	14-16247-B
e lok elektrolok elektrolokomotive	28-12605-B
e mail adresse	39-0-B
e mail email elektronische post	7-15630-B
e mailen emailen mailen	27-4258-B
e werk elektrizitaetswerk	2-23988-B
e α tocopherol	23-55208-S
easteregg	33-33570-B
eau de javel javelwasser	32-18481-B
ebbe	18-17414-B
eben gerade kaum	35-64992-B
ebene	4-29357-B,9-40538-B
ebenfalls ebenso geradeso gleichfalls	12-64897-S
ebenholz	33-45827-B
ebenso geradeso gleichfalls	12-64897-S
ebenso viel	19-31096-B
eber	8-32918-B
ebola	25-31784-B
ebolafieber	33-45533-B
ebonit	33-45728-B
ebullioskop	34-23209-B
echinokokkose	38-26854-B
echo	33-47118-B
echte baeren grossbaeren	6-6419-S
echte brunnenkresse wasserkresse	37-16942-S
echte kaimane kaimane	29-36746-B
echte schwarzwurzel schwarzwurzel skorzenerwurzel spanische schwarzwurzel winterspargel	30-48562-S
echte spinne	5-30249-S
echte walnuss persische walnuss walnuss walnussbaum	26-16218-B
echter buchweizen	16-24407-S
echter hopfen hopfen	14-37453-B
echter kerbel kerbel	30-15295-B
echter koriander arabische petersilie asiatische petersilie chinesische petersilie gartenkoriander gebauter koriander gewuerzkoriander indische petersilie kaliander klanner koriander schwindelkorn schwindelkraut stinkdill wandlaeusekraut wanzendill wanzenkraut wanzenkuemmel	30-27548-B
echter lavendel lavendel	38-34016-B
echter lorbeer edler lorbeer gewuerzlorbeer lorbeer	12-53537-B
echter mehltau	38-34909-B
echter pfifferling eierschwamm	36-4299-S
echter salbei garten salbei heilsalbei kuechensalbei salbei	37-18242-B
echter sellerie sellerie	21-18115-B
echter thymian gartenthymian kuttelkraut roemischer quendel thymian	31-48081-B
echtes eisenkraut eisenkraut katzenblutkraut sagenkraut taubenkraut wunschkraut	38-18598-B
ecke	11-14711-B
ecke bringen	19-46871-S
eckstein	31-41672-B
eclair	19-47696-B
ecstasy xtc	21-14431-B
ecuador	12-868-B
ecuadorianer	25-46593-B
ecuadorianische gebaerdensprache	25-2477-B
ed erektionsstoerung impotenz potenzstoerung erektile dysfunktion	29-27780-B
edaphologie	2-22183-B
edaphon	34-50758-B
edel	29-22472-S
edel nobel	12-30953-B
edelgas	2-24488-B
edelpilz herrenpilz gemeiner steinpilz	30-29454-S
edelstein schmuck	18-19810-B
edikt	21-17591-B
edinburgh	20-46097-B
edler lorbeer gewuerzlorbeer lorbeer	12-53537-S
efeu	11-64938-B
effekt	34-34978-S
effekt dopplereffekt	17-36064-S
effekt ergebnis resultat konsequenz	30-56442-B
effekt lichtelektrischer effekt photoelektrischer effekt	34-34978-S
effekt mikroklimatische wirkung	4-3012-S
effekt photoelektrischer effekt	34-34978-S
effektiv wirksam wirkungsvoll	30-48383-B
effeminiert verweiblicht weibisch	33-48842-B
effizienz leistungsfaehigkeit	18-37626-B
effizienzkriterium	2-22854-B
efh einfamilienhaus	6-31440-B
eg europaeische gemeinschaften	2-643-B
eg ministerrat	2-20767-B
egal	37-10332-B
egal in jedem fall irgendwie unabhaengig	39-825-S
egalitarismus	34-51517-B
egerling	11-64062-S
ego	33-49378-B
egoismus	33-49486-B
egoist egozentriker ichmensch	20-46294-B
egoistisch	33-49607-B
egozentriker ichmensch	20-46294-S
egozentrisch	33-49419-B
eh man den baeren erlegt hat	39-14123-S
ehe	15-49296-S,34-14792-S,37-3899-S
ehe arrangierte heirat	34-42658-S
ehe eheband ehebund	7-37779-B
ehe ehestand	37-3670-B
ehe homoehe gleichgeschlechtliche ehe homosexuelle ehe	34-14792-S
ehe homosexuelle ehe	34-14792-S
ehe ohne trauschein eheaehnliche gemeinschaft wilde ehe	37-3899-B
eheaehnliche gemeinschaft wilde ehe	37-3899-S
eheband ehebund	7-37779-S
ehebett doppelbett	38-12708-B
ehebrechen	24-24535-B
ehebrecher	26-29367-B
ehebrecherisch	26-29477-B
ehebruch	15-49888-B
ehebund	7-37779-S
ehedem seinerzeit	10-19993-S
ehefeindlichkeit misogamie	30-11575-B
ehefrau ehegattin ehegespons ehegesponst ehepartnerin eheweib frau gattin gemahlin weib	7-21346-B
ehefrau ex frau ex gattin	35-5355-S
ehegatte ehegemahl ehegespons ehegesponst ehemann ehepartner gatte gemahl mann	7-21514-B
ehegattenunterhalt unterhalt	18-54013-S
ehegattin ehegespons ehegesponst ehepartnerin eheweib frau gattin gemahlin weib	7-21346-S
ehegemahl ehegespons ehegesponst ehemann ehepartner gatte gemahl mann	7-21514-S
ehegespons ehegesponst ehemann ehepartner gatte gemahl mann	7-21514-S
ehegespons ehegesponst ehepartner	12-51537-B
ehegespons ehegesponst ehepartnerin eheweib frau gattin gemahlin weib	7-21346-S
ehegesponst ehemann ehepartner gatte gemahl mann	7-21514-S
ehegesponst ehepartner	12-51537-S
ehegesponst ehepartnerin eheweib frau gattin gemahlin weib	7-21346-S
ehegestern vorgestern	21-31151-B
ehegestrig	34-15849-S
ehelich	19-41785-S,30-16109-B
ehelichen heiraten	11-63617-B
ehemalig	34-6323-B
ehemals einst einstens einstmals vormals vorzeiten weiland	20-50507-S
ehemann ehepartner gatte gemahl mann	7-21514-S
ehemann ex mann	35-5461-S
ehemuendig heiratsfaehig	27-32695-B
ehepartner	12-51537-S
ehepartner gatte gemahl mann	7-21514-S
ehepartnerin eheweib frau gattin gemahlin weib	7-21346-S
eher	25-2336-B
ehering trauring	8-2740-B
ehern fest hart starr steif steinern unnachgiebig	11-57435-B
ehescheidung	20-29362-S
eheschliessung heirat hochzeit trauung verehelichung verheiratung vermaehlung	7-38169-B
ehestand	37-3670-S
ehevertrag	36-9400-B
eheweib frau gattin gemahlin weib	7-21346-S
ehre	38-29043-B
ehren	33-2541-B
ehrenkraenkung verleumdung verunglimpfung	32-25529-S
ehrenmaennisch kavalierhaft ritterlich weltmaennisch	34-36837-B
ehrenmann gentleman herr kavalier	8-83718-B
ehrenzeichen orden	35-48544-B
ehrerbietig ehrfurchtvoll	32-29107-B
ehrerbietung	22-1536-B,28-1516-B
ehrfurcht	28-18910-B
ehrfurchtvoll	32-29107-S
ehrgeizig	17-61562-B
ehrlich	20-501-S,22-28479-B
ehrlichkeit geradheit offenheit rechtschaffenheit redlichkeit wahrhaftigkeit	13-50904-S
ehrlosigkeit infamie	35-69823-B
ei	2-22927-B,13-49837-B,14-12407-S,18-60944-S,36-32978-S
ei russisches ei	36-32978-S
ei teeei teeloeffel teezange	32-3846-S
eibe	39-8893-B,39-8942-S
eibe europaeische eibe gemeine eibe	39-8942-B
eibe gemeine eibe	39-8942-S
eiche eichenbaum	4-16204-B
eiche eichenholz	32-4675-B
eichel	17-12682-B
eichel glans	30-43196-B
eichenbaum	4-16204-S
eichenholz	32-4675-S
eichhoernchen hoernchen	23-38810-B
eidam	18-59703-S
eide	37-39028-S
eidechse	3-39433-B,22-39162-S
eiderdaunen	33-50498-B
eiderente	33-50257-B
eidesstattliche erklaerung	27-24932-S
eidetisches gedaechtnis fotografisches gedaechtnis photographisches gedaechtnis	32-48956-B
eidotter eigelb	9-24865-S
eierbecher	18-61150-B
eierfrucht eierpflanze melanzani	20-46432-S
eierfrucht melanzani	17-16547-S
eierkognak eierlikoer	16-7221-B
eierlikoer	16-7221-S
eierloeffel	29-6135-B
eierpflanze melanzani	20-46432-S
eiersalat	38-6082-B
eierschale	33-49264-B
eierschneider	29-51860-B
eierschwamm	36-4299-S
eierstock oophoron ovar	21-35413-B
eifernd eifrig enthusiastisch leidenschaftlich passioniert	35-15716-B
eifersucht	31-12449-B
eifersuechtig	16-21773-B
eifersuechtig neiderfuellt neidisch scheel scheelsuechtig	16-21547-B
eiffelturm	23-21816-B
eifrig enthusiastisch leidenschaftlich passioniert	35-15716-S
eigelb	9-24865-S
eigen geben	24-23155-S
eigenartig fremdartig sonderbar ungewoehnlich	35-26984-S
eigenen bild	37-34642-S
eigenhaendig	37-4757-B
eigenkapital	19-28992-B
eigenname name proprium	8-54218-B
eigenschaft	4-28584-S,6-35668-S,7-17592-B,15-11670-B,15-45310-S,25-21908-B,32-38095-S
eigenschaft akustische kenngroesse	1-2766-S
eigenschaft chemische kenngroesse	1-44822-S
eigenschaft markow eigenschaft	15-45310-S
eigenschaft merkmal unterscheidungsmerkmal	7-59356-B
eigenschaftswort	8-75848-S
eigentuemer	18-29576-S
eigentum	17-64933-B,37-32572-S
eigentumsrecht	34-29632-B
eigentumswohnung	16-27026-B
eigenwillig kurios	11-15204-S
eiklar eiweiss	26-49517-B
eiland insel	3-30901-B
eilbote kurier	31-48467-B
eileiter	21-35883-B
eilen	13-51906-B,13-51931-B
eimer	11-20206-B
eimern	11-59120-S
ein	7-53899-B
ein allotrop von	27-44941-S
ein auf	26-8236-S
ein bad nehmen	38-52-B
ein bauer	39-14021-S
ein bauer bleibt immer ein bauer	39-14021-S
ein bisschen wenig	14-17093-B
ein esel	36-16921-S
ein esel stur wie ein esel stur wie ein panzer stoerrisch wie ein esel	36-16921-S
ein esel stur wie ein panzer stoerrisch wie ein esel	36-16921-S
ein fuer allemal	29-24084-S
ein honigkuchenpferd	36-36791-S
ein honigkuchenpferd lachen wie ein honigkuchenpferd strahlen wie ein honigkuchenpferd	36-36791-S
ein honigkuchenpferd strahlen wie ein honigkuchenpferd	36-36791-S
ein huehnchen mit jemandem zu rupfen haben	24-9136-S
ein huehnchen mit jemandem zu rupfen haben mit jemandem noch ein huehnchen zu rupfen haben noch ein huehnchen mit jemandem zu rupfen haben	24-9136-S
ein huehnchen zu rupfen haben ein huehnchen mit jemandem zu rupfen haben mit jemandem noch ein huehnchen zu rupfen haben noch ein huehnchen mit jemandem zu rupfen haben	24-9136-S
ein huehnchen zu rupfen haben noch ein huehnchen mit jemandem zu rupfen haben	24-9136-S
ein katzensprung	23-17804-S
ein paar wenig	7-32871-B
ein panzer stoerrisch wie ein esel	36-16921-S
ein schlot	38-24767-S
ein schlot qualmen wie ein schlot	38-24767-S
ein schoenes neues jahr	16-53671-S
ein solches	19-15056-B
ein spatz in der hand als eine taube auf dem dach der spatz in der hand ist besser als die taube auf dem dach lieber der spatz in der hand als die taube auf dem dach	37-35411-S
ein turnschuh	39-12577-S
ein urtteil faellen	26-25813-B
ein wolf im schafspelz	11-13713-B
ein wolf im schafspelz sein heucheln	39-17916-B
einaeschern kremieren	32-2888-B
einaescherung kremation	32-3001-B
einaeugig	25-36462-B
einander gegenseitig wechselseitig	17-39551-B
einarmig	32-40940-B
einatmen einatmung inhalation	28-9435-B
einatmen inhalieren	13-63080-B
einatmung inhalation	28-9435-S
einbalsamieren	33-53608-B
einbeinig	17-60024-B
einberufen	18-31568-B
einbeziehen verwickeln	18-13449-S
einbeziehung	37-7131-B
einbilden vorstellen	37-2166-B
einbildung	16-22169-B
einbrecher	29-33969-B
einbringen	18-24149-B
einbruch	29-28321-B
einbruch bruch	27-17386-B
einbuchtung	6-22580-B
einchecken	38-25233-B
eindeutig fraglos zweifellos zweifelsfrei zweifelsohne	34-25266-B
eindeutig unzweideutig	17-40645-B
eindringling	37-6117-B
eindruck	25-24004-B
eindrucksvoll	37-1772-S
eine	19-20442-B
eine notloesung finden	22-33668-B
eine rasse von	27-16722-S
eine taube auf dem dach der spatz in der hand ist besser als die taube auf dem dach lieber der spatz in der hand als die taube auf dem dach	37-35411-S
eine weile eine zeitlang	28-19023-B
eine zeitlang	28-19023-S
eine zutat von	32-34895-S
einehe monogamie	37-24864-B
eineiiger zwilling	17-50554-B
einen fahren lassen flatulieren furzen pupen pupsen	21-9855-B
einen kotau machen katzbuckeln	32-46400-B
einen orgasmus haben kommen	8-92077-B
einen wegstecken ficken koitieren voegeln	10-60161-S
einer schlangenlinie zickzackig	13-46847-S
einerseits	36-18034-B
einfach	8-51220-B,36-14331-B
einfach leicht	13-24856-B
einfach schlechterdings schlichtweg glattweg	29-4568-B
einfachheit leichtigkeit	21-42923-B
einfall	19-48790-B,26-40067-S
einfaltspinsel esel flachwichser gimpel hirni hohlkopf holzkopf honk hornochse idiot kamel kindskopf mondkalb narr rindvieh schafskopf schwachkopf schwachmat simpel spaten spatzengehirn spatzenhirn stiesel strohkopf tor tropf trottel vollhonk vollpfosten	8-64803-S
einfaltspinsel trottel leichtglaeubiges opfer	36-2510-B
einfamilienhaus	6-31440-S
einfangen	6-1810-B
einfarbig monochrom monochromatisch uni unifarben	34-44420-B
einfluss	19-42945-B
einflussreich	37-2516-B
einfrieden	24-22925-B
einfrieren	8-77655-B,9-70291-B
einfrieren frieren gefrieren	8-63247-B
einfuegen	18-45705-B,24-33325-S
einfuehlungsvermoegen empathie	10-47624-B
einfuehren	8-83025-B
einfuehren importieren	30-39738-B
einfuehrung jesu in den tempel lichtmess mariae lichtmess mariae reinigung	38-26449-S
einfuhr	3-20871-B
einfuhrlizenz	3-20886-B
eingabe	30-42020-B
eingaengig glaubhaft plausibel	30-32828-B
eingang	13-15011-B,34-469-B
eingang zugang	18-1029-B
eingebaut	21-8448-B
eingeben	21-6650-B,38-27585-B
eingebildet	24-30854-S
eingebildet hochnaesig	38-29590-S
eingebildet hybrid vermessen ueberheblich	16-3822-S
eingehen ins gras beissen krepieren sein leben aushauchen sterben verrecken verscheiden versterben ueber den jordan gehen ueber die klinge springen den geist aufgeben hops gehen	9-4073-S
eingeknastet eingesperrt in haft inhaftiert	36-22689-B
eingemachtes	39-17801-B
eingemeisselt	24-26523-B
eingeschneit schneebedeckt schneegekroent schneeig verschneit zugeschneit	31-20850-S
eingesottene butter geklaerte butter gelaeuterte butter	38-16386-S
eingesperrt in haft inhaftiert	36-22689-S
eingestehen einraeumen zugeben	18-10537-S
eingestraendnis gestaendnis	17-59403-B
eingeweide	8-25576-B
eingliedern	18-44704-B
eingliederung	18-45617-B
eingravieren	24-32566-B
eingreifen intervenieren	37-2819-B
einheimisches wissen	7-14680-B
einheit	8-40841-B,23-34634-S,26-8708-S
einheit der des	26-42921-B
einheitlich	25-2849-B
einheitlichkeit	25-2884-B
einhellig einmuetig einstimmig zustimmend	20-40391-B
einhergehen mit sich bringen zur folge haben	33-59170-S
einhorn	18-50731-B
einhuellen	34-551-B
einhufer	2-30286-S
einhundert hundert	9-54825-B
einhunderteins einhundertundeins hunderteins hundertundeins	10-26854-B
einhundertundeins hunderteins hundertundeins	10-26854-S
einigen	25-24032-S
einigen uebereinkommen uebereinstimmen	10-35182-B
einigermassen	29-24236-B
einjaehrig	33-27889-B,33-27968-B
einkaeufe	38-32023-S
einkaufen einkaeufe	38-32023-B
einkaufen gehen	37-19240-B
einkaufswagen	16-50084-B
einkaufszentrum	5-17913-B
einkerkern einsperren	37-2226-B
einkommen	3-21247-B,20-33144-B,25-25871-S
einkommenssteuer einkommensteuer	7-9341-B
einkommensteuer	7-9341-S
einladen	9-45488-B
einladung	9-44965-B
einlaufen	29-54346-B
einleitend	30-44490-S
einleitend vorbereitend vorlaeufig	39-16756-S
einmal	19-28453-B,26-39248-S,27-18426-S
einmal aus heiterem himmel jaeh schlagartig unvermittelt unversehens urploetzlich	23-25423-S
einmalig einzigartig unikal	19-15231-B
einmischen	35-50471-B
einmuetig einstimmig zustimmend	20-40391-S
einnahme eroberung	12-33468-B
einnehmen erobern	14-58057-B
einnehmen erobern nehmen	10-35884-S
einnehmen nehmen	10-36753-B
einnisten	19-32529-B,22-27220-B
einordnen	36-34118-B
einpoekeln poekeln	33-50416-B
einrad	18-46381-B
einraeumen zugeben	18-10537-S
einreduzieren	25-22776-B
einreduzierung	25-22640-B
einreichung von vorschlaegen	38-34379-S
einrichtung	2-7359-S
einrichtung oeffentliche institution	7-4074-S
einrichtung vorrichtung	21-42863-B
eins	7-21763-B,9-3780-S,10-73034-B,39-19789-S
eins eins	9-3780-B,39-19789-B
eins unitaerer ring	15-50209-S
einsam	9-42141-B
einschalten	13-53910-S,25-42949-S
einschiffen	34-53557-B
einschlafen einschlummern	19-40157-B
einschlafen im sande verlaufen versanden	33-29611-B
einschlagkrater	23-35443-B
einschliessen	28-22737-S,33-56968-B
einschliessen implizieren	35-65900-B
einschliesslich inklusive	34-28588-B
einschlummern	19-40157-S
einschreiben	22-15605-B,34-59085-S
einschuechtern	17-51711-B,21-16598-B
einschuechternd furchteinfloessend	16-67143-B
einschuechterung	37-6088-B
einschuss einschussloch einschussstelle	31-2536-B
einschussloch einschussstelle	31-2536-S
einschussstelle	31-2536-S
einsetzen	11-4086-S
einsicht	30-34881-B
einsiedler eremit	14-58666-S
einsiedler eremit klausner	29-17603-B
einsiedlerkrebs	22-2658-B
einsilbig maulfaul mundfaul redescheu sprechfaul	18-36649-S
einsilbig monosyllabisch	33-14855-B
einsperren	37-2226-S
einsprachig	36-27128-B
einspruch erheben	32-37950-B
einspurig	24-35380-B
einst einstens einstmals vormals vorzeiten weiland	20-50507-S
einstecken	11-21136-B
einsteigen	14-46731-B
einstein intelligenzbestie leuchte genie schlauberger	9-34938-B
einsteinium	12-53286-B
einstellen	19-29209-S,30-39272-B
einstellung	18-52298-B
einstellung neigung	15-19684-B
einstellung uebernahme	17-64405-B
einstens einstmals vormals vorzeiten weiland	20-50507-S
einstiegsschacht kontrollschacht revisionsschacht	35-48742-B
einstimmig	25-2818-B
einstimmig zustimmend	20-40391-S
einstmals vormals vorzeiten weiland	20-50507-S
einstweilig	17-48919-B
eintauchen	37-1202-B,37-6888-B
eintauchen immersion	37-1094-B
eintauschen tauschen	20-43871-S
eintracht	28-8425-B
eintraechtig	31-28725-B
eintraeglich ertragreich gewinnbringend lohnend lukrativ profitabel rentabel	19-40456-B
eintragen	39-8046-S
eintreten	19-11638-S
eintreten hereingehen	13-50701-B
eintreten sich anschliessen	16-22017-S
eintritt	34-395-B
eintrittsgeld	34-98-B
eintrittskarte karte	17-52375-B
eintrocknen trocknen	31-11993-S
einunddreissig	10-31842-B
einundfuenfzig	10-42372-B
einundvierzig	10-39233-B
einundzwanzig	10-29926-B
einverstanden sein zustimmen uebereinstimmen	10-34799-B
einwand einwendung	22-1364-B
einwandfrei fehlerfrei fehlerlos	18-53951-B
einwandfrei fehlerlos	29-40578-B
einwandfrei makellos perfekt	14-2707-B
einweg …	33-24765-B
einwegverpackung	4-13680-B
einwenden	22-1284-B
einwendung	22-1364-S
einwendung protest	4-16239-B
einwilligung	31-33224-B
einwilligung zustimmung	21-19422-S
einwohner	12-19671-S
einwohnerschaft	12-20062-B
einzaeunen	24-21841-B
einzahl singular	17-26990-B
einzelhandel detailhandel	21-42393-B
einzelhandelsgeschaeft geschaeft laden	5-17652-B
einzelkind	11-50198-S
einzeln	10-12612-B,32-52487-B
einzelsprache sprache	25-39255-B
einzelteil komponente	28-39117-S
einziehen	36-16089-B
einzig	14-167-B
einzig einzigartig	12-33562-B
einzigartig	12-33562-S
einzigartig unikal	19-15231-S
einzug	22-20148-B
einzugsgebiet	10-52392-B
einzugsgebiet gewaessereinzugsgebiet	1-42450-B
eis	3-19391-B
eis brechen	36-4498-S
eis eiscreme eiskrem eiskreme speiseeis	7-44596-B
eisbaer polarbaer	16-26076-B
eisbaerfell	35-13693-B
eisberg	3-19696-B
eisblau	21-26425-B
eisbock	36-3882-S
eisbrecher eisbock	36-3882-B
eiscreme eiskrem eiskreme speiseeis	7-44596-S
eisen	3-30188-B
eisenbahn	5-3063-B
eisenbahnbruecke	17-37738-B
eisenbahnfahrzeugfuehrer lokfuehrer lokomotivfuehrer triebfahrzeugfuehrer	24-10058-B
eisenbahngleis	17-37405-S
eisenbahnhof	10-7478-S
eisenbahnnetz schienennetz	6-31148-B
eisenbahnstrecke strecke	18-55061-B
eisenbahntransport	5-3031-B
