auffaellig hervorspringend hervorstechend hervorstehend markant	10-61134-B
auffangbecken	7-1501-B
auffassung	18-24010-B
auffassung begriff	10-64214-B
auffordern	22-29374-B
aufforderung zur einreichung von vorschlaegen	38-34379-B
aufforstung	1-6431-B
auffrischen	33-58562-B
auffuehren benehmen betragen verhalten	14-4628-B
auffuehrung auftritt performance	14-61221-B
auffuellen	30-47694-B
aufgabe	35-7786-B
aufgabe job	7-58779-S
aufgeben entsendung versand versenden	30-39068-S
aufgeben hops gehen	9-4073-S
aufgeben kapitulieren nachgeben	16-55677-B
aufgeben verzichten abdanken	31-13332-S
aufgebracht boese erbost fuchsig fuchtig grimmig sauer ungehalten veraergert wuetend aergerlich	11-3487-B
aufgehen sich in luft aufloesen sich in nichts aufloesen	19-17075-S
aufgeklaert	21-6443-B
aufgeloest	17-3861-B
aufgeregt	13-51833-B,26-43573-B,32-0-B
aufgrund aufgrund von nachdem weil	13-53807-B
aufgrund infolge	25-34139-B
aufgrund von nachdem weil	13-53807-S
aufgussgetraenk kraeutertee tee	16-66325-B
aufheben annullieren widerrufen	18-30570-B
aufhebung	21-31951-B
aufhebung beseitigung	23-13548-S
aufhetzen	26-4430-B,31-9716-S
aufklaeren	33-58274-B
aufklaerung	24-30464-B
aufleben	33-58664-B
aufloesen	19-17075-S,35-61260-B
aufloesen aufloesung	2-16097-B
aufloesen sich in nichts aufloesen	19-17075-S
aufloeser	33-28642-B
aufloesung	2-16097-S
aufloesung aufweichung	21-44351-B
aufmerksam	27-55980-B
aufmerksamkeit	13-67175-B
aufnahme	17-46231-B
aufnehmen	22-17648-B,27-48444-B
aufquellen blaehen schwellen zunehmen	21-43323-S
aufrecht	34-5018-B
aufregen	34-18624-B
aufregung	31-18285-B
aufrichtig ehrlich	20-501-B
aufrichtigkeit ehrlichkeit geradheit offenheit rechtschaffenheit redlichkeit wahrhaftigkeit	13-50904-B
aufrollen	34-59208-B
aufruhr	12-32919-S
aufs neue noch einmal	26-39248-B
aufsatteln besatteln satteln	37-15659-B
aufsatz	16-26933-B
aufschieben	21-17157-B,30-42234-B
aufschlag	17-12188-B
aufschneiden aufteilen durchschneiden schneiden schnitzen teilen unterbrechen zerlegen zerschneiden zerteilen zertrennen	8-63449-S
aufschneiden aufteilen durchschneiden zerschneiden zerteilen zertrennen	8-76433-S
aufschreien schreien	13-34540-B
aufschub	16-64606-B
aufschwatzen	32-45372-B
aufsetzen fremdgehen	38-37082-S
aufstand rebellion aufruhr	12-32919-B
aufsteigen steigen	19-37893-B
aufsteigend	23-19727-B
aufstieg besteigung	27-40039-B
aufstockung	24-34059-B
aufsuchen	13-27829-S
aufteilen	22-23403-B
aufteilen durchschneiden schneiden schnitzen teilen unterbrechen zerlegen zerschneiden zerteilen zertrennen	8-63449-S
aufteilen durchschneiden zerschneiden zerteilen zertrennen	8-76433-S
auftrag	19-32803-B,24-32485-B,31-17681-S
auftragen	21-14895-B
auftraggeber	24-12726-B
auftragskiller	37-11424-S
auftragsmoerder auftragskiller	37-11424-B
auftragsschreiber phantomschreiber	37-32407-S
auftreten	18-52712-B
auftrieb	21-15997-B
auftritt performance	14-61221-S
auftuermen	34-14322-B
aufwachen erwachen wach werden	9-41879-B
aufwaerts	9-38277-B
aufwaertshaken	35-58950-B
aufwand	21-17616-S
aufwartefrau raumpflegerin reinemachefrau reinmachefrau zugehfrau	37-28674-S
aufwecken wecken	9-42015-B
aufweichung	21-44351-S
aufwendig	37-2938-B
aufwerten	25-10834-B
aufzaehlen	27-7519-B
aufzug fahrstuhl lift	12-46793-B
aufzwingen	34-58165-B
augapfel	19-48378-B
auge	7-34657-B,13-12046-B,17-14650-S
auge auge des sturmes	7-36039-B
auge des gesetzes polizeivollzugsbeamtin polizeibeamtin	11-55214-S
auge des sturmes	7-36039-S
auge knospe	24-14288-B
augen fuer immer schliessen draufgehen entschlafen heimgehen hinscheiden in die ewigen jagdgruende eingehen ins gras beissen krepieren sein leben aushauchen sterben verrecken verscheiden versterben ueber den jordan gehen ueber die klinge springen den geist aufgeben hops gehen	9-4073-S
augenarzt	15-23767-B
augenbinde	29-16221-B
augenblick im moment jetzt momentan nun zu zeit	10-13652-S
augenblickl sofort sogleich unverzueglich	29-23611-S
augenblicklich	25-30790-B
augenblicklich derzeit gerade im augenblick im moment jetzt momentan nun zu zeit	10-13652-B
augenblicklich im augenblickl sofort sogleich unverzueglich	29-23611-S
augenblicklich jetzt	8-44676-B
augenbraue braue	21-23810-B
augenentzuendung ophtalmie	35-54488-B
augenfarbe	11-34697-B
augenglaeser nasenfahrrad	11-70772-S
augenheilkunde	27-9661-B
augenhoehle orbita	35-46979-B
augenlicht sehfaehigkeit sehkraft sehvermoegen	34-9057-B
augenlid lid	32-39699-B
augenreim	36-228-B
augenwimper wimper	22-36001-B
augenzeuge	39-12160-B
augenzwinkern	35-33990-B
augmentativ augmentativum	16-63213-B
augmentativum	16-63213-S
augsburg fuggerstadt	36-28278-B
august	10-15516-B
auktion versteigerung	17-54830-B
auktionator	26-28139-B
aura	23-22357-B
aural	28-9109-B
aus	10-73799-B,13-58250-B,28-26532-S
aus den angeln heben	24-26237-B
aus eimern	11-59120-S
aus heiterem himmel jaeh schlagartig unvermittelt unversehens urploetzlich	23-25423-S
aus kannen in stroemen regnen kuebeln schuetten wie aus eimern	11-59120-S
ausarbeitung	24-22951-B
ausatmen ausatmung exhalation	32-23020-B
ausatmen exhalieren	13-63189-B
ausatmung exhalation	32-23020-S
ausbacken frittieren	17-31199-B
ausbaggern ausgrabung aushebung erdarbeiten erdbewegung grabung grabungsarbeiten	2-34007-S
ausbessern korrigieren reparieren verbessern	23-29361-B
ausbeuter	22-27143-B
ausbeutung	24-32708-B
ausbildung schulung	6-1001-B
ausblasen auspusten loeschen	37-16524-S
ausborgen ausleihen borgen leihen	11-450-B
ausbruch	29-28525-B
ausbruch eruption	21-32527-B
ausbrueten brueten	39-5997-B
ausbuergern verbannen	12-36015-B
ausbuhen	37-5389-B
ausdauer	10-70999-B
ausdenken erfinden	8-81049-B
ausdruck	19-35387-B
ausdruck gesichtsausdruck mine	19-25290-B
ausdrucksweise politisch korrekte sprache politisch korrekter sprachgebrauch	19-27608-S
ausdrueckbar	34-42961-B
auseinandergehen	8-32762-B
auseinandersetzung hader querele reiberei streit streitigkeit wortgefecht zank zwist	11-19552-B
auserlesen ausgesucht erlesen exquisit	8-31471-B
ausfahrt	28-34102-B
ausfallen	39-13503-B
ausfallen ausgehen	39-13388-B
ausflockung	2-41154-B
ausflucht	31-40441-B
ausflug	28-56692-B
ausfuehren	21-24752-B
ausfuehren erfuellen	17-44572-B
ausfuehrung durchfuehrung	18-902-B
ausfuellen eintragen	39-8046-B
ausfuhrgenehmigung	2-35511-B
ausgabe	2-34368-B,19-25574-B
ausgang	34-22017-B
ausgangssperre ausgehverbot	13-29414-B
ausgeben	31-40826-B
ausgeglichen	34-2765-B
ausgehen	36-21911-B,39-13209-B,39-13251-B,39-13388-S
ausgehen erloeschen verloeschen	14-61428-B
ausgehen erwarten	9-43544-B
ausgehverbot	13-29414-S
ausgelassen	33-46045-B
ausgelassen bekifft	11-29665-S
ausgelassen verspielt	36-7875-B
ausgelassene lustbarkeit	35-56536-S
ausgelaufene fluessigkeit	10-38975-B
ausgelutscht	17-26701-S
ausgenommen ausser	14-17246-B
ausgerichtet	20-41326-B
ausgestorben	25-27620-B
ausgestorbene sprache	16-14444-B,39-11973-B
ausgesucht erlesen exquisit	8-31471-S
ausgewaehlt	18-52643-B
ausgezehrt	25-29146-S,33-53221-B
ausgezeichnet ausserordentlich exzellent famos vortrefflich vorzueglich	17-40758-B
ausgleich	19-25333-S
ausgleichen	20-13657-B
ausgleichstor	34-3263-B
ausgraben	34-17459-B,34-17552-B,34-21331-B
ausgrabung	24-26353-B
ausgrabung aushebung erdarbeiten erdbewegung grabung grabungsarbeiten	2-34007-S
ausgraeten	29-20975-S
ausgrenzung	20-33099-B
aushaendigen geben reichen ueberreichen	7-52295-B
aushalten dulden ertragen hinnehmen leiden schlucken sich schicken tolerieren	14-39425-B
aushalten ertragen	10-84775-B
aushauchen sterben verrecken verscheiden versterben ueber den jordan gehen ueber die klinge springen den geist aufgeben hops gehen	9-4073-S
ausheben buddeln	8-59368-S
aushebung erdarbeiten erdbewegung grabung grabungsarbeiten	2-34007-S
aushoehlen	34-17408-B
auskernen aussteinen entsteinen	32-4348-S
auskleiden sich entkleiden	25-11733-S
auskundschaften ausspaehen erkunden rekognoszieren	12-61030-B
auskunftsanspruch	5-8514-B
auslachen	32-45266-B
auslaender	27-573-B
auslaenderfeindlich fremdenfeindlich xenophob	12-67426-B
auslaendisch fremd fremdlaendisch	9-13859-B
auslagerung outsourcing	31-7949-B
auslass	34-20092-B
auslassungszeichen	27-28565-S
auslaufen erloeschen verfallen	14-61794-S
auslautverhaertung	37-18347-B
ausleihen borgen leihen	11-450-S
auslese	34-15398-S
auslichtung	6-18041-B
auslieferung	19-35915-B
ausloeschen	39-17724-B
ausloeschen dezimieren eliminieren vernichten	36-9036-B
ausloesen	21-9476-B
ausmachen abdrehen ausschalten	34-27295-B
ausmachen ausblasen auspusten loeschen	37-16524-B
ausmachen austragen klaeren	37-16340-B
ausmerzen ausrotten vernichten vertilgen	32-13925-B
ausnahme	19-40645-B
ausnahmegenehmigung	5-29515-B
ausnutzen	24-32655-B
auspacken	22-22159-B
auspeitschen	18-15449-B
auspressen	9-8629-B
auspressen ausquetschen	18-23766-B
auspuffanlage	2-34169-B
auspuffgas	2-34191-S
auspusten loeschen	37-16524-S
ausquetschen	18-23766-S
ausradieren loeschen	19-21576-B
ausreichen genuegen hinreichen reichen	37-7506-B
ausreichend genug	11-56814-B
ausreissen	26-6897-B
ausrichten	27-2485-B
ausrichtung	18-42024-B
ausrotten	34-40444-B
ausrotten vernichten vertilgen	32-13925-S
ausrottung	34-39897-B,34-40367-B,35-1583-B
ausruesten	34-4315-B
ausruestung	7-8349-S
ausruestung ausstattung	2-30397-B
ausruf	34-18862-B
ausrufen	21-8542-B,34-18803-B
ausrufen zu	26-16778-B
ausrufendes fuerwort	16-59791-S
ausrufezeichen	34-18922-B
ausrutschen	8-20133-B
aussaetzig leprakrank leproes	35-3802-B
aussaetziger leprakranker	35-4585-B
aussatz hansen krankheit lepra mieselsucht miselsucht	35-4297-B
ausschalten	34-27295-S
ausscheiden	34-19422-B
ausschiffen	33-15578-B
ausschlafen	24-37941-B
ausschlag	30-13352-B
ausschlaggebend entscheidend kritisch	28-36882-B
ausschlaggebend entscheidend massgeblich	21-13933-B
ausschliessen	11-64976-B,20-24827-B
ausschliessen ausstossen verbannen verfemen verstossen aechten	32-25164-B
ausschliessung	20-34903-S
ausschneiden	22-24407-B,24-24791-B
ausschuetten	8-15913-S
ausschuss organisationskomitee	7-30221-B
ausschweifend liederlich	32-17185-B
ausschweifung	32-17398-S
ausschweifung ausgelassene lustbarkeit	35-56536-S
ausschweifung exzess sinnliche ausschweifung	32-17398-B
aussehen erscheinung erscheinungsbild	17-61915-B
aussendung ausstrahlung ausstroemung emanation	20-46186-B
aussenhandel	3-282-B
aussenminister	18-10112-B
aussenpolitik	3-249-B
ausser	9-33453-B,14-17246-S
ausser betrieb	8-21698-B
ausserdem	13-26230-S
ausserdem darueberhinaus ferner fernerhin obendrein weiterhin zudem zusaetzlich ueberdies	10-56714-B
aussergewoehnlich	34-39525-B
aussergewoehnlich ausserordentlich	19-40832-B
ausserirdisch extraterrestrisch	34-39348-B
ausserirdischer	27-658-B
ausserordentlich	19-40832-S
ausserordentlich exzellent famos vortrefflich vorzueglich	17-40758-S
ausserordentliche versammlung	17-62373-B
aussicht	15-29156-B
aussichtspunkt	35-60970-B
aussichtsturm	35-23543-B
aussoehnen versoehnen wiederversoehnen	12-66610-B
ausspaehen erkunden rekognoszieren	12-61030-S
aussprache	10-62675-B
aussprechen	18-42708-B
ausstattung	2-30397-S
ausstecher	30-24008-B
aussteigen	27-1568-B
aussteinen entsteinen	32-4348-S
aussteller	34-21048-B
ausstellung	17-34975-B,18-38103-B
ausstellungsstueck	7-15733-B
aussterben	2-35899-B
aussteuer	17-62565-B
ausstossen verbannen verfemen verstossen aechten	32-25164-S
ausstrahlung ausstroemung emanation	20-46186-S
ausstrahlung rundfunk sendung uebertragung	38-32538-B
ausstreichen durchstreichen	22-35913-B
ausstroemen	33-53286-B
ausstroemung emanation	20-46186-S
austausch	34-18343-B
austausch ersatz	9-53549-B
austauschen eintauschen tauschen	20-43871-B
auster	12-67042-B
austernzucht	6-26109-B
austragen klaeren	37-16340-S
australien	8-17068-B,11-26856-B
australier australierin	9-64264-B
australierin	9-64264-S
australische gebaerdensprache	23-41145-B
austreten von radioaktivitaet radioaktive emission	5-2156-B
austrocknung	2-19262-B
austrocknung dehydratation dehydration dehydratisierung	26-12205-B
ausueben	34-20003-B
ausverkauf	15-40318-B
auswaehlend selektiv	34-27783-S
auswaerts	17-65564-B,18-25560-B
auswaerts essen essen gehen	34-48152-B
auswahl auswaehlend selektiv	34-27783-B
auswahl entscheidung wahl	8-31264-B
auswandern	33-55345-B
auswanderung	33-55456-B
auswaschen	20-33249-B,24-18450-B
auswaschung	3-34868-B
ausweg	19-10114-B
ausweglosigkeit pattsituation sackgasse	32-15061-B
ausweichend	20-33076-B
ausweichend evasiv evasorisch	18-1651-B
ausweis	19-43214-B
auswendig	35-20462-B
auswertungsverfahren	3-28761-B
auswirkung	13-60552-B
auswischen tilgen wegwischen	33-48034-B
auswuchs	34-19299-B
auszeichnen	13-31624-B
auszeichnen belohnen	17-50081-B
auszeichnung	17-49954-B
ausziehen	39-2200-B
ausziehen sich auskleiden sich entkleiden	25-11733-S
auszubildende auszubildender lehrling	27-33148-B
auszubildender lehrling	27-33148-S
auszug	34-18102-B
auszug zusammenfassung	17-48049-B
authentifizierung	9-52497-B
authentisch	14-6507-B
authentizitaet	28-10959-B
autismus	28-10352-B
auto	6-37285-S
auto automobil wagen	1-39432-B
autobahn	4-6842-B
autobiografie autobiographie	28-10369-B
autobiografisch	28-12417-S
autobiographie	28-10369-S
autobiographisch autobiografisch	28-12417-B
autobus bus omnibus personenbus verkehrsbus	1-37421-B
autofahrer automobilist fahrer	13-12759-B
autofahrer fahrer	13-13122-B
autofahrerin automobilistin fahrerin	13-12964-B
autoindustrie	1-23804-S
autoklav	32-22748-B
autokratie	28-12882-B
automat	31-17884-B
automatenwaschsalon waschsalon	26-270-B
automatisch selbsttaetig	15-20330-B
automatische uebersetzung maschinelle uebersetzung	12-21782-B
automatisieren	28-13773-B
automatix	31-23782-B
automobil wagen	1-39432-S
automobilindustrie autoindustrie	1-23804-B
automobilist fahrer	13-12759-S
automobilistin fahrerin	13-12964-S
autonom	10-12406-S,26-50563-B
autonome gemeinschaft baskenland baskenland	19-7989-B
autonomes gebiet xinjiang xinjiang	30-22067-S
autonomes nervensystem vegetatives nervensystem	26-50592-S
autonomie	18-33700-B
autooekologie	1-23776-B
autopsie	28-14025-B
autor verfasser	10-83477-B,35-15165-B
autoreifen	1-41971-B
autorin verfasserin	35-15224-B
autorisiert berechtigt	18-47027-B
autorisierung ermaechtigung	1-23522-B
autoritaer	28-11206-B
autoritaet	9-57256-B
autoritaet koryphaee	21-41727-B
autorschaft	28-12211-B
autosexualitaet masturbation onanie selbstbefriedigung	14-47793-B
autotomie	38-25335-B
autounfall	35-2399-B
autowrack	5-13164-B
autowrack abgestelltes fahrzeug verlassenes fahrzeug	1-1026-B
auvergne	23-57695-S
auxerre	29-19674-B
avantgarde	35-46042-B
avatar	39-507-B
avestisch awestisch	9-56450-B
aveyron	22-46645-B
avifauna	1-24182-B
avionik luftfahrtelektronik	28-16653-B
aviophobie flugangst	32-28166-B
avitaminose	35-5200-B
avocado	38-13294-S
avocado butterfrucht	15-7693-B
avocadobaum avocado	38-13294-B
avogadro konstante avogadro zahl	26-51157-B
avogadro zahl	26-51157-S
awarisch	9-62711-B
awestisch	9-56450-S
axerophthol retinol vitamin a vitamin a1	23-55029-B
axiom grundwahrheit	18-43052-B
axolotl	36-38588-B
axon	9-31552-B
axt beil streitaxt	13-21191-B
azalee	28-20132-B
azephal	23-25818-S
azephalie	35-12406-S
aziditaet	1-2099-S
azidose	23-29345-B
azimut	30-10531-B
azoren	28-11317-B
azteken	25-20988-B
azur azurblau bergblau bremer blau kupferlasur	9-23778-B
azurblau bergblau bremer blau kupferlasur	9-23778-S
b	14-17503-S,28-2455-S
b linearschrift b	28-2455-S
b12	23-55081-S
b2	36-28845-S
baby boomer	37-28965-B
baby saeugling	7-56435-B
baby steckenpferd	14-32845-B
babyboom	27-45467-B
babylon	22-32768-B
bach	1-35937-B,12-52125-B,16-62385-B
bachbett flussbett flussbett	6-23578-B
backbord	38-31342-B
backdoor hintertuer trapdoor	37-26918-B
backe	10-28177-S
backen	38-31421-B
backenhoernchen streifenhoernchen chipmunk	16-43247-B
backenschlag backenstreich backpfeife maulschelle ohrfeige schelle watsche	23-41643-B
backenstreich backpfeife maulschelle ohrfeige schelle watsche	23-41643-S
backentasche	35-38559-B
backenzahn	18-55497-B
backgammon	28-20559-B
backhefe baeckerhefe	37-27461-B
backpfeife maulschelle ohrfeige schelle watsche	23-41643-S
backpulver	26-1400-B
backronym	17-29477-B
backstein ziegelstein	1-35355-B
backsteinhaus	30-7303-B
backup sicherheitskopie	15-20802-B
bad	10-29837-B
bad badestube badezimmer	14-38997-B
bad nehmen	38-52-S
bade ausschuetten	8-15913-S
badeanstalt	4-39203-B
badeanzug	11-33657-B
badegewaesser	1-26293-B
badehaube bademuetze schwimmhaube schwimmkappe	28-42289-S
badekappe badehaube bademuetze schwimmhaube schwimmkappe	28-42289-B
bademantel	28-42617-B
bademeister	16-6608-B
bademuetze schwimmhaube schwimmkappe	28-42289-S
baden	14-33412-B
baden wuerttemberg	11-49326-B
badesalz	36-22340-B
badestube badezimmer	14-38997-S
badewanne	7-58194-B
badezimmer	14-38997-S
badminton	18-47737-B
baechlein	22-19971-B
baecker	15-14542-B
baeckerei	26-1176-B
baeckerhefe	37-27461-S
baeh igitt pfui	10-70820-B
baer	10-84243-B,11-70101-S,38-4605-S
baeren echte baeren grossbaeren	6-6419-B
baeren erlegt hat	39-14123-S
baeren grossbaeren	6-6419-S
baerendreck lakritz lakritze	14-22371-B
