verhinderen verhoeden vermijden voorkomen	18-41178-S
verhit verwarmd	32-7989-B
verhitten verwarmen warm maken warmen	8-29669-B
verhoeden vermijden voorkomen	18-41178-S
verhogen	24-34059-S
verhoging	9-17129-S,18-44785-S,21-9457-B
verhoor	34-17040-B
verhouding	16-9792-S,26-36502-S
verhouding tussen de mens en de natuur	3-42219-B
verhouding verwantschap	24-35632-S
verhoudingen tussen rassen	5-362-B
verhuizen	22-36897-B
verhullen versluieren	33-26782-S
verhullen verstoppen	10-47981-S
verificatie	30-5289-S,30-39240-S
verifieerbaar	27-40460-S,31-37675-S
verifieren	30-5674-S
verijdelen voorkomen	28-16217-S
verjaardag	8-39465-S,17-57689-B
verjaardag gefeliciteard met oen n verjoardag gefeliciteerd gefeliciteerd met je verjaardag gelukkige verjaardag ne geleukkege verjeurdoag ne geleukkege verjoardoag ne gelukkege verjoardach	38-5698-S
verjaardag gelukkige verjaardag ne geleukkege verjeurdoag ne geleukkege verjoardoag ne gelukkege verjoardach	38-5698-S
verjaardag ne geleukkege verjeurdoag ne geleukkege verjoardoag ne gelukkege verjoardach	38-5698-S
verjaardagsfeest	22-5133-B
verjaardagstaart	25-30618-B
verjagen wegdrijven wegjagen	33-23165-S
verjagen wegjagen	33-50747-S
verjeurdoag ne geleukkege verjoardoag ne gelukkege verjoardach	38-5698-S
verjoardach	38-5698-S
verjoardag gefeliciteerd gefeliciteerd met je verjaardag gelukkige verjaardag ne geleukkege verjeurdoag ne geleukkege verjoardoag ne gelukkege verjoardach	38-5698-S
verjoardoag ne gelukkege verjoardach	38-5698-S
verkalken	36-33468-B
verkeer	1-52297-S,3-39681-S,6-171-B,12-12692-B
verkeer van kapitaal	7-7229-S
verkeerd	8-50332-S,9-35837-S,26-32574-S,28-20066-B
verkeerd gebruik	29-427-S
verkeersbord verkeersteken	32-34151-B
verkeerscontrole	6-478-B
verkeersinfrastructuur	6-544-B
verkeerslawaai	6-669-B
verkeerslicht	14-22198-B
verkeerslichten	28-31980-B
verkeersmeting	6-633-B
verkeersongeval	6-447-B
verkeersopstopping	6-589-B
verkeerstechniek	6-511-B
verkeersteken	32-34151-S
verkeerstoren	31-37986-S
verkeersveiligheid	5-9493-B
verkeersvoorschrift	7-9858-B
verkeert	5-32510-S
verkennen	12-61030-B
verkiezing	7-7062-S,17-11187-S,39-9806-B
verkiezing stemming	17-55210-B
verkiezingsnederlaag	22-8541-B
verkiezingsoverwining	22-8408-B
verkikkerd verliefd	11-18647-S
verklaarbaar	34-33130-B,34-43064-S
verklappen	29-13709-S
verklappen verklikken verraden	27-54618-S
verklaren	9-52374-S,13-30706-S,18-33334-B,25-33820-B,27-47069-S,33-58274-S
verklaren goedkeuren instemmen	27-46921-S
verklaren schrappen	27-21435-S
verklaren teniet doen	26-6798-S
verklarende woordenlijst	3-8243-B
verklaring	12-14341-S,18-26529-B,21-31951-S,27-24932-S
verkleiningsuitgang verkleinwoord	11-28593-S
verkleinwoord	11-28593-S
verklikken verraden	27-54618-S
verklikker	2-12401-B
verknallen verknoeien verprutsen	18-10345-B
verknocht	32-56193-S
verknoeien	19-50366-S
verknoeien verprutsen	18-10345-S
verkoelen	8-7756-S
verkoelend	30-40624-B
verkondigen	10-2591-S
verkoop	15-40430-B
verkoop veiling vendutie	17-54830-S
verkopen	9-28971-S,21-42393-S
verkopen voor de beer geschoten is	39-14123-S
verkoper	38-25186-B
verkorten	13-52674-S,26-6684-S
verkorting	35-61394-S
verkoudheid	36-19312-B
verkrachten	10-36125-B
verkrachter	20-45877-B
verkrachting	16-65516-B
verkrijgen	17-64313-B
verkrijging verwerving	4-40128-S,18-24253-B
verkrommen verminken verwringen	31-36363-S
verkruimelen verpulveren	22-21891-S
verkwister verspiller	35-22924-S
verkwisting	16-31434-B
verkwisting verspilling	22-30147-B
verlaging vermindering	36-1357-S
verlangen	14-10595-S,19-32689-S,26-21153-S
verlangen vorderen	34-16142-S
verlangen vurig verlangen	14-10595-B
verlangen wensen	24-23898-S
verlangen zin	28-16501-S
verlangend	18-10814-S,18-43829-B,33-37399-S
verlangend vurig verlangend	33-37399-S
verlaten	17-41685-S,21-21250-S,21-23470-B,32-47219-S
verlaten dood gaan doodgaan expireren heengaan het hoekje om gaan het leven laten inslapen overlijden sterven verscheiden	9-4073-S
verlaten terrein	1-859-B
verlaten vertrekken weggaan wegreizen wegtrekken	14-1711-S
verlaten voertuig	1-1026-B
verleden	14-6779-B
verlegen	12-37129-S,27-41549-S,28-41327-S,33-1796-S
verlegen maken	25-45337-B
verlegenheid	21-6464-B
verleidelijk	27-7280-S,28-57457-S
verleidelijk verlokkelijk	33-63344-S
verleidelijk verlokkend	12-62161-S
verleidelijkheid verleiding verlokking	33-63245-S
verleiden verlokken	28-57380-S,33-62978-S
verleiding	37-631-B
verleiding verlokking	33-63245-S
verleidster	35-41800-S
verlenen	23-20143-S,24-16284-S,27-49397-S
verlenen verstrekken	18-36403-S
verlenging	33-52935-B
verlening	24-13231-S
verlevendigen	33-58562-S
verlicht	21-6443-B,27-1654-S
verlichten	15-29440-B
verlichten verzachten	27-5505-S
verlichting	3-38010-B,16-4994-S,24-30464-B
verlichting verzachting	27-5602-S
verliefd	11-18647-S
verliefdheid	22-9659-B
verlies	3-40172-B
verliest zijn streken niet	39-14021-S
verliezen	9-70840-B,9-70860-B
verliezer	38-28789-B
verlof	3-15153-S
verlokkelijk	33-63344-S
verlokken	28-57380-S,33-62978-S
verlokkend	12-62161-S
verlokking	33-63245-S
verloochenen verwerpen verzaken	13-52474-S
verloochenen weerleggen weerspreken	19-50917-S
verloochening	33-7749-S
verloochening zelfopoffering zelfverloochening	26-5492-B
verloofd	39-8029-B
verloofde	26-14392-S,26-14494-S,35-33466-B
verloop	25-5178-S
verloren gaan van biotopen	3-40314-S
verloren weg zoek	36-8501-S
verloskundige vroedvrouw	15-54971-S
verlossing	20-33667-B
verloven	17-13657-S,26-14934-B
verloving	29-8942-B
verlovingsring	27-43444-B
verluchten	14-30365-S
verluidt zogezegd	27-4061-S
vermaak	9-16848-S
vermaak vermakelijkheid verstrooiing vertier	19-26098-S
vermaard	9-13741-S,29-48057-S
vermakelijk	27-16163-S,33-61321-S
vermakelijkheid verstrooiing vertier	19-26098-S
vermaken	27-16063-S,29-4777-S,33-24660-S,33-61163-S
vermalen	3-9838-S
vermanen	26-27516-B
vermanend waarschuwend	36-2255-S
vermaning	26-27573-B
vermengen	31-13973-S
vermenigvuldigen	21-33840-B
vermenigvuldiging	15-4170-B
vermesting	4-20793-B
vermetel	28-3159-S,32-14374-S,35-66727-S,36-15064-S
vermetelheid	36-9121-S
vermiculiet	32-32570-B
vermijdbaar	19-8405-B
vermijden	34-7138-S
vermijden voorkomen	18-41178-S
vermijding	28-16924-B
verminderen	11-58165-S,27-2859-S
vermindering	14-12093-S,18-22166-S,19-15026-S,25-22586-S,25-45456-S,36-1357-S
verminken	33-16941-S
verminken verwringen	31-36363-S
verminking	22-1170-S,32-30434-S
vermist	34-26433-S
vermits wijl	7-43777-S
vermoeden veronderstellen	31-8558-S
vermoeden veronderstelling	24-1861-S
vermoeden veronderstelling voorgevoel	17-59442-S
vermoeden verwachten vooronderstellen	11-14043-S
vermoeden voorgevoel	21-14553-B
vermoeid	10-42636-S
vermoeien	30-40850-B
vermoeiend	23-17713-S
vermogen	2-23762-S,18-48170-S,18-52694-B,19-28992-S,22-34867-B
vermogen om de ozonlaag aan te tasten	4-22663-B
vermogen vernuft	8-42954-S
vermogend	13-33354-S
vermogensbelasting	37-39316-B
vermommen	25-46425-S
vermont	15-10575-B
vermoorden	10-60599-B,19-46871-S
vermoorden doden ombrengen omleggen	10-60789-S
vernederen	26-39135-S
vernederend	32-25859-S
vernedering	25-44345-S
vernemen	8-55272-S
vernielen vernietigen verwoesten	13-23709-S,19-32548-S,32-51777-S
vernieling vernietiging verwoesting	32-55414-S
vernielzuchtig vernietigend	32-51912-S
vernietigen	24-26237-S
vernietigen verwoesten	13-23709-S,19-32548-S,32-51777-S
vernietigend	32-51912-S
vernietiging verwoesting	24-19076-S,32-55414-S
vernieuwen	24-24151-S,25-33958-B
vernieuwing	3-25979-S
vernis	24-33630-S
vernissage	36-26167-B
vernuft	8-42954-S
verona	23-24365-B
veronachtzamen	33-26024-S
veronderstellen	12-18551-S,18-33456-S,31-8558-S
veronderstelling	24-1861-S
veronderstelling voorgevoel	17-59442-S
verontachtzaming verwaarlozing	32-45140-S
verontreinigd	24-4615-S
verontreinigde grond	2-2163-B
verontreinigen	17-59623-S,24-29924-S
verontreinigende stoffen	4-32778-B,4-32814-S,4-33068-S
verontreiniging	4-33349-S
verontreinigingswaarde	4-33139-B
verontrust	27-25328-S,31-28032-S
verontrusten	26-43176-B
verontrustend	21-9497-S,33-30035-S
verontrustend zorgelijk	33-9392-S,33-25793-S
verontschuldigen	27-27578-S
verontschuldigend	27-27386-S
verontschuldiging	27-27834-S
verontwaardiging woede	12-24565-B
veroordeelde	17-20291-B
veroordelen	12-33210-S,17-20470-B
veroordeling verwerping	31-29544-S
veroordeling vonnis	20-17741-B
veroorloven	26-38846-S
veroorzaakte klimaatsverandering	3-42029-S
veroorzaakte ramp	3-16984-S
veroorzaken	33-59170-S
veroorzaken storen	33-9303-S
veroorzaken verwekken	33-57720-S
veroorzakend beangstigend bedroevend grievend hachelijk kwellend penibel pijn veroorzakend pijnlijk schrijnend triestig verontrustend	33-30035-S
veroorzakend pijnlijk schrijnend triestig verontrustend	33-30035-S
verordenen voorschrijven	33-58033-S
verordening	5-5687-B,6-32705-S
verordonneren	20-17178-S
verouderd	34-46711-B,35-55061-B
verouderen	14-29971-B,14-30087-B
veroveraar	31-33087-S
veroveren	10-35884-S,14-58057-B
verovering	12-33468-B
verpakking	1-3967-S,4-22835-S,5-7961-S,7-13299-S
verpauperen	22-27279-S,32-35842-S
verpersoonlijken vorm geven	33-54269-S
verplaatsbaar	24-24105-S
verplaatsen	24-37500-B,33-23563-S,39-7180-S
verplaatsing	18-25560-S
verpleeginrichting	3-15795-S
verpleegster	19-38894-B
verpleegster zuster	7-42107-B
verpleger	7-42408-S,15-36358-B
verpleging	13-29592-B
verpleging verzorging zorg	20-19765-B
verpletteren	18-22528-S,18-22881-S,18-23282-B
verplicht	18-20160-S
verplicht verschuldigd	29-601-S
verplichten	19-10686-S,31-23645-S
verplichting	18-49815-S
verprutsen	18-10345-S
verpulveren	22-21891-S
verraad	10-68593-S,36-40290-B
verraden	27-54618-S
verrader	39-1487-B
verrassen	15-2655-B
verrassend wonderbaarlijk	12-38827-S
verrassing	9-22357-B,9-29844-B
verrekijker	29-9664-S
verrekking	25-24908-S
verrichten	28-14395-S
verrichten vervullen volbrengen	17-44572-S
verrichtingsleer	3-17108-S
verrijken	2-27983-B,33-58742-S
verrijkt uranium	2-27946-B
verrijzenis wederopstanding	20-36283-S
verrnietigen	32-13925-S
verroesten	21-19769-S
verrot	8-25804-S,10-27902-S
verrotting	21-44687-S
verrottingsproduct	2-8976-B
verrukkelijk zalig	32-30608-S
verrukken	33-58891-S
verrukking	21-14366-S,33-51270-S
verrukking brengen plezieren verblijden verrukken	33-58891-S
verrukt	9-61177-S
vers	10-76533-B
versa	31-36972-S
versaagd zwaarmoedig	32-3492-S
verschansen	19-37642-S
verschanst	23-19280-B
verscheiden	9-4073-S
verscheidenheid	25-33572-S
verscherping	37-18347-S
verschijnen	14-31193-S
verschijning	28-627-B
verschijnsel fenomeen	21-7769-B
verschil	14-60630-S,14-60748-B,31-36696-S,33-22993-S
verschillen	31-13666-S,33-4820-S
verschillend	11-25905-S,33-32834-S
verschillend wisselend	35-49948-S
verschoonbaar verschoonlijk	35-54595-S
verschoonlijk	35-54595-S
verschrikkelijk vreselijk	13-48864-S
verschrikkelijk weerzinwekkend	33-62607-S
verschrikt verslagen verstomd verward	33-21228-S
verschroeiende hitte	37-8769-B
verschuiven	30-42234-S
verschuiving	16-64425-S
verschuldig	21-8468-S
verschuldigd	29-601-S
verse sneeuw	20-7783-B
versie	17-14956-B
versiebeheersysteem	31-12879-B,33-62520-B
versieren	25-32-S
versierend	32-22767-S
versiering	16-6038-S
versiering versiersel	26-28586-S
versiersel	26-28586-S
versimpeld vereenvoudigd chinees	27-8626-S
verslaafde	26-24231-B
verslaafdheid verslaving	18-4980-B,32-40838-S,34-3866-S
verslaan	21-20981-S
verslag	7-5058-S
verslagen verstomd verward	33-21228-S
verslagenheid vertwijfeling wanhoop	32-49481-S
verslagenheid zwaarmoedigheid	21-33107-S
verslaggever	12-64214-S
verslapen	24-37850-S
verslavend	37-21117-B
verslaving	18-4980-S,32-40838-S,34-3866-S
verslechtering achteruitgang degraderen verval	18-27792-B
versleten	39-2599-S
verslinden opslokken opvreten verzwelgen	17-24932-B
versluieren	33-26782-S
versmelten	24-33293-S
versmelting	30-56230-S
versnapering	32-31528-S
versneld	17-35997-B
versnellen	16-47903-B,16-47977-S
versnellen opjagen	13-51931-B
versneller	18-3852-S
versnelling	15-3005-S,20-31874-B,23-47770-S,37-19594-B,37-19635-B
versnellingsbak	11-3739-S
versnellingsmeter	33-23761-B
versnijden vervalsen	21-35791-S
versperd	31-12315-S
versperren	14-6174-S
versperring verstopping	14-44494-S
verspillen	22-30123-B
verspiller	35-22924-S
verspilling	6-10501-B,22-30147-S
versplinteren	25-37101-B
versplintering	27-47353-B
verspreid verstrooid	30-47756-B
verspreiden	36-22008-S
verspreidend	33-30219-S
verspreiding	18-35788-S
verspreiding verstrooing	24-21894-S
verstaan	9-18321-S,31-26084-S
verstaan overduidelijk	21-9252-S
verstaanbaar	17-30378-S,31-26934-S
verstaanbaarheid	31-26798-S
verstand	9-26757-S,19-48429-S
verstandeloos zwakhoofdig	10-71935-S
verstandig wijs	13-28319-B
verstandig zinnig	19-45048-S
verstandskies	21-14338-B
verstarren	8-77876-B
verstedelijking	6-5684-S
verstelbaar	26-26432-S
verstening	36-40319-S
versterken	17-41345-B
versterker	17-55610-B
versterking	23-19110-S
versterking versteviging	18-61342-B
versteviging	18-61342-S
verstikken	27-44812-S
verstikken wurgen	39-17373-B
verstikkend windstil	26-44823-B
verstikking verstikkingsdood	24-18323-B
verstikkingsdood	24-18323-S
verstolen	17-39387-S
verstomd	26-41790-S
verstomd verward	33-21228-S
verstoord	33-37292-S
verstoord vertoornd	11-3487-S
verstoppen	10-47981-S
verstoppen wegstoppen	13-14013-S
verstoppertje	11-1799-B
verstopping	14-44494-S,30-23070-S
verstopping verstoptheid	32-51058-S
verstopt	32-51271-B
verstoptheid	32-51058-S
verstoren	11-13893-S
verstoring	33-31690-S
verstoten	32-25164-S
verstrekken	18-36403-S
verstrooid	14-63769-S,29-3511-S,30-47756-S
verstrooiing vertier	19-26098-S
verstrooing	24-21894-S
verstuiken	39-8153-B
verstuiking	25-24549-B
verstuiven	27-53457-B
verstuiver	27-53537-S
vertaalbaar	25-44421-S
vertaalwoordenboek	10-62761-B
vertakking	32-624-B
vertalen	16-45936-B
vertalen vertaalbaar	25-44421-S
vertaler	14-38094-B
vertaling	10-51044-B,10-51869-B
verte	28-34303-S
vertederend	32-11905-S
verteerbaar	33-2318-B
verteerbaarheid	33-2247-B
vertegenwoordiger	28-951-S
vertegenwoordiging	5-6348-B
vertellen	19-944-S
verteren	31-40826-S
vertering	2-1690-S,2-14015-B,25-36557-S
verticaal loodrecht	20-811-B
vertienvoudigen	37-25245-B
vertier	19-26098-S
vertigo	32-32265-S
vertolken weergeven	31-34881-S
vertonen	18-38460-S
vertoornd	11-3487-S
vertragen	16-47831-S,37-19530-B
vertragen opschorten opschuiven rekken talmen uitstellen verschuiven	30-42234-S
vertraging te laat	29-881-S
vertreden	8-66459-S
vertrek	8-68791-S,9-24913-S,32-40356-S
vertrekken verbannen verdrijven verjagen wegdrijven wegjagen	33-23165-S
vertrekken weggaan wegreizen wegtrekken	14-1711-S,32-40215-S
vertrekken weggaan zich verwijderen	10-37562-B
vertroetelen verwennen	25-15951-S,31-44819-S
vertrouwbaar	32-40411-S
vertrouwelijk	12-51247-S
vertrouweling	25-34039-B,35-58590-B
vertrouwen	20-41305-B,34-23650-S
vertrouwen op	24-32965-S
vertrouwen zweren	14-35119-B
vertrouwens	21-15968-B
vertrouwenswaardig	20-41256-S
vertwijfeld wanhopig	32-49604-S
vertwijfeling wanhoop	32-49481-S
vertwijfelt	18-27303-S
verukken	33-56912-S
vervaardigen voortbrengen	13-42805-S
verval	18-27792-S
verval van het milieu	7-8724-B
vervaldatum	34-32629-B
vervallen	14-61794-S,18-44537-B
vervalsen	21-35791-S,24-24310-B,36-36362-B
vervalsing	31-46539-S
vervaltijd	18-32460-S
vervangbaarheid	5-35818-B
vervanger	18-15663-S
vervanging	5-6324-B,9-53549-S,22-32403-B
verveelt	32-26779-B
vervelen	16-62635-S,27-20432-S
vervelend	15-54057-S,27-21177-S
vervelend weerzinwekkend	29-23511-S
vervelend zorgelijk	35-37281-S
verveling	29-23388-B
verven	11-372-S
verviervoudigen	21-5104-B,21-5194-B
vervlechten	24-33380-B
vervloeken vloeken	28-31702-S
vervloeking vloek	32-10598-B
vervloekt	26-19949-B,26-19991-B
vervoeging	15-24804-S
vervoer	4-39835-S,6-1416-S,6-31369-S
vervoer over rivieren	2-42409-B
vervoer vervoermiddel	31-38701-S
vervoeren	21-21168-S
vervoermiddel	31-38701-S
vervoersbedrijf	6-1348-B
vervoersbeleid	6-1385-B
vervoersbestemming	7-8692-B
vervoerskosten	7-9415-B
vervoersprijs	38-20429-S
vervolg van nu af aan vanaf nu voortaan	23-54049-S
vervolgen voortzetten	8-61662-S
vervolgens	10-19993-S,26-40163-S
