directe democratie	14-28874-B
directe inducerende werking	2-14496-S
directe rede	37-11977-B
directeur hoofd leider	7-43929-S
directeur hoofd rector schoolhoofd	7-44225-S
directheid openhartigheid openheid oprechtheid rondborstigheid vrijmoedigheid	33-4148-B
directie raad raadscollege	7-30221-S
directief regel	8-83880-B
directief richtlijn voorschrift	2-14550-B
directoraat	33-45511-B
directory folder map	18-26227-B
disc compactplaat	28-25170-S
discipel	22-6066-S
discipel leerling volgeling	24-20133-B
discipel volgeling volger	26-25339-S
disciplinair tuchtrechtelijk	33-8561-B
discipline orde tucht zelfbeheersing	33-8661-B
discotheek	12-50158-B
discreet kies tactvol	33-15118-S
discrepantie	36-41695-B
discretie geheimhouding kiesheid tact	33-15013-S
discriminatie	14-57708-B
discriminerend	18-35329-B
discussie forum gesprek	13-44853-S
discussieprogramma praatprogramma talkshow	30-3441-B
disfunctioneel verstoord	33-37292-B
disharmonie onenigheid tweedracht tweespalt verdeeldheid	33-18233-B
disjunctie	30-56145-B
disjunctieve normaalvorm	30-56182-B
diskjockey	32-47423-B
diskrediet	33-14932-B
diskwalificatie ongeschiktverklaring uitsluiting	33-25394-B
diskwalifiseren uitsluiten	33-25554-B
dispersie	2-15890-B
display scherm	14-46537-S
disproportie onevenredigheid wanverhouding	33-24860-S
disproportioneel onevenredig	33-24956-B
dispuut geruzie geschil kibbelpartij redetwist ruzie twist twistgesprek	11-19552-B
dispuut geschil	22-33899-B
dispuut geschil meningsverschil onenigheid polemiek redestrijd redetwist twistgesprek woordenstrijd woordenwisseling	33-25186-S
dispuut meningsverschil onenigheid	33-5038-B
dissertatie uiteenzetting verhandeling	25-2535-S
dissonant wanklank	33-11435-B
distantie traject verte	28-34303-S
distillatie	2-16192-S
distillator	13-47509-B
distilleerderijen	2-16425-B
distract gepreoccupeerd verstrooid	14-63769-S
distributie logistiek verdeling verspreiding	18-35788-B
distributief verdelend verspreidend	33-30219-B
district gebied kanton wijk	24-12541-B
district of columbia	22-41538-B
dit	7-25962-S
dithyrambe dithyrambos	37-38470-B
dithyrambos	37-38470-S
ditmaal	36-13956-S
dito hetzelfde idem	12-64897-S
ditributie uitdeling	24-22027-B
diureticum	26-13199-B
divan sofa	7-54810-S,17-40202-B
divehi	24-23576-B
divergentie	33-32447-B
divers gevarieerd onderscheiden ongelijksoortig uiteenlopend verschillend	33-32834-S
divers onderscheiden ongelijk verschillend	11-25905-S
diversificatie	36-32004-B
diversifieren fluctueren varieren wisselen	31-14205-S
diversiteit	3-6071-S
diversiteit afwisseling differentiatie keur keuze variatie varieteit verscheidenheid	25-33572-B
diverticulitis	36-22148-B
dividend winstaandeel	28-30809-B
diwaterstofsulfaat vitriool vitrioololie zwavelzuur	5-36795-B
dixon lijn	23-21136-S
djakarta jakarta	19-24548-B
djibouti	11-52980-B,23-23608-B
djiboutiaans frank	29-14784-B
dna	33-62072-S
dna deoxyribonucleinezuur	2-16514-B
dna polymerase	19-19857-B
dnjepr	26-25995-B
do	11-70397-B
do sul	23-30388-S
dobbelsteen teerling	9-8293-B
docent leraar onderwijzer schoolmeester	18-35528-B
docente leerkracht lerares onderwijzeres	38-11070-B
doceren leren onderrichten onderwijzen	13-31870-S
dochter	8-35576-B
dochterbedrijf filiaal	25-20075-B
dociel gedwee gehoorzaam gewillig handelbaar inschikkelijk meegaand toegeeflijk toegevend volgzaam	24-22516-B
dociliteit gedweeheid gewilligheid meegaandheid toegeeflijkheid volgzaamheid	33-33955-S
doctor	13-11405-B
doctoraat doctorsgraad	33-34858-B
doctorsgraad	33-34858-S
doctrinair dogmatisch	33-35091-S
doctrine	4-32212-S
doctrine dogma geloofsleer leer leerstelling	6-31794-B
document geschrift schriftuur	2-17396-S
documentaire	7-4996-B,12-14799-B
documentatie	2-17681-B
documentatie centrum	2-17708-B
documentatiesysteem	7-10748-B
documenteren	30-42338-B
dode taal	29-3855-B
dode zee	19-6645-B
dodelijk fataal letaal	16-43444-B
doden	15-21330-S
doden dooddoen doodmaken kapotmaken ombrengen vellen	8-59205-B
doden elimineren liquideren opdoeken uit de weg ruimen uitschakelen verwijderen wegdoen wegwerken	33-52185-S
doden killen koud maken liquideren mollen om het leven brengen om zeep helpen ombrengen omleggen vermoorden	19-46871-S
doden ombrengen omleggen	10-60789-S
dodenkop	22-36216-B
dodenmasker	25-16189-B
dodo	37-10775-B
dodoma	18-66869-B
doedelzak	16-53543-B
doedoek duduk	15-25434-B
doeg doei goedendag tot ziens vaarwel	7-45853-S
doei goedendag tot ziens vaarwel	7-45853-S
doek kleed	9-48391-B
doek linnen	16-2388-B
doel doelstelling	12-55806-B
doel goal	12-55925-B
doel intentie	17-45333-S
doel toepassing	18-33080-S
doelbewust expres intentioneel moedwillig opzettelijk voorbedacht welbewust weloverwogen	18-21101-S
doeleinden wordt gebruikt	4-5243-S
doelgroep	5-38948-B
doelloos nutteloos onzinnig zinloos	26-44070-S
doelman doelwachter goalie keeper	13-56382-B
doelmatig geschikt toepasbaar toepasselijk van toepassing	27-31663-S
doelmatigheid doeltreffendheid effectiviteit efficientie werking werkzaamheid	18-37379-B
doelmatigheid functionaliteit werkzaamheid	24-38567-B
doelpunt	12-56125-B
doelstelling	3-41070-S,12-55806-S
doeltreffendheid effectiviteit efficientie werking werkzaamheid	18-37379-S
doelwachter goalie keeper	13-56382-S
doen	13-42700-S,13-43071-B,14-22707-B,18-40736-S,26-6798-S,26-21102-S,31-13332-S,37-7426-S,37-19240-S
doen aangroeien	26-19692-S
doen aantonen aanwijzen bewijzen demonstreren laten zien showen veraanschouwelijken voordoen	18-21839-S
doen alsof fingeren simuleren veinzen voorwenden	33-26895-B
doen denken herinneren te binnen schieten	13-31532-B
doen fungeren tot stand brengen	28-41214-S
doen gelden	19-26907-S
doen gelden laten gelden opkomen voor	27-47131-B
doen handelen in actie komen te werk gaan verrichten	28-14395-S
doen mislukken stoppen voortijdig afbreken	22-6903-S
doen shoppen winkelen	24-9566-S
doen toenemen toenemen vergroten	28-6044-B
doen vertrekken verbannen verdrijven verjagen wegdrijven wegjagen	33-23165-B
doen walgen tegenstaan walgen	33-18145-B
doen werken	8-20392-S
doen winkelen	38-32023-S
doenbaar haalbaar mogelijk realiseerbaar	26-21217-S
doezel dutje hazenslaapje siesta slaapje sluimering tukje	11-49663-B
dof mat	24-38435-B
dogma	32-9395-B
dogma geloofsleer leer leerstelling	6-31794-S
dogmatisch	32-9828-B,33-35091-S
doha	9-67121-B
doily kleedje matje	15-52302-B
dok	28-54864-B
doka donkere kamer	26-3229-B
dokter geneesheer	13-11038-S
dokwerker havenarbeider	33-34157-S
dolblij jubelend juichend opgetogen	24-24266-B
dolfijn	22-17951-B
dolfijn witte walvis zeekanarie	16-26288-S
dolfinarium	38-4189-B
dolgelukkig	35-26139-B
dolgelukkig overgelukkig	17-36484-B
doline	37-1605-B
dolk ponjaard	18-46254-B
dollar	13-37530-B,18-2697-S
dolmen hunebed	32-5619-B
dom dwaas idioot	17-16237-B
dom geesteloos hersenloos idioot oenig onbenullig onnozel onverstandig simpel stompzinnig stupide suf verstandeloos zwakhoofdig	10-71935-S
dom stom achterlijk breinloos debiel idioot imbeciel onnozel onverstandig onwijs stompzinnig stupide	9-13998-B
dombo domme gans dommerik domoor drol droplul druiloor eend eendenkuiken ei eikel ezel ezelsveulen flapdrol gehaktbal hals hansworst jojo kaffer kalf kalfskop kloris koe kuiken kwezel leeghoofd minkukel nitwit oelewapper oen oetlul oliebol onbenul rund schaapskop steenezel stomkop stommeling stommerd stommerik sufferd sufkont sufkut uil uilenbal uilskuiken weetniet zakkenwasser zultkop	8-64803-S
dome	23-7760-S
domein	17-48793-B,26-2586-S,28-58405-B,38-2523-B
domein gebied invloedssfeer vakgebied	27-13054-S
domesticatie	27-24067-B
domicili verblijf woonplaats	35-59988-B
domicilie verblijf vestiging woonplaats	7-35839-S
dominant	33-35479-S
dominant dominerend gezaghebbend maatgevend toonaangevend	18-63558-S
dominantie heerschappij overheersing	33-35310-B
dominantie overheersing	24-13194-B
domineren heersen overheersen	24-22148-S
domineren onderwerpen overheersen	31-20525-S
dominerend gezaghebbend maatgevend toonaangevend	18-63558-S
domini in het jaar onzes heren na christus	28-47250-S
dominica	12-933-S
dominica gemenebest dominica	12-933-B
dominicaan	31-36142-B,34-24238-B
dominicaanse gebarentaal	24-29235-B
dominicaanse republiek	12-25859-B
domino dominosteen	33-35717-B
dominosteen	33-35717-S
domkop	39-14872-B
domme gans dommerik domoor drol droplul druiloor eend eendenkuiken ei eikel ezel ezelsveulen flapdrol gehaktbal hals hansworst jojo kaffer kalf kalfskop kloris koe kuiken kwezel leeghoofd minkukel nitwit oelewapper oen oetlul oliebol onbenul rund schaapskop steenezel stomkop stommeling stommerd stommerik sufferd sufkont sufkut uil uilenbal uilskuiken weetniet zakkenwasser zultkop	8-64803-S
dommerik domoor drol droplul druiloor eend eendenkuiken ei eikel ezel ezelsveulen flapdrol gehaktbal hals hansworst jojo kaffer kalf kalfskop kloris koe kuiken kwezel leeghoofd minkukel nitwit oelewapper oen oetlul oliebol onbenul rund schaapskop steenezel stomkop stommeling stommerd stommerik sufferd sufkont sufkut uil uilenbal uilskuiken weetniet zakkenwasser zultkop	8-64803-S
domoor drol droplul druiloor eend eendenkuiken ei eikel ezel ezelsveulen flapdrol gehaktbal hals hansworst jojo kaffer kalf kalfskop kloris koe kuiken kwezel leeghoofd minkukel nitwit oelewapper oen oetlul oliebol onbenul rund schaapskop steenezel stomkop stommeling stommerd stommerik sufferd sufkont sufkut uil uilenbal uilskuiken weetniet zakkenwasser zultkop	8-64803-S
domweg eenvoudigweg onnadenkend simpelweg	36-14331-B
don	14-11896-B,37-28218-B
donald duck	10-67520-B
donateur gever schenker steunlid weldoener	14-26226-S
donatie dotatie gift schenking	14-20934-B
donatie schenking	16-26669-B,29-8726-B
donau	25-37284-B
donder	20-50835-B
donder lichaam lijf ons aardse huis	8-86516-S
donderdag	10-17638-B,28-35279-S
donderdags	26-46152-B
donderen duvelen kukelen lazeren mieteren vallen	7-53169-B
donderslag	23-53088-B
doneren geven schenken verlenen verstrekken	18-36403-S
dongle	15-36627-B
donjon	22-21987-B
donker donkerheid duisternis	32-14159-B
donker duister somber	13-30936-B
donker maken donker worden verduisteren	33-17062-B
donker worden verduisteren	33-17062-S
donkerblauw	37-16086-B
donkere energie	38-1637-B
donkere kamer	26-3229-S
donkere materie	11-36922-B
donkergroen	17-56691-B
donkerheid duisternis	32-14159-S
donkerhuidig	22-25976-B
donkerogig	21-26951-B
donkerrood	26-29058-B
dons	8-21788-B
dood	34-32558-B
dood doodgegaan gestorven heengegaan overleden	32-33353-B
dood gaan doodgaan expireren heengaan het hoekje om gaan het leven laten inslapen overlijden sterven verscheiden	9-4073-S
dood levenloos	16-392-B
dood overleden	9-52279-B
dood pest	33-43848-S
doodbloeden	35-34274-B
dooddoen doodmaken kapotmaken ombrengen vellen	8-59205-S
doodgaan expireren heengaan het hoekje om gaan het leven laten inslapen overlijden sterven verscheiden	9-4073-S
doodgegaan gestorven heengegaan overleden	32-33353-S
doodgraver grafdelver	37-6388-B
doodklap dreun hengst hijs kleun lel loeier opdoffer opdonder opduvel oplawaai oplazer opsodemieter opstopper optater peut poeier ram	14-45012-S
doodlopen uitgeput geraken uitsterven verzanden	33-29611-B
doodmaken kapotmaken ombrengen vellen	8-59205-S
doodmoe doodop hondsmoe kapot op	16-13758-S
doodop hondsmoe kapot op	16-13758-S
doods	33-50129-S
doodsangst doodsstrijd kwelling ondragelijke pijn	26-43892-B
doodsbed	39-12680-B
doodsbed sterfbed	20-33393-B
doodsbenauwd gekweld	26-43835-B
doodsbericht rouwadvertentie	11-60714-B
doodsbleek lijkbleek	27-41610-S
doodschieten neerschieten overhoopschieten	21-21973-S
doodskist lijkkist	30-55225-B
doodssnik geven de eeuwigheid in gaan de geest geven de grote reis aanvaarden de laatste adem uitblazen de poeper dichtknijpen de wereld verlaten dood gaan doodgaan expireren heengaan het hoekje om gaan het leven laten inslapen overlijden sterven verscheiden	9-4073-S
doodsstrijd kwelling ondragelijke pijn	26-43892-S
doodstraf	15-30243-B
doodtij	26-32984-B
doodziek	26-43637-B
doof gehoorgestoord hardhorend	17-38421-B
doofpotaffaire	31-50269-B
dooi	17-45530-B
dooi ontspanning	32-53689-S
dooier eierdooier eigeel	9-24865-B
doolhof labyrint	20-35774-B
doop doopsel	14-53731-B
doopsel	14-53731-S
doopvont	28-28692-B
door	25-40176-S,26-10919-S,26-20499-S,26-40441-S,26-40688-S
door de mens veroorzaakte klimaatsverandering	3-42029-B
door de mens veroorzaakte ramp	3-16984-B
door de wind	10-67720-S
door door het feit van doordat gezien vanwege wegens	10-11870-B
door door middel van	19-15822-B
door doorheen erdoor	36-14420-B
door een	27-302-S
door en door exhaustief faliekant finaal gans geheel glad gladweg heel helemaal in extenso lijnrecht onverdeeld over de hele linie totaal van a tot z vol volkomen volledig voluit voor honderd procent een en al	8-87106-S
door exhaustief faliekant finaal gans geheel glad gladweg heel helemaal in extenso lijnrecht onverdeeld over de hele linie totaal van a tot z vol volkomen volledig voluit voor honderd procent een en al	8-87106-S
door het feit van doordat gezien vanwege wegens	10-11870-S
door middel van	19-15822-S
door middel van met het gebruik van ten gevolge van	18-47838-S
door middels via	10-73681-B
doorbraak	18-6392-B
doorbraak vinding vondst	18-6267-S
doorbreken	13-23472-S
doordacht opzettelijk weloverwogen	20-20950-B,26-34174-B
doordacht welbewust weloverwogen	18-21364-S
doordacht weldoordacht weloverwogen	31-34026-S
doordat gezien vanwege wegens	10-11870-S
doordenken overdenken overleggen redeneren	30-39385-S
doordrammen drammen erop staan opdringen zeuren	31-8090-S
doordrenken	21-17063-B
doordringen	24-12753-B
doordringend	34-33304-B
dooreenmengen husselen mengen mixen samenvoegen vermengen	31-13973-B
doorgaan	10-53372-B
doorgaan hervatten vervolgen voortzetten	8-61662-S
doorgaans gewoonlijk in de regel in het algemeen meestal meestentijds normaal normaliter over het algemeen veelal	12-7690-B
doorgang gangpad	26-48712-B
doorgang groene gang	3-9549-S
doorgegeven overgebracht overgedragen	25-1277-B
doorgeven doorsturen doorzenden	20-30609-B
doorheen erdoor	36-14420-S
doorlaatpost	30-7157-S
doorlatendheid	4-25513-B
doorlichting	6-28880-B
doorlopend	30-48184-B
doorlopend eindeloos gedurig onafgebroken onafgelaten ononderbroken onophoudelijk voortdurend	25-42665-S
doormaken ervaren gewaarworden ondergaan ondervinden voelen	17-67371-S
doormeter	24-17553-S
doormeter doorsnede middellijn	24-17789-S
doorn	37-10707-B
doornat doorweekt drijfnat kletsnat poedelnat zeiknat	32-34520-B
doorschijnend doorzichtig ragfijn transparant	32-56910-S
doorslaggevend	21-13933-S
doorslaggevend hachelijk kritiek	28-36882-B
doorslikken slikken	15-37692-B
doorsnede middellijn	24-17789-S
doorsneden	29-26575-B
doorstromingsveld	2-41546-B
doorstroom	18-34182-S
doorsturen doorzenden	20-30609-S
doortastend drastisch ferm krachtdadig radicaal rigoureus	33-36335-B
doorvoeren teweegbrengen tot stand brengen verwezenlijken volbrengen	33-48553-S
doorweekt drijfnat kletsnat poedelnat zeiknat	32-34520-S
doorweken weken	5-23054-B
doorzenden	20-30609-S
doorzichtig	14-11099-B
doorzichtig ragfijn transparant	32-56910-S
doos	8-80205-B
doosje	38-35850-S
dopeling	23-25786-B
dopen	22-9545-B,32-16044-B
doper	24-10938-B
dophoed	22-15210-S
doping	9-48861-B
dopplereffect	17-36064-B
dor droog	27-36721-B
dor duf eentonig kleurloos monotoon saai slaapverwekkend stoffig suf	11-15467-B
dorade goudbrasem	15-41236-B
dordogne	23-760-B
dorheid droogheid	27-36795-B
dorp	6-8491-B,24-4383-B
dorst	14-52982-B
dorst lessen	29-41204-S
dorstig	14-53381-B
dorsvlegel	17-15442-B
dosering dosis	2-18223-B
dosis	2-18223-S,2-18248-B,2-30604-S
dosis effectrelatie	2-18260-B
dossier ordner	39-7424-B
dotatie gift schenking	14-20934-S
dottig leuk lief snoezig vertederend	32-11905-S
douane	2-7479-B,10-50674-B
douane douanier	20-41373-B
douanetarief	7-8795-B
douanier	20-41373-S
doubleren redupliceren verdubbelen	12-13544-B
doubs	23-936-B
douche stortbad	38-9574-B
douchen	38-9689-S
douwen duwen	8-69457-B
doven uitdoven uitgaan	14-61428-B
down	26-9463-S
down dronken gedeprimeerd neerslachtig	14-45935-S
downloaden	24-30762-B
downtijd downtime	14-59203-B
downtime	14-59203-S
dozijn	13-8064-B
dra eerdaags eerlang eerstdaags gauw kortelings seffens spoedig straks weldra welhaast	13-30181-S
draad	9-15053-B
draad garen	21-10465-B
draad versleten	39-2599-S
draadloos	21-42081-B,31-41301-B
draagbaar	11-4706-B
draagbalk balk	20-25750-B
draagkracht geldmiddelen middelen	34-10483-B
draagstoel	30-25490-B
draagtijd dracht	21-2572-S
draagvermogen laadvermogen	3-39453-B
draaibank	20-34232-B
draaiboek	10-65447-B
draaiboek scenario script	19-10136-B
draaien	30-24552-B
draaien kiezen	22-26134-S
draaien ronddraaien rondwentelen wentelen	8-66912-B
draaiend tegen de klok in	21-17227-S
draailier	31-42910-B
draaimolen	38-35328-B
draaioven	5-10076-B
draaischijf kiesschijf	27-4583-B
draait om	33-37928-B
draaitol	17-19240-B,38-35517-B
draak	19-8726-B
drachme	38-0-S
drachme griekse drachme	38-0-B
dracht	21-2572-S
drachtig	20-8478-B
draconisch gewetenloos meedogenloos onbarmhartig ongenadig onmeedogend ontoegeeflijk onverbiddelijk onvermurwbaar overdreven streng streng	33-36064-S
dracunculiasis	39-686-B
dragen	10-84569-B,13-29801-B,17-15730-B,19-11679-B
dragen dulden gedogen harden lijden ondergaan velen verdragen verduren	14-39425-B
dragon	34-46061-B
dragon slangenkruid	34-46160-B
drainage	2-18375-S
drake	19-35438-S
dralen talmen treuzelen twijfelen weifelen	11-44098-S
dram	13-37481-B
drama tragedie tragiek treurspel	20-41688-B
dramatisch	36-14500-B
dramaturg toneelschrijver	25-29791-B
drammen erop staan opdringen zeuren	31-8090-S
drang gretigheid hunkering lust verlangen zin	28-16501-S
drank	1-28897-B,19-8665-S
drank gedistilleerd geestrijk vocht korte drank spiritualien spraakwater sterke drank vuurwater	14-50483-S
drank spiritualien spraakwater sterke drank vuurwater	14-50483-S
drank vuurwater	14-50483-S
drankenindustrie	1-28815-B
drankzucht	26-49750-S
drastisch ferm krachtdadig radicaal rigoureus	33-36335-S
draven galopperen hardlopen hollen rennen	9-14182-B
dravidische taal	9-66950-B
draw gelijkspel puntendeling	13-45995-B
dreigen	22-671-S
dreigend	34-20216-S
dreiging gevaar onheil onveiligheid	10-75857-B
dreiging gevaar onheilsdreiging risico	3-11256-B
drempel	19-11595-B,24-33879-B
drenthe	22-43931-B
dresseren	31-13042-S
dreun hengst hijs kleun lel loeier opdoffer opdonder opduvel oplawaai oplazer opsodemieter opstopper optater peut poeier ram	14-45012-S
dreunend	21-329-B
dreuzel	33-59005-B
drie	7-20669-B,9-5674-B,12-41122-B
drie eenheid	15-54518-B
drie principes van milieubeleid	6-2560-S
driedimensionaal	30-43326-B
drieduizend	38-20265-B
drieendertig	10-32279-B
drieentwintig	10-30363-B
drieenveertig	10-39630-B
drieenvijftig	10-42005-B
driehoek	12-61494-B
driehoekig	16-4393-B
driehonderd	38-6605-B
driejaarlijks	34-12082-B
drieklovendam	28-46182-B
driekoningen	21-22608-B
driekoppig	38-3376-B
drielingzenuw nervus v nervus trigeminus vijfde hersenzenuw vijfde zenuw	33-231-S
driemanschap triumviraat	36-25792-B
driest onbesuisd onstuimig overmoedig roekeloos stoutmoedig vermetel	36-15064-B
driestheid onbeschoftheid ongegeneerdheid onvervaardheid	34-57807-S
driestheid onbesuisdheid stoutheid vermetelheid	36-9121-B
drievoudig triple	25-1682-B
driewieler	22-20440-B
drift geilheid sensualiteit wellust zinnelijkheid	31-29011-B
drift stuurloos	26-28856-S
driftig opvliegend prikkelbaar	16-50900-B
drijfgas	4-38550-B
drijfnat kletsnat poedelnat zeiknat	32-34520-S
drijfstang zuigerstang	12-48232-B
drijfvermogen	21-15997-B
drijven jagen	13-49142-B
drijven vlotten	8-70570-B
drijvend	12-38155-B
drijvende olielaag olievlek	4-17920-B
dringend emfatisch expliciet met klem nadrukkelijk uitdrukkelijk	33-55581-B
dringend meteen nijpend onmiddelijk spoedeisend subiet terstond urgent	18-296-S
dringend pressant spoedeisend urgent	34-21444-B
dringend verzoeken manen oproepen	22-29374-S
drinkbaar	20-25118-B
drinken	8-53374-S
drinken zuipen	14-23600-B
drinker dronkaard dronkenlap dronkenman dweil zatladder zatlap	8-81806-S
drinkgeld fooi	38-1324-B
drinkwater	2-18646-B,2-18933-S
drinkyoghurt	30-23369-B
droef droefgeestig droevig mismoedig mistroostig moedeloos neerslachtig pijnlijk rouwig sip smartelijk somber teneergelagen terneergeslagen treurig triest triestig verdrietig	13-28341-S
droefgeestig droevig mismoedig mistroostig moedeloos neerslachtig pijnlijk rouwig sip smartelijk somber teneergelagen terneergeslagen treurig triest triestig verdrietig	13-28341-S
droefgeestigheid gedeprimeerdheid misnoegdheid moedeloosheid neerslachtigheid somberheid verslagenheid zwaarmoedigheid	21-33107-S
droevig maken triestig maken	30-53440-S
droevig mismoedig mistroostig moedeloos neerslachtig pijnlijk rouwig sip smartelijk somber teneergelagen terneergeslagen treurig triest triestig verdrietig	13-28341-S
droevig worden	30-53568-B
droge droog	8-52925-B
drogen	10-61495-B
drogen droging uitdroging	2-19226-B
droger droogtrommel	28-32413-B
droging uitdroging	2-19226-S
drogman	37-1551-B
drogreden misconceptie	22-2890-B
drol droplul druiloor eend eendenkuiken ei eikel ezel ezelsveulen flapdrol gehaktbal hals hansworst jojo kaffer kalf kalfskop kloris koe kuiken kwezel leeghoofd minkukel nitwit oelewapper oen oetlul oliebol onbenul rund schaapskop steenezel stomkop stommeling stommerd stommerik sufferd sufkont sufkut uil uilenbal uilskuiken weetniet zakkenwasser zultkop	8-64803-S
drom hele volksstammen horde leger legioen massa menigte meute myriade schare	14-31780-B
drome	23-1096-B,23-15838-B
dromedaris	16-52648-B
dromen	12-12490-B
dromen fantaseren mijmeren	12-12583-S
