terminator	25-8927-B
terminologe	27-419-B
terminologie	5-40698-S,14-25111-B
terminus	18-35418-B
terminus technicus	18-41011-S
termite	5-40749-B
terrakotta	25-844-B
terrestrisches gebiet	5-40765-B
terrine	35-20295-B
territoire de belfort	23-12531-B
territorial	34-8991-B
territorium	5-40851-S,9-70198-B,18-21573-S
territorium im indischen ozean	22-16531-S
terror	32-18641-B
terrorismus	18-36061-B
terrorist	11-7247-B
terroristisch	11-7415-B
tertiaerer sektor	5-41121-S
tesafilm	38-7240-S
tesla	13-20453-B
test	1-13586-S,3-29249-S,3-29278-S,9-39273-S,20-16863-S
test tuberkulin test tuberkulintest	32-811-S
test tuberkulintest	32-811-S
testament	13-35867-B
testen	5-41178-B
testikel ei	14-12407-S
testorganismus	5-41671-B
testosteron	24-3835-B
tetanus wundstarrkrampf	21-28424-B
tetrachlorethen	4-25368-S
tetraeder	30-47391-B
tetum	22-26438-B
teuer	8-62001-S
teuerung verteuerung	37-10220-B
teufel	24-3492-B,27-34071-S
teufelsaustreibung	34-22536-S
teufelswild wutentbrannt wutschnaubend wutschaeumend zornentbrannt	20-21767-S
teuflisch	24-30595-S
texas	14-62283-B
text	21-10293-B
textadventure textadventurespiel	11-62626-S
textadventurespiel	11-62626-S
textilfaser	1-16345-S
textilien	5-41837-B
textilindustrie	5-41700-B
textilpflanze	7-7646-B
textmarker	10-55219-S
textmining	9-72369-B
textnachricht	38-10551-S
textur	25-25719-B
textverarbeitung	23-48717-B
thai thailaendisch	9-50283-B
thailaendisch	9-50283-S
thailaendische gebaerdensprache	25-10556-B
thailand	11-70049-B
thalamus	24-3859-B
thallium	5-42002-B
thanksgiving	16-1809-B
thaumaturgie	12-66028-B
theater	14-48756-B,24-5219-B
thein	20-48328-S
theismus	23-47140-B
theke	30-21285-B
thema	7-14751-B,22-35802-S
theodolit	29-6569-B
theokratie	21-28801-S
theologe	27-1953-B
theologie	27-1919-B
theophanie	21-22608-S
theorem	25-33212-S
theoretisch	18-54525-B,30-42642-B,30-42700-B
theoretische chemie	27-1875-B
theorie	2-21747-S,12-40284-B
therapeutisch	24-3877-B
therapie	5-42310-S
thermalwasser	5-42832-B
thermische energie	3-12381-S
thermodynamik	5-42857-B
thermodynamische temperatur	34-31626-S
thermometer	15-39077-B
thermoselect verfahren	5-42929-B
thermosphaere	30-8433-B
thermostat	15-39140-B
thesaurus	5-43024-B,7-38891-S
thika	32-43118-B
thimphu	25-39468-B
tholosen toulouse	23-18219-B
thom	23-18626-S
thonga tsonga xitsonga	27-32151-S
thorakotomie	37-25823-B
thorium	14-62371-B
thriller	32-35019-B
thrombozyt	24-3993-S
thrombus	13-5414-S
thron	12-15077-B
thronerbe thronfolger	12-15156-S
thronfolger	12-15156-S
thronverzicht verzicht	12-5947-S
thueringen	22-42912-B
thulium	15-2421-B
thun	19-42582-S
thun nordatlantischer thun roter thun	19-42582-S
thun roter thun	19-42582-S
thunfisch grosser thun nordatlantischer thun roter thun	19-42582-S
thunfisch tunfisch	19-42094-B
thunfischsalat	38-6183-B
thymian	31-48081-S
thymian gartenthymian kuttelkraut roemischer quendel thymian	31-48081-S
thymin	27-6959-B
tiber	26-27094-B
tibet	28-35968-B
tibetisch	39-7064-B,39-7084-B,39-7115-B
tibetische schrift	28-52939-B
tibetische sprache	15-15497-S
tick duck	37-17575-S
tick tick duck	37-17575-B
tick trick und track	10-67413-B
ticket	17-50199-S
tide	5-43101-S
tidegewaesser	5-43076-B
tief	9-38864-B
tief haengende frucht	27-49826-B
tief tiefdruckgebiet	15-35062-B
tiefdruckgebiet	15-35062-S
tiefe	30-43582-B
tiefflug	3-40712-B
tiefkuehlpizza	35-57485-S
tiefsee	2-9845-B
tiefseebergbau	7-18354-B
tier	1-15724-B,2-18125-S
tieraerztlich	21-36766-B
tierart	4-3588-S,6-21117-B
tierarzt veterinaer	21-36900-B
tierasyl tierheim	20-26689-B
tierbehausung	1-15000-B
tierbestand	6-24914-B
tierbiologie zoologie	6-35988-B
tierernaehrung	1-15429-B
tierfortpflanzung	6-24942-B
tiergarten tierpark zoo zoologischer garten	6-19783-B
tiergenetik	1-14960-B
tierhaltung viehzucht	1-15113-B
tierhandel	1-16405-B
tierheim	20-26689-S
tierische textilfaser	1-16345-B
tierkrankheit	1-14701-B
tierkreis zodiakus	20-39202-B
tierkunde zoologie	6-19842-B
tierlaerm	1-15406-B
tierleben	6-20258-B
tierleiche	29-6803-S
tiermedizin veterinaermedizin	6-8143-B
tiermist	1-15233-S
tieroekologie	1-14837-B
tierpark zoo zoologischer garten	6-19783-S
tierphysiologie	1-15458-B
tierrechte	6-31859-B
tierschlachtung	5-21518-S
tierschutz	1-15491-B
tierseuche viehseuche	37-27674-B
tierverhalten	1-14674-B
tierversuch	1-14866-B
tierwanderung	4-3550-B
tierzucht viehzucht	3-39284-B
tifinagh schrift tifinar	22-31890-S
tifinagh tifinagh schrift tifinar	22-31890-B
tifinar	22-31890-S
tiflis	19-4624-B
tiger	12-11064-B,21-12742-S
tiger amurtiger sibirischer tiger	21-12742-S
tigerin	38-1481-B
tigermuecke	12-47556-S
tigrinnisch	28-12190-B
tigris	22-33358-B
tilde	17-67816-B
tilgen wegwischen	33-48034-S
tim	22-28704-B
timbre	38-22428-S
time to market	9-42295-B
tinnitus	37-28988-B
tinte	3-25503-S
tintenfass	38-24973-B
tintenfisch	19-2117-S,19-2171-S,25-15834-S
tintenkiller tintenloescher tintenloeschstift tintentod	38-2944-S
tintenloescher tintenloeschstift tintentod	38-2944-S
tintenloeschstift tintentod	38-2944-S
tintentod	38-2944-S
tip tipp	16-50812-B
tipp	16-50812-S
tippen	9-49513-B
tippfehler	9-59866-B
tirana	14-57260-B
tirol	22-43495-B
tisch	10-53509-B
tischbein	37-7827-B
tischdecke	38-11982-B,39-17232-S
tischler	15-16588-S,18-41404-B
tischmanieren	35-51955-B
tischtennis	26-31290-B
tischtennisspieler	26-31154-B
tissue papier tissuepapier	38-28293-B
tissuepapier	38-28293-S
titan	5-43715-B,23-47364-B
titandioxid	5-44318-B
titanenwurz titanwurz	38-1052-B
titanwurz	38-1052-S
titel	9-39986-B,9-39998-B
titelseite	13-57173-S
tjalk	28-1871-B
tk pizza tiefkuehlpizza	35-57485-B
to market	9-42295-S
toast toastbrot	9-60812-B
toastbrot	9-60812-S
toasten	9-60851-S
toaster	13-18240-B
tobago	12-26586-S
tochter	8-35576-B
tochtergesellschaft	25-20075-B
tochtersohn	9-49854-B
tocopherol	23-55208-S
tod	16-392-B,33-43848-S,34-32558-B
todbringend toedlich	16-43444-S
todesanzeige traueranzeige	11-60714-B
todesengel	33-50129-B
todesfall	37-6263-B
todesjahr	33-50023-B
todesstrafe	15-30243-B
todestag	33-49922-B
todkrank	26-43637-S
todmuede uebermuedet	16-13758-S
toedlich	16-43444-S
toeten	10-60599-B,10-60789-S
toeten sich umbringen	33-44651-S
toeten umbringen	8-59205-B
tofu	7-37655-B
toga	21-11996-B
togo	12-609-B
togoer	26-10903-B
toilette wasserklosett	9-34281-S
toilette wc	39-3181-S
toilette wc stilles oertchen oertchen	8-40928-S
toilettendeckel	35-46538-S
toilettenpapier wc papier	32-11075-S
tok pisin	25-46249-S
tokelau inseln	22-40880-B
toki pona	16-21134-B
tokio praefektur tokyo	10-36912-S
tokio tokyo	10-36293-B
tokyo	10-36293-S,10-36912-S
toleranz	18-29357-B,18-29450-B
tolerieren	14-39425-S,31-29984-B
toll	20-35688-B
tollkuehn waghalsig uebermuetig	28-3159-S
tollpatschig unbeholfen ungeschickt	38-37946-S
tomahawk	8-19254-B
tomate	17-24299-B
tomatenketchup	38-301-S
tomatenmesser	26-36753-B
tomatensuppe	26-24403-B
tomé und príncipe	12-26886-S
tonbak	15-41179-B
tonerde	1-12767-S
tonga	12-34840-B
tongaisch	27-30412-B
tongkin golf von tongking golf von tonkin	25-21004-S
tongking golf von tonkin	25-21004-S
tongo	16-10063-S
tonhaltig	23-19051-B
tonhoehe tonlage tonstufe	13-66920-B
tonkin	25-21004-S
tonlage tonstufe	13-66920-S
tonmalerei	16-19054-S
tonne	30-36170-B
tonnengewoelbe	24-10992-B
tonnenschwer	17-56578-B
tonsillenstein tonsillolith	37-33779-S
tonsillitis	36-18211-B
tonsillolith	37-33779-S
tonsprache	25-37849-B
tonstufe	13-66920-S
tonsur	37-21889-B,37-21994-B
top level domain	26-2419-B,26-2586-S
topf	8-72185-S
topfgucker naseweis	39-957-S
topinambur	13-8987-B
topkapı palast	37-17377-B
topografie	21-2481-B
topografie topographie	21-2447-B
topographie	21-2447-S
topologie	20-41654-B
toponomastik ortsnamenforschung ortsnamenkunde toponymie	20-49853-B
toponym ortsname	21-1875-B
toponymie	20-49853-S
tor	9-27820-B,12-55925-B,12-56125-B
tor tropf trottel vollhonk vollpfosten	8-64803-S
torero	29-33523-S
torf	4-25058-B
torfbeere	32-32737-S
torfrau torhueter torhueterin tormann torwart	13-56382-B
torhueter torhueterin tormann torwart	13-56382-S
torhueterin tormann torwart	13-56382-S
tormann torwart	13-56382-S
tornado	5-44674-B
toronto	18-34913-B
torpedo	20-41240-B
torso	13-66082-S
torte	14-9412-S
torwart	13-56382-S
toskisch	9-49836-B
tot	9-52279-S
tot verstorben	32-33353-B
totalitarismus	14-28646-B
tote sprache	29-3855-B
toten	15-21330-S
totengraeber	37-6388-B
totenkopf totenschaedel	22-36216-B
totenlade	39-12680-S
totenmaske	25-16189-B
totenschaedel	22-36216-S
totenstarre	34-47006-S
totenwache	9-41863-B
toter	10-60427-S
totes meer	19-6645-B
totschiessen	21-21973-S
totschlaeger	31-43777-B
touchscreen	33-23931-S
toulon	29-19504-B
toulouse	23-18219-S
toupet	35-52250-B
tourismus	5-44839-S
tourist	18-35472-B
touristengebiet	5-45160-B
touristisch	28-52877-B
tours	29-19316-B
toxikologe	31-37353-B
toxikologie	5-45397-B
toxikologische untersuchung	5-45348-B
toxin	5-45446-S
toxisch	15-25787-S
toxische wirkung	5-45195-B
toxisches metall	5-45317-B
toxizitaet	5-45226-B
toxoplasmose	12-20089-B
trabant	8-11124-S
tracer	3-43691-B,5-2324-S
trachea	32-26420-S
track	10-67413-S,37-17710-B
tradition	18-54354-S
traditionell	18-34587-S
traditionelle architektur	6-31476-B
traditionelles chinesisch	27-8796-B
traechtig	20-8478-B
traegheit	21-9307-B
traene traenentropfen	9-69010-S
traenen	24-9841-B
traenengaspatrone	21-31845-B
traenentropfen	9-69010-S
traeumen	12-12490-B,12-12583-B
traeumen vor sich hintraeumen wegschwimmen	11-20358-S
trafo transformator	18-27932-B
tragbar	11-4706-S
tragen	10-84569-B,13-29801-B,17-15730-B,19-11679-B
tragen eingebildet hochnaesig	38-29590-S
tragfaehigkeit	3-39453-S
tragflaeche	9-29508-S
tragoedie	20-41908-B
tragoedie trauerspiel	20-41688-B
trainer	21-10757-B,27-55876-B
trajektorie	6-1031-S
trakt verdauungsapparat verdauungstrakt	25-36653-S
traktat	21-36160-S
tralje	39-18495-S
traljenbett	39-18567-S
tram	9-47483-S
tramonti	19-50164-B
trampen	28-20524-S
trampolin	29-55895-B
tran	36-7081-S
transaktion	18-54476-B
transformation	17-25587-B
transformator	18-27932-S
transitiv	32-44390-B
transitive relation	31-0-B
transitives verb	15-54829-B
translation	13-9625-B
transliterieren	26-9193-B
transmutation	21-12198-B
transneptunisch	37-10380-B
transparant	32-56910-B
transparent	14-11099-S
transpiration	6-1321-B
transpirieren	37-14422-S
transport	6-1416-B,6-1616-B
transportband	31-38841-B
transporteren	21-21168-B
transportmittel	31-38701-S
transportunternehmen	6-1348-B
transvestit	11-9396-B
trapani	23-24160-B
trapdoor	37-26918-S
trapez	15-24775-B,21-11875-B
trapezfoermig	25-1117-B
trassierung	6-23868-B
traube	29-32579-B
traube weintraube	16-10255-S
traubenkohl	13-65446-S
traubensaft	30-31202-B
traubenzucker	32-23154-S
trauen verheiraten	11-63982-B
trauer	12-59529-B
traueranzeige	11-60714-S
trauerspiel	20-41688-S
traum	9-20491-B,11-59900-B
traumatologie	37-1051-B
traumazentrum	25-15560-B
traurig trist trueb truebe truebsinnig unfroh ungluecklich	13-28341-S
trauring	8-2740-S
trauschein eheaehnliche gemeinschaft wilde ehe	37-3899-S
trauung verehelichung verheiratung vermaehlung	7-38169-S
treffen	10-7855-S,13-61998-S,16-62442-B,19-19210-B
treffer	10-56989-B
treiben	13-49142-B,26-28856-B,31-11851-S
treiben es tun ficken in die kissen steigen in die kiste springen knaeggern miteinander schlafen pimpern roedeln schnackseln sich dem liebesspiel hingeben sich der schoensten nebensache der welt widmen voegeln	10-61715-S
treibhaus	36-31385-S
treibhauseffekt	3-9662-B
treibhausgas	3-9693-B
treibstange	12-48232-S
treibstoff	4-38550-B
treibstoff sprit	4-6475-S
tremor	31-10602-B
trend	6-2485-B
treng	23-21364-S
trennbar	32-45630-B
trennbruch	19-43910-S
trennen	24-37547-B,33-9660-S
trennkanalisation	7-1767-B
trennung	24-21943-B
treppab treppabwaerts unten	39-8106-S
treppabwaerts unten	39-8106-S
treppe	33-41575-B
treppenabsatz	22-9206-B
treppengelaender	18-61392-B
tresorfach	18-11929-B
tretboot	13-21505-B
treten	20-31248-B
treu und glauben	39-14416-S
treue	27-4145-B
treuhaender	21-15942-B
treuhaenderisch	21-15968-B
treuhand	21-32883-B
treuherzig unschuldig	35-70641-B
treulos untreu	26-3327-B
triage	20-41077-B
triangel	27-10766-B
triangulation	27-46662-B
triathalon	39-20364-B
triazin	6-2497-B
triceratops	22-34367-B
trichotillomanie	37-15442-S
trichter	9-69378-B
trick	37-17699-B
trick und track	10-67413-S
triebfahrzeugfuehrer	24-10058-S
triebmittel	31-42038-B
triefnass	10-27489-S
triefnass tropfnass	32-34520-S
trient	23-23783-B,23-28231-B
trier	25-1438-B
trigeminus	33-231-S
trigeminus trigeminus	33-231-S
trigonometrie	14-23879-B
trillerpfeife	18-16036-S
trilogie	37-454-B
trimester vierteljahr	11-42547-S
trimethylaminurie	39-2342-B
trinidad und tobago	12-26586-B
trinitaet	15-54518-S
trinkbar	20-25118-B
trinken	8-53374-B
trinken exen herunterstuerzen hinunterstuerzen runterkippen	8-21882-S
trinken saufen	14-23600-B
trinker trunkenbold	8-81806-S,29-5522-S
trinkflasche	8-18983-S
trinkgeld	38-1324-B
trinkglas	21-18869-S
trinkjoghurt	30-23369-B
trinkwasser	2-18646-B
trinkwasserbehandlung	2-18933-B
trio	14-61085-B
tripolis	23-23426-B
trisomie 21	26-9463-S
trist trueb truebe truebsinnig unfroh ungluecklich	13-28341-S
tritium	6-2611-B
trittbrett	23-52356-B
triumph	37-488-B
triumphbogen	28-240-B
triumphieren	37-503-B
triumvirat	36-25792-B
trivial	15-52135-B
trocken	8-52925-B,8-58269-B,10-61368-B,27-36721-B
