randgraphem	16-42575-S
randmeer	19-6775-B
randvoll	29-30802-B
rang	33-47018-B
rangordnung	20-397-S
ranzen schulranzen	14-35798-S
ranzen wampe wanst	7-35381-S
ranzig	33-28548-B
rapide rasant schnell	8-9949-S
rapier	12-51946-B
rappelduerr spindelduerr zaunduerr	10-70407-S
rappen per pedes	37-22116-S
raps	5-3673-B
rapsoel ruebsenoel rueboel	29-26171-S
rapunzel	31-41093-S
rasant schnell	8-9949-S
rasch schnell	9-53247-S
rasen rasenflaeche	21-2883-B
rasenflaeche	7-6119-S,21-2883-S
rasenmaeher	12-32197-B,22-36590-B
rasenstueck	14-25174-B
rasentrimmer	39-6627-S
rasiermesser	36-34153-S
rasierwasser	32-41777-B
rasse	27-16683-B
rasse von	27-16722-S
rassel	32-19077-S
rassen rassisch	34-29867-B
rassenbeziehungen	5-362-B
rassisch	34-29867-S
rassismus	36-31009-B
rassist	29-47276-B
rassistisch	36-31261-B
raster	7-17578-B,30-47023-B
raststaette	28-34118-B
rat	15-38027-B,18-24506-B
rat der europaeischen union	2-31822-B
ratanakkiri	23-21311-B
rate	6-29765-B
raten	12-18551-B
ratgeber	26-34278-B
rathaus	15-53339-B
ratifikation ratifizierung	31-22757-B
ratifizieren	31-22516-B
ratifizierung	31-22757-S
ration	19-43344-B
rationale zahl	31-43553-B
ratte	9-1331-B,9-18226-S
rattenfaenger	35-56039-B
ratzefummel	38-1151-S
ratzen schlafen schlummern	9-36849-S
rau	28-9736-B
raub	22-30047-S
raubbau	4-20769-B
rauben	14-20346-S
raubtier	1-41804-S
raubvogel	1-32485-S
rauch	5-22071-B
rauch aufgehen sich in luft aufloesen sich in nichts aufloesen	19-17075-S
rauch schwaden	3-3097-B
rauchen	5-22454-B,10-13959-B,37-3436-B
rauchen wie ein schlot qualmen wie ein schlot	38-24767-B
rauchfang	33-40985-B
rauchgas	2-41610-B
rauchmelder	37-13243-B
rauchpunkt	30-36941-B
rauchverbot	27-19216-B
rauferei	22-33641-B
rauhfutter	11-27808-B
rauke rucola	36-30826-S
raum	5-28630-S,19-32132-B
raum stube zimmer	8-68791-S
raumfahrer	16-53039-S
raumfahrt	5-29290-B
raumfahrzeug raumschiff	12-23671-B
raumpflegerin reinemachefrau reinmachefrau zugehfrau	37-28674-S
raumplanung	4-28509-B
raumschiff	12-23671-S
raunen wispern	34-25658-S
raupe	29-46381-B
raus verzieh dich zieh leine	13-4603-S
rauschen	37-14791-B
rauschgift rauschmittel	9-68729-S
rauschgifthaendler	22-29746-B
rauschmittel	9-68729-S
rausschmeissen rauswerfen verjagen	33-50747-S
rauswerfen verjagen	33-50747-S
raute rhombus	16-4691-B
ravenclaw	9-65899-B
ravioli	36-28557-B
reagenzglas	32-22630-B
reaktion	1-44890-S,4-28078-S
reaktionskinetik	5-4095-B
reaktiv	35-60261-B
reaktor	5-4128-B,6-36758-S
reaktormantel	2-2032-S
reaktorsicherheit	5-4144-B
realitaet wirklichkeit	13-41980-B
reanimieren wiederbeleben	12-65179-B
reap	23-21334-S
rebellion aufruhr	12-32919-S
rebhuhn	23-33114-B
reblochon	23-57946-B
rebus	13-30119-B
receiver	31-42431-B
rechenschieber	20-20438-B
rechenschwaeche	32-57989-S
rechenstunde	20-20395-B
rechenzentrum	7-14910-S
rechnen	15-4276-S
rechner	8-823-S,14-25665-B,20-9853-B
rechnerisch	15-1346-S
rechnernetz	19-12261-S
rechnung	19-16005-B,19-47794-S,20-9894-S
rechnungswesen	7-8764-B
recht	3-28453-S,4-39299-S,6-32338-B,6-33571-B,15-37627-B,32-48703-S
recht am eigenen bild	37-34642-S
recht ziemlich	8-15587-B
rechte	8-47175-B
rechteck	23-38267-B
rechteckig	24-22442-B
rechtfertigung	24-29347-B,25-5548-B
rechthaber schlauberger schlaumeier	16-51487-S
rechtmaessigkeit	36-24475-S
rechts	28-40691-B
rechtsakt	6-20486-B
rechtsanwalt advokat anwalt	14-20734-B
rechtsbehelf	3-36642-B
rechtsbrecher verbrecher	8-38732-S
rechtschaffenheit redlichkeit wahrhaftigkeit	13-50904-S
rechtschreib schwaeche lese rechtschreib stoerung	17-38011-S
rechtschreib stoerung	17-38011-S
rechtschreibung	18-25074-S
rechtsdokument	3-36668-B
rechtsgebiet	6-21603-B
rechtsgrundlage	3-36390-B
rechtshaendig	11-26184-B
rechtsmaessig	36-40073-S
rechtsorgan	3-31718-B
rechtsprechung	3-31749-S
rechtsstreit	6-33448-B
rechtssystem	6-21629-B,7-10290-B
rechtsvereinheitlichung	3-11122-B
rechtsvergleichung	1-52890-B
rechtsverletzung	36-17895-S
rechtsverordnung	3-36613-B
rechtswesen	14-57323-S
rechtswidrig	29-6264-S
rechtswissenschaft jura	3-31790-B,3-34697-B
rechtwinklig	18-51362-S
rechtzeitig	21-11916-B
recorder videorekorder	13-67108-S
recycling rezyklierung	5-4567-B
recyclingfaehiges material	5-12937-S
recyclingpapier	5-4521-B
redakteur	19-33376-B
rede	37-11746-S,37-11977-S,37-12135-S
rede freie indirekte rede	37-12135-S
rede vortrag	7-4751-S
redefigur rhetorische figur	16-25447-S
redefreiheit	12-68690-S
redefreudig redelustig redselig	18-38713-S
redegewandt	33-52987-B
redegewandtheit	17-17782-B
redelustig redselig	18-38713-S
reden ist silber schweigen is gold	37-18169-B
reden sich unterhalten sprechen	9-51605-B
redescheu sprechfaul	18-36649-S
redeteil wortklasse lexikalische kategorie	14-51803-S
redewendung	13-43358-B,20-44115-S
redlichkeit	24-13812-B
redlichkeit wahrhaftigkeit	13-50904-S
redoxreaktion	4-21273-B
redselig	18-38713-S
redselig schwatzhaft	26-22991-S
reduktion	5-4687-B,25-45456-S
reduzierung verminderung	25-22586-B
referendum	17-42928-B
reflektieren sinnieren ueberlegen sinnen	8-58794-S
reflektor spiegelteleskop	23-37025-B
reflexion	5-4971-B,36-31961-S
reflexionsmessung	5-5087-B
reflexiv	32-44689-B
reflexives verb rueckbezuegliches taetigkeitswort	21-41192-B
reflexivpronomen rueckbezuegliches fuerwort	16-61071-B
refluxoesophagitis sodbrennen	37-4405-B
reformationstag	15-24402-B
refraktion	23-37359-S
refugium	5-5491-B
regal	13-49925-B
regel	8-83880-B,26-23417-S
regel regelblutung tage	13-60274-S
regelblutung tage	13-60274-S
regelmaessiges verb	15-55554-B
regelschmerzen	35-60075-S
regelung	7-9972-B
regelung antriebsschlupfregelung asr	11-14248-S
regen	1-2204-S,5-3261-B
regenbogen	10-29492-B
regenbogenhaut	11-37487-S
regeneration	5-5541-B
regenguss regenschauer schauer	14-455-B
regenmantel	38-37925-B
regensburg	23-41544-B
regenschauer schauer	14-455-S
regenschirm schirm	13-63843-S
regentonne	21-35582-B
regentropfen	10-56235-B
regenwald	5-3493-B,6-2763-S
regenwasser	5-3513-S
regenwurm	2-20116-B
regierung	14-23962-B
regierungskabinett	3-8286-S
region	1-30771-S,5-5574-B
region altai	17-11220-B
regisseur	26-43553-B
register sprachebene stilebene	19-14439-B
registrieren	14-64952-B
regizid	37-20430-S
reglos starr unbeweglich unbewegt	23-42687-S
regnen giessen wie aus kannen in stroemen regnen kuebeln schuetten wie aus eimern	11-59120-S
regnen kuebeln schuetten wie aus eimern	11-59120-S
regnen schiffen	7-36423-S
regnerisch verregnet	8-16536-B
regnitz	28-19914-B
regulierung	6-32705-B
regungslos bewegungslos reglos starr unbeweglich unbewegt	23-42687-B
reh	36-40766-B
rehbock	36-40851-B
reiben	8-68104-B
reiberei streit streitigkeit wortgefecht zank zwist	11-19552-S
reich	13-33354-B,19-43011-B,27-9092-B,29-43571-S,29-44431-S,29-44724-S,38-37600-B
reich byzanz ostrom ostroemisches reich	29-44431-S
reichen	37-7506-S
reichen ueberreichen	7-52295-S
reichlich	27-15855-B
reichsaramaeisch	9-60137-B
reichtum	10-61308-B
reif	24-37081-B
reif reifen ring	8-43480-S
reife	21-45224-B
reifen	6-3851-B
reifen ring	8-43480-S
reifen winterreifen	35-47796-S
reifenfoermig ringfoermig	18-30782-B
reifeteilung	21-939-S
reihe	6-29697-S,11-19461-B,20-13479-B,21-29516-S,24-26407-B,28-18116-S
reiher	13-55521-B
reihern rueckwaerts essen sich erbrechen sich uebergeben vomieren	7-51935-S
reim	36-107-B
rein	9-33378-S
reinemachefrau reinmachefrau zugehfrau	37-28674-S
reinheit	30-31991-B
reinigend	22-15398-B
reiniger	35-35316-B
reinigung	2-19042-S,4-40310-B,7-12652-B,38-26449-S
reinigungskraft	37-28553-B
reinigungsmittel	30-38042-B
reinigungsmittel waschmittel	9-50028-S
reinlich sauber schmutzfrei	13-30465-S
reinlichkeit sauberkeit	6-21871-B
reinmachefrau zugehfrau	37-28674-S
reinregnen	31-9816-S
reis	16-14179-B,21-45149-B
reis reispflanze	5-8246-B
reisanbau	37-33629-B
reisbauer	33-21680-B
reisbrei	37-17941-S
reise	10-83466-B,19-5777-B
reiseagentur reisebuero	18-4319-B
reisebuero	18-4319-S
reisefuehrer	38-15176-B
reisegepaeck	13-65819-S
reisekoffer	10-70252-S
reisekosten	6-1941-B
reisekrankheit	38-19711-B
reisen	6-1927-B
reisepass	14-19059-S
reiseroute route	9-57436-B
reisessig	29-38632-B
reisfeld	38-734-B
reiskocher	29-52654-B
reiskorn	16-14539-B
reispflanze	5-8246-S
reissbrettstift reissnagel reisszwecke	16-29172-S
reissnagel reisszwecke	16-29172-S
reisszwecke	16-29172-S
reiter	12-60546-B,34-4263-B
reiteraufzug reiterzug	14-49522-S
reiterzug	14-49522-S
reitkunst	35-1496-B
reitsattel sattel	21-27624-B
reittier	37-15581-B
reitweg	29-30508-B
reizbar	33-47415-B
rekognoszieren	12-61030-S
rekonstruierte sprache	39-11202-B
rekonvaleszent	30-14022-S
rekord	20-17488-B
rekrutierung	31-10279-B
rektal	34-9986-S
rektor schuldirektor schulleiter schulrektor	7-44225-S
rektum schlackdarm	23-53754-S
rektus erster fall	17-22531-S
rekursives akronym	17-29668-B
relation	16-36917-B,31-0-S
relationale datenbank	7-16524-B
relativ	29-23928-B
relative luftfeuchtigkeit	30-32359-B
relativitaetstheorie	16-54423-B
relativpronomen bezuegliches fuerwort	16-59246-B
relativsatz	37-10993-B
relevanz wichtigkeit	19-21300-S
relief	6-23798-B
religioes fromm frommherzig glaubensstark glaeubig gottesfuerchtig gottglaeubig	34-40805-B
religion	5-5778-B
reliquiar	33-40621-B
reliquie	10-75553-B
remis unentschieden	13-45995-B
ren rentier	27-31289-B
renaissance	17-49200-B
renaturierung	5-5987-B
rendern	23-32791-S
rendezvous	27-48259-B
rendite	6-19279-S
rennen	9-14182-S
rennes	23-21643-B
rennpferd	32-34397-B
rentabel	19-40456-S
rentier	27-31289-S
rentner	38-4582-B
renunziation thronverzicht verzicht	12-5947-S
reparatur	34-41535-B
reparieren	13-64737-B
reparieren verbessern	23-29361-S
reporter	12-64214-S
repositorium verwahrungsort	8-57506-S
repraesentant	28-951-B
repraesentativen demokratie	14-28912-B
reproduktiv	34-26514-B
reptil	32-23645-B
reptilien	5-6436-B
republik	8-13102-S,10-38292-S,12-19911-S,12-25558-S,12-25859-S,29-44079-S
republik aegypten aegypten	12-649-S
republik afghanistan	8-13774-S
republik albanien	8-13944-S
republik altai	17-8460-B
republik angola	8-16150-S
republik botsuana	12-266-S
republik burjatien	17-8596-S
republik der seychellen	12-24307-S
republik dschibuti	11-52980-S
republik finnland	11-35992-S
republik freistaat	12-31609-B
republik haiti	8-13301-S
republik iran	8-12259-S
republik jakutien republik sacha sacha	17-9467-S
republik kalmueckien	17-9074-S
republik komi	17-9292-B
republik kongo	12-25525-B,30-3750-S
republik malediven	12-9990-S
republik mari el	17-9413-S
republik oesterreich oesterreich	8-17195-B
republik sacha sacha	17-9467-S
republik suedafrika suedafrika	11-32803-B
republik syrien syrien	12-21246-S
republik tatarstan tatarstan	17-9541-B
republik tschechei	12-13126-S
republik vietnam vietnam	12-462-S
republik zypern zypern	11-40923-B
republikaner	28-58133-B
republikanisch	28-58015-B
reservat	1-17271-S,25-33496-B
reservat schutzgebiet	6-23836-B
reservieren	14-65042-S
reserviert verschlossen zurueckhaltend zugeknoepft	14-29384-B
reservierung	38-16163-B
resianisch	22-14043-B
resolution	5-7114-B
resorption	5-7314-B
respektabel	31-10990-S
respektlos unehrenhaft	32-29328-B
respektlos unverfroren unverschaemt	11-68634-S
respektlosigkeit	32-20047-B
ressource	4-10714-S,5-6265-S,5-7335-B
ressourcen	3-6262-S,4-13622-S
rest	18-63450-S
restaurant	9-27981-S
restaurant schnellrestaurant	35-7383-S
restaurierung	5-7907-B
restrisiko	5-7082-B
reststoff sekundaerrohstoff recyclingfaehiges material	5-12937-S
resultat	13-12678-S
resultat konsequenz	30-56442-S
retardierung	26-9635-S
retikuloendotheliale zytomykose	20-16442-S
retina	11-37644-S
retinitis	28-29448-S
retinol vitamin a vitamin a1	23-55029-S
rett syndrom	25-16370-B
retten	17-12570-B
rettich	37-9009-S
rettung	22-15546-B
rettungsboje rettungsring	34-3985-B
rettungsdienst	5-6498-B
rettungsring	34-3985-S
rettungsstelle	38-18823-S
rettungssystem	6-22089-B
rettungsweste schwimmweste	38-15596-B
retusche	19-10050-B
reue	11-50880-S,22-8924-B,31-27240-S,31-37533-B
reuevoll	28-21494-B
reval tallinn	14-56588-B
revidieren	22-17868-B
revier territorium	5-40851-B
revision ueberholung	14-22016-B
revisionismus	36-28573-B
revisionsgericht	19-50130-B
revisionsschacht	35-48742-S
revolution	3-9745-S,22-1817-S,29-4535-B
revolutionaer	34-9791-B
reykjavík	14-48266-B
rezension	32-11693-S
rezept	10-50990-B,32-9537-B
rezept verschreibung	10-52595-B
rezeption	39-7524-S
rezession	31-25809-B
reziprokpronomen wechselseitiges fuerwort	16-61347-B
rezyklierung	5-4567-S
rhabarber	38-455-S
rhabarber gemeiner rhabarber gemuese rhabarber krauser rhabarber	38-455-B
rhabarber gemuese rhabarber krauser rhabarber	38-455-S
rhabarber krauser rhabarber	38-455-S
rhein	23-16856-B
rheingold	26-1898-B
rheinland	39-14991-B
rheinland pfalz	22-42648-B
rheinufer	26-44623-B
rheinwein	37-8601-B
rhenium	14-14626-B
rhesus affe	37-19450-S
rhesusaffe rhesus affe	37-19450-B
rhetorische figur	16-25447-S
rheumatologe	16-51357-B
rheumatologie	27-5943-B
rhin oberelsass	23-8727-S
rhin unterelsass	23-8580-S
rhinitis schnupfen	36-19119-S
rhinozeros	11-72355-S
rhode island	15-10235-B
rhodesien	26-11635-B
rhodium	14-16763-B
rhombus	16-4691-S
rhône	22-46803-S,23-8876-B,23-15299-B
rhône alpes	23-19413-B
riboflavin vitamin b2	36-28845-S
ribonukleinsaeure	13-41377-S
rica	12-1472-S
richten	35-48361-S
richter	14-62179-B,21-574-B
richterlich	28-30240-B
richterschaft	21-44533-B
richtig	9-46596-B,10-27332-S
richtig vorschriftsmaessig	8-80539-S
richtlinie	2-14550-B
richtung	9-39068-B
richtungsanzeiger	36-32035-S
ricke	36-40799-B
rico	22-41514-S
riechen	9-37273-B
riechen schueffeln	9-37044-B
riemen	35-21054-S
rieng	23-21751-S
riese	11-48620-B
rieselbewaesserung	6-2514-B
rieselregen	17-60096-S
riesenkaninchen	27-17766-B
riesenrad	36-34327-B
riesig	28-33171-B
riff	5-4812-B
rifttalfieber	37-6524-B
riga	14-56314-B
rigaischer meerbusen	26-7325-B
rind	1-42692-S,7-12443-S,21-15164-B
rinde borke	7-23046-B
rinder rind	7-12443-B
rinderhack rinderhackfleisch	30-88-B
rinderhackfleisch	30-88-S
rinderwahn	23-33722-S
rindfleisch	28-54442-B
rindvieh schafskopf schwachkopf schwachmat simpel spaten spatzengehirn spatzenhirn stiesel strohkopf tor tropf trottel vollhonk vollpfosten	8-64803-S
ring	8-43480-S,15-50209-S,15-50569-B
ring mit eins unitaerer ring	15-50209-B
ringelwurm	28-12285-S
ringen	25-25830-B
ringer	25-26044-B
ringfinger	10-58626-S
ringfoermig	18-30782-S
ringreiten	38-36531-B
ringsherum rund um rundherum	9-26686-B
