boosdoener booswicht misdadiger onverlaat schavuit schoelje schoft schurk slechterik snoodaard	28-22335-S
boosheid	26-23144-S
booswicht misdadiger onverlaat schavuit schoelje schoft schurk slechterik snoodaard	28-22335-S
boot schip	11-17171-B
bootje varen varen	1-33428-B
bootreis boottocht boottrip	21-19636-B
bootsman	29-20825-B
boottocht boottrip	21-19636-S
boottrip	21-19636-S
bootwerker dokwerker havenarbeider	33-34157-B
bord	12-30698-B,12-30791-B,25-43312-B
bordeaux	23-14940-B
bordeel hoerenhuis hoerenkast hoerenkot	35-29864-B
bordspel	13-31447-B
borduren	33-54493-B
borduurwerk	33-54603-B
boren	2-18529-B,22-24320-B
borg garantie onderpand waarborg	31-3414-B
borg onderpand	21-32883-B
borium	1-34458-S
borneo	28-13643-B
borsjt borsjtsj	34-51191-B
borsjtsj	34-51191-S
borst borstkas ribbenkast torso	9-38353-B
borst mamma mem pram tiet vrouwenborst	8-53525-B
borstamputatie mammectomie mastectomie	32-57830-B
borstbeeld buste	22-25720-B
borstbeen sternum	29-28917-B
borstel	10-85355-B,11-120-B
borstelen	10-69179-B,38-30565-B
borstelen poetsen vegen	11-254-B
borstholte	32-23490-B
borstkanker	28-23283-B
borstkas ribbenkast torso	9-38353-S
borstspeld broche sierspeld speld	11-21960-B
borstvergroting	29-52797-B
borstvoeding	34-30983-B
borstzak	29-29200-S
bos	3-538-S,3-21899-S,4-9588-S,6-2739-S,6-17957-B,6-18041-S,6-25859-S,7-12717-S,7-12775-S
bos in de gematigde klimaatzone	5-40412-B
bos ruiker	10-9358-S
bos tros	29-32579-B
bos woud	3-315-B,10-8868-B
bosaanplanting	1-6431-B
bosage struikgewas	36-29017-B
bosbeleid	3-1016-B
bosbes	22-722-B
bosbescherming	6-25967-B
bosbouw	1-8323-S,3-1161-B
bosbouwkundige praktijk	3-1185-B
bosbrand	3-906-B
bosecologie	6-22332-B
bosecosysteem	3-731-B
bosgebied	16-18210-B
boskant bosrand	30-49835-B
bosmaaier	39-6627-B
bosmarmot	38-25641-B
bosnie	15-43966-B
bosnie en herzegovina	14-36848-B
bosnisch	8-76196-B
boson	37-6601-B
bosrand	30-49835-S
bosreservaat	3-1039-B
boston	10-3741-B
bot	8-52207-B,17-60762-B
bot breinloos dom geesteloos hersenloos idioot oenig onbenullig onnozel onverstandig simpel stompzinnig stupide suf verstandeloos zwakhoofdig	10-71935-S
bot bruusk kortaf nors	32-10847-S
bot knok knook	8-51857-S
bot stomp	8-52838-B
botanicus plantkundige	16-25323-B
botanie plantkunde	1-34782-B
botanisch	23-45525-B
botanische kas	6-25523-B
botanische tuin	1-34747-B
botbreuk breuk	35-58821-B
botenhuis	29-20700-B
boter	7-33686-B,38-4445-S
boter bij de vis	36-28482-B
boter op zijn hoofd hebben	37-25376-B
boterbloem ranonkel	32-6240-B
boterham	14-7575-B
botermelk	29-33050-B
boterolie	38-16386-B
boterpot	33-36989-S
botervloot boterpot	33-36989-B
boterzacht	34-16031-B
botnische golf	32-30313-B
botsen collideren	31-3603-B
botsing	11-19015-B
botsing conflict strijd	22-23261-B
botswana	12-266-B
bottelen	14-65512-B
bottleneck flessenhals	29-24726-B,39-3809-B
botulinetoxine	28-45801-B
botulisme	29-26709-B
bouches du rhone	22-46803-B
bougainvillea	21-43111-B
bougie ontstekingsbougie	13-15888-B
boule de berlin berlinerbol	39-19941-S
boulevard esplanade promenade	34-7816-B
boulevardblad boulevardkrant roddelblad roddelkrant schandaalblad sensatieblad sensatiekrant tabloid	21-9595-B
boulevardkrant roddelblad roddelkrant schandaalblad sensatieblad sensatiekrant tabloid	21-9595-S
boulimie	38-28359-B
bourgondie	23-19143-B,27-16803-S
bourguignon	34-45585-S
bourneville	38-12306-S
bout	19-48417-B
bout eend	8-36436-B
bouvet	22-16425-B
bouwafval	1-37158-B
bouwbeleid	7-10390-B
bouwen	2-1522-S,6-24810-S,11-13420-B,24-22873-B
bouwen neerzetten oprichten opzetten	34-5104-B
bouwen opbouwen	11-23828-S
bouwer constructeur	31-34779-S
bouwgrond	1-36866-B
bouwjaar	38-4753-B
bouwkundig	20-49093-S
bouwmateriaal	1-36884-B
bouwonderdeel gebouwonderdeel	1-36668-B
bouwplaats	1-37039-B
bouwplan platte grond	25-1650-B
bouwplanning	1-37011-B
bouwsector	24-22902-B
bouwsteen component deel element gedeelte onderdeel segment	28-39117-S
bouwstijl	6-31476-S
bouwtechnologie	1-37131-B
bouwterrein	1-36646-B
bouwvakker	15-19254-B,20-31749-B
bouwvergunning	4-29481-B,6-32618-B
bouwwijze	10-48521-S
boven	10-33846-B
boven alles bovenal vooral voornamelijk voor alles	36-10195-S
boven op	17-47905-B
bovenaan	36-10156-B
bovenafdichting	5-25604-B
bovenal vooral voornamelijk voor alles	36-10195-S
bovenbeen dij	14-13384-B
bovendien buitendien daarbij daarenboven daarnaast daartegenover dan echter ook overigens ten andere terwijl trouwens verder voorts	13-26230-S
bovengrondse elektriciteitsleiding	4-21084-B
bovenlijf romp torso	13-66082-B
bovenmatig buitenissig buitensporig excessief overdadig overdreven	34-46788-B
bovenmatig enthousiast ongeremd uitbundig uitgelaten	33-46045-S
bovenmatig excessief exorbitant extreem overdadig uiterst	13-41875-S
bovennatuurlijk griezelig spookachtig vreemd vreemdsoortig zonderling	35-26984-S
boviene spongiforme encefalopathie gekkekoeienziekte	23-33722-B
bowlen	14-65581-B
boycot	23-48913-B
boyle	26-51026-S
braadjus jus vleesnat	9-50522-B
braadpan koekenpan pan	33-39073-B
braadspit	29-31184-B
braaf gezeglijk	11-21368-B
braafheid eerlijkheid openhartigheid openheid oprechtheid rechtschapenheid waarachtigheid	13-50904-B
braak	22-3023-B
braak inbraak	27-17386-B
braakliggend gebied	2-36332-B
braakliggend terrein	2-36468-B
braakmiddel emeticum kotsmiddel spuugmiddel	33-55128-B
braaksel kots overgeefsel spuwsel vomitus	7-54080-B
braakwekkend	33-55270-B
braam	22-5274-B
braam braambes	32-32712-B
braambes	32-32712-S
braamstruik	32-32690-B
brabant	22-44081-S
brac snuisterijen	14-50991-S
bracelet	25-11605-S
braeburn	8-51103-B
braille	17-38613-B
brak	35-11533-B
brak gezouten zilt zout zoutachtig zoutig	19-29422-B
braken kotsen overgeven spugen spuwen vomeren	7-51935-B
brakwater	1-35135-B
brand	2-39224-S,10-28579-B,38-23531-B
brand staan	8-62590-S
brandalcohol houtalcohol houtgeest hydroxymethaan methanol methylalcohol	21-27293-B
brandbaar ontvlambaar	21-23941-B
brandbaarheid	1-52154-B
brandbescherming	2-39271-B
brandblaar	8-74330-B
brandblusser	34-39989-S
branden	8-81665-B
branden fikken in brand staan	8-62590-B
branden verbranden	28-7443-B
brandenburg	16-69511-B
brandend maagzuur	37-4405-B
brandend stralend verlicht	27-1654-B
branderij destilleerderij stokerij	33-29096-B
brandewijn	29-27416-B,32-43420-B
brandgevaarlijke stof	3-23889-B
brandhout	32-12735-B
brandhout hout als brandstof	3-3006-B
brandkast kluis safe	10-82338-B
brandmelder rookmelder	37-13243-B
brandnetel	30-45460-S,33-41360-B
brandoffer	37-26029-B
brandpunt	23-49041-B
brandpunt centrum focus middelpunt	20-47208-B
brandstichter	27-38894-B
brandstichting	27-38711-B
brandstof	3-1239-S,3-2522-B,3-3006-S,4-13477-S,6-36895-S
brandstofadditief	3-2853-B
brandstofcel	13-31145-B
brandstoftank	32-27975-B
brandstofverbruik	3-2924-B
brandtrap vluchttrap	38-32962-B
brandveiligheidsvoorschrift	2-39300-B
brandweer	2-39347-B
brandweerman	11-29324-B,11-29500-B
brandweerman pompier spuitgast	11-27647-B
branie durf lef	17-27729-S
brasem	29-28817-B
brasilia	12-32003-B
brassiere bustenhouder	19-30705-B
bratislava pressburg	14-56984-B
braziliaan	19-44639-B
braziliaans	20-10862-B
braziliaanse gebarentaal	24-3288-B
brazilie	11-69581-B,27-34970-S
brazzaville	12-25525-S
breakfast	18-4539-S
breed uitgebreid uitgestrekt wijd	30-36374-B
breed wijd	7-33157-B
breedtegraad	7-17864-B
breekbaar broos delicaat fragiel gevoelig kwetsbaar teer zwak	32-31730-B
breekbaar broos fragiel	18-28211-B
breekijzer koevoet	21-33592-B
breidel teugel toom	29-30423-B
breien	31-32963-B
brein	9-35144-B
brein denkvermogen geestvermogen hersenen hersens rede verstand	9-26757-B
brein hersenen hersens	9-34583-B
breinloos debiel idioot imbeciel onnozel onverstandig onwijs stompzinnig stupide	9-13998-S
breinloos dom geesteloos hersenloos idioot oenig onbenullig onnozel onverstandig simpel stompzinnig stupide suf verstandeloos zwakhoofdig	10-71935-S
breken	14-42268-B,36-4498-S
breken doorbreken	13-23472-B
bremen	22-42367-B
brengen	13-23037-S,13-26438-B,18-33174-S,19-28009-S,28-41214-S
brengen meenemen	10-36496-B
brengen om zeep helpen ombrengen omleggen vermoorden	19-46871-S
brengen op een lijn zetten uitlijnen	27-2485-S
brengen plezieren verblijden verrukken	33-58891-S
brengen van korstmossen	3-42851-S
brengen verbeteren wijzigen	12-18851-S
brengen verminderen	27-2859-S
brengen vervullen volbrengen	23-21964-S
brengen verwarren	28-30502-S
brengen verwezenlijken volbrengen	33-48553-S
brengen vestigen	23-40974-S
brest	29-17582-B
bretagne	15-28009-B
bretel	38-22876-B
bretons	15-35043-B
breuk	6-23026-B,19-43910-B,35-58821-S
breuk scheur spleet	20-19519-S
brevier	32-17109-B
breyell	39-15323-B
briancon	29-19518-B
bric a brac snuisterijen	14-50991-B
bridge brug	14-22895-B
brie	23-57851-B
brief	9-45586-B,22-15605-S
briefhoofd hoofding	22-22718-B
briefing voorlichting	19-46179-B
briefkaart	22-23121-B
briefomslag couvert enveloppe	19-33131-S
briefopener	22-22502-B
briefpapier	22-23655-B
briefweger brievenweger	37-34072-B
briefwisseling	14-57575-S
bries	29-29805-B
brieuc	29-19384-S
brievenbus	22-25844-B
brievenbus bus postbus	12-56292-B
brieventas portefeuille	34-38026-B
brievenweger	37-34072-S
brigade	29-30695-B
brighton	29-25416-B
bril	11-70772-B
brildragend gebrild	12-32482-B
briljant bleek helder licht schitterend stralend	18-57680-B
briljant helder intens schel scherp	13-22883-B
briljant schitterend	22-15654-B
brilpelicaan	39-153-S
brisbane	29-25717-B
bristol	30-30101-S
brit	15-48198-B,29-31034-B
brithenig	24-10918-B
brits engels	15-34516-B
brits territorium in de indische oceaan	22-16531-B
britse eilanden	15-22204-B
britse gebarentaal	21-37811-B
britse maagdeneilanden	23-39761-B
brittannie	15-22170-S
brittannie en noord ierland	11-69296-S
broccoli	14-51298-B
broche sierspeld speld	11-21960-S
brochure	18-50263-B
broeden piekeren	37-1633-B
broeden uitbroeden	39-5997-B
broeder	15-14917-B,15-15093-B,15-15195-B
broeder broer	7-39519-B
broeder kloosterbroeder lekenbroeder ordebroeder	7-41885-B
broeder monnik	12-34136-B
broeder verpleger	7-42408-B
broederschap	21-348-B,31-32140-B
broedmachine	20-44726-B
broedvogel	1-35300-B
broeikaseffect	3-9662-B
broeikasgas	3-9693-B
broek	14-17638-B
broeksband ceintuur gordel riem	35-21054-S
broekzak	11-25046-B
broer	7-39519-S,10-45088-S
broer kleine broertje	10-45220-S
broer zus	9-61023-B
broertje	10-45220-S
brok hap	14-43462-B
brok kanjer spetter stuk	8-27050-S
brokaat	29-31326-B
brokkelen verbrokkelen	18-23051-B
brokkelig bros	24-25399-B
brombeer brompot druiloor grompot kankeraar knorrepot mopperaar nijdas nurk zuurpruim	32-5853-B
bromfiets brommer	22-924-B
brommer	22-924-S
brommerig gemenelijk knorrig korzelig nukkig	32-5985-B
brompot druiloor grompot kankeraar knorrepot mopperaar nijdas nurk zuurpruim	32-5853-S
bromtol	38-35397-B
bron	5-30922-B,6-16491-B,30-20189-S
bron fontein	9-19557-B
bronchiolitis	36-20202-B
bronchitis	29-31516-B
brons	28-58392-B
bronskleurig eekhoorntjesbrood	36-4209-B
bronst bronsttijd paartijd	32-22442-B
bronstijd	28-9580-B
bronsttijd paartijd	32-22442-S
bronwater	5-31046-B
bronzen medaille	30-53286-B
brood	8-39859-B,27-50883-B
brood baguette stokbrood	9-7758-S
brood toast	9-60812-S
broodbakmachine broodmachine	29-12959-B
broodbeleg	12-23395-S
brooddeeg	31-9436-B
broodmachine	29-12959-S
broodmager uitgemergeld	10-70407-B
broodmes	26-36915-B
broodrooster	13-18240-B
broodwinner kostwinner	29-28186-B
brooklyn	37-29374-B
broom	1-35760-B
broos bros sprok	29-31098-B
broos delicaat fragiel gevoelig kwetsbaar teer zwak	32-31730-S
broos fragiel	18-28211-S
bros	24-25399-S
bros croquant knapperig krokant	32-5323-B
bros sprok	29-31098-S
brouwen	38-13128-B
brouwer	15-31942-B
brouwerij	29-29864-B
brouwerijnijverheid	1-35321-B
browser	16-22232-B
brug	1-35508-B,14-22895-S
bruid	7-42875-B
bruidegom	7-47728-B
bruidsjurk trouwjurk trouwkleed	8-2567-B
bruidsmars bruiloftsmars huwelijksmars trouwmars	8-3946-B
bruidsmeisje	29-30252-B
bruidsschat	8-3729-B
bruidstaart trouwtaart	8-3472-B
bruikbaar handig	20-51623-B
bruikbaar inzetbaar practisch werkbaar	13-59825-B
bruikbaar inzetbaar werkbaar	33-55903-S
bruikbaarheid	18-488-S,28-14958-S,32-9850-B
bruiloft huwelijk huwelijkssluiting huwelijksvoltrekking trouw trouwerij	7-38169-B
bruiloftsmars huwelijksmars trouwmars	8-3946-S
bruin	10-9682-B,10-9852-B
bruin worden bruinen	10-10073-B
bruinachtig bruinig	16-40334-B
bruinbakken	10-10271-B
bruine pelikaan	36-38084-B
bruine rat	25-3484-B
bruine ringboleet	32-3268-B
bruinen	10-10073-S
bruinig	16-40334-S
bruinkool	3-38154-B
bruinkoolwinning	3-38392-B
bruinogig	21-26702-B
bruinvis	36-36650-B
bruinwerker flikker gay geinverteerde holtor homo homofiel homoseksueel mietje nicht poot reetkever sodemiet sodemieter	9-61764-B
bruisend	17-5663-B,30-37439-B
brullen bulderen loeien	29-1807-B
brunch	29-31637-B
brunei	11-69725-B
brussel	14-56707-B
brussels lof cichorei witlof	30-15508-B
brutaal	11-68634-S
brutaal frank grof stoutmoedig vrijmoedig	30-9093-S
brutaal grof niets ontziend wreed	29-31713-S
brutaal opvallend schaamteloos	29-15001-B
brutaliseren bruuskeren froisseren insulteren schofferen smaden te na komen	8-57095-S
brutaliteit driestheid onbeschoftheid ongegeneerdheid onvervaardheid	34-57807-B
brutaliteit onbeschoftheid schaamteloosheid	34-1158-B
brutaliteit wreedheid	29-31825-S
bruto binnenlands product	6-28517-S,10-3573-B
bruto nationaal product	3-9913-B
brutoloon	20-960-B
bruusk eensklaps ineens onverhoeds onverwacht onverwachts onvoorzien opeens plots plotseling plotsklaps schielijk	9-17429-S
bruusk kortaf nors	32-10847-S
bruuskeren froisseren insulteren schofferen smaden te na komen	8-57095-S
bubbel	19-47777-S
budget	1-36293-S
budgettair	29-31915-B
buenos aires	17-8149-B
buffer stootblok stootkussen	29-31975-B
buffet	20-19503-B
bugel	16-42889-B
bui regenbui vlaag	14-455-B
buideldieren	3-43881-B
buidelduivel	27-34071-S
buiging kromming kromte verbuiging	30-47121-B
buigpunt	22-34405-B
buik onderbuik	7-35381-S
buikholte	36-1598-B
buikloop diarree kakkerij	21-29169-S
buikpijn	29-2771-B
buikspreekster	11-46032-B
buikspreker	11-45890-B
buiktyfus tyfoid	13-6109-B
buikvlies	36-31919-B
buikvliesontsteking peritonitis	36-19009-B
buikvoetigen	3-5895-B
buikwind darmgas poepie scheet veest wind	8-26941-B
buil	13-12376-B
builenpest	33-44212-B
buis	5-31377-B
buis buisje kanaal	11-12877-B
buis pijp slang	11-44043-B
buisje kanaal	11-12877-S
buisleiding pijpleiding	24-16102-B
buisvormig	32-42077-B
buit	10-60427-B,18-2787-B
buiten	13-57116-B,35-20462-S
buiten adem	18-4167-S
buiten beschouwing laten niet meetellen niet toelaten uitsluiten	20-24827-B
buiten buitenshuis openlucht	20-7042-B
buiten dienst buiten werking plat	8-21698-B
buiten werking plat	8-21698-S
buitenaards	34-39348-B
buitenaards wezen ruimtewezen	27-658-B
buitenbaarmoederlijke zwangerschap extra uteriene graviditeit	36-8006-B
buitendien daarbij daarenboven daarnaast daartegenover dan echter ook overigens ten andere terwijl trouwens verder voorts	13-26230-S
buitenechtelijk kind	28-41428-S
buitengewone bijeenkomst	17-62373-B
buitengewoon	34-17673-B,34-39525-B
buitengewoon buitenissig exceptioneel onalledaags ongewoon uitzonderlijk	14-62601-S
buitengewoon uitzonderlijk	19-40832-B
buitenissig buitensporig excessief overdadig overdreven	34-46788-S
buitenissig curieus eigenaardig excentriek merkwaardig ongewoon raar vreemd	32-10074-S
buitenissig exceptioneel onalledaags ongewoon uitzonderlijk	14-62601-S
buitenkans occasie speciaalaanbieding	18-5522-S
buitenland	17-65564-S
buitenlander vreemdeling	27-573-B
buitenlands	9-13859-B,27-482-B
buitenlands beleid	3-249-B
buitenlandse handel	3-282-B
buitenlandse zaken	18-10112-S
buitennissig buitensporig excessief tomeloos	34-22436-B
buitenshuis openlucht	20-7042-S
buitensporig excessief overdadig overdreven	34-46788-S
buitensporig excessief tomeloos	34-22436-S
buitensporig overdreven	34-18267-B
buitenwijk	5-35853-B
buizerd	11-43975-B
bujumbura	17-8246-B
bukken duiken	8-52587-B
bulderen loeien	29-1807-S
bulgaar	15-46691-B
bulgaars	8-67202-B
bulgaars bulgaarse	8-67400-B
bulgaarse	8-67400-S,9-71424-B
bulgaarse gebarentaal	24-2770-B
bulgarije	13-3091-S
bulgarije republiek bulgarije	13-3091-B
bulkvervoer	3-44146-B
bulldozer	29-32236-B
bulletin nieuwsbrief	7-15767-B
bullshit gelul gezeik gezever nonsens	13-17527-B
bulterrier	25-27794-B
bultrug	32-22368-B
bumper	29-32448-B
bundel	29-32653-B
bunker	29-32843-B
burcht fort vesting vestingwerk	28-22501-B
burcht kasteel slot	11-66338-B
bureau bureel kantoor	4-17329-B
bureau lessenaar schrijftafel	9-40010-B
bureaucraat	16-52116-B
