deel element gedeelte onderdeel segment	28-39117-S
deel hebben deelnemen meedoen participeren	19-45434-B
deel onderdeel	13-67521-B
deel part scherf stuk	14-43048-B
deel portie stuk	25-2603-B
deel sectie snede	24-32846-S
deel volume	14-40104-S,24-21412-B
deelbaar scheidbaar	32-45630-B
deelbaar splitsbaar verdeelbaar	30-41695-B
deelgenoot geallieerde medestander	17-62847-S
deelname participatie	4-24245-B
deelname van het publiek	4-39527-B
deelnemen meedoen participeren	19-45434-S
deelnemer	31-36165-B
deelneming medeleven	31-14108-B,31-29889-S
deelraad	36-40990-B
deels gedeeltelijk partieel ten dele	36-10877-B
deeltal	28-31125-B
deeltje	4-24281-B,6-34332-S,11-62347-S
deeltje partikel	39-70-B
deeltjes	26-43108-S
deeltjesfysica	11-63074-B
deeltjesscheider	4-24408-B
deeltjesversneller	23-29491-B,27-52-S
deelwoord	21-3472-B
deen	15-1650-B
deens	8-77083-B,12-21604-B
deense gebarentaal	25-725-B
deense kroon	25-45244-B
deerniswekkend deprimerend ontmoedigend	33-23476-B
defaitisme moedeloosheid	32-26151-B
default	18-26935-B
defecatie excrementen fecalien feces schijt uitwerpselen	13-16152-S
defecatie stoelgang	35-64795-B
defect fout gebrek mankement	30-48919-B
defect kapot onklaar stuk	13-2996-S
defensie verdediging verweer	2-10158-S
deficient ontoereikend onvolkomen tekortschietend	32-16057-B
deficientie gebrek gemis krapte ontoereikendheid onvolkomenheid tekort	32-29888-B
definieren omschrijven	18-26880-S
definitie	16-36721-B
definitie omschrijving	16-9673-B
definitief	29-24084-B
definitief onherroepelijk	29-24048-B
deflatie	14-55530-B
deformatie vervorming	33-29508-B
deformeren mismaken vervormen verwringen	33-29375-S
deftig eerbaar eerbiedwaardig majestueus statig waardig	33-2427-S
deftig eerbiedwaardig statig waardig	20-20894-B
degelijk deugdzaam eerbaar fatsoenlijk keurig ordentelijk welgemanierd welopgevoed welvoeglijk	32-20450-S
degelijk diepgaand diepgravend gedegen grondig volkomen zorgvuldig	34-46304-B
degelijk onbetwijfeld ongetwijfeld stellig wis zeker	12-50430-B
degen	9-17722-S,31-33803-B
degen rapier	12-51946-B
degeneratie	6-34195-S,12-12334-B
degeneratie degeneratie	6-34195-S
degout erschrikking gruwel hekel tegenzin walg walging weerzin	14-62847-S
degoutant misselijkmakend repugnant stuitend walgelijk weerzinwekkend	25-46712-S
degradatie	26-436-B
degraderen	19-50532-B,24-12930-B
degraderen verval	18-27792-S
dehydratie	26-12205-B
deining zeedeining	7-900-B
deken	14-15295-B
deken sprei	9-53002-S
dekken opkomen pleiten verdedigen verweren weren	8-24236-S
dekking	30-49427-B
deklaag	1-50685-B
dekmantel smoes voorwendsel	32-37794-B
dekmateriaal	2-5784-S
dekschild	34-53450-B
deksel	14-18145-B
delaware	13-39270-B,18-63852-B
dele	36-10877-S
delegeren machtigen overdragen volmachtigen	12-49328-S
delegeren overdragen	20-21034-B
delen	22-23403-B
delen in tweeen splitsen	17-54548-S
delen opdelen scheiden splitsen	33-31983-B
delen splijten splitsen	8-64590-B
delen weggeven	15-23444-B
deler	15-5452-S,33-33747-B
delfstof mineraal	4-4536-B
delfstofafzetting	4-4294-B
delfstofkunde mineralogie	4-4498-B
delhi	25-41099-S,36-37952-B
deliberatie overleg	18-32626-S
delicaat fragiel gevoelig kwetsbaar teer zwak	32-31730-S
delicatesse lekkernij	35-22722-B
delicatesse lekkernij versnapering	32-31528-B
delicieus heerlijk hemels kostelijk lekker overheerlijk smakelijk verrukkelijk zalig	32-30608-B
delict misdaad misdrijf misstap overtreding vergrijp wandaad wetsovertreding	3-24467-B
deling	15-2092-B
deliquent misdadiger	8-38732-S
delta	2-10672-B
delven graven opdelven	8-59368-B
demagogie volksmennerij	32-36007-B
demagogisch	36-41719-B
demagoog hetzer volksmenner	32-35086-S
demarcatie	21-33257-S
dement seniel	33-48468-B
dementie	32-36351-B
demineralisatie van water	7-1716-B
demobilisatie	36-29496-B
democraat	32-37117-B
democratie	2-10711-B,14-28874-S,14-28912-S
democratie representatieve democratie	14-28912-S
democratisch	18-14388-B,33-10642-B
democratische republiek	10-38292-S
democratische republiek congo	30-3750-S
democratische volksrepubliek algerije	8-14097-S
democratische volksrepubliek laos	11-40249-S
democratiseren	32-37219-B
democratisering	33-17959-B
demografie	2-10807-B
demografisch	34-7622-B
demografische evolutie	2-10757-B
demon duivel	29-48910-B
demoniem	25-45667-B
demonisch diabolisch duivels	24-30595-B
demonisch duivels	32-55612-B
demoniseren	32-55903-B
demonstrant manifestant	22-41881-S
demonstratie manifestatie protestmars	32-37624-S
demonstratief	19-20079-B,36-11053-B
demonstratief pronomen	16-58862-S
demonstreren laten zien showen veraanschouwelijken voordoen	18-21839-S
demonstreren manifesteren	32-37539-S
demonteren afbouwen ontmantelen slopen uit elkaar halen	33-21113-B
demoraliseren moedeloos maken ontmoedigen	18-23403-S
demoraliseren ontmoedigen	33-11701-B
demotiveren ontmoedigen	32-37861-B
dempen	30-25837-B
demping	30-10381-B,33-18725-B
den	25-1835-B
den dennenhout	32-5422-B
den haag	16-46607-S
den vondel vondel	39-3132-S
denar	26-8385-S
dendriet	9-31402-B
dendrimeer	37-40301-B
dendrochronologie	2-11159-B
dendrogram	37-673-B
dendrologie	20-38185-B
dendrometrie	2-11375-B
denemarken	11-40768-S
denemarken koninkrijk denemarken	11-40768-B
dengue knokkelkoorts	19-41250-B
denigreren kleineren	29-1415-S
denigreren kleineren kwaadspreken lasteren roddelen smaden vals beschuldigen zwartmaken	27-44369-S
denigrerend geringschattend honend hooghartig kleinerend laatdunkend minachtend neerbuigend schamper smadend smalend spottend verachtelijk	33-15390-B
denigrerend geringschattend laatdunkend minachtend smalend	31-35505-B
denim spijkerstof	32-39089-B
denis	23-13096-S
denitrificatie	2-11401-B
denkbaar mogelijk potentieel virtueel	8-23208-S
denkbeeldig imaginair ingebeeld	24-30854-B
denken geloven gissen menen presumeren vermoeden verwachten vooronderstellen	11-14043-S
denken geloven menen	9-12832-B
denken herinneren te binnen schieten	13-31532-S
denken het hoofd gebruiken nadenken reflecteren	8-58794-S
denkvermogen geestvermogen hersenen hersens rede verstand	9-26757-S
dennenappel	25-1761-B
dennenbos	25-16765-B
dennenhout	32-5422-S
densiteit dichtheid soortelijk gewicht soortelijke massa	6-29304-B
dentist tandarts	15-26255-B
deodorant	29-29438-B
deontologie	31-890-B
deoxyribonucleinezuur	2-16514-S
departement sectie tak	20-2418-S
dependentie	32-40497-S
deplorabel jammer jammerlijk sneu spijtig teleurstellend	17-3285-S
deponeren leggen neerleggen neerzetten onderbrengen plaatsen wegleggen zetten	18-13982-B
deponeren plaatsen	18-32746-B
deporteren uitzetten verbannen wegvoeren	32-41511-B
depot magazijn pakhuis	17-52875-B
depreciatie dedain geringschatting minachting verachting	33-15245-B
depressie depressiviteit melancholie neerslachtigheid zwaarmoedigheid zwartgalligheid	15-35239-B
depressie droefgeestigheid gedeprimeerdheid misnoegdheid moedeloosheid neerslachtigheid somberheid verslagenheid zwaarmoedigheid	21-33107-B
depressie laagconjunctuur	15-35746-S
depressie lagedrukgebied	15-35062-B
depressief depri down dronken gedeprimeerd neerslachtig	14-45935-B
depressief droef droefgeestig droevig mismoedig mistroostig moedeloos neerslachtig pijnlijk rouwig sip smartelijk somber teneergelagen terneergeslagen treurig triest triestig verdrietig	13-28341-S
depressiviteit melancholie neerslachtigheid zwaarmoedigheid zwartgalligheid	15-35239-S
depri down dronken gedeprimeerd neerslachtig	14-45935-S
deprimerend ontmoedigend	33-23476-S
der aardkorst	3-34050-S
der dalen lelietje van dalen	22-1603-S
der elementen tabel van mendelejev	12-4642-S
der fiji eilanden	11-36121-S
der marshalleilanden	12-27095-S
der nederlanden nederland	8-22618-S
derde	11-38830-B,33-12890-B
derde rail	37-27358-B
derde wiel aan een wagen	16-18934-B
deregulering	2-11453-B
derhalve deswege dus ergo omdat vandaar zodoende	13-50110-S
derivaat	32-45485-B
dermapterans	2-11479-B
dermate derwijze in die mate zo zodanig zozeer	36-12347-B
dermatitis	36-17511-B
dermatologie	25-34202-B
dermatoloog huidarts huidspecialist	15-28781-B
dermatomyositis	36-16485-B
derriere fundament gat hol kont krent reet toges zitvlak	14-41196-S
derstigste	33-15711-B
dertien	10-21811-B
dertiende	33-13844-B
dertig	10-24555-B
dertigjaarlijks	34-13186-B
derving gemis ontbering onthouding ontneming	32-42619-S
derwijze in die mate zo zodanig zozeer	36-12347-S
des doods	33-50129-S
des oordeels oordeelsdag	33-35838-S
desacraliseren ontheiligen ontwijden profaneren schenden	32-46946-B
desalniettemin desondanks in weerwil van niettemin ofschoon ondanks ondanks alles ondanks dat ongeacht spijts	13-49568-B
desalniettemin echter edoch maar niettemin nochtans ondanks dat toch	10-71487-B
desastreus rampspoedig rampzalig	33-6457-S
desavoueren loochenen ontkennen verloochenen verwerpen verzaken	13-52474-S
desbetreffend overeenkomstig	18-61493-S
descriptie omschrijving	28-39983-S
deserteur	32-48587-B
desertie verzaking	35-7786-B
desgevallend desnoods eventueel zo nodig	22-27004-S
deshalve daardoor dientengevolge dus	17-40291-B
desillisioneren ontgoochelen teleurstellen	33-5984-B
desillusie fiasco flop misrekening ontgoocheling tegenvaller teleurstelling	16-52232-S
desillusie ontgoocheling	20-27144-B
desillusie ontgoocheling ontnuchtering teleurstelling	33-19616-S
desillusioneren ontgoochelen ontnuchteren teleurstellen	33-19815-B
desinfecteren ontsmetten	33-20358-B
desinfectie ontsmetting	2-15529-S
deskundig geroutineerd oordeelkundig vakbekwaam vakkundig	26-24997-S
deskundig getalenteerd meesterlijk volleerd volmaakt	26-17198-S
deskundige expert	22-21822-S
deskundige expert kei specialist uitblinker	26-24914-B
desnoods eventueel zo nodig	22-27004-S
desolaat mistroostig somber triest vreugdeloos	30-12643-B
desolaat troosteloos	32-49402-B
desondanks in weerwil van niettemin ofschoon ondanks ondanks alles ondanks dat ongeacht spijts	13-49568-S
desorptie	2-12209-B
desperaat hopeloos radeloos vertwijfeld wanhopig	32-49604-B
desperaat radeloos vertwijfelt	18-27303-B
desperaat radeloos wanhopig	17-3861-B
desperatie hopeloosheid radeloosheid verslagenheid vertwijfeling wanhoop	32-49481-B
despoot dictator tiran	28-10564-S
despoot onderdrukker tiran	35-67974-S
despotisch dictatoriaal tiranniek	32-50363-B
despotisme tirannie	32-50472-S
dessert nagerecht toetje	16-13341-B
dessertwijn	38-23657-B
destijds eens eerder eertijds ooit vroeger	20-50507-B
destillatie distillatie	2-16192-B
destilleerderij stokerij	33-29096-S
destructie ravage vernieling vernietiging verwoesting	32-55414-B
destructie vernietiging verwoesting	24-19076-B
destructief vernielzuchtig vernietigend	32-51912-B
deswege dus ergo omdat vandaar zodoende	13-50110-S
detachement	24-37636-B
detail element factor fractie	28-39358-S
detailhandel in t klein verkopen	21-42393-B
detective rechercheur	21-22300-B
detente dooi ontspanning	32-53689-B
detentie gevangenschap	25-33529-B
detergent	5-38137-S
detergent reinigingsmiddel schoonmaakmiddel wasmiddel	9-50028-S
determinerend doorslaggevend	21-13933-S
determinisme	21-27126-B,21-27153-B
detestabel verachtelijk verfoeilijk	31-35378-S
detonator ontstekingsmechanisme	32-54153-B
detoneren exploderen knallen ontploffen	18-34210-B
deugdzaam eerbaar fatsoenlijk keurig ordentelijk welgemanierd welopgevoed welvoeglijk	32-20450-S
deuk	32-39349-S
deur	17-45603-S,25-37523-S
deur poort	37-16038-B
deur steenworp vlakbij	23-17804-S
deur ver verwijderd	8-54806-S
deurbel huisbel klingel zoemer	14-41703-S
deurklink deurknop klink	17-57373-B
deurknop klink	17-57373-S
deurloos	32-52325-B
deurmat	38-33768-B
deuropening	33-35949-B
deurpost deurstijl	35-51420-B
deurstijl	35-51420-S
deurwachter portier	31-15715-B
deuterium	12-56926-B
deux chevaux eend	8-36682-B
deux sevres	23-10323-B
devaluatie waardevermindering	18-25896-B
devalueren in waarde dalen	32-55298-B
devanagari	22-30962-B
devies kernspreuk leus motto	25-43817-B
deviezenbeleid	7-9098-B
devoot gelovig godsdienstig godsvruchtig godvrezend godzalig pieus vroom	32-56422-S
devotie genegenheid godsvrucht pieteit toegewijdheid verering vroomheid	32-56313-B
devotie genegenheid tederheid toegewijdheid toewijding	26-37077-S
devotie vroomheid	24-17522-B
dewelke hetwelk welk	13-39789-B
dewijl gezien naardien om reden dat omdat omreden vermits wijl	7-43777-S
dextrous gewiekst handig	26-28925-S
deze	13-52101-B
deze dit	7-25962-B
deze keer ditmaal	36-13956-B
deze of gene iemand	9-15485-B
dezelfde dito hetzelfde idem	12-64897-B
dezelfde gelijk hetzelfde identiek zelfde	9-28557-B
dezelfde wijze vergelijkbaar	9-25062-S
dhr	38-9142-B
di romagna	11-7815-S
diabetes suikerziekte	28-27590-B
diabetisch	34-31791-B
diabolisch duivels	24-30595-S
diafaan doorschijnend doorzichtig ragfijn transparant	32-56910-B
diafragma middenrif	29-55323-B
diagnose	18-13626-B
diagonaal hoeklijn	32-56567-B
diagram grafiek schema	18-13787-B
diakriet diakritisch teken	21-19910-B
diakritisch teken	21-19910-S
dialect	17-10686-B
dialoog discussie forum gesprek	13-44853-S
dialoog onderhandeling	17-13081-B
dialyse	2-12906-B
diamant	17-4967-B,17-5062-B,37-35339-S
diamantmijn	35-11201-B
diameter doormeter	24-17553-B
diameter doormeter doorsnede middellijn	24-17789-B
diametraal lijnrecht tegenover elkaar	32-56816-B
diamir nanga parbat nanga parvata	30-24730-B
diarree kakkerij	21-29169-S
diaspora	31-35135-B
diasteem	37-20284-B
diatomeeen	2-12922-B
dicht	24-24826-S
dicht bij nabij	13-29705-B
dichtbij kortbij nabij om de hoek op een boogscheut op een steenworp afstand op loopafstand vlakbij	8-54566-B
dichtbij nabij op te	8-71178-S
dichtdoen dichtknopen vastgespen	19-30370-B
dichtdoen sluiten toedoen	18-47586-S
dichter	18-45990-B
dichter poeet	18-46080-B
dichteres	18-46193-B
dichterlijk poetisch	19-15868-B
dichterlijk poetisch romantisch	19-16221-B
dichtheid soortelijk gewicht soortelijke massa	6-29304-S
dichting	5-13680-B
dichtknijpen de wereld verlaten dood gaan doodgaan expireren heengaan het hoekje om gaan het leven laten inslapen overlijden sterven verscheiden	9-4073-S
dichtknopen	37-26272-B,37-26354-B
dichtknopen vastgespen	19-30370-S
dichtvriezen	38-25027-B
dictaat gebod	32-57148-S
dictator tiran	28-10564-S
dictatoriaal	32-57459-B
dictatoriaal dominant	33-35479-S
dictatoriaal tiranniek	32-50363-S
dictatuur	14-28675-B
dictatuur autoritarisme despotisme tirannie	32-50472-B
dictee	32-57391-B
dicteren	32-57215-B
dicteren gebieden gelasten verordenen voorschrijven	33-58033-S
didactiek	2-13501-B
die	7-26426-S,10-45505-S
die mate zo zodanig zozeer	36-12347-S
dieet	14-58958-B,36-23878-B
dieetleer dietetiek voedingsleer	32-58396-B
dief	21-10325-B
diefstal plundering roof	22-30047-B
dienovereenkomstig	26-18672-B
dienst	30-22865-S,37-3214-S
dienst buiten werking plat	8-21698-S
dienst doen fungeren tot stand brengen	28-41214-B
dienst nemen	19-29209-S
dienstbeeindiging ontslag	20-4451-B
diensten	6-27376-S,7-20123-B
dienstplicht militaire dienst	37-3214-B
dienstregeling	16-58741-B
dienstverlening klantenservice	17-63728-B
dienstweigeraar gewetensbezwaarde	22-1308-B
dientengevolge dus	17-40291-S
diep	9-38864-B
diep grondwater grondwater	5-25684-B
diepgaand diepgravend gedegen grondig volkomen zorgvuldig	34-46304-S
diepgravend gedegen grondig volkomen zorgvuldig	34-46304-S
diepte	30-43582-B
diepvriespizza	35-57485-B
diepvriezer vrieskist vriezer	14-50231-B
diepzee	2-9845-B
diepzeemijnbouw	7-18354-B
diepzeevisserij zeevisserij	2-9861-B
dier	1-15724-S,6-10448-S,6-16943-S
dierbare geliefde liefste	29-2922-S
dieren	1-15615-S,6-7827-S
dierenarts veearts	21-36900-B
dierenasiel	20-26689-B
dierenbescherming	1-15491-B
dierenbiologie	6-35988-B
dierenecologie	1-14837-B
dierenfysiologie	1-15458-B
dierengedrag	1-14674-B
dierengeluid	1-15406-B
dierenhandel	1-16405-B
dierenhuisvesting	1-15000-B
dierenleven	6-20258-B
dierenpopulatie	6-24914-B
dierenproef	1-14866-B
dierenrechten	6-31859-B
dierenriem zodiac	20-39202-B
dierenseks zoofilie zooseksualiteit	15-18953-S
dierentuin zoo	6-19783-B
dierenvoeding	1-15429-B
dierenziekte	1-14701-B
diergeneeskunde	6-8143-B
diergeneeskundig veterinair	21-36766-B
dierkunde zoologie	6-19842-B
dierkundige zooloog	27-5749-B
dierlijke erfelijkheidsleer	1-14960-B
dierlijke mest stalmest	1-15233-B
dierlijke oorsprong	1-16345-S
dierlijke voortplanting	6-24942-B
diersoorten	6-21117-B
dieselmotor	2-13614-B
dieselolie	2-13903-B
dietetiek voedingsleer	32-58396-S
dietist	15-36732-B,36-23726-B
diffamatie kwaadsprekerij laster smaad	32-25529-S
different divers onderscheiden ongelijk verschillend	11-25905-S
differentiaal rekenen	25-34334-B
differentiatie	2-13938-B,5-23680-S
differentiatie keur keuze variatie varieteit verscheidenheid	25-33572-S
diffusie	2-13969-B
diffuus	30-47735-B
difterie kroep	33-3285-B
diftong tweeklank	20-51263-B
digestieve systeem spijsverteringsstelsel	32-23706-B
digitaal beeldverwerkingssysteem	7-16678-B
digitaal formaat	7-17097-S
digitaal terreinmodel	2-14301-B
digitale beeldverwerkingstechniek	7-16745-B
digitale bibliotheek	21-39660-B
digitale kloof	20-23744-B
digitale techniek	7-17615-S
digitaliseren digitalisering	2-14348-B
digitalisering	2-14348-S
diglossie	35-32224-B
digraaf	38-3504-B
dij	14-13384-S
dij dijbeen	23-42360-B
dijbeen	23-42360-S,23-42533-B
dijk	2-19682-B
dijkverzwaring	2-19693-B
dijon	10-68406-B
dik	7-33393-B
dikbuikig	39-8849-B
dikke darm karteldarm	23-53443-S
dikkerd	39-17175-B
dikkerworden	39-8076-B
dikte opzetting zwelling	33-29016-B
dikwerf dikwijls frequent herhaaldelijk meermaals meermalen menigmaal menigvuldig vaak veelvuldig	11-22277-B
dikwijls frequent herhaaldelijk meermaals meermalen menigmaal menigvuldig vaak veelvuldig	11-22277-S
dikwijls frequent veelvuldig	15-20245-B
dikzak papzak	39-13051-B
dilemma tweestrijd	34-39099-B
dilettant fan hobbyist liefhebber supporter	12-14490-S
diligent ijverig naarstig noest vlijtig	22-29328-B
dille	28-50764-B
dilletantisch	27-11817-S
dimensie grootte omvang	12-30364-S
diminutief verkleiningsuitgang verkleinwoord	11-28593-B
dimlicht	36-33120-B
dimorfisme	34-15660-S
dinar	26-8464-S
diner middagmaal	11-7458-S
dineren	33-3003-B
ding	13-44980-B
ding object voorwerp	8-42260-B
ding specialiteit	14-34335-B
dinosaurus	22-34170-B
dinsdag	10-18381-B
dinsdagavond	26-47642-B
dinsdagmiddag	26-47773-B
dinsdags	26-45780-B
dioxine	2-14481-B,4-34124-S
diplegie congenitale oculofaciale paralyse syndroom van moebius	37-36849-S
diplodocus	22-34090-B
diploma	20-38109-B
diploma getuigschrift	14-10140-S
diplomaat	18-14517-B
diplomatie	33-3388-B
diplomatiek diplomatisch	33-3568-B
diplomatiek oorkondeleer	37-20171-B
diplomatisch	33-3568-S
dipolair ion zwitterion	35-16622-B
direct dringend meteen nijpend onmiddelijk spoedeisend subiet terstond urgent	18-296-S
direct frank onbeschroomd oprecht rechtlijnig spontaan	24-32142-B
direct lijnrecht meteen pal rechtstreeks regelrecht	28-40763-B
direct live rechtstreeks	36-12476-B
direct meteen ogenblikkelijk onmiddelijk onverwijld stante pede zo zodadelijk	29-23611-S
direct ogenblikkelijk onmiddelijk terstond	25-30790-B
