tragedie tragiek treurspel	20-41688-S
tragiek treurspel	20-41688-S
trailer	25-41317-S
trainer	21-10757-S,27-55876-S
trainingspak	38-19280-B
traject verte	28-34303-S
traktionskontrolle	11-14248-B
tralie	39-18495-S
tram	9-47483-B
trammelant	11-19999-S
tramonti	19-50164-B
trampoline	29-55895-B
tranen	24-9841-B
tranend	35-11629-S
transactie	18-54476-B
transactie zaak	32-15338-S
transfer	18-12195-S
transfiguratie	9-62889-S,25-1250-B
transfo transformator	18-27932-B
transformatie	17-25587-B,30-47989-S
transformator	18-27932-S
transitief	32-44390-S
transitief werkwoord	15-54829-S
transitieve relatie	31-0-B
translatie	13-9625-B
translitereren	26-9193-B
transmissie uitzenden uitzending	38-32538-B
transmutatie	21-12198-B
transneptunisch	37-10380-B
transparant	32-56910-S
transpiratie	6-1321-B
transport	6-1616-S
transport transportmiddel vervoer vervoermiddel	31-38701-B
transport vervoer	6-1416-B
transportband	31-38841-S
transporteren vervoeren	21-21168-B
transportmiddel vervoer vervoermiddel	31-38701-S
transversaal	36-15268-S
transvestiet travestiet	11-9396-B
trap	8-75232-S,33-41575-B,35-34559-S
trap superlatief	35-34674-S
trapani	23-24160-B
trapboot waterfiets	13-21505-B
trapeze	21-11875-B
trapezium trapezoide	15-24775-B
trapeziumvormig	25-1117-B
trapezoide	15-24775-S
trapleuning	18-61392-B
traporgel	16-53451-S
trappen	20-31248-S
trappen van vergelijking	35-34408-S
trapportaal	22-9206-S
trauma	3-25229-S
traumacentrum	25-15560-B
traumatologie	37-1051-B
travestiet	11-9396-S
trechter	9-69378-B
trechtermonding	2-31146-S
treden	18-39846-S,23-13074-S
treeplank	23-52356-B
treffen	16-62442-S,19-27959-S
treffer	10-56989-B
trein	6-725-B
treinbestuurder	24-10058-B
treinstation	6-30935-B
treiteren	39-18846-S
trek	4-3550-B,27-30358-S
trekdier	2-18409-B
trekken	8-70011-B,13-45625-B,13-45747-B,28-427-S
trekkende soorten	4-3588-B
trekkende vissen	6-24230-B
trekker	30-42425-B
trekpaard	18-39274-B,39-27-B
treksprinkhaan	14-18196-B
trekvogel	4-3569-B
tremor	31-10602-B
trend	6-2485-B
trendy	31-49000-S
treng	23-21364-S
trente	23-28231-B
trento	23-23783-B
treuren om	29-9130-S
treuren weeklagen	10-234-S
treurig triest triestig verdrietig	13-28341-S
treurspel	20-41688-S
treurzang	33-4306-S
treuzelen twijfelen weifelen	11-44098-S
triage	20-41077-B
triangel	27-10766-B
triangulatie	27-46662-B
triathlon triatlon	39-20364-B
triatlon	39-20364-S
triazine	6-2497-B
tribunaal	28-31576-S
triceratops	22-34367-B
trichotillomanie	37-15442-B
trier	25-1438-B
triest triestig verdrietig	13-28341-S
triest vreugdeloos	30-12643-S
triestig maken	30-53440-S
triestig verdrietig	13-28341-S
triestig verontrustend	33-30035-S
trigeminus vijfde hersenzenuw vijfde zenuw	33-231-S
trigonometrie	14-23879-S
trilling	25-38197-S
trillingen	6-8453-B
trilogie	37-454-B
trinidad en tobago	12-26586-B
trio	14-61085-B
triomf	37-488-B
triomf zege	13-35234-S
triomfboog	28-240-B
triomferen	37-503-B
triomferend zegepralend zegevierend	36-14564-B
triple	25-1682-S
tripleren verdrievoudigen	21-20060-B
tripoli	23-23426-B
tritium	6-2611-B
triumviraat	36-25792-S
triviaal	15-52135-S
troebelheid	6-3594-B
troep vuilnis	16-0-S
troepenmacht	9-26288-S
trofee	14-11028-B
trofisch peil	6-2660-B
trofische ecologie	2-21251-B
troglodiet	29-47342-S
troje	19-35707-B
troje vergiftigd geschenk	34-13461-S
troll	18-66523-B
trolleybus	17-25258-B
trom	15-55858-S
trombone	13-66344-S
trommelrem	22-19804-B
trommelvlies	12-50753-B
trompet	13-65721-B
trompetbekerplant	37-26609-S
trompetist	14-61582-B
trompetspeelster	35-19284-B
trompetteren	32-30218-B
tronie	9-25911-S
troon	12-15077-B,37-26237-S
troonbestijging	33-61454-S
troonsafstand	12-5947-S
troonsopvolger	12-15156-S
troop	35-48229-B
troost	31-34214-B
troosteloos	32-49402-S
troosteloos zielsbedroefd	33-11011-S
tropen	6-2982-B
tropez	29-19426-S
tropisch bos	6-2739-B
tropisch gewas	7-7766-B
tropisch klimaat	6-38152-B
tropisch regenwoud	6-2763-B
tropisch woud	6-2686-S
tropische ziekte	37-16135-B
tropopauze	30-8273-B
troposfeer	6-3009-B
troposferisch ozon	6-3033-B
tros	29-32579-S,34-2390-S
trots	25-0-B,32-49981-S,38-29344-B
trotseren voortbestaan voortleven	29-10137-S
trotsering uitdaging verzet weerstand	32-29196-S
trottoir	28-3692-S
trouw	27-4145-S
trouw blijven aan zich houden aan	24-21530-S
trouw trouwerij	7-38169-S
trouw trouwhartig verknocht	32-56193-S
trouweloos	26-3327-S
trouwen	11-63617-S,11-63982-B
trouwens verder voorts	13-26230-S
trouwerij	7-38169-S
trouwhartig	35-70641-S
trouwhartig verknocht	32-56193-S
trouwjurk trouwkleed	8-2567-S
trouwkleed	8-2567-S
trouwloosheid valsheid verraad	10-68593-S
trouwmars	8-3946-S
trouwreceptie	8-36994-S
trouwring	8-2740-B
trouwtaart	8-3472-S
truc	28-53-S
trucker vrachtwagenchauffeur	34-37125-S
truffel	11-48899-B
trut	11-10647-S
tsaar	29-48365-B
tsarevitj	29-48803-B
tsarevitsj	29-48695-B
tsarina	29-48460-B
tseetseevlieg	22-28964-B
tsjaad	10-66089-B
tsjadische gebarentaal	24-3396-B
tsjech	14-37107-B,14-37901-B
tsjechie	12-13126-S
tsjechisch	8-76994-B,14-37404-B
tsjechische	14-37517-B
tsjechische gebarentaal	24-20470-B
tsjechische republiek tsjechie	12-13126-B
tsjerkessie	17-9204-S
tsjetsjeens	13-3412-B
tsjetsjenie	17-8636-B
tsjoevasjie	17-8775-B
tsjoevasjisch	13-3440-B
tsonga	27-32151-B
tsunami vloedgolf	5-15265-B
tswana	10-6416-B
tuba	13-66334-B
tubercolose	20-16652-B
tuberculeus	37-15077-B
tuberculose	22-36337-S
tubereuze sclerose complex ziekte van bourneville	38-12306-B
tucht zelfbeheersing	33-8661-S
tuchteloos zedeloos	32-17185-S
tuchtigen	13-24145-S
tuchtloosheid zedeloosheid	32-17398-S
tuchtrechtelijk	33-8561-S
tuffen	8-65875-S
tuin	1-34747-S,3-4328-S,6-23915-S,6-23949-S
tuinafval	3-4594-B
tuinbed	14-36170-S
tuinbouw	3-15776-B
tuinder tuinier tuinman	15-14676-S
tuinhommel	39-10311-B
tuinier tuinman	15-14676-S
tuinieren	33-30850-S,33-30997-B
tuinkabouter	38-29182-B
tuinkers	23-58071-S
tuinman	15-14676-S
tukje	11-49663-S
tulband	36-41869-B,37-155-B
tulp	16-24097-B
tulpenmanie	22-26608-B
tumor	6-3424-B
tumult	21-12225-S
tunesie	12-7433-B
tunesische gebarentaal	27-41470-B
tuniek	18-26469-B
tunis	25-41856-B
tunnel	6-3451-B
turbine	6-3615-B
turbulentie	34-31284-B
turf	4-25058-B
turijn	23-24021-B,23-28055-B
turk	15-48723-B
turkije	10-65775-B
turkmeen	31-35604-B
turkmeens	11-68440-B,34-4777-B
turkmenistan	11-68579-B
turkologie	37-16168-B
turkoois	18-4742-B,18-4878-B,18-5182-B
turks	9-10829-B,9-11269-B,15-48743-B
turks en caicoseilanden	22-40830-B
turkse gebarentaal	27-41396-B
turkse tortel	38-33741-B
turnzaal	25-1328-S,38-19525-S
tussen	14-37970-S
tussen de aarde en de zon	2-20060-S
tussen de mens en de natuur	3-42219-S
tussen laboratoria	3-28087-S
tussen rassen	5-362-S
tussen tussendoor	13-25749-S
tussenbeide komen	37-2819-S
tussendektanker	6-3631-B
tussendoor	13-25749-S
tussenoplossing vergelijk	17-11683-S
tussenpersoon	18-46527-S
tussenproduct	7-13339-B
tussenregering	36-6442-S
tussenuit knijpen er tussenuit muizen er vandoor gaan wegvluchten	26-6897-S
tussenuit muizen er vandoor gaan wegvluchten	26-6897-S
tussenvoegsel	11-31766-B
tussenwerpsel	16-61554-S
tutor voogd	34-20721-B
tutoyeren	20-11218-S,20-11381-S
tuva tyva	17-9599-S
tuvaans	26-38188-B
tuvalu	12-7419-B
twaalf	10-21421-B
twaalfde	33-12766-B
twaalfhoek	16-3210-B
twaalfjaarlijks	34-12872-B
twaalftalligstelsel	33-12667-B
twaalfvingerige darm	39-9628-S
twee	7-20945-B,9-5219-B,27-25417-B
twee delen in tweeen splitsen	17-54548-S
twee weken veertien dagen	30-18869-B
tweebenig	17-59941-B
tweede	8-48630-B
tweede kamer	3-40689-B
tweedehands	16-52486-B
tweedehandsgoederen	5-14726-B
tweedehandswinkel	38-4528-B
tweedekker	29-11041-S
tweedelig	29-10603-B
tweedeling	11-22140-B
tweedimensioneel	30-43400-S
tweedracht tweespalt verdeeldheid	33-18233-S
tweedracht verdeeldheid	33-11311-S
tweeen splitsen	17-54548-S
tweeendertig	10-32055-B
tweeentwintig	10-30139-B
tweeenveertig	10-39406-B
tweeenvijftig	10-42189-B
tweehonderd	28-49336-B
tweejarig	15-38690-B,33-28039-B,33-28109-B
tweeklank	20-51263-S
tweekleurig	34-44657-B
tweeledige economie	2-19286-B
tweeling	17-50554-S,17-50617-B
tweelingen	24-8104-B
tweemaal	9-22405-B,9-38791-S
tweemaandelijks	33-27527-B
tweemaandelijks tijdschrift	33-27625-B
tweeogig	29-39027-S
tweepersoonsbed	38-12708-B
tweeslachtig	27-15452-S
tweespalt verdeeldheid	33-18233-S
tweesprong	19-47711-B
tweestrijd	34-39099-S
tweetaktmotor	6-3710-B
tweetalig	18-64140-B
tweevleugeligen	7-13515-B
tweevoeter	29-10670-B
twi	22-12199-B
twijfel	8-9632-S,32-39240-S
twijfelachtig	33-25069-S,34-4799-S
twijfelachtig verdacht	25-5438-S
twijfelen	9-69757-B
twijfelen weifelen	11-44098-S
twijfeling	31-10504-S
twinstigste	33-15842-B
twintig	10-23383-B
twintighoek	16-2793-B
twintigjaarlijks	34-13082-B
twist twistgesprek	11-19552-S
twisten	39-16331-S
twistgesprek	11-19552-S
twistgesprek woordenstrijd woordenwisseling	33-25186-S
twistpunt	17-7289-S
twistziek	31-35632-B
twitteren	37-30212-B
tyfoid	13-6109-S
tyfoon	2-7745-S,6-3837-B
typemachine	38-36024-S
typen	9-49513-B
typfout	9-59866-S
typografie	20-10044-B
typologie	17-12959-B
tyrreense zee	25-42142-B
tyva	17-9599-S
u	7-25227-S,7-25793-S,7-26109-S,10-73395-B,38-10335-S
u dank u wel dankjewe dankjewel dankuwel merci	7-46455-S
u wel dankjewe dankjewel dankuwel merci	7-46455-S
ubiquitair veelvoorkomend	17-59075-S
ubuntu	24-11838-B
ufologie	20-7326-B
ufoloog	20-7463-B
uganda	11-19202-S
ugandese gebarentaal	27-41321-B
ui	13-61801-B,37-35165-B
uier	38-15908-B
uifvallen	39-13503-B
uigestorven taaal	39-11973-B
uil	13-43062-B
uil uilenbal uilskuiken weetniet zakkenwasser zultkop	8-64803-S
uilenbal uilskuiken weetniet zakkenwasser zultkop	8-64803-S
uilskuiken weetniet zakkenwasser zultkop	8-64803-S
uimaken uitdoen	39-17724-B
uit	13-58250-S,31-12675-S
uit commons	37-31915-S
uit de weg ruimen uitschakelen verwijderen wegdoen wegwerken	33-52185-S
uit een doosje	38-35850-S
uit elkaar halen	33-21113-S
uit eten gaan	34-48152-B
uit geboortig uit	31-12675-S
uit het hoofd van buiten	35-20462-B
uit het zicht verdwijnen	19-17075-S
uit in	25-40256-S
uitademen	13-63189-S
uitademing	32-23020-S
uitbarsting	21-32527-S
uitbeelden voorstellen weergeven	24-21708-S
uitbenen	14-64645-B
uitbesteding	31-7949-B
uitblazen de poeper dichtknijpen de wereld verlaten dood gaan doodgaan expireren heengaan het hoekje om gaan het leven laten inslapen overlijden sterven verscheiden	9-4073-S
uitblinken	13-31624-B
uitblinker	26-24914-S
uitblussen uitdoven	37-16524-S
uitbouwen	36-20706-S
uitbraak	29-28525-S
uitbranden	26-15080-B
uitbranden uitgaan	36-21911-S
uitbreidbaar	34-43603-B
uitbreidbaar uitrekbaar uitschuifbaar	34-42020-S
uitbreiden vergroten	22-37619-B
uitbreiden verhogen	24-34059-B
uitbreiding	23-16167-S,34-23549-S
uitbreidingskaart	14-46827-S
uitbrengen zeggen	8-70829-S
uitbroeden	39-5997-S
uitbuiter	22-27143-B
uitbundig uitgelaten	33-46045-S,36-7875-S
uitbundig uitzinnig verrukt	9-61177-S
uitbundigheid uitgelatenheid	33-45929-S
uitdagend weerspanning	32-29710-S
uitdager	29-54930-B
uitdaging	19-10342-B
uitdaging verzet weerstand	32-29196-S
uitdelen	27-52554-S
uitdeling	24-22027-S
uitdoen	39-17724-S
uitdoven	37-16524-S
uitdoven uitgaan	14-61428-S
uitdrijving	34-22536-S
uitdrijving uitwijzing uitzetting verbanning verdrijving verwijdering wegjaging	34-42113-B
uitdrinken	8-21882-S
uitdroging	2-19226-S
uitdrukbaar	34-42961-B
uitdrukkelijk	19-24931-S,33-55581-S
uitdrukkelijk vooral	27-2008-S
uitdrukking	19-25290-B
uitdrukking modewoord	16-65660-S
uitdrukking zegswijze zinswending	13-43358-S
uiteengaan zich splitsen zich verdelen	8-32762-S
uiteenlopen verschillen	31-13666-S
uiteenlopend verschillend	33-32834-S
uiteenzetten uitleggen verduidelijken verhelderen verklaren	33-58274-S
uiteenzetting verhandeling	25-2535-S
uiteindelijk	8-45246-S,19-25522-B,20-28331-S
uiten uitspreken	18-42708-B
uiteraard vanzelfsprekend zeker zonder twijfel	32-39240-S
uiterlijk voorkomen	14-31055-S,17-61915-B
uiterlijke kenmerken	2-35864-B
uiterst	13-41875-S
uiterst links	16-463-B
uiterste best doen	37-7426-S
uitgaan	14-61428-S,36-21911-S,39-13251-B
uitgaan uitstralen uitstromen uitvloeien	33-53286-S
uitgaan veronderstellen	18-33456-S
uitgang	34-22017-B
uitgang uitweg	19-10114-B
uitgangsverbod	13-29414-S
uitgave	19-25574-S
uitgaven	2-5303-S,2-34368-S,6-28286-S
uitgeblust	25-29146-B
uitgebreid netwerk	7-14997-B
uitgebreid uitgestrekt wijd	30-36374-S
uitgegist slib	2-13988-B
uitgekiend uitgeslapen	33-8378-S
uitgekookt	31-52233-S,35-49365-S
uitgelaten	13-51833-S,33-46045-S,35-51239-S,36-7875-S
uitgelatenheid	33-45929-S
uitgelezen	10-42545-S
uitgelezen uitgezocht	8-31471-S
uitgelezen uitstekend voortreffelijk	17-40758-S
uitgemergeld	10-70407-S
uitgemergeld uitgeteerd	33-53221-B
uitgenomen uitgezonderd	14-17246-S
uitgeput	24-16616-S
uitgeput geraken uitsterven verzanden	33-29611-S
uitgerust zijn met	24-33234-B
uitgeslapen	33-8378-S
uitgesproken	25-25254-B
uitgestorven	25-27620-B
uitgestorven taal	16-14444-B
uitgestrekt veelomvattend	34-41933-S
uitgestrekt wijd	30-36374-S
uitgestrektheid	12-42777-B
uitgeteerd	33-53221-S
uitgeven	19-33566-S
uitgeven verteren	31-40826-S
uitgezocht	8-31471-S
uitgezonderd	14-17246-S
uitglijden	8-20133-S
uitgraven	34-17459-S
uithalen kloppen	8-63759-S
uitheems	19-35491-S,19-35553-S
uitheemse soorten	2-34345-B
uithollen	34-17408-B
uithongering	36-33214-S
uithoren	12-38976-S
uitjouwen	37-5389-B
uitkering	37-6244-B
uitkiezen	10-36646-S
uitkijken zoeken	21-42057-B
uitkleden	25-11733-S
uitknippen uitsnijden	24-24791-B
uitlaat	2-34169-B,34-20092-B
uitlaatgas	2-34191-B,6-10797-B
uitlachen	32-45266-S
uitleg verklaring	12-14341-S
uitleggen verduidelijken verhelderen verklaren	33-58274-S
uitleggen verklaren	9-52374-B
uitleggen vertolken weergeven	31-34881-S
uitlenen	12-61834-S
uitlevering	19-35915-B
uitlijnen	27-2485-S
uitloging	3-34868-B
uitluchten ventileren verluchten	14-30365-S
