leichtglaeubiges opfer	36-2510-S
leichtglaeubigkeit	32-2301-S
leichtigkeit	21-42923-S
leid	10-76-S,13-56747-S
leid tut mir leid	13-56747-S
leiden	10-527-S
leiden schlucken sich schicken tolerieren	14-39425-S
leidenschaft inbrunst begeisterung enthusiasmus feuereifer passion	27-35265-B
leidenschaftlich	37-2433-B
leidenschaftlich passioniert	35-15716-S
leidenschaftslosigkeit teilnahmslosigkeit	21-36397-S
leider ungluecklicherweise	15-53356-B
leier lyra	31-42710-B
leihen	11-450-S
leihen verleihen	12-61834-B
leim	1-4379-S
leimen neppen uebervorteilen	17-4707-S
lein	38-12495-S
lein saat lein	38-12495-S
leine	13-4603-S,21-3690-B
leinen leinwand linnen	16-2388-B
leinsamen	34-18523-B
leinwand linnen	16-2388-S
leinwandgewebe	16-2558-B
leistbar	28-55357-S
leiste	12-49778-B
leisten	26-38846-S
leistung	2-23762-S,14-635-B,18-52675-B,18-52694-B,22-34867-B,24-22314-B,37-6244-B
leistungsfaehigkeit	18-37626-S
leistungsmesser	35-24297-B
leistungsprinzip	21-45264-B
leistungspruefung	6-26194-B
leitartikel	20-32036-B
leitend leitfaehig	31-30119-B
leiter	7-43929-S,8-75232-B
leitfaehig	31-30119-S
leitfaehigkeit	2-969-S
leitfaehigkeit elektrische leitfaehigkeit	2-969-B
leitlinie	24-18736-B
leitung	2-23709-S
leitung obhut schirmherrschaft aegide	36-27026-B
leitung rohrleitung	24-16102-B
leitungsrohr	11-44043-B
leitungswasser	30-30200-S
leitwert	26-47254-S
leitwert elektrischer leitwert	26-47254-B
lektion	8-85964-B
lelystad	23-28699-B
lemma	10-78772-B
lendenschurz	29-29694-B
lenierung lenisierung lenition	36-9847-B
leningrad	9-46924-B
lenisierung lenition	36-9847-S
lenition	36-9847-S
lenkbar	33-4470-B
lenkbar nachgiebig willensschwach	24-22516-S
lenkrad steuer steuerrad volant	13-32366-B
lennox gastaut syndrom lennox syndrom	38-11735-B
lennox syndrom	38-11735-S
lenz	9-19017-S
leo	36-23405-B
leone	12-22066-S
leopard panther	20-36341-B
lepra mieselsucht miselsucht	35-4297-S
leprakolonie leprosenhaus leprosorium	35-4070-B
leprakrank leproes	35-3802-S
leprakranker	35-4585-S
leproes	35-3802-S
leprosenhaus leprosorium	35-4070-S
leprosorium	35-4070-S
lepton	31-46726-B
lerche	27-38497-B
lernen	12-49453-B
lesbe	15-56732-B
lese rechtschreib schwaeche lese rechtschreib stoerung	17-38011-S
lese rechtschreib stoerung	17-38011-S
lesebrille	28-35023-B
lesemarke lesezeichen	15-56280-S
lesen	13-37088-B
lesenswert	28-34900-B
leser	34-32412-B
lesezeichen	15-56280-S,15-56502-B
lesotho	11-48356-B
letal todbringend toedlich	16-43444-B
lethargie muedigkeit	20-36425-S
lette lettin	15-46297-B
lettin	15-46297-S
lettisch	9-742-B
lettische gebaerdensprache	31-28939-B
lettland	12-1028-B
letzte abendmahl	17-5392-S
letztendlich letztens schliesslich zuletzt	20-28331-S
letztens letzthin neulich vor kurzem vor kurzer zeit	20-50985-S
letztens schliesslich zuletzt	20-28331-S
letztes gericht	33-35838-B
letzthin neulich vor kurzem vor kurzer zeit	20-50985-S
leuchte genie schlauberger	9-34938-S
leuchtend	27-1654-B
leuchtende nachtwolke	37-6482-B
leuchtkaefer	39-9294-S,39-9475-S
leuchtkaefer gluehwuermchen	38-36891-B
leuchtkaefer grosses gluehwuermchen grosses johannisgluehwuermchen	36-38190-S
leuchtstofflampe	30-46531-B
leuchtturm	36-25282-S
leugnen	31-29502-B
leukaemie	3-36991-S
leukodystrophie	24-18004-B
leukose leukaemie	3-36991-S
leukozyt weisses blutkoerperchen	33-43237-S
leute	14-2845-B,14-3091-B,39-3230-S
levante	15-33921-B
level	2-6220-S
level domain	26-2419-S,26-2586-S
lexem	10-64476-B
lexikalische kategorie	14-51803-S
lexikalisches element	16-37710-B
lexikografie	17-6707-B
lexikologie	14-24894-B
lexikon	2-26555-S
lexikon wortschatz	3-37238-B
leyden lyon	23-20210-B
león	19-22629-B
libanese	16-44107-B
libanon	10-77932-B
libelle	2-18325-B
libellen odonata	4-17022-B
liberalismus	16-54686-B
liberia	11-40020-B
libido	27-26034-B
libyen libysch arabische dschamahirija	11-68194-B
libyer	26-5149-B
libysch arabische dschamahirija	11-68194-S
libysche gebaerdensprache	26-5202-B
lichenologie	39-6587-S
licht	3-37790-B
licht lichtquelle	18-57950-B
lichtbild photo photographie	4-28281-S
lichtelektrischer effekt photoelektrischer effekt	34-34978-S
lichtermeer	15-29072-B
lichtgarn	29-39702-S
lichtgeschwindigkeit	24-6175-B
lichtjahr	23-51650-B
lichtlos	13-30936-S
lichtlosigkeit schwaerze	14-44004-S
lichtmess mariae lichtmess mariae reinigung	38-26449-S
lichtmess mariae reinigung	38-26449-S
lichtquant lichtteilchen photon	11-68980-B
lichtquelle	18-57950-S
lichtspielhaus lichtspieltheater	28-36148-S
lichtspieltheater	28-36148-S
lichtstrahl	22-29175-B
lichtteilchen photon	11-68980-S
lichtundurchlaessig opak undurchsichtig	20-38645-B
lichtverschmutzung	27-37363-B
lichtzeichenanlage verkehrsampel	14-22198-S
lid	32-39699-S
lidschatten	29-7986-B
liebe dich	12-51710-S
liebe machen	20-45097-B
liebe machen sex haben es treiben es tun ficken in die kissen steigen in die kiste springen knaeggern miteinander schlafen pimpern roedeln schnackseln sich dem liebesspiel hingeben sich der schoensten nebensache der welt widmen voegeln	10-61715-S
liebe minne	7-32502-B
liebedienerisch schmeichlerisch	18-29740-B
lieben	16-12891-B
liebenswert liebvoll	19-9123-S
liebenswuerdig	27-13941-B
liebenswuerdigkeit	27-13838-B
lieber der spatz in der hand als die taube auf dem dach	37-35411-S
liebesdienerin	23-26999-S
liebeskummer herzschmerz liebesleid	35-64462-B
liebesleid	35-64462-S
liebesspiel hingeben sich der schoensten nebensache der welt widmen voegeln	10-61715-S
liebeswahn	37-10650-S
liebhaber	31-438-S
liebhaber sexpartner	28-44012-B
liebhaberei steckenpferd	8-49384-S
liebkosen streicheln	24-2298-B
lieblich nett	12-62161-S
liebling liebste liebster	14-15380-S
liebschaft verhaeltnis	26-36502-S
liebste liebster	14-15380-S,29-2922-S
liebster	14-15380-S,29-2922-S
liebstoeckel lusstock luststock maggikraut	35-19484-B
liebvoll	19-9123-S
liechtenstein	12-25032-S
liechtenstein liechtenstein	12-25032-S
lied	19-31586-B
liederlich	32-17185-S
lieferant	18-42462-B
liefern	20-47358-B,30-49137-S
lieferung	10-66655-B,36-28482-S
liegen	8-56643-B,39-16457-S
liegeplatz	29-6662-S
liegestuetz	18-9750-B
liegt am an der	25-40465-B
liegt in	26-26838-B,31-7026-B
lift	12-46793-S
lifting rythidectomie	37-37241-S
ligament	20-34437-S
ligatur	25-21931-S
liger loire	23-15098-B
ligurisch	22-13183-B,24-5786-B
lilie	38-19737-B
limburg	22-43895-B
limburgisch	13-66375-B
limerenz verliebtsein	22-9659-S
limetta	17-19891-S
limette	19-3199-S
limette limetta	17-19891-B
limettenbaum	25-11359-B
limettensaft	32-34769-B
limit grenze	7-55793-B
limnologie	3-38458-B
limonade	35-61168-B
limoncello	30-51340-B
limousin	20-35972-B
lincoln	28-11076-S
lindern	27-5505-S
lindern stillen	13-23234-S
linderung	27-5602-B
lineal	8-86900-B
linear	24-20442-B
linear a linearschrift a	28-2127-B
linear b linearschrift b	28-2455-B
linearbeschleuniger	27-52-B
lineare abbildung linearer operator	30-47989-B
linearer operator	30-47989-S
linearschrift a	28-2127-S
linearschrift b	28-2455-S
lingala	11-16642-B
lingua franca nova	28-54343-B
linguist	20-44973-B
linguistik sprachwissenschaft	15-23991-B
linguistisch	25-27096-S,36-6238-S
linie	7-17385-B,18-54575-S,23-21136-S
linie strecke	18-54649-B
linienquelle	3-38534-B
linienschallquelle	3-38480-B
linke	8-52575-B
links	16-463-S,28-34888-B
links aeusserst links	16-463-S
linkshaendig	11-26032-B
linnen	16-2388-S
linse	20-35451-B,25-31773-B
linseneintopf	38-12807-B
liparische inseln aeolische inseln	28-42940-B
lipid	3-38556-B,7-53759-S
lipodystrophie	32-3659-S
lippe	12-30187-B
lippenstift	21-26329-B
liquidieren	18-47373-B
liquidieren morden umbringen um die ecke bringen	19-46871-S
liquor	20-11493-S
lira	13-52112-S,26-9285-S
lira lira	13-52112-S
lira maltesische lira	26-9285-B
lissabon	11-25796-B
list	28-53-S
liste	7-18788-S,9-30255-S,29-13900-S
listig	27-39034-B,31-52233-B
litani	10-84149-B
litas	26-7416-B
litauen	10-74943-B
litauisch	9-815-B
litauische gebaerdensprache	29-17650-B
liter	13-7905-B
literatur	3-38635-B
literaturbesprechung literaturkritik	3-38730-B
literaturdatenbank	3-38682-B
literaturkritik	3-38730-S
literaturstudie	3-38803-B
literaturwissenschaft	35-70817-B
lithium	10-77424-B
lithographie	20-34878-B
lithosphaere	3-39062-B
litoral	3-39182-B
litschi lychee	16-15368-B
liturgie	20-48822-B
live	36-12476-S
lizenz	11-8944-B
lizenzgebuehr	7-11947-B
lkw fahrer lastkraftwagenfahrer lastwagenfahrer	35-37662-B
lkw truck	3-40121-S
loben mache keine milchmaedchenrechnung man soll das fell nicht verteilen eh man den baeren erlegt hat	39-14123-S
lobenswert	31-7377-B
lobhudelei schmeichelei	21-4739-S
lobhudelei schmeichelei schoenturerei	35-52099-B
lobrede	34-11312-B
loch	11-71780-S,24-11355-B
loch luecke	10-0-B
loch strafanstalt	7-53451-S
lochien wochenfluss	34-34076-B
locken	33-62978-B
lockenschere lockenstange	39-14494-B
lockenstange	39-14494-S
lockenwickler	32-10291-B
lockig	32-10455-S
locus	24-2189-S
lodern	8-62590-S
loeffel	8-45696-B
loeffel abgeben den weg alles irdischen gehen die augen fuer immer schliessen draufgehen entschlafen heimgehen hinscheiden in die ewigen jagdgruende eingehen ins gras beissen krepieren sein leben aushauchen sterben verrecken verscheiden versterben ueber den jordan gehen ueber die klinge springen den geist aufgeben hops gehen	9-4073-S
loeffelbiskuit	38-33319-S
loeffelreiher loeffler	27-11913-B
loeffler	27-11913-S
loeschbar	35-1723-B
loeschen	19-21576-S,37-16524-S
loeschen den durst stillen	29-41114-S
loeschen seinen durst stillen	29-41204-S
loesegeld	35-55898-B
loesen	28-14644-B,30-54311-B
loeslich	24-18639-B
loeslichkeit	5-25989-B
loess	21-1863-B
loesungsmittel	4-19457-S,5-26192-B
loewe	8-49111-B,24-8271-B
loewenjunges	39-7334-B
loewenzahn	26-7526-B
loewin	8-50955-B
logarithmus	39-2953-B
logatom	37-8080-B
loggia	11-3374-S
logik	17-13829-B,23-31468-S,36-40017-S
logik symbolische logik	36-40017-S
logisch	19-40440-B
logisches denken	30-41361-B
logistik	34-15051-B
logo	14-52831-B
logogramm wortzeichen	22-38486-B
logopaede sprachlehrer	15-29694-B
logopaedie	17-7121-B
lohe	15-27772-S
lohn	24-22391-S,34-29409-S
lohnend lukrativ profitabel rentabel	19-40456-S
lohnerhoehung	8-16867-S
lohnform	6-10043-B
lohnpolitik	7-8989-B
lohnt sich	35-38097-S
loir	23-1422-S,23-16284-B
loir et cher	23-3864-B
loire	23-3269-S,23-4078-B,23-4261-S,23-5537-S,23-9229-S,23-15098-S
loire atlantique	23-4358-B
loiret	23-4597-B
lojban	25-44126-B
lok elektrolok elektrolokomotive	28-12605-S
lok lokomotive	3-39712-B
lokal	21-24915-B
lokales netz	20-6645-S
lokalisieren	16-45911-B
lokalisierung	15-26215-B
lokfuehrer lokomotivfuehrer triebfahrzeugfuehrer	24-10058-S
lokomotive	3-39712-S
lokomotivfuehrer triebfahrzeugfuehrer	24-10058-S
lokus toilette wc stilles oertchen oertchen	8-40928-S
lollipop lutscher	39-417-S
lombardisch	11-16034-B
lomonossow ruecken	25-17482-B
london	10-1976-B
lorbeer	12-53537-S
lorbeer edler lorbeer gewuerzlorbeer lorbeer	12-53537-S
lorbeer gewuerzlorbeer lorbeer	12-53537-S
lorbeer lorbeerblatt	12-53742-B
lorbeerblatt	12-53742-S,28-44627-B
lord	9-64613-S
lore	19-10368-B
los	10-60133-B
los angeles	14-5047-B
los lotterieanteilschein lotterielos	18-27509-B
los nun	38-30371-S,38-38185-S
los schicksal	38-31085-B
loschen chochum loschen diebssprache galoschensprache gaunerisch gaunersprache jaunersprache jenisch jenische sprachen jaehnisch jaennisch kaloschensprache kochemer loschen kochemerkohl kochemersprache kochum kokamloschen manisch masematte mengisch plattenkohl plattensprache romanisch rothwaelsch rotwelsch rotwelschdialekte schleifersprache yeniche	33-34264-S
loschen diebssprache galoschensprache gaunerisch gaunersprache jaunersprache jenisch jenische sprachen jaehnisch jaennisch kaloschensprache kochemer loschen kochemerkohl kochemersprache kochum kokamloschen manisch masematte mengisch plattenkohl plattensprache romanisch rothwaelsch rotwelsch rotwelschdialekte schleifersprache yeniche	33-34264-S
loschen kochemerkohl kochemersprache kochum kokamloschen manisch masematte mengisch plattenkohl plattensprache romanisch rothwaelsch rotwelsch rotwelschdialekte schleifersprache yeniche	33-34264-S
lose	39-8331-B
loslassen	19-31285-S
lost schwefellost schwefelyperit yperit	37-36443-S
losung	16-4859-B
lot	23-4782-B
lot et garonne	23-4875-B
lothringen	23-20527-B
lothringisch	22-12689-B
lotrecht senkrecht vertikal	20-811-B
lotsendienst	4-29059-B
lotterie	19-40386-B
lotterie lotto zahlenlotto	16-22832-B
lotterieanteilschein lotterielos	18-27509-S
lotterielos	18-27509-S
lotto zahlenlotto	16-22832-S
loudness	31-42611-B
louisiana	15-8077-B
love	16-13090-B
lowrider	31-48886-B
lozi	26-14924-B
lozère	23-5094-B
lsd lysergsaeure diethylamid dot	35-63677-B
luanda	22-37058-B
luberon	29-153-B
luchs	26-2338-B
luchssaphir polichroit steinheilit wassersaphir	29-12790-S
lucia	12-24679-S,28-7513-S
lude vollkaufmann zuhaelter	35-13932-B
luecke	10-0-S,35-61483-B
lueften	26-44397-B
lueften ventilieren	14-30365-B
lueftung	6-7523-B
luege	34-41100-S
luege unwahrheit	12-28904-B
luegen flunkern schwindeln	13-13763-B
luegen strafen widerlegen	36-13614-B
luegenbold luegenmaul luegner	20-48678-B
luegenmaul luegner	20-48678-S
luegfix	37-7632-B
luegner	20-48678-S
luemmel willy zipfel pimmel schwanz	7-28354-S
luemmeltuete pariser praeser praeservativ	11-9913-S
luesterklemme	37-37428-B
luettich	36-34566-B
luft	1-8458-B
luft aufloesen sich in nichts aufloesen	19-17075-S
luft luftraum	18-17252-B
luftangriff	10-73494-B,26-45648-B
luftballon	32-15895-B
luftbefeuchter	20-29157-B
luftbewegung	1-9205-B
luftbild	1-5805-B
luftbildfotografie luftbildphotographie	7-13009-B
luftbildphotographie	7-13009-S
luftdicht	26-46504-B
luftdruck	30-10149-B
luftfahrt	19-47193-B,26-35469-B
luftfahrtelektronik	28-16653-S
luftfahrtrecht	1-24147-B
luftfahrzeug	1-8780-B
luftfeuchtigkeit	1-22828-B,30-20056-B,30-32359-S
luftfracht	26-44254-B
luftgekuehlt	22-7888-B
luftgewehr	22-9408-B
luftgitarre	19-18503-B
luftguete luftqualitaet	1-9481-B
luftgueteueberwachung	1-9520-B
luftig	26-46949-B
luftkissen luftsack prallkissen prallsack	12-67180-S
luftkissenboot	18-42246-B
luftkissenfahrzeug	18-51277-B
luftpost	26-45521-B
luftpumpe	24-8701-B
luftqualitaet	1-9481-S
luftraum	18-17252-S,26-45708-B
luftroehre trachea	32-26420-B
luftsack prallkissen prallsack	12-67180-S
luftschadstoff	1-9232-B
luftschleuse	26-45137-B
luftschloss wunschtraum frommer wunsch	36-5155-B
luftsicherheit	1-9566-B
luftspiegelung trugbild	20-49468-S
luftstreitkraefte	19-2396-S
lufttemperatur	1-9597-B
lufttransport	1-9742-B
luftverkehr	1-9629-B
luftverkehrsgesellschaft	17-48125-S
luftverkehrsgesetz	1-9654-B
luftverkehrsregelung	1-9696-B
luftverunreinigung	1-9267-B
luftwaffe luftstreitkraefte	19-2396-B
luganda	27-50348-B
luino	8-90501-B
lukrativ profitabel rentabel	19-40456-S
lumbago	31-21721-B
lumen	13-52462-B
luminanz	20-48840-B
luminositaet	23-37636-S
lump fisch lumpfisch seehase	37-20796-S
lump lump fisch lumpfisch seehase	37-20796-B
lumpfisch seehase	37-20796-S
lumpur	25-43442-S
luna	8-11285-S
luna luna	8-11285-S
lunch mittagessen	13-60710-B
lunge	13-25510-B
lungenarterie	28-27784-B
lungenarterienembolie lungenembolie lungenthrombembolie pulmonalarterienthrombembolie	34-15300-B
lungenembolie lungenthrombembolie pulmonalarterienthrombembolie	34-15300-S
lungenemphysem	33-55684-B
lungenentzuendung pneumonie	36-29213-B
lungenerkrankung	4-39900-B
lungenpest	33-44445-B
lungenthrombembolie pulmonalarterienthrombembolie	34-15300-S
lurche	1-13924-S
lusaka	26-11655-B
lusstock luststock maggikraut	35-19484-S
lustbarkeit	35-56536-S
lustgrotte dose pflaume	11-10647-S
lustig spassig witzig	9-53649-S
lustrum	18-39183-B
luststock maggikraut	35-19484-S
lutetium cassiopeium	13-14532-B
lutscher	39-417-S
luwisch	29-39219-B
lux	13-52219-B
luxemburg	12-24782-S,26-5044-B
luxemburg grossherzogtum luxemburg	12-24782-B
luxemburgisch	13-48144-B
