koraalrif	2-4162-B
koraalriflagune	6-23526-B
koran	27-6604-B
kordaat manmoedig onbeducht onbevreesd onversaagd onverschrokken onverstoorbaar onvervaard resoluut stoutmoedig vermetel	32-14374-S
kordon	31-41176-B
korea	12-24761-S,12-28154-S,15-14792-B
koreaan	9-8650-B,31-35336-S,34-17953-S
koreaans	8-91848-B,9-8747-B,25-1058-S,25-1087-S
koreaanse	9-9035-B
koreaanse gebarentaal	28-53913-B
koreaanse tijger mantsjoerse tijger noord chinese tijger oessoeritijger siberische tijger	21-12742-S
korenbloem	29-18241-B
korf mand	9-20236-B
korfbal	27-21584-B
korfoe	21-18731-B
koriander wantsenkruid	30-27548-S
korianderzaad	36-31604-B
kornoelje	31-41567-B,39-3423-S
korporaal	25-32748-B
korps	26-30934-B
korrel	38-37548-B,38-37565-B
korreligheid	30-56959-B
korset	8-60285-B
korst	31-49684-B
korstje	17-7511-S
korstmossen	3-37684-B,3-42851-S
kort	9-63136-B
kort levend kortstondig vluchtig	26-19419-S
kort overzicht samenvatting	34-2659-B
kort verhaal	26-33689-B
kortaf nors	32-10847-S
kortbij nabij om de hoek op een boogscheut op een steenworp afstand op loopafstand vlakbij	8-54566-S
korte drank spiritualien spraakwater sterke drank vuurwater	14-50483-S
korte inhoud samenvatting summier	22-29428-S
korte mouwen	25-9972-S
korte termijn	17-35313-B
kortelings kortgeleden onlangs recent recentelijk	20-50985-S
kortelings seffens spoedig straks weldra welhaast	13-30181-S
kortfilm	18-31690-B
kortgeleden onlangs recent recentelijk	20-50985-S
korting	31-13592-S
korting aftrek rabat reductie vermindering	18-22166-B
korting reductie terugval verlaging vermindering	36-1357-S
korting reductie vermindering	25-45456-S
korting vermindering	19-15026-B
kortingskaart	25-35117-B
kortschildglimworm	39-9475-B
kortsluiten overeenkomen tot een akkoord komen	10-35182-S
kortsluiting	28-17792-B
kortstondig tijdelijk voorbijgaand	34-11699-B
kortstondig vluchtig	26-19419-S
korzelig	7-34008-B
korzelig nukkig	32-5985-S
kosmisch	31-44461-B
kosmische straling	2-4887-B
kosmografie	31-44545-B
kosmologie	12-36828-B
kosmologisch	24-25710-B
kosmoloog	24-25800-B
kosmonaut	16-53189-B
kosmonaut ruimtevaarder	16-53039-S
kosmopoliet wereldburger	31-44721-B
kosmos ruimte universum	12-17381-S
kosovo	15-33370-B
kostbaar kostelijk prijzig	8-62001-S
kostbaar waardevol	21-36597-B
kostelijk lekker overheerlijk smakelijk verrukkelijk zalig	32-30608-S
kostelijk prijzig	8-62001-S
kosteloos om niet voor nop vrij	9-18699-S
kosten	5-23577-S
kosten baten analyse	2-5167-B
kosten onkosten uitgave	19-25574-B
kosten onkosten uitgaven	2-5303-B
kostenbeperking	18-24821-B
kostenbesparende bouwwijze	10-48521-B
kostendekking	2-5255-S
kostentoename prijsstijging	2-5210-B
kostganger	29-18836-B
kosthuis pension	29-18932-B
kostschool pensionaat	29-19963-S
kostunrix	33-8850-B
kostwinner	29-28186-S
kot	30-36569-S
kotau	32-46246-B
kotava	26-26418-B
kots overgeefsel spuwsel vomitus	7-54080-S
kotsen overgeven spugen spuwen vomeren	7-51935-S
kotsmiddel spuugmiddel	33-55128-S
kotszakje	35-15388-B
kou	30-16598-S
kou koude	1-51292-B
kou vatten	37-13497-B
koud	7-56191-B
koud maken liquideren mollen om het leven brengen om zeep helpen ombrengen omleggen vermoorden	19-46871-S
koud op een afstand terughoudend	27-9751-S
koudbloedig	25-18801-B
koude	1-51292-S
koude oorlog	21-4064-B
kozen liefkozen strelen	24-2298-S
kraag	31-3340-S
kraai	16-1796-B
kraaiennest	14-1890-B
kraaiennest mastkorf	14-1943-B
kraak	29-28321-S
kraakbeen	19-50073-B
kraam marktkraam	19-45732-B
kraam stand	14-18310-B
kraambed kraamtijd	34-33331-B
kraamtijd	34-33331-S
kraamvloed kraamzuivering lochia	34-34076-B
kraamvrouw	34-33666-B
kraamvrouw verloskundige vroedvrouw	15-54971-S
kraamzuivering lochia	34-34076-S
kraan	11-5847-S,22-21395-B
kraan raspaardje topper	14-41865-S
kraanvogel	11-5266-B
krab	21-457-B
krabbel ondertekening poot signatuur	36-39888-S
krabbelen krabben krauwen	8-64219-S
krabben krauwen	8-64219-S
krabspin	22-32425-B
kracht	8-84636-B,23-52702-B,26-51750-S
kracht middelpuntvliedende kracht	26-51750-S
kracht power	8-84553-B
krachtdadig probaat werkzaam	30-48383-B
krachtdadig radicaal rigoureus	33-36335-S
krachtig	30-57979-S
krachtig stevig vast	24-25561-S
krachtloosheid kwetsbaarheid slapheid slapte zwakheid zwakte	30-49020-S
krachtsinspanning	21-17616-S
kraj altaj	17-11220-B
krakau	19-625-B
kramp spasme	31-52436-B
kranig moedig onverschrokken	9-28160-S
krankjorum krankzinnig maf mesjogge zot	33-31767-S
krankzinnig maf mesjogge zot	33-31767-S
krankzinnig maf zot	27-51422-S
krant	18-25152-S
krant nieuwsblad gazet	8-415-S
krap raar schaars	21-27954-B
krapte ontoereikendheid onvolkomenheid tekort	32-29888-S
krapte schaarste	32-15437-B
kras	9-37581-B
krassen schrapen schrappen	10-48121-B
krater	23-35429-B
krauwen	8-64219-S
krediet	7-7321-B
krediet lening	36-24010-B
kredietbijstand	2-6038-B
kredietkaart	9-19873-S
kreeft	12-8627-S,35-69553-B
kreeft kreeft	12-8627-B
kreeft zeekreeft	18-66156-B
kreeftachtigen	2-6864-B
kreeftskeerkring	27-21869-B
krek precies	8-80539-S
krekel	11-17662-B
krenken kwetsen uitschelden	28-24684-S
krenken uitschelden vernederen	26-39135-S
krenking vernedering	25-44345-B
krent	32-10517-B
krent krentenkakker krentenweger schraper vrek	30-3860-S
krent reet toges zitvlak	14-41196-S
krentenkakker	39-1383-B
krentenkakker krentenweger schraper vrek	30-3860-S
krentenweger schraper vrek	30-3860-S
krenterig vrekkig	25-29382-S
kreupelbosje	2-4070-S
kreupele manke	32-4985-B
kreupelhout	7-3022-S
kreyol	22-13598-B
krib kribbe	16-20678-S
kribbe	16-20678-S
kribbig nors	31-51508-S
kriebelen	17-10812-S
kriek kriekenboom	33-1276-B
kriek morel zure kers	33-1509-B
krieken morgenrood morgenschemering ochtendgloren ochtendkrieken ochtendschemering ochtendstond zonsopgang	13-40992-S
kriekenboom	33-1276-S
krijger krijgsman soldaat	28-33636-S
krijgsgevangene	27-44199-B
krijgsheer	35-59809-B
krijgsman soldaat	28-33636-S
krijgspaard	38-36345-B
krijgsraad	31-49290-B
krijgsuitrusting wapenrusting	18-60549-S
krijsen	39-14840-B
krijt	6-30403-B
krijt krijtje	10-29742-B
krijtje	10-29742-S
krik	39-14913-B
krimtataars	21-43990-B
kring	8-80752-S,19-32244-S
kringelteken tilde	17-67816-B
kringlooppapier	5-4521-B
krio	27-27568-B
kristal	24-29449-B,24-30036-B
kristallen	24-30147-B
kristallen glas	24-30245-B
kristallijn	24-30348-B,24-30488-B
kristalliseren	2-7014-S,32-6746-B
kristallografie	2-7125-B
kristof	29-29346-B
kritiek	28-24457-S,28-36882-S,28-37011-B
kritiek literatuurkritiek	3-38730-S
kritisch niveau	2-6220-B
kritische belasting	2-6251-B
kroatie	11-52962-B
kroatisch	8-76838-B
kroatische gebarentaal	24-20973-B
kroeg	10-62549-B
kroeien prutsen	39-19557-B
kroep	5-29370-S,33-3285-S
kroeskarper	11-45404-B
krokant	32-5323-S
krokodil	2-6358-B
krokodillentranen	37-22217-B
krom	39-14724-B
kromlijnig	25-5662-B
kromming kromte verbuiging	30-47121-S
kromte verbuiging	30-47121-S
kronen	33-61411-B
kroniek	30-18802-B,35-17326-S
kroniekschrijver	30-19602-B
kroning	12-15460-B
kroning troonbestijging	33-61454-B
kronkeldarm	39-9684-B
kroon	13-37855-B,25-45244-S,26-7499-S,28-38743-B
kroon kroon	26-7499-S
kroonblad	21-16401-S
kroonlijst	25-9345-B
kroonluchter	29-55631-B
kroonprins troonsopvolger	12-15156-B
kroonsteen	37-37428-B
kroot rode biet	37-29084-B
krop kropgezwel	29-15393-B
kropgezwel	29-15393-S
krot	22-30587-B
krottenwijk	32-35231-B,32-35501-B
krsko	29-44323-B
kruid specerij	11-64821-B
kruiden	32-21984-B
kruidenier	15-13771-B,19-30228-B,19-49531-B
kruidenkunde	9-45948-B
kruidenthee	16-66325-S
kruidentuin	33-60544-B
kruiderij	13-18370-S
kruidje roer me niet	20-42948-B
kruidnagel	30-43090-B
kruimel	32-6608-B
kruimelen verkruimelen verpulveren	22-21891-B
kruinschering tonsuur	37-21994-B
kruipbraam	32-32737-B
kruipen	36-6840-B
kruipen voor	32-46400-S
kruiper mooiprater slijmbal strooplikker vleier	18-29740-S
kruiperig onderworpen	24-32068-B
kruis	8-39686-B
kruis slaan	24-27231-S
kruisbeeld crucifix	16-6717-B
kruisbek	35-26257-B
kruisbes	16-19676-S,31-4953-S
kruisboog	12-65065-B
kruisdisteloesterzwam	38-24606-B
kruisgang	15-53866-S
kruisigen	32-6351-B
kruisiging	32-6451-B
kruising	3-17563-B
kruising kruispunt	24-33653-S,38-16837-B
kruispunt	24-33653-S,38-16837-S
kruisschroevendraaier	37-30815-B
kruissleutel	35-25882-B
kruisspin	22-34622-B
kruistocht	25-9361-B
kruistocht kruisvaart	20-19550-B
kruisvaarder	25-9645-B
kruisvaart	20-19550-S
kruisvuur	32-5759-B
kruiswoordpuzzel kruiswoordraadsel	19-23081-B
kruiswoordraadsel	19-23081-S
kruit	26-1835-S
kruiwagen	11-31363-B
kruk	17-39483-B
krukas	32-370-B
krulspeld papillot roller	32-10291-B
krultang	39-14494-B
krypton	12-67611-B
kuala lumpur	25-43442-B
kubisme	23-49314-B
kubist	32-7162-B
kubus	18-25659-B,20-25535-S
kuch	25-26032-B
kudde	31-49389-B
kuieren rondslenteren slenteren wandelen	27-13230-S
kuifje	22-28704-B
kuiken	11-52586-B,26-2986-B
kuiken kwezel leeghoofd minkukel nitwit oelewapper oen oetlul oliebol onbenul rund schaapskop steenezel stomkop stommeling stommerd stommerik sufferd sufkont sufkut uil uilenbal uilskuiken weetniet zakkenwasser zultkop	8-64803-S
kuiper	31-39635-B
kuis	30-3078-B
kuis maagdelijk onaangeraakt onbevlekt onbezoedeld ongerept onschuldig puur rein virginaal zuiver	33-11769-S
kuiser schoonmaker	35-35316-B
kuisheid	24-11780-B
kuit	12-45627-B
kuitbeen	30-1485-S
kukelen lazeren mieteren vallen	7-53169-S
kumquat	13-21861-B
kuna	26-7315-B
kundig listig sluw	27-39034-S
kundigheid vermogen vernuft	8-42954-S
kunnen	9-33718-B,17-14327-S
kunnen vaardig	15-14353-S
kunst	1-20751-B,12-18017-B,12-18103-B,17-21038-B,22-40607-S,23-57194-S,35-13778-S
kunsten	9-46126-S
kunstenaar	16-682-S
kunstgalerie	28-32186-S
kunstgebit tandprothese	32-40051-B
kunstmatig leven	34-15163-S
kunstmatige inseminatie	37-30672-B
kunstschaatsen	27-19800-B
kunstschilder schilder	11-62005-B
kunstsneeuw	17-1145-B
kunststof	5-38183-B
kunsttaal	13-62727-B
kunstverzamelaar	29-23111-B
kunstvezel	5-38204-B
kurisch	22-10940-B
kurk	2-4461-B
kurk stop stopsel	34-30829-B
kurkeik	17-63491-B
kurkentrekker	11-38105-B
kurksmaak	23-47961-B
kurkuma	15-21996-B
kurmanci	27-12096-S
kurow	27-37080-B
kus zoen	12-54478-B
kussen	30-19239-B
kussen zoenen	12-58794-B
kust	1-50264-B,5-13698-B,36-33458-B
kustbescherming	6-24013-B
kuster kustvaarder kustvaartuig	30-51620-B
kusterosie	1-50476-B
kustmatig	19-37740-S
kustvaarder kustvaartuig	30-51620-S
kustvaartuig	30-51620-S
kustvisserij	1-50593-B
kustwacht	1-50662-B
kustwater	1-50623-B
kut shit	13-17253-B
kuur nuk	29-40783-S
kuur remedie	32-9537-B
kvas	34-49959-B
kwaad	34-13997-B
kwaad lelijk met opgestoken zeilen op hoge poten verbolgen vergramd verstoord vertoornd	11-3487-S
kwaad slecht	34-13928-S
kwaadspreken lasteren	28-23116-B
kwaadspreken lasteren roddelen smaden vals beschuldigen zwartmaken	27-44369-S
kwaadsprekend lasterend lasterlijk smadend smalend spottend vernederend	32-25859-S
kwaadsprekerij kwatongerij laster roddel roddelpraat smaad vuilspuiterij zwartmakerij	32-38549-S
kwaadsprekerij laster smaad	32-25529-S
kwaadwillig malicieus	14-17875-S
kwaal	10-527-S
kwaal ziekte	2-15095-S
kwadraat	28-17975-B
kwadraatswortel vierkantswortel	25-33092-S
kwadrant	20-39031-B
kwadrateren	28-17582-B
kwak	10-67413-S,26-26329-B,37-17710-B,38-20943-B
kwaken	22-28249-B,22-28364-B
kwakzalver	38-20986-B
kwakzalveren	38-21154-B
kwal	38-31382-B
kwalificatie	18-58161-B
kwalijkriekend onwelriekend stinkend vies ruikend	34-5212-B
kwaliteit	15-11670-B
kwaliteitsbewaking	5-0-B
kwaliteitscertificatie	6-27525-B
kwaliteitsnorm voor woningen	3-16575-B
kwalsteren kwatten spugen spuwen tuffen	8-65875-B
kwantitatief	28-26068-B
kwantiteit	11-2240-S
kwantum quantum	11-70128-B
kwantumchemie	27-1806-B
kwantummechanica	27-3021-B
kwanyama	27-31351-B
kwanzaa	17-749-B
kwark	27-36979-B,37-1239-S
kwarktaart	30-12866-S
kwartaal	11-42547-B
kwartair	24-1110-B
kwartel	11-63733-B
kwartet	14-61144-B
kwartje	39-7754-B
kwashiorkor	36-28600-B
kwast	11-0-B
kwatongerij laster roddel roddelpraat smaad vuilspuiterij zwartmakerij	32-38549-S
kwatten spugen spuwen tuffen	8-65875-S
kwebbel leuteraar woordenkakker zwammer zwetser	28-20360-S
kwebbelen babbelen converseren keuvelen klappen kletsen lullen praten snateren spreken wauwelen zwammen	30-3228-B
kwee kweepeer	10-24326-B
kweepeer	10-24326-S
kwek	37-17699-B
kwek en kwak	10-67413-S
kweker	19-30972-S
kwekerij	23-16028-S
kwekerij plantenkwekerij	4-15968-B
kwel	5-15140-B
kwellen martelen pijnigen plagen	29-22886-B
kwellen pesten plagen tergen	34-17093-S
kwellen pijnigen plagen teisteren treffen	19-27959-B
kwellen treiteren	39-18846-B
kwellend penibel pijn veroorzakend pijnlijk schrijnend triestig verontrustend	33-30035-S
kwelling	28-6444-B
kwelling ondragelijke pijn	26-43892-S
kwestie opgaaf probleem vraagstuk	8-23904-B
kwestie probleem thema toestand zaak	30-49263-S
kwestieus omstreden twijfelachtig verdacht	25-5438-S
kwestieus twijfelachtig	33-25069-S
kwets	32-13711-B
kwetsbaar	30-50561-B
kwetsbaar teer zwak	32-31730-S
kwetsbaarheid slapheid slapte zwakheid zwakte	30-49020-S
kwetsbare soort	23-59087-S
kwetsen uitschelden	28-24684-S
kwetsentaart	34-47262-B
kwetsuur letsel schade	25-14698-S
kwetsuur verwonding wond	19-41332-B
kwezel leeghoofd minkukel nitwit oelewapper oen oetlul oliebol onbenul rund schaapskop steenezel stomkop stommeling stommerd stommerik sufferd sufkont sufkut uil uilenbal uilskuiken weetniet zakkenwasser zultkop	8-64803-S
kwezelen	33-26982-S
kwiek rap ras snel vlug	9-53247-S
kwijl speeksel	19-47630-B
kwijlen	38-21977-B
kwijt onvindbaar pleite ribbedebie spoorloos verdwenen verloren weg zoek	36-8501-S
kwijten van	17-63926-S
kwijtschelding pardon vergeving vergiffenis	15-32783-S
kwik	37-17575-B
kwik kwek en kwak	10-67413-B
kwik kwikzilver	4-1087-B
kwikzilver	4-1087-S
kwintet	29-21911-B
kwitantie	24-8682-B
kymrisch welsh	9-10344-B
kynologie	15-42636-B
kyoto	10-43072-B
kythira	30-32635-B
la lade schuifla schuiflade	34-55671-B
la loggia	11-3374-B
la rochelle	29-17558-B
la vella	14-48288-S
laadbak laadkist	2-1864-S
laadkist	2-1864-S
laadvermogen	3-39453-S
laag	1-18583-S,12-54000-B,13-35673-B
laag hangend fruit	27-49826-B
laagconjunctuur	15-35746-S
laaghartig oneerlijk oneervol ongehoord onzedelijk schandelijk verdorven voos	14-38336-S
laagste onderste	29-26657-B
laagtij	18-17414-S
laagvlakte vlakte	4-29357-B
laagvliegerij	3-40712-B
laakbaar	29-14181-S
laakbaar verwerpelijk	34-17750-S
laan	17-58377-B
laars	12-65337-B
laarzen rubberlaarzen	37-32225-B
laat	12-29791-B,12-30011-B,20-35990-S,24-33546-S,29-881-S
laat in de nacht	20-36137-B
laat is het	38-15198-S
laat met vertraging te laat	29-881-B
laatdunkend minachtend neerbuigend schamper smadend smalend spottend verachtelijk	33-15390-S
laatdunkend minachtend smalend	31-35505-S
laatst kortelings kortgeleden onlangs recent recentelijk	20-50985-B
laatste	25-10122-S
laatste adem uitblazen de poeper dichtknijpen de wereld verlaten dood gaan doodgaan expireren heengaan het hoekje om gaan het leven laten inslapen overlijden sterven verscheiden	9-4073-S
laatste avondmaal	17-5392-S
laatste ultieme	9-15721-S
laatste wilsbeschikking testament	13-35867-B
labbekak lafaard mietje schijtebroek schijter schijterd schijthuis schijtlaars schijtlijster schijtluis watje	8-17659-S
labelen	37-31548-S
labiaal	36-39674-B
laboratoria	3-28087-S
laboratorium	3-32121-B,7-18227-S
laboratoriumafval	3-32481-B
laboratoriumexperiment	3-32370-B
laboratoriumonderzoek	3-32406-B
laboratoriumprocedure	3-32446-B
laboratoriumproef	6-35226-B
labyrint	20-35774-S
labyrintitis	36-21636-B
lach	8-69015-S
lachen	8-34177-B,16-63628-B,36-36791-S
lachwekkend lollig	9-53649-S
lachwekkend ridicuul	24-23950-S,28-3611-S
lactase	19-19625-B
lactose melksuiker	30-28246-B
lactosevrij	37-7935-B
lacune ledigheid leegte leemte	33-56302-S
lacune leegte leemte	35-61483-S
ladder trap	8-75232-B
lade schuifla schuiflade	34-55671-S
ladekast	17-65093-S
