nachweis	2-12350-S
nachweisbar	27-47972-B
nachwelt	14-19978-B
nachwirkung	26-39744-B
nachwort	21-23538-S
nackedei nackte nackter	39-1241-B
nacken	8-25333-S,8-32105-B
nackt unbekleidet	13-3600-S
nacktbild	14-3326-S
nackte nackter	39-1241-S
nackter	39-1241-S
nacktmull	38-13948-B
nacktsamer	3-10418-B
nadel	8-47598-B,8-49561-B,13-37656-B
nadelbaum	2-1316-B,7-12900-B
nadelwald	7-13587-B
nadir	13-754-B
naechste	8-34072-S
naechstenliebe	37-944-B
naehen	8-70397-B
naehren fuettern	13-46280-S
naehrmedium	4-16014-B
naehrstoff	4-16164-B
naehrstoffelimination	4-16110-B
naehrstoffgehalt	4-16040-B
naehrstoffreich	36-24631-S
naehrstoffzyklus	4-16072-B
nagel	12-47431-B,27-47018-B
nagel auf den kopf treffen	10-7855-S
nageleisen	21-33592-S
nagelfeile	33-55009-B
nagelknipser	22-19049-B
nagellack	29-7442-B
nager nagetier	5-9824-B
nagetier	5-9824-S
nah	13-29705-B
nah nahe	8-54566-B
nahaufnahme	30-40888-B
nahe	8-54566-S
nahe neben	8-71178-S
naher osten	10-78593-B
naherholung	4-20675-B
nahezu	11-57053-S,14-5505-S
nahkampfwaffe	20-1614-S
nahrhaft naehrstoffreich	36-24631-B
nahrung speise	2-43248-S
nahrungskette	2-43770-B
nahrungsmittelproduktion	2-44434-S
naht	26-15278-B
nahverkehr	3-39681-B
nahwaermeversorgung	7-18522-B
naira	25-46173-S
naira nigerianischer naira	25-46173-B
nairobi	18-66752-B
name	32-43983-S
name proprium	8-54218-S
namenforschung onomastik	17-9926-B
namenlos	27-18586-B,27-18898-B
namensbruder	36-5776-S
namensgeber	16-64803-S
namensnennung	15-26581-B
namensvetter namensbruder	36-5776-B
namibia	11-39003-B
nan minnan	11-59650-S
nancy	29-17507-B
nanga parbat	30-24730-S
nanosekunde	15-38875-B
nanotechnologie	30-35140-B
nanterre	29-19298-B
nanu	19-21490-B
napalm	36-31866-B
napfkuchen rodonkuchen	37-155-S
narbe	12-43346-B
narkolepsie schlafkrankheit schlummersucht	38-17056-B
narkosearzt	15-40683-S
narkotisieren	27-17013-S
narr	11-39910-S
narr rindvieh schafskopf schwachkopf schwachmat simpel spaten spatzengehirn spatzenhirn stiesel strohkopf tor tropf trottel vollhonk vollpfosten	8-64803-S
narrheit	29-22157-B
narzisse	16-24300-B
nasal	36-8416-B
nase	7-27714-B
nase hoch tragen eingebildet hochnaesig	38-29590-S
nasenbluten	20-31158-S
nasenfahrrad	11-70772-S
nasenhoehle	37-15147-B
nasenkatarrh rhinitis schnupfen	36-19119-S
nasenloch nuester	21-30425-B
nasennebenhoehlenentzuendung sinusitis	32-31143-B
nasenrachen nasenrachenraum nasopharynx	37-14807-S
nasenrachenraum nasopharynx	37-14807-S
nasenscheidewand	26-48875-B
naseweis	39-957-S,39-1154-B,39-1223-B
naseweis schnueffelnase schnueffler topfgucker naseweis	39-957-B
nashorn rhinozeros	11-72355-B
nasogastrale sonde	33-32275-S
nasopharynx	37-14807-S
nass triefnass	10-27489-S
nassabscheider	6-16677-B
nasskalt	26-35069-B
nation nationalstaat staat	8-1452-S
nationalbibliothek	21-39796-B
nationale gesetzgebung	4-9245-B
nationalhymne	25-43748-B
nationalismus	14-28619-B
nationalist	35-37577-B
nationalist nationalistin	25-28981-B
nationalistin	25-28981-S
nationalistisch	35-37497-B
nationalitaet	38-37422-B
nationalpark	4-9288-B
nationalsozialismus	14-24364-B
nationalsozialist nazi	15-38084-B
nationalstaat staat	8-1452-S
nationen	6-4618-S
nationen un generalsekretaer	14-23096-S
nationen un sicherheitsrat weltsicherheitsrat	10-66164-S
nato nordatlantikvertrag organisation	11-12902-B
natrium	10-57803-B
nattern	5-22468-B
natuerlich	30-57694-B,32-39240-B
natuerliche auslese	34-15398-B
natuerliche radioaktivitaet	4-10404-B
natuerliche ressource	4-10714-B
natuerliche sprache	37-33458-B
natuerlicher lebensraum	7-19474-B
natur	9-18450-B,28-37527-B,36-37279-S,38-29272-S
natur verhaeltnis	3-42219-S
naturdenkmal	4-10020-B
naturduenger	4-9344-B
naturerbe	4-9940-B
naturfaser	4-9494-B
naturgefahr	4-9910-B
naturgefuehl	6-27787-B
naturgesetz	4-9969-B
naturjoghurt	30-23214-B
naturkatastrophe	4-9316-B,24-2416-S
naturpark	4-10048-B
naturschutz	4-10821-B
naturschutzgebiet	4-10889-B
naturschutzpolitik	7-14225-B
naturschutzprogramm	4-10846-B
naturstein	4-10798-B
naturtrueber apfelsaft	16-48706-B
naturwald	3-21899-B,4-9588-B
naturwissenschaft	4-10760-B,4-28784-B
naumachie	36-39469-B
nauru	12-26200-B
nauruisch	11-60110-B,25-10324-B
nautisch	36-40663-B
navaho navajo	11-3466-B
navajo	11-3466-S
navigation	6-31265-B
nay ney	15-41090-B
nazi	15-38084-S
ne metall	4-12760-B
neapel	8-89365-B
neapolitanisch	8-72946-B
nebel	2-42592-B,2-42900-B,23-55586-B
nebelfrei klar	17-43626-B
nebelhaft nebelverhangen vernebelt	17-43031-S
nebelhaft undeutlich wolkig	11-26670-B
nebelhorn	38-31435-B
nebelig neblig nebelhaft nebelverhangen vernebelt	17-43031-B
nebelscheinwerfer nebelscheinwerferlampe	36-33142-B
nebelscheinwerferlampe	36-33142-S
nebelverhangen vernebelt	17-43031-S
neben	8-71178-S
neben bei	26-22271-B
nebeneinander	26-6367-S
nebeneinander stellen	36-40724-B
nebenfluss zufluss	28-21607-B
nebenfrau	34-56695-S
nebenkonto	6-28257-B
nebenmann	34-56473-B
nebenniere	25-13662-B
nebenprodukt	1-38155-B
nebensache der welt widmen voegeln	10-61715-S
nebensonne parhelion	13-5879-B
nebenwirkung	5-18292-B
nebenwort	7-50757-S
neblig nebelhaft nebelverhangen vernebelt	17-43031-S
nebraska	15-9009-B
nebst sowie	9-31860-S
nee	7-43375-S
neffe	9-61314-B
negation verneinung	20-50721-B
negativ	21-1706-B,34-31549-B
neger schwarzer	15-15195-S
negieren	23-31803-B,33-26024-B
nehmen	10-35584-S,10-35755-B,10-35820-B,10-35884-S,10-36753-S,16-15390-S,18-20656-S,22-22079-S,38-52-S
nehmen glauben	11-46303-S
nehmen in die arme nehmen	16-15390-S
nehmen sich entleiben sich toeten sich umbringen	33-44651-S
nehmen waehlen	10-36646-B
neid	34-942-B
neiderfuellt neidisch scheel scheelsuechtig	16-21547-S
neidisch scheel scheelsuechtig	16-21547-S
neigen	14-35043-S
neigung	15-19684-S,21-8318-B,21-8432-B
nein	7-44935-B
nein nee	7-43375-B
nekrolog	11-60770-S
nekrophilie	15-41886-B
nekrose	4-11079-B
nektarine	30-2396-B
nematode	30-35839-S
nematoden	4-11369-B
nemesis	35-36322-B
nennen	19-49762-S
nenner	15-5299-S,32-38749-B
neodym	13-39833-B
neoklassizismus	36-40196-B
neokolonialismus	36-36125-B
neoliberalismus	36-36158-B
neolithikum	21-44875-S
neolithische revolution	22-1817-B
neologismus	14-19785-B
neomelanesisch neuguinea pidgin pidgin englisch tok pisin	25-46249-S
neon	12-62689-B
nepal	12-3685-B
nepalesisch nepali	9-1528-B
nepalesische rupie rupie	26-460-B
nepali	9-1528-S
nephologie wolkenkunde	36-26023-B
nephrektomie nierenentfernung	32-33479-B
nephrologe	16-24926-B
nephrologie	16-24512-B
nepotismus vetternwirtschaft	21-2219-S
neppen uebervorteilen	17-4707-S
neptun	15-45088-B,38-19411-B
neptunium	15-31012-B
nerd	36-35194-S
nerv	9-31284-B
nerven veraergern aergern	27-20432-B
nervenarzt neurologe	16-14255-B
nervensaege	22-20405-B
nervensystem	4-11387-B,26-50592-S
nervensystem vegetatives nervensystem	26-50592-S
nervenzelle neuron	9-30165-B
nervoes	33-17753-B
nervosa	27-22314-S
nervosa magersucht anorexia mentalis anorexie	27-40601-S
nervus trigeminus trigeminus	33-231-B
nerz nerzmantel	28-57901-B
nerzmantel	28-57901-S
nesselsucht	30-31969-B
netbook	37-18585-B
nett	12-62161-S,35-49661-S,36-2654-B
nettoeinkommen	21-42160-B
nettogehalt nettolohn nettoverdienst	20-1088-B
nettolohn nettoverdienst	20-1088-S
nettoverdienst	20-1088-S
netz	12-31111-S,20-6645-S
netzauftritt webangebot webauftritt webpraesenz website	20-110-S
netzen	33-16411-S
netzhaut	25-35301-B
netzhaut retina	11-37644-B
netzhautentzuendung retinitis	28-29448-B
netzuebergang schnittstelle	20-1250-S
netzwerk	19-11819-B
netzwerk rechnernetz	19-12261-S
netzwerkaufbau netzwerkeinrichtung netzwerkinstallation	19-49370-B
netzwerkeinrichtung netzwerkinstallation	19-49370-S
netzwerkinstallation	19-49370-S
neu	7-30956-B,10-76179-S
neu delhi	25-41099-B
neu schreiben	30-54168-B
neue gemeinschaft	4-11601-B
neue noch einmal	26-39248-S
neuengland	38-18985-B
neuerdings neulich	30-32740-B
neuerung	3-25979-S
neues jahr	16-53671-S
neues jahr gutes neues jahr prosit neujahr	16-51995-S
neues jahr prosit neujahr	16-51995-S
neugier neugierde	32-9918-B
neugierde	32-9918-S
neugierig	18-51146-B
neugierig machen	36-1053-S
neugierig wissensdurstig wissbegierig	18-50928-B
neuguinea	12-35875-S
neuguinea pidgin pidgin englisch tok pisin	25-46249-S
neuguineer	31-34857-S
neuhebraeisch	8-78914-S
neuigkeit	17-49935-B
neuigkeiten	12-30803-B
neujahr	16-51995-S
neujahr neujahrstag	16-40696-B
neujahrstag	16-40696-S
neujahrsvorsatz	17-765-B
neukaledonien	23-13965-B
neulich	30-32740-S
neulich vor kurzem vor kurzer zeit	20-50985-S
neuling	18-45338-S
neumexiko new mexico	15-9381-B
neumond	35-10731-B
neun	8-88300-S,11-43314-S
neun 9	8-89777-B
neun 9 neun	11-43314-B
neun neun	8-88300-S
neuneckig	16-4058-B
neunjaehrlich	34-12560-B
neunmalkluger rechthaber schlauberger schlaumeier	16-51487-S
neunorwegisch nynorsk	16-30436-B
neunschwaenzige katze	11-49134-B
neunte	38-18944-S
neuntel	33-13489-B
neununddreissig	10-33628-B
neunundfuenfzig	10-40903-B
neunundneunzig	13-4323-B
neunundsechzig	15-18590-B
neunundvierzig	10-40727-B
neunundzwanzig	10-31626-B
neunzehn	10-24016-B
neunzig	10-26525-B
neuplatonismus	36-27769-B
neureiche neureicher parvenue	38-37611-B
neureicher parvenue	38-37611-S
neuroanatomie	13-56858-B
neurocranium	36-40478-B
neurofibromatose	27-26174-B
neurologe	16-14255-S
neurologie	25-10629-B
neuron	9-30165-S
neurotoxizitaet	4-11413-B
neurotransmitter	30-26912-B
neuschnee	20-7783-B
neuseelaendische gebaerdensprache	26-10381-B
neuseeland	12-22445-B
neutral saechlich	35-35048-B
neutrales genus neutrales geschlecht saechliches genus saechliches geschlecht	17-22074-S
neutrales geschlecht saechliches genus saechliches geschlecht	17-22074-S
neutralisieren	36-40682-B
neutralisierung	4-11445-B
neutralitaet	36-36577-B
neutrino	27-0-B
neutron	11-59281-B
neutrum neutrales genus neutrales geschlecht saechliches genus saechliches geschlecht	17-22074-B
nevada	15-9106-B
nevis	12-27023-S
new hampshire	15-9189-B
new jersey	15-9288-B
new mexico	15-9381-S
new york	15-9486-B
new york city	26-25467-S
new york new york city	26-25467-B
newsgroup	7-15501-B
newton	13-33811-B
nexus verbindung verknuepfung zusammenhang	19-15332-B
ney	15-41090-S
ngo nichtregierungsorganisation	9-28488-B
niamey	25-39371-B
nicaragua	11-33812-B
nicht	7-32092-B,10-73401-B
nicht da weg	13-26644-S
nicht ein bauer bleibt immer ein bauer	39-14021-S
nicht etablierte partei	35-554-S
nicht gehorchen	33-22029-B
nicht moegen	33-20981-S
nicht moegen verabscheuen	9-43819-S
nicht uebereinstimmen mit	33-4820-B
nicht verteilen eh man den baeren erlegt hat	39-14123-S
nicht vor dem abend loben mache keine milchmaedchenrechnung man soll das fell nicht verteilen eh man den baeren erlegt hat	39-14123-S
nicht weit vom stamm	11-13460-S
nichte	9-61415-B
nichterneuerbare ressourcen	4-13622-B
nichtfluechtiger stoff	6-35489-B
nichtionisierende strahlung	4-12917-B
nichtmetall	4-13169-B
nichtmetallisches mineral	4-13118-B
nichtregierungsorganisation	4-12856-B,9-28488-S
nichts	13-25073-B
nichts aufloesen	19-17075-S
nichts fuer nichts und wieder nichts fuer nix und wieder nix umsonst	25-17758-S
nichts fuer nix und wieder nix umsonst	25-17758-S
nichts und wieder nichts fuer nix und wieder nix umsonst	25-17758-S
nichts zu danken	11-1465-S
nichtsdestominder nichtsdestoweniger	10-71487-S
nichtsdestotrotz trotzdem dessenungeachtet doch gleichwohl nichtsdestominder nichtsdestoweniger	10-71487-S
nichtsdestoweniger	10-71487-S
nichtumkehrbarkeit unumkehrbarkeit	6-34262-S
nickel	4-11638-B
nicker nickerchen schlaefchen siesta	11-49663-S
nickerchen schlaefchen siesta	11-49663-S
nicotin nikotin	35-32668-B
nie da gewesen	31-4595-S
nie niemals	9-69889-B
niedergeschlagen	32-3492-B
niedergeschlagen traurig trist trueb truebe truebsinnig unfroh ungluecklich	13-28341-S
niedergeschlagen truebsinnig	14-45935-S
niedergeschlagen zusammenschlagen	35-54919-B
niedergeschlagenheit	21-33107-B
niederknien	34-44012-S
niederkunft	8-37726-S
niederlaender niederlaenderin	15-47817-B
niederlaenderin	15-47817-S
niederlaendisch	8-4525-B,15-47604-B,19-25954-B
niederlaendische antillen	22-39952-B
niederlaendische antillen gulden	26-33441-S
niederlaendische gebaerdensprache	25-556-B
niederlaendischer gulden	26-7867-B
niederlage	14-734-B
niederlande	8-22618-S
niederlande niederlande	8-22618-S
niederlegung	18-32812-B
niedermoor	2-37650-B
niederreissen abbruch abriss	17-33608-S
niedersachsen	17-6434-B
niederschlag	1-23302-B,5-2229-S
niederschlagserhoehung niederschlagszunahme	4-36237-B
niederschlagsmesser ombrometer pluviometer	17-51845-S
niederschlagswasser regenwasser	5-3513-B
niederschlagszunahme	4-36237-S
niedersorbisch niederwendisch	9-55692-B
niederwald	2-4070-B
niederwendisch	9-55692-S
niedrig	13-35673-B
niemals	9-69889-S
niemand	30-52263-B
niere	12-37966-B
nierenentfernung	32-33479-S
nierengriess nierenstein	39-10820-B
nierenkrank	22-38404-B
nierenstein	39-10820-S
nieseln	17-60184-B
nieselregen rieselregen	17-60096-S
niesen	23-34930-B
niessbrauch nutzniessung	18-43428-B
nietenhose	34-56898-S
niger	12-3643-B
nigeria	11-68066-B
nigerianer	25-46105-B
nigerianisch	37-28451-B
nigerianischer naira	25-46173-S
nightclub	23-52123-S
nikolaus	15-51157-B
nikolausabend	16-16548-B
nikotin	35-32668-S
nil	38-18165-B
nilpferd	12-2675-S
nimmermuede	21-10635-S
niob	13-42355-B
nippel	14-12286-S
nippes nippsachen schnickschnack tand	14-50991-S
nippflut nipptide	26-32984-B
nippsachen schnickschnack tand	14-50991-S
nipptide	26-32984-S
nirgendwo	27-20065-B
nische	2-21098-S
nischni nowgorod	23-52932-B
nisten	6-24810-B
nistgebiet	6-24698-B
nitrat	4-11831-B
nitrifikation	4-11846-B
nitrit	4-11873-B
nitrosamin	4-12237-B
niue	22-30221-B
nix umsonst	25-17758-S
nix und wieder nix umsonst	25-17758-S
nizza	29-17101-B
nièvre	23-6999-B,23-19302-B
nobel	12-30953-S
nobelium	13-45207-B
nobelpreis	26-10630-B
nobelpreistraeger nobelpreistraegerin	22-14974-B
nobelpreistraegerin	22-14974-S
nobiin	22-12129-B
noch	8-44738-S,8-45015-B,8-45246-S,8-45399-B
noch ein huehnchen mit jemandem zu rupfen haben	24-9136-S
noch ein huehnchen zu rupfen haben noch ein huehnchen mit jemandem zu rupfen haben	24-9136-S
noch einmal	26-39248-S,27-18426-B
noch nie da gewesen	31-4595-S
nochmals wieder wiederholt wiederum	10-11976-S
nocken nockerln	38-8706-S
nockenwelle	29-39436-B
nockerln	38-8706-S
nocturne	36-40577-B
noerdliche marianen das commonwealth der noerdlichen marianen	22-41768-B
noerdlichen marianen	22-41768-S
noerdlicher polarkreis	30-9399-B
noerdliches eismeer	1-19623-S
noetigung zwang	30-54712-B
nofretete	37-30052-B
nomade	4-12746-B
nomen substantiv	7-50112-S
nomenklatur	27-9878-B
nomenklatur terminologie	5-40698-B
nomenklatura	35-6634-B
nominativ werfall rektus erster fall	17-22531-B
nominieren	29-20472-B
nominierung	22-1262-B,26-31517-B
nonan	29-35844-B
nonne ordensschwester	15-15342-B
nonnenkloster	26-50369-S
nonnenmeise sumpfmeise	26-3563-B
nonsens unfug unsinn	13-17749-S
nord	23-7200-B
nordafrika	4-13760-B
nordafrikaner	37-31018-B
