waakvlam	13-11577-B
waakzaam wakend	17-65629-S
waals	15-49739-B
waar	7-31922-B,9-69949-B
waarachtig waarlijk warempel werkelijk	21-41978-S
waarachtigheid	13-50904-S
waarborg	31-3414-S,35-22191-S
waard	35-38097-S,38-32776-S
waarde	25-46915-S
waarde dalen	32-55298-S
waarde zuurtegraad	7-14044-S
waardebepaler	27-32426-S
waardepapier	19-15768-B
waarderen	18-2013-S,18-13540-B,19-48964-S,33-2541-S,34-8011-S
waarderend	27-33039-S
waardering	17-63346-S,27-47710-S,28-1516-S
waardevermindering	18-25896-S
waardevol	21-36597-S
waardig	18-48024-S,20-20894-S,32-29107-S,33-2427-S
waardigheid zelfrespect	20-26958-S
waardigheidsbekleder	24-17753-B
waarheen	37-22779-B
waarheid	9-57536-B
waarin stof verkeert	5-32510-S
waarlijk warempel werkelijk	21-41978-S
waarneembaar zichtbaar	33-7897-S
waarneemster	21-8099-S
waarnemen	9-68842-S,16-28431-S,32-46793-S
waarnemen zien	29-464-S
waarnemend	17-48919-S
waarnemer	21-7986-S
waarneming	17-25013-S
waarneming observatie	17-25145-B
waarom waarvoor weshalve weswege	7-44127-B
waarschijnlijk	9-26130-B
waarschijnlijkheid	18-57457-B
waarschijnlijkheidstheorie	27-3478-S
waarschuwend	36-2255-S
waarschuwing	24-37297-B
waarschuwingssysteem	2-19726-S
waarvandaan	35-28167-S
waarvoor weshalve weswege	7-44127-S
waarzeggen	39-5930-S
waarzegger wichelaar	39-5087-S
waarzegger ziener	33-32977-S
waarzeggerij	3-116-S
wablieft wat	10-77903-B
wacht	20-14994-B
wachten	9-38147-B,9-43544-S
wachter	8-11124-S
wachtkamer	19-32738-S
wachtkamer wachtruimte	38-1810-B
wachtruimte	38-1810-S
wachttoren	35-23543-B
wachtwoord	16-4859-B,30-51556-S
wad	4-7806-S
waddenhommel	39-10147-B
waddenzee	6-10022-B
wafelijzer	29-52198-B
wagen	1-39432-S,6-37285-S,16-18934-S,25-34813-S
wagon	5-2807-S,17-1830-B
wake	9-41863-B
waken	28-24079-S
wakend	17-65629-S
waker	28-33024-B
wakker	14-30871-B,17-19071-S,18-20799-S
wakker worden	9-41879-S,24-24708-S
wal	27-41951-S
wales	15-23634-B
walg walging weerzin	14-62847-S
walgelijk	33-28913-S
walgelijk weerzinwekkend	25-46712-S
walgen	33-18145-S
walgen tegenstaan walgen	33-18145-S
walging weerzin	14-62847-S
walkie talkie	35-21230-S
wallis	30-20752-B
wallis en futuna	22-40795-B
walnoot	16-44986-S,26-16218-S
walnoot gewone walnoot	26-16218-S
walpurgisnacht	21-45474-B
walrus	21-37489-B
wals	35-54724-B,35-55561-B
walsen	4-1949-S,35-54844-B
walvis	6-16707-B
walvis zeekanarie	16-26288-S
walvisachtigen	1-44261-B
walvisjager walvisvaarder	35-27218-B
walvisolie	36-7053-S
walvisvaarder	35-27218-S,35-27344-B
walvisvangst	6-16898-B
wambaya	11-15679-B
wanbetaling	32-44788-B
wand	6-10064-S
wandaad	36-26260-B
wandaad wetsovertreding	3-24467-S
wandbeen	38-31276-B
wandelen	10-37826-S,27-13230-S
wandeling	17-25656-S
wandelpad	7-12140-B
wandelstok	7-59174-S,19-47608-S
wandklok	38-28660-B
wandluis	28-52976-S
wang	10-28177-B
wangzak	35-38559-B
wangzakeekhoorn	16-43247-S
wanhoop	32-49481-S
wanhopen	13-10144-B
wanhopig	17-3861-S,32-49604-S
wankeling	35-41682-S
wanklank	20-48200-S,33-11435-S
wanluidend contrasterend onverenigbaar strijdig tegengesteld tegenstrijdig	33-11548-B
wanneer	7-31984-B,9-52916-S,10-72355-B,38-17044-B
wanneer ook maar	35-28311-S
wanneer wanneer ook maar	35-28311-S
wanorde	19-19507-S,35-53486-B
wanordelijk	33-22749-S
want	15-6608-S,17-10288-B
wantan	30-18445-B
wantrouwen	20-26869-B,33-31435-S
wantrouwend achterdochtig argwanend wantrouwig	33-31515-B
wantrouwig	33-31515-S,35-68111-S
wants	1-36317-B
wantsenkruid	30-27548-S
wanverhouding	33-24860-S
wapen	1-31255-S,1-45263-S,6-14993-B,19-32941-S,20-1614-S
wapen getrokken wapen	20-1614-S
wapen wapenschild	29-22488-S
wapenarsenaal wapendepot	27-38148-S
wapendepot	27-38148-S
wapenen	14-31631-S
wapenrusting	18-60549-S
wapenschild	29-22488-S
wapensmid	27-37946-B
wapenstilstand	10-10521-S,19-32986-B
wardriving	36-34192-B
warempel werkelijk	21-41978-S
warenhuis	33-56055-S
warheen	37-22875-B
warm	7-31066-B,7-55981-S,23-56917-B,25-41453-S
warm maken warmen	8-29669-S
warm water	3-16201-B,5-42832-B
warmbloedig dier	6-10448-B
warmen	8-29669-S
warmte	3-12381-S,13-20851-S,35-22117-S
warmte emissie	6-10881-B
warmte isolatie	5-42339-B
warmtecentrale	5-42801-B
warmtepomp	3-12654-B
warmteproductie	1-52077-S
warmtestuwing	30-5901-S
warmteverontreiniging	5-42519-B
warmtevoorziening	3-12818-B,7-18522-S
warmtewisselaar	13-40085-B
warmwaterketel	1-33520-S
warschau	14-57015-B
was	28-13330-S
was vroeger bekend als	26-11493-B
wasabi	30-28416-B
wasbaar	35-2495-B
wasbak wastafel	35-22461-S
wasbeer	14-35228-B
wasbeurt	8-72051-B
wasbord	37-7002-B
wasgelegenheid	14-38997-S
washandje	35-25419-B
washington	15-10751-B,21-30765-B
wasknijper	30-42806-B
waslijn	30-41917-B
wasmachine	34-38305-B
wasmiddel	2-12421-B,9-50028-S
wassen reinigen schoonmaken	8-69626-S
wasserette	26-270-B
wastafel	16-2236-S,35-22461-S
wasverzachter	38-36201-B
wat	7-31865-B,10-77903-S,19-21490-S
wat dan ook	13-26551-S
wat ook welke ook	20-47925-S
water	1-18278-S,1-18348-S,2-41579-S,3-16201-S,5-11057-S,5-42832-S,6-4801-S,6-13496-S,6-13736-B,7-751-S,7-1426-S,7-1458-S,7-1716-S,31-29363-S
water grondwater	7-601-S
water oplosbaar	24-18532-S
water overspoeld overstroomd	28-17493-S
water rijk aan rottend organisch materiaal	5-11972-B
water voor gebruik water voor menselijk gebruik	6-12486-B
water voor menselijk gebruik	6-12486-S
water wateren	6-13564-B
water zoetwater	3-1538-S
waterachtig waterig	21-30514-B
waterbalans	3-18959-B
waterbed	22-2816-B
waterbehoud	6-12192-B
waterbeluchting	7-1853-B
waterbescherming	6-13342-B
waterbezit	7-701-B
waterboarding	27-23162-B
waterbodem	6-12037-B
waterbouw	3-17587-B
waterbron	6-14852-B
waterbronnen	7-1923-S
waterbuffel	21-32243-S
watercultuur	1-18233-B
waterdamp	22-1992-S
waterdebiet	22-9384-B
waterdicht	21-6676-S
waterdicht maken	21-6747-B
waterdier	1-18257-B
waterdistributiesysteem	6-12271-B
wateren	6-13564-S
wateren zeiken	13-4395-S
watererosie	6-12319-B
waterfiets	13-21505-S
watergebruik	6-14594-B
watergekoeld	24-15163-B
watergladheid	35-65435-S
waterhardheid	6-12906-B
waterhyacint	6-13002-B
waterig	21-30514-S
waterijs	7-47002-S
waterkanon	21-36042-B
waterkers	37-9352-B,37-16942-S
waterkever	21-32047-B
waterklok wateruurwerk	21-35137-S
waterkoud	26-35069-B
waterkraan	21-42769-B
waterkracht	3-19093-B,6-36528-B
waterkrachtcentrale	3-18017-B
waterkringloop	3-18984-B
waterkwaliteit	6-13425-B
waterkwaliteitsbeheer	6-13452-B
waterleiding	24-9817-B
waterlelie	21-38362-B,30-7418-S
waterloop	6-12250-B
waterman	24-7590-B
watermeloen	19-3037-B,39-10795-B
watermerk	22-5627-B
watermolen	6-36565-B
waterontharder waterverzachter	21-41449-B
waterorganisme	1-18395-B
waterpijp	35-14731-S
waterpistool	21-40993-B,38-35595-B
waterplant	1-18427-B
waterpokken	22-7208-B
waterpolo	21-41061-B
waterpomp	6-13372-B
waterprijs	6-28899-B
waterregeneratie	7-1886-B
waterrijk gebied	6-16647-B
watersalamander	38-20605-B
waterschade	7-3710-B
waterscheiding	6-13707-B
waterspin	22-32945-B
watersport	21-42661-B
waterspuwer	37-15302-B
waterstand	6-13157-B
waterstof	3-18053-B
waterstofbom	9-67768-B
waterstofsulfide zwavelwaterstof	3-18804-B
watertaxi	21-43015-B
watertoren	21-44175-B
waterturbine	21-45294-B
wateruurwerk	21-35137-S
waterval	6-12345-B
waterverbruik	6-12220-B
waterverf aquarelverf	35-23859-B
waterverfschilderij	35-23955-S
waterverkeer	6-698-B
waterverontreiniging	6-13249-B,6-13291-S
watervervoer	6-14339-B
watervervuiler	6-13217-B
waterverzachter	21-41449-S
watervlooien	6-12379-B
watervoerende laag	1-18583-S
watervogel watervogels	6-12825-B
watervogel zwemvogel	23-22780-B
watervogels	6-12825-S
watervoorziening	6-6184-S,6-14105-B
waterweg	6-14621-B
waterwetenschappen	6-13534-B
waterwinning	6-12063-B
waterzoogdier	1-18317-B
waterzuivering	6-13394-B,6-14368-B
waterzuiveringsstation	6-14876-B
watje	8-17659-S,35-25173-S
watt	13-8108-B
wattenstaafje	36-9750-B
wattmeter	35-24297-B
wauwelen zwammen	30-3228-S
wav	17-17530-B
waziristan	32-54631-B
wc	8-40928-S,9-34281-S
wc papier	32-11075-S
wc toilet	39-3181-B
we wij	7-25619-B
web	7-15268-S,21-37628-S
webcam	24-11872-B
webdesign	19-50039-B
weber	13-47913-B
weblog	16-24706-S
webpagina	19-49445-B
website	20-110-B
wedde	20-1435-S
weddenschap	12-45929-B
weder in bezit nemen	24-23155-B
weder wederom weer weerom	10-11976-S
weder weer	6-15230-B
wedergeven weergeven	35-65228-S
wederkerend	32-44689-S
wederkerend voornaamwoord	16-61071-S
wederkerend werkwoord	21-41192-B
wederkerig voornaamwoord	16-61347-S
wederom weer weerom	10-11976-S
wederopstanding	20-36283-S
wedervaren	9-20649-S
wedijveren	31-24647-S
wedstrijd	24-15122-S,31-36008-S
weduwe	25-13030-B
weduwnaar	30-22009-B
wee	31-3024-B
wee zeer	10-59643-S
weefgetouw	10-61678-B
weefsel	2-36101-S,5-43573-B
weegschaal	16-18580-S,24-8437-B
week	8-82002-B
week zacht	11-30670-S
weekblad	21-10836-B,35-26634-B
weekdier	4-5531-B
weekeinde weekend	17-30323-B
weekend	17-30323-S
weeklacht	35-20962-S
weeklagen	10-234-S
weelde welzijn	10-61308-S
weer	6-15230-S,26-34962-S
weer weerom	10-11976-S
weerbaar	32-27432-S
weerbericht weersvoorspelling	38-19749-B
weerborstel	31-50807-B
weergalm weerklank	33-47118-S
weergave	23-32791-S
weergeven	24-21708-S,24-22356-S,31-34881-S,35-65228-S
weerhaak	32-19197-B
weerhaan	28-37869-S
weerkaatsing	5-4971-B
weerkaatsingsvermogen	30-9180-S
weerkerk	38-32193-S
weerklank	33-47118-S
weerkunde	4-2452-S
weerkundige	16-31718-S
weerleggen	18-63963-S,31-32306-S,36-13614-S
weerleggen weerspreken	19-50917-S
weerlicht	9-51855-S
weerloos	32-27365-S
weerom	10-11976-S
weerspannig	31-37187-S
weerspanning	32-29710-S
weerspreken	19-50917-S
weerstand	20-24491-S,20-24960-B,32-29196-S
weerstand ohmse weerstand weerstand	20-24491-S
weerstand weerstand	20-24491-S
weerstoestand	6-15505-B
weersverandering	6-15529-B
weersverwachting weersvoorspelling	6-15600-B,39-6782-B
weersvoorspelling	4-2158-B,6-15600-S,38-19749-S,39-6782-S
weerswaarneming	6-15566-B
weerwil van niettegenstaande ofschoon ondanks ongeacht spijts trots	32-49981-S
weerwil van niettemin ofschoon ondanks ondanks alles ondanks dat ongeacht spijts	13-49568-S
weerzin	14-62847-S,33-19920-S
weerzinwekkend	17-33127-B,25-46712-S,29-23511-S,33-62607-S
wees	20-50225-B,31-5879-B
wees weeskind	25-36029-B
weeshuis	36-28017-B
weeskind	25-36029-S
weetniet zakkenwasser zultkop	8-64803-S
weg	5-9260-S,13-26644-S,13-58098-S
weg hoepel op rot op sodemieter op	13-4603-S
weg ruimen uitschakelen verwijderen wegdoen wegwerken	33-52185-S
weg zoek	36-8501-S
wegdoen	11-7905-S
wegdoen wegnemen	14-25839-S
wegdoen wegwerken	33-52185-S
wegdooien	32-30546-S
wegdrijven wegjagen	33-23165-S
wegen	19-36255-B
wegen leiden naar rome	34-51057-S
wegennet	6-31243-B
wegens	10-11870-S
wegenzout	5-9682-B
weggaan wegreizen wegtrekken	14-1711-S,32-40215-S
weggaan zich verwijderen	10-37562-S
weggeven	15-23444-S,15-52219-S
weggooien	8-15913-S
wegjagen	33-23165-S,33-50747-S
wegjaging	34-42113-S
wegkijken	28-752-B
weglatingsteken	27-28565-S
wegleggen zetten	18-13982-S
wegnemen	14-25839-S,22-10274-S
wegreizen wegtrekken	14-1711-S,32-40215-S
wegrestaurant	28-34118-B
wegrotten	33-17618-B
wegsterven	14-61652-S
wegstoppen	11-21136-B,13-14013-S
wegtrekken	14-1711-S,31-42641-S,32-40215-S
wegvagen wegwissen wissen	33-48034-S
wegverkeer	5-9702-B
wegverkeerstechnologie	5-9729-B
wegvluchten	26-6897-S
wegvoeren	32-41511-S
wegwerken	33-52185-S
wegwerpartikel wegwerpbaar	33-24765-B
wegwerpbaar	33-24765-S
wegwissen wissen	33-48034-S
wegwissen wissen poetsen	8-69796-S
wegzending	21-43939-S
wei	7-2359-B
wei weide weiland	4-150-B,4-24476-S,34-44939-S
weide weiland	4-150-S,4-24476-S,34-44939-S
weifelen	11-44098-S
weifeling	35-41525-S
weigeren	34-20647-B
weiland	4-150-S,4-24476-S,34-44939-S
weinig	7-32871-B,14-17093-S
weinig enigermate enigszins iet ietwat lichtelijk	29-24236-S
weinig zelden zelden of nooit	11-15570-S
wekelijks	35-26871-B
weken	5-23054-S,21-44351-B
weken veertien dagen	30-18869-S
wekenlang	18-18229-B
wekken	9-42015-S
wekker	17-34700-B
wel	8-38537-S
wel dankjewe dankjewel dankuwel merci	7-46455-S
wel eens	29-25129-S
welbespraakt welsprekend	33-52987-S
welbespraaktheid eloquentie welsprekendheid	17-17782-B
welbespraaktheid welsprekendheid	33-52814-S
welbewust weloverwogen	18-21101-S,18-21364-S
weldadig	9-15967-S
weldoener	14-26226-S
weldoordacht weloverwogen	31-34026-S
weldra welhaast	13-30181-S
weleens	9-22061-S
welgemanierd wellevend welopgevoed	32-8564-S
welgemanierd welopgevoed welvoeglijk	32-20450-S
welgemanierdheid welvoegelijkheid	32-20306-S
welgemeend	27-13941-S
welgemoed	30-9694-S
welhaast	13-30181-S
welk	13-39789-S
welk welke	13-39772-B
welke	13-39772-S
welke ook	20-47925-S
welklinkend welluidend	20-31448-S
welkom	8-84983-B
wellevend	34-36837-S
wellevend welopgevoed	32-8564-S
wellevendheid	30-30937-S
wellington	22-16218-B
welluidend	20-31448-S
welluidendheid	35-5927-S
wellust zinnelijkheid	31-29011-S
wellustig	7-56098-S,31-29113-S
welopgevoed	32-8564-S
welopgevoed welvoeglijk	32-20450-S
weloverwogen	18-21101-S,18-21364-S,20-20950-S,26-34174-S,31-34026-S
welp	32-7050-B
welsh	9-10344-S
welsprekend	33-52987-S
welsprekendheid	17-17782-S,33-52814-S
welterusten	11-4832-B
welvaart	4-38690-B
welvaart welzijn	18-2612-B
welvoegelijkheid	32-20306-S
welvoeglijk	32-20450-S
welwillend	30-2787-S,35-30640-S
welzijn	10-61308-S,18-2612-S
wemelen van	26-6141-S
wendakker	3-11344-B
wenden	9-37775-S,14-35043-S
wendisch	9-12049-S
wenen	11-13249-S,14-60376-B
wenk	16-50812-S
wenkbrauw	21-23810-B
wennen	19-50864-S
wens wil wilskracht	13-35774-B
wensen	13-25013-B,24-23898-S
wentelen	8-66912-S
wentelwiek	9-29243-S
wepsisch	28-42220-B
wereld	6-18670-B,9-18226-S,12-17571-B,17-53240-S
wereld verlaten dood gaan doodgaan expireren heengaan het hoekje om gaan het leven laten inslapen overlijden sterven verscheiden	9-4073-S
wereldbol	35-67334-S
wereldburger	31-44721-S
wereldburger ziel	3-41778-S
werelddeel	6-22771-S
werelderfgoed	10-43965-S
werelderfgoed site	10-43405-S
werelderfgoed unesco werelderfgoed site	10-43405-S
wereldgezondheidsorganisatie	25-13707-B
wereldkampioenschap	38-5231-B
wereldlijk werelds	31-10424-S
