hongarije republiek hongarije	8-13677-B
honger	11-43900-B
hongerdood	23-51014-B
hongerig	9-16926-B
hongersnood	2-36914-B
hongkong	28-48025-B
honig honing	16-44693-B
honigbij honingbij	10-59388-S
honing	16-44693-S
honingbij	10-59388-S
honingzoet	18-39227-B
honk tehuis thuis	9-1151-S
honkbal	15-7951-B
honorarium	2-37487-B
honorarium loon salaris wedde	20-1435-S
honshu	10-48644-B
hoofd gebruiken nadenken reflecteren	8-58794-S
hoofd hebben	37-25376-S
hoofd kop	7-37100-B
hoofd leider	7-43929-S,27-23951-B
hoofd rector schoolhoofd	7-44225-S
hoofd van buiten	35-20462-S
hoofd van de bevolking	25-25871-S
hoofd zien	12-6453-S
hoofdartikel	20-32036-B
hoofdgeld capitatie	36-41261-B
hoofdgerecht	38-13509-B
hoofding	22-22718-S
hoofdkenmerk	26-20363-B
hoofdkussen oorkussen peluw	18-42872-B
hoofdkwartier	20-30985-B
hoofdpijn	10-16438-B
hoofdrekenen	37-29241-B
hoofdroos roos	12-57424-B
hoofdstad	10-1662-B
hoofdstuk kapittel periode	14-43540-S
hoofdtelefoon met microfoon koptelefoon met microfoon	9-56085-S
hoofdtelwoord	16-57967-S,16-58307-S
hoofdtelwoord kardinaal getal	11-38843-B
hoofdzakelijk uitdrukkelijk vooral	27-2008-S
hoofs ridderlijk wellevend	34-36837-S
hoog	13-57371-B
hoog corsica	23-1947-S
hoog lang ongeloofwaardig	13-32590-B
hoog rijzig	13-57435-B
hoog zomer	11-67302-B
hoogachten hoogschatten respecteren waarderen	34-8011-S
hoogbouw	3-13383-B
hoogduits	9-50790-S,9-50913-B
hooggebergte	3-13308-B
hooggeboren	39-2539-B
hooggeprijsd kostbaar kostelijk prijzig	8-62001-S
hooghartig	24-29378-S
hooghartig hoogmoedig pretentieus verwaand zelfgenoegzaam zelfingenomen	16-3822-S
hooghartig kleinerend laatdunkend minachtend neerbuigend schamper smadend smalend spottend verachtelijk	33-15390-S
hoogheid	29-37587-B
hoogmoed ijdelheid pretentie verwaandheid	35-43587-S
hoogmoedig hovaardig ijdel pretentieus verwaand zelfgenoegzaam zelfingenomen	33-58429-S
hoogmoedig pretentieus verwaand zelfgenoegzaam zelfingenomen	16-3822-S
hoogoven	1-32829-B,17-41457-B
hoogschatten respecteren waarderen	34-8011-S
hoogsilezisch silezisch	28-56981-B
hoogspanning	16-49859-B
hoogspanningsleiding	3-14039-B
hoogspanningsmast	22-36636-B
hoogte	9-44063-B,18-56174-B,18-56319-B
hoogte hoogtegraad	6-22472-S
hoogte stellen	26-22199-S
hoogtegraad	6-22472-S
hoogtemeter	27-10285-B
hoogtepunt	24-17735-B,24-21185-B
hoogtepunt orgasme	18-53267-B
hoogtepunt toppunt	22-9790-B
hoogtevrees	15-11454-S,18-18609-B
hoogteziekte	11-43684-B
hoogtij hoogwater vloed	18-17636-B
hoogwaardig	30-21171-B
hoogwater	3-13970-B
hoogwater vloed	18-17636-S
hoogzwanger	35-59062-B
hooiland wei weide weiland	34-44939-S
hoop	13-13601-B
hoopvol vol verwachting	38-33258-B
hoorbaar	28-4447-B
hoorbaarheid	28-3295-B
hoorbereik	33-38737-S
hoorn	8-51622-B,16-35682-B,24-1142-S,37-18048-S
hoornaar	22-3263-B
hoorndrager	38-37062-B
hoornviooltje	38-28940-S
hoornvlies	30-27237-S
hoornvliesontsteking keratitis	36-21014-B
hoorzitting	4-17529-S
hop	14-37453-B
hopelijk	13-36536-B
hopeloos radeloos vertwijfeld wanhopig	32-49604-S
hopeloosheid impasse patstelling uitzichtloosheid	32-15061-B
hopeloosheid radeloosheid verslagenheid vertwijfeling wanhoop	32-49481-S
hopen	19-29699-B
horde leger legioen massa menigte meute myriade schare	14-31780-S
hordes massaal	8-36077-S
horen vernemen	8-55272-B
horizon	20-47041-B
horizontaal	35-26095-B
horizontaal horizontale	35-25973-B
horizontale	35-25973-S
horizontale genoverdracht	27-8944-B
horizonte	23-30267-S
horloge klok klokje polshorloge uurwerk	8-86307-B
horloge klok uurwerk	8-19960-B
horlogemaker uurwerkmaker horlogier klokkenmaker	35-23255-B
horlogier klokkenmaker	35-23255-S
hormonaal	11-54276-B
hormonenleer	2-26688-S
hormoon	21-36382-B
horrorfilm	15-41642-S
horzel	22-30357-B
horzelsteek	22-3635-B
hospitaal kliniek ziekenhuis verpleeginrichting	3-15795-B
hospitaliseren	16-63395-B
hostie	35-19149-B
hotel	9-47010-B
hotelsector	3-16178-B
hotspot	23-35893-B
hou op stop ermee	13-4685-B
hou van jou	12-51710-S
houden	8-84490-S
houden aan	24-21530-S
houden amuseren vermaken	33-61163-S
houden in hechtenis houden vasthouden	32-53059-S
houden stilhouden stilstaan stoppen	7-49497-S
houden van	33-20981-S
houden van liefhebben	16-12891-B,19-50805-B
houden vasthouden	32-53059-S
houden verbergen	31-27523-S
houder zonder statiegeld	4-13680-B
houding	24-21429-B
houding manieren uiterlijk voorkomen	14-31055-S
houding pose stand	28-0-B
hout	26-8375-B
hout als brandstof	3-3006-S
hout timmerhout	6-17820-S
houtafval	6-18099-B
houtalcohol houtgeest hydroxymethaan methanol methylalcohol	21-27293-S
houtbescherming	6-18072-B
houtblok	14-5987-S
houtboard houtvezelplaat	7-55633-S
houten	29-29094-B
houtgeest hydroxymethaan methanol methylalcohol	21-27293-S
houthakker	20-35029-B
houtkikker	22-35716-B
houtskool	1-44451-B,24-11486-B
houtsnede	36-27871-B
houtsnippers	28-26180-B
houtverduurzamingsmiddel	20-25824-B
houtvezelplaat	7-55633-S
houtzagerij zagerij	28-26712-B
hovaardig ijdel pretentieus verwaand zelfgenoegzaam zelfingenomen	33-58429-S
hoveling	31-49161-B
hovenier tuinder tuinier tuinman	15-14676-B
hovenieren tuinieren	33-30850-B
hovercraft	18-42246-B,18-51277-B
hpv humaan papillomavirus	20-16809-B
hubble	31-7656-B
hubbleconstante	26-52554-B
hubris	34-24425-B
huffelpuf	9-65740-B
hufter klerelijer kloot kloothommel klootzak loeder lul rotvent rotzak schoft smeerlap sukkel sul teringlijder zak zakkenwasser	13-16906-S
hufterig lomp onbehoorlijk onbehouwen onbeleefd onbeschaafd onbeschoft ongemanierd onheus onhoffelijk	33-11977-S
huichelaar hypocriet	21-22547-B
huichelaar hypocriet schijnheilige veinzer	33-27057-B
huichelachtig onoprecht schijnheilig	33-20595-B
huichelen	39-17916-B,39-18032-B
huichelen kwezelen	33-26982-S
huid niet verkopen voor de beer geschoten is	39-14123-S
huid vel	5-20875-B
huidaandoening	30-2047-B
huidarts huidspecialist	15-28781-S
huidig tegenwoordig vandaag de dag	24-38325-B
huidspecialist	15-28781-S
huig uvula	37-10052-B
huilbaby	38-23189-B
huilebalk	38-23315-B
huilen	12-56227-B
huilen schreien wenen	11-13249-B
huilerig larmoyant melodramatisch tranend	35-11629-B
huis	8-86516-S,20-34317-S,22-37713-S
huis van bewaring penitentiaire inrichting	18-63003-S
huis woning domicilie verblijf vestiging woonplaats	7-35839-B
huisarts	15-25955-B
huisbaas	20-34213-B
huisband	10-79285-B
huisbel klingel zoemer	14-41703-S
huisdier	2-18125-B,4-26234-B
huiselijk geweld	36-24694-B
huisgemaakt	38-13165-B
huishoudelijk afval	2-18187-B
huishoudelijk apparaat	2-18086-B,18-37711-B
huishoudelijke uitgaven	6-28286-B
huishouden	3-16258-B
huishoudfolie plastic folie	30-38604-B
huishouding poetsvrouw schoonmaakster werkster	37-28674-S
huiskamer living woonkamer woonvertrek zitkamer	8-71635-B
huismuis	25-3628-B
huismus	38-6256-B
huisschilder	15-19350-B
huisspitsmuis	29-15623-B
huisvesting	3-16448-B,3-40645-S
huisvestingsprogramma	3-16533-B
huisvrouw	21-44722-B
huiswerk	10-70099-B
huiszebraspin	15-17595-B
huiveren rillen	34-24667-S
huiverig ongerust	11-2339-S
huiverwekkend naar sinister	32-2729-S
huizenblok	14-6887-S
huldebetoon	22-1536-S
huldigen loven prijzen roemen vereren waarderen	33-2541-S
huldigen loven vieren	19-51228-B
hulp	6-28154-S,7-10480-S,38-18823-S
hulp assistent helper	13-58977-B
hulp bijstand	13-58828-B
hulp in de huishouding poetsvrouw schoonmaakster werkster	37-28674-B
hulp verlenen	27-49397-S
hulpbron	5-7335-S
hulpbron natuurlijke hulpbron	5-7335-S
hulpbronnen	3-6262-S,4-10714-S,4-13622-S,5-6265-S,5-7459-S
hulporganisatie	26-43975-B
hulpstuk toebehoren	27-54136-B
hulpstukken	2-40805-B
hulpvaardigheid	26-48908-S
hulpverlening	5-24001-S
hulpwerkwoord	15-55145-B,17-26236-B
humaan papillomavirus	20-16809-S
humanitair	19-4856-B
humanitaire hulp	7-10480-B
humanoide mensachtig	30-52304-S
humanoide robot	21-7240-B
humeur	18-17033-B
humor	18-16761-B,18-16863-B,18-16954-B
humoristisch	25-28839-B
humoristisch kluchtig koddig komiek komisch lachwekkend lollig	9-53649-S
humus	3-17406-B,10-72860-B
hun	13-52794-B
hun zijn	11-24688-S
hunebed	32-5619-S
hunkeren naar verlangen	26-21153-B
hunkeren smachten verlangen wensen	24-23898-S
hunkering lust verlangen zin	28-16501-S
huren	14-57838-B
hurken	36-23090-B
husselen mengen mixen samenvoegen vermengen	31-13973-S
hut kot	30-36569-S
huttenkaas	38-21814-B
huur	6-34031-B,12-30464-B
huurdoder huurmoordenaar	37-11424-B
huurling huursoldaat	21-12712-B
huurmoord moord sluipmoord	16-1113-B
huurmoordenaar	37-11424-S
huurmoordenaar moordenaar sluipmoordenaar	27-46058-B
huursoldaat	21-12712-S
huurwoning	24-25920-B
huwbaar	27-32695-B
huwelijk	34-42560-S,34-42658-S,37-3670-B
huwelijk gedwongen huwelijk	34-42658-S
huwelijk huwelijksband	7-37779-B
huwelijk huwelijkssluiting huwelijksvoltrekking trouw trouwerij	7-38169-S
huwelijks	20-39496-B
huwelijksband	7-37779-S
huwelijkse voorwaarden	36-9400-B
huwelijksmars trouwmars	8-3946-S
huwelijksnacht	8-3181-B
huwelijksreis	37-4087-B
huwelijkssluiting huwelijksvoltrekking trouw trouwerij	7-38169-S
huwelijksvoltrekking trouw trouwerij	7-38169-S
huwen trouwen	11-63617-B
hydraulica	3-17607-B
hydraulisch	20-30961-B
hydrobiologie	3-17741-B
hydrocultuur	3-17992-B
hydrodynamica vloeistofdynamica	27-2306-B
hydrogeologie	3-18906-B
hydrografie	3-18934-B
hydrologie	3-19015-B
hydrologische stroming	6-12451-B
hydrolyse	3-19037-B
hydrometeorologie	3-19057-B
hydrometrie	7-647-B
hydrosfeer	3-19117-B
hydrostatica	27-2242-B
hydroxyethaan spiritus	6-36969-S
hydroxymethaan methanol methylalcohol	21-27293-S
hyena	26-2764-B
hygiene	3-19141-B
hygrometer	17-49798-B
hymne lofzang	28-27284-B
hyperactief	30-26024-B
hyperactiviteit	30-26098-B
hyperbolisch	35-68925-B
hyperbool	16-25056-B,35-69074-B
hyperglykemie	37-26703-B
hyperlink link	23-32412-B
hyperoniem	1-0-B
hypertensie	25-13317-S
hypertext	7-15481-B
hypochloriet	11-56061-B
hypochonder zwartkijker	35-6783-S
hypocriet	21-22547-S
hypocriet schijnheilige veinzer	33-27057-S
hypocritisch schijnheilig	27-28321-S
hypofyse	24-4130-B
hypoglykemie	37-26747-B
hypogram portmanteau valieswoord	16-69034-B
hyponiem nauwere begrippen	1-288-B
hypotensie	25-13256-B
hypotenusa	28-18338-B
hypotheek	19-19887-B
hypothermie onderkoeling	36-1674-B
hypoxie	9-19703-B,9-71473-B
i	9-34511-B
ibiza	20-44045-B
ibuprofen	37-35272-B
icao internationale spellingsalfabet	13-34931-B
ichthyose	37-14098-B
ichtyologie	20-44549-B
ichtyoloog	27-7028-B
iconoclasme	35-52964-S
icoon	11-8060-S,39-12275-B
icterus	25-36765-S
idaho	13-39490-B
idealist	37-4825-B,37-4843-B
idee	9-44736-S
idefix	31-16220-B
idem	12-64897-S
identiek zelfde	9-28557-S
identificatie	21-9012-B
identificatie legitimatiebewijs	19-43214-B
identificeerbaar	37-2974-S
identiteit	20-44527-B
identiteitsbewijs identiteitskaart legitimatiebewijs	32-42260-B
identiteitsfraude	31-20330-B
identiteitskaart legitimatiebewijs	32-42260-S
ideologie	3-19842-B
idiofoon slagwerkinstrument	16-33404-B
idiolect	20-44387-B
idiomatisch	20-44503-B
idioom	20-44115-B
idioot	17-16237-S
idioot imbeciel onnozel onverstandig onwijs stompzinnig stupide	9-13998-S
idioot kinderachtig	12-8331-S
idioot krankzinnig maf zot	27-51422-S
idioot oenig onbenullig onnozel onverstandig simpel stompzinnig stupide suf verstandeloos zwakhoofdig	10-71935-S
ido	11-47267-B
ieder geval	36-5959-S
ieder geval sowieso	25-175-S
ieder iedere	13-42017-S
ieder iedere per	11-28875-S
ieder iedereen	13-24775-S
iedere	13-42017-S
iedere avond	35-40838-B
iedere keer immer immermeer onafgebroken permanent standvastig steeds steevast te allen tijde voortdurend	10-4927-S
iedere keer telkenmaal telkenmale telkens	34-22864-B
iedere per	11-28875-S
iedereen	10-56357-S,13-24775-S
iedereen iemand wie wie dan ook	11-12681-B
iemand	9-15485-S
iemand een appeltje te schillen hebben	24-9136-S
iemand te schillen hebben met iemand een appeltje te schillen hebben	24-9136-S
iemand wie wie dan ook	11-12681-S
iep olm	11-49882-B
ier	15-48377-B
ierland	8-12666-B,8-12761-B,11-69296-S,15-22145-S
iers	15-48209-B,22-11764-S,22-11937-S,22-11974-S
iers gaelisch	8-89521-S
iers iers gaelisch	8-89521-B
ierse gebarentaal	25-28248-B
iet ietwat lichtelijk	29-24236-S
iets	8-86253-B
iets terugvallen	22-18256-S
ietsepietsie ietsepietsje ietsje snufje tikkeltje vleugje weinig	14-17093-S
ietsepietsje ietsje snufje tikkeltje vleugje weinig	14-17093-S
ietsje een tikje een tikkeltje een weinig enigermate enigszins iet ietwat lichtelijk	29-24236-S
ietsje snufje tikkeltje vleugje weinig	14-17093-S
ietwat lichtelijk	29-24236-S
igbo	11-15803-B
ignorant	31-20993-B
ijdel pretentieus verwaand zelfgenoegzaam zelfingenomen	33-58429-S
ijdelheid pretentie verwaandheid	35-43587-S
ijking	1-39141-S
ijlbode koerier renbode	31-48467-B
ijs	3-19391-B
ijs breken	36-4498-S
ijs roomijs	7-44596-B
ijs waterijs	7-47002-B
ijsazijn	19-15157-B
ijsbeer	16-26076-B
ijsberenvel	35-13693-B
ijsberg	3-19696-B
ijsblauw	21-26425-B
ijsblokje	21-26109-B
ijsbreker	36-3882-B
ijshockey	25-13358-B
ijskast koelkast	14-49985-B
ijskegel ijspegel	35-43403-B
ijskoffie	21-25918-B
ijsland	8-10966-S
ijsland republiek ijsland	8-10966-B
ijslander	15-48464-B
ijslands	8-89027-B
ijslandse gebarentaal	25-34990-B
ijspegel	35-43403-S
ijsschaatsen schaatsen	15-42430-B
ijsthee	29-46897-B
ijstijd	30-7945-B
ijsvogel	23-23684-B
ijswijn	38-23549-B
ijszee	1-19623-S
ijver vlijt volharding	10-71145-S
ijverig naarstig noest vlijtig	22-29328-S
ijverig vurig	27-35175-S,35-15716-S
ijzel	7-315-B
ijzer	3-30188-B
ijzeren	30-24384-B
ijzerhard ijzerkruid strooikruid	38-18598-B
ijzerkruid strooikruid	38-18598-S
ijzermijn	35-11336-B
ijzertijd	28-9601-B
ik	7-24770-B
ik haat je	12-51920-B
ik heb je lief ik hou van jou	12-51710-B
ik hou van jou	12-51710-S
ikzucht ikzuchtig zelfzucht zelfzuchtigheid	33-49486-S
ikzuchtig zelfzucht zelfzuchtigheid	33-49486-S
ile de france	23-18431-B
ilias	19-35719-B
ille et vilaine	23-2918-B
illegaal	11-67063-B
illegaal onwettig	29-6264-B
illegaal onwettig verboden	36-40122-B
illinois	13-43598-B
illusionist	31-32775-S
illuster roemrucht vermaard	9-13741-S
illustratie toelichting voorbeeld	34-19835-B
illustreren toelichten verduidelijken	18-43909-B
ilokano	16-12143-B
imagi inbeelden verbeelden voorstellen	37-2166-B
imaginair ingebeeld	24-30854-S
imbeciel onnozel onverstandig onwijs stompzinnig stupide	9-13998-S
imitatiekaas nepkaas	33-39638-S
imitator nabootser namaker	33-37571-B
imker	15-40509-S
immens kolossaal	31-5342-S
immens onbegrensd onbeperkt oneindig onmetelijk	35-68299-S
immer	13-53401-S
immer immermeer onafgebroken permanent standvastig steeds steevast te allen tijde voortdurend	10-4927-S
immer ooit steeds	13-52982-S
immer steeds	13-15132-S
immermeer onafgebroken permanent standvastig steeds steevast te allen tijde voortdurend	10-4927-S
immigratie	25-23677-B
imminent prompt	37-4322-B
immissie	3-20156-S
immissiebeheersing	3-20041-B
immissiebeheersingswet	3-20077-B
immissies	3-20021-B
immissieschade	3-20123-B
immobiel onbeweeglijk roerloos	23-42687-S
immobilienagentschap immobilienkantoor immobilienmaatschappij	18-5320-B
immobilienkantoor immobilienmaatschappij	18-5320-S
immobilienmaatschappij	18-5320-S
immoreel immorele slecht	14-33614-B
immoreel infaam laaghartig oneerlijk oneervol ongehoord onzedelijk schandelijk verdorven voos	14-38336-B
immoreel onzedelijk onzedig zedeloos	27-14898-S
immorele slecht	14-33614-S
immuniteit	3-20225-B
immuniteitsonderzoek	3-20451-B
immuniteitsysteem	3-20195-B
immunologie	3-20546-B
immunologische ziekte	3-20484-B
immunoloog	37-2594-B
immunosuppressivum immuunsuppressivum	37-21464-B
immunotherapie	37-10351-B
immuunsuppressivum	37-21464-S
impact	18-44128-B
impala	26-2750-B
impasse patstelling uitzichtloosheid	32-15061-S
impedantie	37-1378-B
imperialisme	28-28312-B
imperialist	28-28339-B
imperium zakenimperium	10-2471-B
impermeabel waterdicht	21-6676-B
impertinentie onbeschaamdheid schaamteloosheid vrijpostigheid	33-49161-B
implementatie realistatie uitvoering	18-902-B
implementeren initieren invoeren	8-83025-B
impliceren betrekken verwikkelen	33-54680-B
implosie	37-1359-B
impluvium	26-36208-B
impolitesse lompheid onbeleefdheid onbeschoftheid onwellevendheid	33-14472-B
imponeren	18-44382-B
imponeren zich doen gelden	19-26907-B
import invoer	38-33476-B
