suikerriet	38-7303-B
suikerrietplantage	29-7853-B
suikertang	30-36011-B
suikerziekte	28-27590-S
suite	17-697-B,38-28751-B
sukade	30-17341-B
sukkel	29-18435-S,35-51492-S,36-2510-B
sukkel sul teringlijder zak zakkenwasser	13-16906-S
sul	23-30388-S
sul teringlijder zak zakkenwasser	13-16906-S
sulfaat sulfaten	5-36253-B
sulfaten	5-36253-S
sulfide	5-36407-B,25-3714-S
sumerisch	8-72474-B
summier	22-29428-S
sumo sumoworstelen	25-24397-B
sumoworstelen	25-24397-S
sunrise	35-62206-S
supergeleider	22-7951-B
supergeleiding	17-33294-B
superlatief	35-34674-S
supermarkt	20-33877-B
supernova	17-48501-B
supersone knal	5-26328-B
supplement suppletie toevoegsel	16-49714-S
supplementair	18-45805-S
supplerend	17-47772-S
suppletie toevoegsel	16-49714-S
support	24-16406-B
supporter	12-14490-S
supprimeren verwijderen wegdoen	11-7905-S
suprematie	27-39900-S
surfen	20-24477-B
surfplank	35-35455-B
surinaams	16-10063-B
suriname	11-41588-B
surinamer	27-5970-B
surrogaat	14-17334-S
surveilleren waken	28-24079-S
sushi	11-31003-B
suspensie	12-21374-B
sussen verzoenen	27-29498-S
sussen vrede brengen	13-23037-S
suzanne	30-53641-B
svay rieng	23-21751-B
swadeshlijst	9-30255-B
swahili	9-11878-B,11-65637-B
swap verwisselen	20-43871-S
swastika	38-30855-S
swazi	26-9271-B
swaziland	12-23577-B
syfilis	20-22307-B
syllabenschrift	10-5873-B
syllogisme	15-56777-B
symbiose	5-38071-B
symbolisch zinnebeeldig	33-54060-S
symbool	25-3186-B,27-41688-S,27-43000-B
symbool scheikundig symbool	27-41688-S
symbool zinnebeeld	33-53967-S
symfonie	14-27781-B
symmetrie	27-53019-B
symmetrisch	27-54831-B
sympathiek sympatisch	31-32395-S
sympathiek verleidelijk verlokkend	12-62161-S
sympathiek voorkomend vriendelijk vriendschappelijk	9-48660-S
sympathiseren	17-50983-S
sympatisch	31-32395-S
synagoge	9-42477-B
synchroniseren	13-44497-S
synchrotron	16-44368-B
syndactylie	38-22208-B
syndicaat vakbeweging vakbond vakbondsbeweging vakvereniging werknemersbond werknemersorganisatie	6-0-S
syndroom	14-15581-B
syndroom van asperger	26-9850-B
syndroom van cushing	25-13587-B
syndroom van down	26-9463-B
syndroom van lennox gastaut	38-11735-B
syndroom van moebius	37-36849-S
syndroom van rett	25-16370-B
syndroom van west	38-11554-S
synecologie	5-38089-B
synergisme	5-38114-B
synoniem	11-789-B,27-25638-B
syntaxis zinsbouw	15-21758-B
synthesizer	14-16458-B
synthetisch	25-28661-B
synthetisch detergent	5-38137-B
syntrans	16-36789-B
syrie	12-21246-S
syrisch	20-27733-B
syrische arabische republiek syrie	12-21246-B
systeem	2-21710-S,2-26652-S,3-40986-S,5-24129-S,7-10872-S,19-13837-B,34-14072-S
systeem antiblokkeersysteem	36-35750-S
systeem der elementen tabel van mendelejev	12-4642-S
systeem periodiek systeem der elementen tabel van mendelejev	12-4642-S
systeem spijsverteringsstelsel	32-23706-S
systeemanalyse	5-38226-B
systeemtheorie	5-38255-B
systematisch	30-54223-B
t klein verkopen	21-42393-S
t shirt	11-41881-B
t splitsing	8-2161-B
taaal	39-11973-S
taai	32-57640-S
taaislijmziekte	38-7961-S
taak	24-32485-S
taal	8-9106-B,9-66950-S,13-62445-S,14-10371-S,14-15858-S,15-15497-S,16-14444-S,19-31358-S,22-12074-S,25-27442-S,25-39255-S,29-3855-S,29-4019-S,37-33458-S,39-11202-S
taalfamilie	37-32902-B
taalgebruik	12-8236-B,19-27608-S
taalkunde taalwetenschap	15-23991-S
taalkundig	25-27096-S,36-6238-S
taalkundige talenkenner	20-44973-S
taalwetenschap	15-23991-S
taart	14-9412-B
tabak	5-44585-B,17-15011-B
tabaksrook	5-44652-B
tabascoschildpad	38-7203-B
tabberd	35-60447-S
tabel	10-53888-B
tabel van mendelejev	12-4642-S
tablet pc	37-33274-S
tablet tablet pc	37-33274-B
tabloid	21-9595-S
taboe	10-301-B
tabriz	23-44224-B
tachograaf	32-128-B,32-150-B
tachometer toerenteller	35-58279-S
tachtig	10-26194-B
tachtigjarige oorlog	21-28615-B
tachymeter	37-609-B
tackelen	19-30049-S
tact	33-15013-S
tact teerhheid	32-31607-S
tactvol	33-15118-S
tadzjieks	16-5287-B
tadzjikistan	12-19450-B
tafel	10-53509-B,25-37406-S
tafelkleed	39-17232-B
tafelkleed tafellaken	38-11982-B
tafellaken	38-11982-S
tafelmanieren	35-51955-B
tafelpoot	37-7827-B
tafeltennis	26-31290-B
tafeltennisser	26-31154-B
tafonomie	36-41114-B
tagalog	9-54608-B
tahitiaans	27-33124-B
taikonaut	16-53281-B
taille	24-11886-B
taiwan	12-7304-S
taiwanese gebarentaal	27-42092-B
tajine	34-30101-B
tak	9-16655-B,10-4111-S,20-2418-S
takev	23-21773-B
taks teckel	14-27037-S
talenkenner	20-44973-S
talenkenner veeltalige	37-35110-S
talent	15-19471-S,20-31606-S
talent vaardigheid aanleg bedrevenheid begaafdheid behendigheid capaciteit competentie gave geschiktheid habiliteit handigheid kundigheid vermogen vernuft	8-42954-S
talentrijk talentvol	31-19965-S
talentvol	31-19965-S
talg	34-7488-B
talisman	17-55329-S
talkie	35-21230-S
talkshow	30-3441-S
tallinn	14-56588-S
talloos	31-47712-S
talloos talrijk	20-20589-B
talmen treuzelen twijfelen weifelen	11-44098-S
talmen uitstellen verschuiven	30-42234-S
talrijk	20-20589-S
tamarinde	33-41587-B
tamboerijn	27-11738-B
tamelijk	8-15587-S
tamil	9-11627-B,12-8778-B
tamme kastanje	37-33425-S
tand	8-46025-S
tandarts	15-26255-S
tandcreme tandpasta tandpoeder	32-39860-B
tandem	21-28372-B
tanden bloot lachen	36-36791-S
tandenborstel	10-85066-B
tandenstoker	25-30848-B
tandglazuur	33-56700-S
tandheelkunde	18-55417-B
tandheelkunde endodontologie	34-55495-S
tandloos	21-29917-B
tandoor	36-22536-B
tandpasta	38-3660-B
tandpasta tandpoeder	32-39860-S
tandpoeder	32-39860-S
tandprothese	32-40051-S
tandrad tandwiel	31-578-B
tandsteen	37-3180-B
tandtechnicus	19-12626-B
tandvlees	38-215-B
tandvleesontsteking	36-18085-S
tandwiel	31-578-S,38-31210-B
tandzijde	38-17649-B
tank	12-47603-B,12-47735-B
tankauto tankwagen	5-38284-B
tankschip	5-38456-B
tankstation	2-38549-B,34-37287-S
tankwagen	5-38284-S
tantaal tantalium	14-54561-B
tantalium	14-54561-S
tante	7-47157-S
tantum	26-37483-S
tanzania	11-41783-B
tanzaniaanse gebarentaal	27-42010-B
tapijt	14-34262-B
tapioca	32-50078-B
tapwater	30-30200-S
tar	15-41138-B
tarantella	25-10651-B
tarantula vogelspin	23-45989-B
tarbes	29-19490-B
tarief	5-39093-B
tarn	23-10817-B
tarn et garonne	23-11098-B
tartarije tatarije tatarstan	17-9541-B
tartend uitdagend weerspanning	32-29710-S
tarwe	19-12777-B,36-37460-S,36-37597-S
tas	12-29681-S,14-34532-S
tas zak	11-14452-B
tasjkent	25-47093-B
tasmaanse duivel buidelduivel	27-34071-B
tasten	4-22663-S
tataars	16-5346-B
tatarije tatarstan	17-9541-S
tatarstan	17-9541-S
tatoeage tatoeering	35-9663-B
tatoeeren	35-9862-B
tatoeering	35-9663-S
tautologie	15-20060-B
taxateur	27-47867-S
taxateur waardebepaler	27-32426-S
taxeren	27-32268-S
taxi	8-88705-B
taxichauffeur	37-696-B
taxon	23-50698-B
taxonomie	5-39567-B,24-11852-B
tbilisi	19-4624-B
tbs terbeschikkingstelling	37-40040-B
te	8-10323-S,8-71178-S
te allen tijde voortdurend	10-4927-S
te behandelen afval	7-1972-S
te bereiken bereikbaar haalbaar te verwezenlijken	27-54351-B
te beschermen	5-7633-S
te binnen schieten	13-31532-S
te danken hebben te wijten zijn aan	20-31630-B
te genezen	32-9193-S
te laat	29-881-S
te midden van tussen	14-37970-B
te na komen	8-57095-S
te schande maken	33-19214-S
te schillen hebben	24-9136-S
te schillen hebben met iemand een appeltje te schillen hebben	24-9136-S
te stellen	27-47972-S
te tasten	4-22663-S
te veel zout gebruiken	26-12977-B
te verstaan overduidelijk	21-9252-S
te vertalen vertaalbaar	25-44421-B
te verwezenlijken	27-54351-S
te vinden in de	31-7026-S
te voet	37-22116-B
te werk gaan verrichten	28-14395-S
te wijten zijn aan	20-31630-S
te zamen	9-24419-S
te zoenen	17-40974-S
team	9-14974-S
technetium	14-58151-B
techniek	7-2718-B,7-17615-S,18-35674-B
technisch	18-35615-B
technische richtlijn	6-31723-B
technische voorzieningen van gebouwen	7-8634-B
technologie	1-12720-S,1-44673-S,1-48460-S,3-40764-S,4-4969-S,4-30365-S,5-39821-B,7-15688-S
technologie overdracht	5-40061-B
technologiebeoordeling	5-39998-B
teckel	14-27037-S
teddybeer	26-42540-S
tederheid toegewijdheid toewijding	26-37077-S
teef	29-13494-B
teek	22-32017-B
teelaarde	7-30412-S
teelbal testikel kloot zaadbal	14-12407-S
teelt	2-7268-B
teeltmethode	2-7333-B
teen	8-50174-B,32-39615-S
teennagel	37-10920-B
teer	5-38762-B
teer zwak	32-31730-S
teerhheid	32-31607-S
teerling	9-8293-S
teerzand	5-39106-B
tegelijk tegelijkertijd	34-36568-B
tegelijkertijd	34-36568-S
tegelzetter	15-54702-B
tegemoetkomend	26-17041-S,30-38971-S
tegen	14-12030-S
tegen admiraal	36-35320-B
tegen betaling	17-35629-B,18-50075-B
tegen brand	2-39224-S
tegen de klok in	21-17227-S
tegen de zwarte kunsten	9-46126-S
tegen lawaaihinder	4-12703-S
tegen lawines	1-24107-S
tegen milieuverontreiniging	7-3645-S
tegen overstroming	7-3063-S
tegenactie	31-45840-S
tegendeel	19-9739-B
tegendeel maar	9-33498-S
tegendeel tegengestelde tegenovergestelde	11-1074-S,31-37071-S
tegengesteld tegenovergesteld	25-4732-S
tegengesteld tegenstrijdig	33-11548-S
tegengesteld vice versa	31-36972-S
tegengestelde tegenovergestelde	11-1074-S,31-37071-S
tegengif	11-54500-B
tegenhouden versperren	14-6174-S
tegenkomen treffen	16-62442-S
tegenlijkertijd	29-24944-S
tegenmaatregel	31-46740-B
tegenoffensief	31-46913-B
tegenover	8-27348-B
tegenover elkaar	32-56816-S
tegenovergesteld	17-68084-S,25-4732-S
tegenovergestelde	11-1074-S,22-27375-S,31-37071-S
tegenpartij tegenstander	18-31391-B
tegenpartij tegenwerking verzet	20-4668-S
tegenpaus	35-6969-S
tegenspoed	25-34574-S
tegenspraak tegenstelling tegenstrijdigheid	18-28716-S
tegenspraak tegenstrijdig	25-4639-S
tegenspreken verloochenen weerleggen weerspreken	19-50917-S
tegenspreken weerleggen	36-13614-S
tegenstaan walgen	33-18145-S
tegenstand oppositie tegenpartij tegenwerking verzet	20-4668-B
tegenstand trotsering uitdaging verzet weerstand	32-29196-B
tegenstander	18-31391-S,22-2294-S,30-33091-S
tegenstander tegenwerker	16-66938-S
tegenstelling	25-4699-S,27-24838-S
tegenstelling tegenstrijdigheid	18-28716-S
tegenstrijdig	25-4639-S,33-11548-S
tegenstrijdigheid	16-8824-S,18-28716-S,31-36875-S
tegenvallend teleurstellend	33-6098-S
tegenvaller teleurstelling	16-52232-S
tegenvoorbeeld	31-46475-B
tegenwerker	16-66938-S
tegenwerking verzet	20-4668-S
tegenwicht	31-45960-B
tegenwoordig	19-24080-B
tegenwoordig vandaag de dag	24-38325-S
tegenwoordige tijd	17-30682-B
tegenzet	31-46831-B
tegenzin niet geneigd ongenegen onwillig	33-20253-S
tegenzin vijandschap wrok	9-45309-S
tegenzin walg walging weerzin	14-62847-S
tegenzin weerzin	33-19920-S
teheran	14-5189-B
tehuis thuis	9-1151-S
teint	20-26577-S
teisteren treffen	19-27959-S
tekeergaan trammelant	11-19999-S
teken	9-51584-S,18-10236-S,21-19910-S,24-31885-S,34-13880-S
teken van	18-49505-S
tekenaar	16-4877-B
tekenen	13-45490-B,20-16978-B
tekort	18-27048-B,32-29888-S
tekort komen	12-37427-S
tekortschietend	32-16057-S
tekst	21-10293-B
tekstavontuur	11-62626-B
tekstueel woord voor woord woordelijk woordgetrouw	8-78024-S
tekstverwerker	23-48717-B
tektoniek	5-40104-B
tel	8-46291-S,8-48461-S
telbaar	31-45759-B,35-192-B
telecommunicatie	5-40123-B
telefoneren	13-13497-S
telefonisch	37-9834-B
telefoon	8-45845-B,8-47706-S
telefoonboek telefoongids	31-11454-B
telefoongesprek	15-56066-B
telefoongids	31-11454-S
telefoonnummer	38-27014-B
telegraferen	35-61322-B
telegram	32-502-B
telematica	5-40338-B
telemetrie	5-40359-B
teleologie	37-1029-B
telescoop	18-65647-B
teleurgesteld	24-17396-S,33-26331-S
teleurstellen	33-5984-S,33-19815-S
teleurstellend	17-3285-S,33-6098-S
teleurstelling	16-52232-S,33-19616-S
teleurstelling verdriet	10-76-S
televisie	5-40381-B,10-63163-B
televisieprogramma	7-15833-B
telex	21-28386-B
telg	12-38242-S
telkenmaal telkenmale telkens	34-22864-S
telkenmale telkens	34-22864-S
telkens	34-22864-S
tellen	8-59944-S
tellurium telluur	13-1294-B
telluur	13-1294-S
telugu	9-50667-B
telwoord	16-58105-S
tempel	16-952-B
tempelier	37-15964-B
tempeliers	37-15734-B
temperatuur	5-40516-B,34-31626-S
temperatuur thermodynamische temperatuur	34-31626-S
temperatuurinversie	25-14032-B
temperen afzwakken ontkrachten verdunnen verzachten verzwakken	27-56086-B
tempo	13-66870-B
ten andere terwijl trouwens verder voorts	13-26230-S
ten dele	36-10877-S
ten gevolg van militaire oefeningen	2-8504-S
ten gevolge van	18-47838-S
ten laatste	25-10122-B
ten minste	36-6093-S
tendens	16-6112-S
teneergelagen terneergeslagen treurig triest triestig verdrietig	13-28341-S
tenerife	12-32401-B
teneur	7-41271-B
tenhemelopneming onze lieve vrouw hemelvaart	23-22013-S
teniet doen	26-6798-S
tenlastelegging	14-52758-S
tennessee	15-7025-B
tennis	9-25194-B
tenor	7-41095-B
tenslotte uiteindelijk	20-28331-S
tent	8-16301-B,39-15794-S
tentakel	21-10133-B
tentamen	9-39500-S
tentoonstellen	7-15733-B,20-35176-B
tentoonstelling	17-34975-B,18-38103-S
tepaal	38-31408-B
tepel	14-12286-B
tequila	20-9600-B
tequila sunrise	35-62206-B
ter plaatse	3-27137-B
teraardebestelling uitvaart	17-46430-S
teratogeen	5-40677-B
teratogenese	5-40619-B
teratogeniteit	5-40647-B
teratoom	37-21348-B
terbeschikkingstelling	37-40040-S
terbium	14-59747-B
terecht verdiend	32-48703-B
terechtstelling	11-65041-S
tergen	34-17093-S
tergend	34-17276-S
tering tuberculose	22-36337-B
teringlijder zak zakkenwasser	13-16906-S
term	18-35418-B
termen	1-620-S
termiet	5-40749-B
termijn	17-35313-S
terminal	18-29992-B,33-63507-B
terminator	25-8927-B
terminologie	5-40698-S,14-25111-B
terminoloog	27-419-B
terminus	37-27279-S
ternauwernood	28-38196-S
terneer	8-21337-S
terneergeslagen treurig triest triestig verdrietig	13-28341-S
terneergeslagen versaagd zwaarmoedig	32-3492-S
terracotta	25-844-B
terrein	1-859-S,2-36468-S,4-3664-S
terreinfiets	8-35065-S
terreinmodel	2-14301-S
terreinwagen	6-26834-B
terrestrisch gebied	5-40765-B
terreur	32-18641-B
terrine	35-20295-B
territoire de belfort	23-12531-B
territoriaal	34-8991-B
territorium	5-40851-S,9-70198-S,18-21573-B
territorium gebiedsdeel	34-3418-S
territorium in de indische oceaan	22-16531-S
terrorisme	18-36061-B
terrorist	11-7247-B
terroristisch terroristische	11-7415-B
terroristische	11-7415-S
terstond	25-30790-S
terstond urgent	18-296-S
tertiaire sector	5-41121-B
terug	15-56019-B
terug treden	23-13074-B
terug weder wederom weer weerom	10-11976-S
terugdeinzen	39-21063-B
teruggaan terugkeren	22-20110-B
teruggaan terugkeren terugkomen	12-61156-B
teruggeven wedergeven weergeven	35-65228-B
terughalen	8-88943-S
terughoudend	14-29384-S,27-9751-S,32-52102-S
terugkeren	22-20110-S
terugkeren terugkomen	12-61156-S
