lidwoord	8-83270-B,16-57551-S,16-57791-S
liechtenstein	12-25032-S
liechtenstein vorstendom liechtenstein	12-25032-B
lied	19-31586-B
liederlijk losbandig losgeslagen ongebreideld ontuchtig tuchteloos zedeloos	32-17185-S
liederlijkheid losbandigheid tuchtloosheid zedeloosheid	32-17398-S
lief ik hou van jou	12-51710-S
lief lieveling meisje schat vlam vriendin vrijer	8-21148-S
lief mooi schattig sympathiek verleidelijk verlokkend	12-62161-S
lief snoezig vertederend	32-11905-S
liefdadig menslievend mild welwillend	30-2787-B
liefdadigheid liefdadigheidsorganisatie	25-15041-B
liefdadigheidsorganisatie	25-15041-S
liefde	7-32502-S
liefde bedrijven	20-45097-S
liefdesverdriet	35-64462-B
liefhebben	16-12891-S,19-50805-S
liefhebbend warm	25-41453-S
liefhebber supporter	12-14490-S
liefhebberij vrijetijdsbesteding	8-49384-S
liefkozen	23-41124-B
liefkozen strelen	24-2298-S
lieflijk lieftallig	19-9123-S
liefste	29-2922-S
lieftallig	19-9123-S
liegen beuzelen jokken	13-13763-B
liegen verzinnen	32-26085-B
lier	31-42710-B
lies	12-49778-B
lieslaars	35-31503-B
lieve heer opperste rechter vader hemelse vader	7-27883-S
lieve vrouw hemelvaart	23-22013-S
lieveheerbeestje	22-28036-S
lieveheerbeestje onze lieveheerbeestje	22-28036-B
lieveling	19-7439-S
lieveling meisje schat vlam vriendin vrijer	8-21148-S
lieveling schat schattebout	14-15380-S
liever veeleer	25-2336-S
lieverlede zachtjes aan zoetjes aan	36-4827-S
lift	12-46793-B
liften	28-20524-B
ligament	20-34437-B
ligatuur	25-21931-B
liggen	39-16457-S
liggen rusten	8-56643-B
liggend	28-586-B
ligt aan de	25-40465-B
ligurisch	22-13183-B,24-5786-B
lijdelijk passief	29-4752-B
lijden ondergaan velen verdragen verduren	14-39425-S
lijden smart teleurstelling verdriet	10-76-S
lijdend voorwerp meewerkend voorwerp object	17-53587-B
lijf ons aardse huis	8-86516-S
lijfgarde lijfwacht persoonsbeveiliger	29-21179-B
lijfrente	27-21341-S
lijfstraf	17-5850-B
lijfwacht persoonsbeveiliger	29-21179-S
lijk	13-60638-S
lijk stoffelijk overschot lichaam	14-47371-S
lijkbleek	27-41610-S
lijken op	25-31796-B
lijken schijnen voorkomen	9-14411-S
lijkkist	30-55225-S
lijkschouwing	28-14025-S
lijkstijfheid	34-47006-B
lijkverbranding verassing	32-3001-S
lijkwit worden verbleken wit wegtrekken	31-42641-B
lijm	1-4379-S
lijn	7-17385-B,18-54924-S,21-3690-B,23-21136-S,24-17979-S
lijn brengen op een lijn zetten uitlijnen	27-2485-S
lijn streep	18-54649-B
lijn zetten uitlijnen	27-2485-S
lijnbron	3-38534-B
lijnrecht meteen pal rechtstreeks regelrecht	28-40763-S
lijnrecht onverdeeld over de hele linie totaal van a tot z vol volkomen volledig voluit voor honderd procent een en al	8-87106-S
lijnrecht tegenover elkaar	32-56816-S
lijntoestel lijnvliegtuig	26-45018-B
lijnvliegtuig	26-45018-S
lijnzaad	34-18523-B
lijst	7-18788-S,29-13900-S,37-10847-S
lijzijde	21-3050-S
lik nor strafinrichting	7-53451-S
lila	39-4891-B
limburg	22-43895-B
limburgs	13-66375-B
limiet	7-55793-S
limitatie	21-9035-S
limnologie	3-38458-B
limoen	17-19891-B,25-11359-B
limoensap	32-34769-B
limonade	35-61168-B
limoncella	30-51340-B
limousin	20-35972-B
lincoln	28-11076-S
lineair	24-20442-B
lineair a	28-2127-B
lineair b	28-2455-B
lineaire geluidsbron	3-38480-B
lineaire transformatie	30-47989-B
linedienst	7-18254-S
lingala	11-16642-B
lingerie ondergoed	20-39650-B
lingot staaf	37-4939-S
lingua franca nova	28-54343-B
linguist taalkundige talenkenner	20-44973-B
linguistiek taalkunde taalwetenschap	15-23991-B
linguistisch taalkundig	25-27096-B,36-6238-B
liniaal regel	8-86900-B
liniaire deeltjesversneller	27-52-B
linie	21-19231-S
linie totaal van a tot z vol volkomen volledig voluit voor honderd procent een en al	8-87106-S
link	23-32412-S
link linken samenvoegen verbinden verenigen	10-34385-B
link onveilig periculeus risicovol riskant	8-85256-S
link schakel verband	19-15332-S
linken samenvoegen verbinden verenigen	10-34385-S
links	8-52575-B,16-463-S,28-34888-B
links linkshandig	11-26032-B
linkshandig	11-26032-S
linksom draaiend tegen de klok in	21-17227-B
linnen	16-2388-S
lint	16-54349-B
lintmeter	38-11051-B
linze	20-35451-B
linzensoep	38-12807-B
lip	12-30187-B
liparische eilanden	28-42940-S
lipide	3-38556-B
lipodystrofie	32-3659-B
lippenstift	21-26329-B
liquidatie	18-47373-B
liquidatie uitroeiing uitschakeling uitsluiting verwijdering	33-52393-S
liquideren mollen om het leven brengen om zeep helpen ombrengen omleggen vermoorden	19-46871-S
liquideren opdoeken uit de weg ruimen uitschakelen verwijderen wegdoen wegwerken	33-52185-S
liquideren vermoorden doden ombrengen omleggen	10-60789-B
lira	26-9285-S
lire	13-52112-B
lis	11-37686-S
lisbloem	11-37667-S
lissabon	11-25796-B
list sluwheid truc	28-53-B
listig sluw	27-39034-S
listig sluw uitgekookt	31-52233-S
litani	10-84149-B
litas	26-7416-B
liter	13-7905-B
literaire kritiek literatuurkritiek	3-38730-B
literatuur	3-38635-S
literatuurkritiek	3-38730-S
literatuuronderzoek	3-38803-S
literatuurstudie literatuuronderzoek	3-38803-B
literatuurwetenschap	35-70817-B
lithium	10-77424-B
lithografie	20-34878-B
lithosfeer	3-39062-B
litoraal	3-39182-S
litouwen	10-74943-S
litouwen republiek litouwen	10-74943-B
litouws	9-815-B
litouwse gebarentaal	29-17650-B
litteken	12-43346-B
liturgie	20-48822-B
live rechtstreeks	36-12476-S
living woonkamer woonvertrek zitkamer	8-71635-S
localisatie	15-26215-B
localiseren	16-45911-B
locatie	3-22430-S
locatie dat behoort tot het wereldnatuurbezit	6-18870-B
locatie plaats plek	13-36880-B
lochia	34-34076-S
locomotief	3-39712-B,28-12605-S
locus	24-2189-B
loeder lul rotvent rotzak schoft smeerlap sukkel sul teringlijder zak zakkenwasser	13-16906-S
loeien	16-16919-B,29-1807-S
loeier opdoffer opdonder opduvel oplawaai oplazer opsodemieter opstopper optater peut poeier ram	14-45012-S
loempia	19-19716-B
loensen	36-2747-B
loensen scheel kijken	36-2716-B
lof cichorei witlof	30-15508-S
lof lofrede lofspraak panegyriek	34-11312-B
loffelijk verdienstelijk waardig	18-48024-B
lofrede lofspraak panegyriek	34-11312-S
lofspraak panegyriek	34-11312-S
lofwaardig lovenswaardig prijzenswaardig	31-7377-S
lofzang	28-27284-S
logaritme	39-2953-B
logatoom	37-8080-B
loge	10-58767-S
logeerkamer	17-17254-S
logenstaffen loochenen ontkennen opponeren tegenspreken verloochenen weerleggen weerspreken	19-50917-S
logenstraffen loochenen ontkennen	31-29502-B
logenstraffen loochenen ontkennen tegenspreken weerleggen	36-13614-B
loggia	11-3374-S
logic	23-31468-S
logica	17-13829-B,36-40017-S
logisch	19-40440-B
logistiek	34-15051-B
logistiek verdeling verspreiding	18-35788-S
logo	14-52831-B
logo logogram	22-38486-B
logogram	22-38486-S
logopedie	17-7121-B
logopedist	15-29694-B
loir	23-1422-S,23-16284-B
loir et cher	23-3864-B
loire	23-3269-S,23-4078-B,23-4261-S,23-5537-S,23-9229-S,23-15098-B
loire atlantique	23-4358-B
loiret	23-4597-B
lojban	25-44126-B
lokaal netwerk	20-6645-B
lokaal plaatselijk	21-24915-B
lokaas	31-10616-S
lokken	22-25624-S
lokken verleiden verlokken	33-62978-S
lokmiddel verleidelijkheid verleiding verlokking	33-63245-B
lolbroek potsenmaker	11-38356-S
lollig	9-53649-S
lollig plezant plezierig prettig	33-58145-S
lolly	39-417-B
lombardisch	11-16034-B
lommer schaduw	8-49913-B,22-1579-B
lommerig	24-15608-S
lomonosovrug	25-17482-B
lomp onbehoorlijk onbehouwen onbeleefd onbeschaafd onbeschoft ongemanierd onheus onhoffelijk	33-11977-S
lompenproletariaat onderklasse	38-34705-B
lompheid onbeleefdheid onbeschoftheid onwellevendheid	33-14472-S
londen	10-1976-B
lonend spaarzaam voordelig zuinig	11-58843-S
long	13-25510-B
longblaasje	1-13102-S
longembolie	34-15300-B
longitudinaal	24-35831-B
longontsteking	36-20276-B,36-29213-B
longpest	33-44445-B
longslagader	28-27784-B
longue divan sofa	7-54810-S
longziekte	4-39900-B
loochenen ontkennen	31-29502-S
loochenen ontkennen opponeren tegenspreken verloochenen weerleggen weerspreken	19-50917-S
loochenen ontkennen tegenspreken weerleggen	36-13614-S
loochenen ontkennen verloochenen verwerpen verzaken	13-52474-S
lood	3-34890-B
lood raam raam ruit	25-3313-S
loodgehalte in het bloed	3-35459-B
loodgieter	15-17362-B
loodlijn perpendiculair	25-1479-B
loodrecht	20-811-S
loodsdienst	4-29059-B
loodverbinding	3-35429-B
loodvergiftiging saturnisme	37-0-B
loodvrij	37-35292-B
loodvrije benzine	6-4660-B
loofboom	2-9573-B,6-25040-B
loofbos	2-9556-B
loofverliezend bos	7-12717-B
looistof	5-38602-B
look	17-60345-S
lookalike	12-10863-S
loon	34-29409-B
loon salaris wedde	20-1435-S
loonbeleid	7-8989-B
loonstelsel	6-10043-B
loonstijging loonsverhoging salarisverhoging	8-16867-B
loonsverhoging salarisverhoging	8-16867-S
loopafstand vlakbij	8-54566-S
loopbaan	21-20790-S
loopbrug	32-22522-B
loopgraaf	14-19324-B
loopgravenvoeten	37-12906-B
loopje wandeling	17-25656-B
looprek	22-21652-B
lopen	25-5592-B
lopen slenteren spankeren zich vertreden	8-66459-S
lopen stromen vloeien	9-31083-B
lopende band transportband	31-38841-B
loper	14-54343-B
lork	36-40177-S
lorrie	19-10368-B
los	32-52487-S,39-8331-B
los angeles	14-5047-B
losbandig losgeslagen ongebreideld ontuchtig tuchteloos zedeloos	32-17185-S
losbandigheid orgie	35-56536-S
losbandigheid tuchtloosheid zedeloosheid	32-17398-S
losgaan opengaan zich ontsluiten zich openen	35-60571-B
losgeld	35-55898-B
losgeslagen ongebreideld ontuchtig tuchteloos zedeloos	32-17185-S
losgeslagen op drift stuurloos	26-28856-B
loskrijgen ontfutselen ontlokken	27-28472-B
losmaken	28-14644-B
losrukken uittrekken	22-30685-S
loss	21-1863-B
lot	23-4782-B,38-31085-B
lot et garonne	23-4875-B
lot loterijbriefje lotje	18-27509-B
lot noodlot	32-50844-S
loterij	16-22832-B,19-40386-B
loterijbriefje lotje	18-27509-S
lotharingen	23-20527-B
lotharings	22-12689-B
lotje	18-27509-S
louisiana	15-8077-B
louteringsberg purgatorium vagevuur	15-17996-B
loven ophemelen prijzen roemen verheerlijken	34-11222-B
loven prijzen roemen vereren waarderen	33-2541-S
loven vieren	19-51228-S
lovenswaardig prijzenswaardig	31-7377-S
lover	2-43130-S
lowrider	31-48886-B
loyaal toegewijd trouw trouwhartig verknocht	32-56193-B
loyaliteit trouw	27-4145-S
lozere	23-5094-B
lozi	26-14924-B
lozingsregime	2-15067-B
lsd lyserginezuurdiethylamide	35-63677-B
luanda	22-37058-B
lubben ontmannen	33-22170-S
lubbestok maggiplant manskracht processieplant sermontaine	35-19484-S
luberon	29-153-B
lucht	1-8458-B,5-7535-S,7-48176-S,10-28991-S,37-35411-S
lucht luchtruim	18-17252-B
luchtaanval	10-73494-B,26-45648-B
luchtacrobatiek stuntvliegen	26-34653-B
luchtballon	28-33440-S
luchtbevochtiger	20-29157-B
luchtbeweging	1-9205-B
luchtbuks luchtgeweer	22-9408-B
luchtcargo luchtvracht	26-44254-B
luchtdicht	26-46504-B
luchtdruk	30-10149-B
luchten uitluchten ventileren verluchten	14-30365-B
luchten ventileren	26-44397-B
luchtfoto	1-5805-B
luchtfotografie	7-13009-B
luchtgekoeld	22-7888-B
luchtgeweer	22-9408-S
luchtgitaar	19-18503-B
luchthartig zorgeloos	26-46993-S
luchthaven vliegveld	1-9307-B,26-34825-B
luchtig	26-46949-B
luchtkasteel	36-5155-B
luchtkwaliteit	1-9481-B
luchtkwaliteitscontrole	1-9520-B
luchtmacht	19-2396-B
luchtpijp	32-26420-B
luchtpomp	24-8701-B
luchtpost	26-45521-B
luchtroute vliegroute	26-46803-B
luchtruim	18-17252-S,26-45708-B
luchtschip zeppelin	31-29302-B
luchtsluis	26-45137-B
luchtspiegeling	20-49468-S
luchtstromingen	1-22784-B
luchttemperatuur	1-9597-B
luchtvaart	19-47193-B
luchtvaart luchtvaartkunde	26-35469-S
luchtvaart ongeluk	11-21332-B
luchtvaartkunde	26-35469-S
luchtvaartkundig	26-35329-S
luchtvaartmaatschappij	17-48125-B
luchtvaartwetgeving	1-24147-B
luchtveiligheid	1-9566-B
luchtverkeer	1-9629-B,4-3624-S
luchtverkeersleiding	19-31785-B
luchtverkeersregelgeving	1-9696-B
luchtverkeerswetgeving	1-9654-B
luchtverontreiniger	1-9232-B
luchtverontreiniging	1-9267-B
luchtverversing	6-7523-B
luchtvervoer	1-9742-B
luchtvochtigheid	30-32359-S
luchtvochtigheid vochtigheid	30-20056-B
luchtvracht	26-44254-S
luchtwegen te beschermen	5-7633-S
lucia	12-24679-S,28-7513-S
lucifer zwavelstokje	20-27423-B
lucifersdoosje	20-31088-B
lucratief rendabel winstgevend	19-40456-B
lucullus	18-19435-S
luganda	27-50348-B
lui werkschuw	9-27268-S
luiaard	25-12248-B
luiden rinkelen	10-76660-S
luidruchtig ontstuimig	11-66926-B
luidspreker	18-33567-B
luidsterkte	1-2617-S
luier	26-37778-B
luifel	26-31806-S
luifel markies zonnescherm zonnetent	28-19940-B
luik	36-34566-B
luik opening	11-21227-B
luino	8-90501-B
luipaard	20-36341-B
luis	8-51351-B
luister praal pracht	24-24333-B
luisteraar	37-9556-B
luisterboek	15-52198-B
luisteren	31-25360-S
luisteren oren	9-44135-B
luistervink	33-45274-B
luit	14-16504-B
luitspeler	27-7419-B
lul	22-30727-S
lul piemel pik plasser roede snikkel	7-28354-S
lul rotvent rotzak schoft smeerlap sukkel sul teringlijder zak zakkenwasser	13-16906-S
lulijzer mobiel nulzes mobiele telefoon	8-47706-S
lullen praten snateren spreken wauwelen zwammen	30-3228-S
lumbago spit	31-21721-B
lumen	13-52462-B
luminantie	20-48840-B
lumpur	25-43442-S
lunch middageten	13-60710-B
lus strik strop	15-31680-B
lusaka	26-11655-B
lust verlangen zin	28-16501-S
lusteloos	27-25752-S
lustrum	18-39183-B
lutetium	13-14532-B
luwisch	29-39219-B
lux	13-52219-B
luxe	32-54015-B
luxemburg	12-24782-S,26-5044-B
luxemburg luxemburg	12-24782-S
luxemburgische frank	29-14423-B
luxemburgs	13-48144-B
lybische arabische volksjamahiriya libie	11-68194-S
lychee	16-15368-B
lyme	25-26800-S
lymfangitis	36-16375-B
lymfatisch systeem	3-40986-B
lymfeklier	20-18759-B,36-971-B
lynchen	20-35275-B,29-24634-B
lynx	26-2338-B
lyon	23-20210-B
lyserginezuurdiethylamide	35-63677-S
lysimetrie	3-41017-B
lysosoom	36-41819-B
ma mam mama mammie mams moe moeder moederlief moesje	7-26687-B
maag	14-27165-B
maag darmstelsel spijsverteringskanaal	25-36653-B
maagbloeding	20-9309-B
maagd	11-50062-B,11-50543-B,11-50736-B
maagd maagd maria maria	25-2677-S
maagd maria maria	25-2677-S
maagdelijk onaangeraakt onbevlekt onbezoedeld ongerept onschuldig puur rein virginaal zuiver	33-11769-S
maagdelijkheid ongereptheid reinheid virginiteit zuiverheid	22-41070-B
maagdeneilanden	22-42992-S,23-39761-S
maagdenvlies	20-43284-B
maagkanker	32-28526-B
maagkramp	20-9374-B
maagpijn	28-48767-B
maagsap	20-9418-B
maagsonde	33-32275-B
maagzuur	32-24477-B,37-4405-S
maagzweer	20-9495-B
maaien	4-7794-B
maaimachine	12-32197-S,22-36590-B
maakt	14-5797-B
maal maaltijd	9-15202-B
maaltijd	9-15202-S
maan	8-11285-B,8-12922-B,13-26735-S,28-11875-S,35-10731-S
maan wachter	8-11124-B
maand	8-40662-B,8-41991-B,32-7611-S
maandag	10-18747-B
maandags	26-45906-B
maandblad	33-27342-B
maandbloeding maandstonden menstruatie ongesteldheid regels	13-60274-B
maandelijks	33-27135-B,33-27246-B
maandenlang	18-18320-B
maandstonden menstruatie ongesteldheid regels	13-60274-S
maanlanding	37-15278-B
maanlicht maneschijn	14-3711-B
maanloos	16-36038-B
maansverduistering	37-27899-B
maanverlicht	16-36176-B
maar	9-33498-S,35-28311-S
maar net nauwelijks net ternauwernood	28-38196-S
maar niettemin nochtans ondanks dat toch	10-71487-S
maarschalk	14-32968-B
maart	10-14105-B
maarten	35-17668-S
maas	23-20887-B
maastricht	23-29018-B
maat	11-57207-B,11-57425-B
maat gemaakt chemisch product	7-7871-S
maat makker vriend	8-20598-S
maat vriend	8-20976-S
maatbeker	29-49910-B
maatgevend toonaangevend	18-63558-S
maatjesharing	29-41001-B
maatregel	4-5199-S
maatschappij zaak	19-28666-S
maatstaf	30-48233-S
maatstaf referentiepunt	19-44372-S
maatstaf schaal	24-25685-B
macadam	20-49340-B
macao macau	30-22685-B
macaron	39-4419-B
macau	30-22685-S
macedonie	12-2501-S
macedonie republiek macedonie	12-2501-B
