misbruik verkeerd gebruik	29-427-B
misconceptie	22-2890-S
misdaad	6-32894-B
misdaad misdrijf misstap overtreding vergrijp wandaad wetsovertreding	3-24467-S
misdadig gedrag	2-10645-B
misdadig perfide	24-26498-B
misdadig schandelijk	18-57012-S
misdadig strafrechtelijk	8-39151-S
misdadiger	8-36833-S,8-37269-S,8-38732-S
misdadiger crimineel	22-3048-B
misdadiger onverlaat schavuit schoelje schoft schurk slechterik snoodaard	28-22335-S
misdadigheid	2-6066-S
misdeeld	32-43047-S
misdrijf misstap overtreding vergrijp wandaad wetsovertreding	3-24467-S
miserabel nooddruftig noodlijdend onbemiddeld	32-51433-S
misgunnen	28-56929-B,34-1076-S
mishagen misnoegen	33-24340-S
miskraam	28-41864-B
misleiden verklappen verklikken verraden	27-54618-S
misleiding zwendelarij	32-20171-S
mislukken	26-6285-B
mislukken onderuitgaan	13-51970-S
mislukken stoppen voortijdig afbreken	22-6903-S
mislukking	33-28371-S
mislukte staat	22-14587-B
mismaakt misvormd vervormd	32-30373-B
mismaaktheid misvormdheid misvorming	3-41565-S
mismaaktheid misvormdheid misvorming verminking	32-30434-B
mismaken misvormen ontluisteren schenden verminken	33-16941-S
mismaken vervormen verwringen	33-29375-S
mismoedig mistroostig moedeloos neerslachtig pijnlijk rouwig sip smartelijk somber teneergelagen terneergeslagen treurig triest triestig verdrietig	13-28341-S
mismoedig moedeloos neerslachtig ontmoedigd terneergeslagen versaagd zwaarmoedig	32-3492-S
misnoegd ontevreden	33-11243-B
misnoegd ontevreden teleurgesteld	33-26331-B
misnoegdheid moedeloosheid neerslachtigheid somberheid verslagenheid zwaarmoedigheid	21-33107-S
misnoegen	33-24340-S
misnoegen onaangenaamheid onbehaaglijkheid onbehagen ongemak ontevredenheid onvrede	20-27026-B
misnoegen onbehaaglijkheid onbehagen ongenoegen onmin ontevredenheid onvrede wrevel	33-24494-S
misnoegen onbehaaglijkheid onbehagen ongenoegen ontevredenheid onvrede	33-11096-B
misogamie	30-11575-B
misogyn	34-14720-B
misogyn vrouwenhater	16-23221-B
misogynie vrouwenhaat	30-11200-B
misrekening ontgoocheling tegenvaller teleurstelling	16-52232-S
misschien mogelijk	16-21386-B
misselijkheid onpasselijkheid	4-11014-B
misselijkmakend repugnant stuitend walgelijk weerzinwekkend	25-46712-S
missen	8-81339-B,17-47470-B,38-18792-B
missen ontberen tekort komen	12-37427-B
missionaris	21-30177-B
mississippi	15-8730-B,26-27291-B
missouri	15-8823-B
misstap overtreding vergrijp wandaad wetsovertreding	3-24467-S
mist nevel	2-42592-B,2-42900-B
misterieus	10-83917-S
misthoorn	38-31435-B
mistig	17-43031-B
mistkoplamp mistlamp mistlicht	36-33142-B
mistlamp mistlicht	36-33142-S
mistlicht	36-33142-S
mistral	21-13158-B
mistroostig moedeloos neerslachtig pijnlijk rouwig sip smartelijk somber teneergelagen terneergeslagen treurig triest triestig verdrietig	13-28341-S
mistroostig somber triest vreugdeloos	30-12643-S
mistrouwig wantrouwig	35-68111-S
misverstand	17-35708-B
misvormd vervormd	32-30373-S
misvormdheid misvorming	3-41565-S
misvormdheid misvorming verminking	32-30434-S
misvormen ontluisteren schenden verminken	33-16941-S
misvorming	3-41565-S
misvorming verminking	32-30434-S
mithilakshar	27-50729-B
mitochondriaal dna	33-62072-B
mitochondrion	20-14231-B
mitose	21-794-S
mitrailleur	14-19398-S
mixen	13-27957-S,29-15317-S
mixen samenvoegen vermengen	31-13973-S
mixer	29-15856-S
mobiel nulzes mobiele telefoon	8-47706-S
mobiele telefoon	8-47706-S
mobilhome	35-37796-S
mobilisatie	34-29950-B
modder	39-16891-S
modder slijk	4-7827-B
mode	20-45984-B
mode uitdrukking modewoord	16-65660-B
model	1-22952-S,4-5448-B,11-64628-B,12-67292-S,19-6223-B
model ontwerp	10-64214-S
model toonbeeld	34-19660-S
model voorbeeld	9-17024-B
modem	19-3585-S,19-21478-B
modern	9-26628-B,17-46655-S
modernist nieuwlichter	21-30199-B
modeshow	22-27100-B
modewoord	16-65660-S
modieus trendy	31-49000-S
modificatie	18-1808-S
modificatie verandering wijziging	7-40446-S
modificeren veranderen wijzigen	7-40285-S
modo ongeveer pakweg ruwweg	31-23434-S
module	14-6354-S
moe moeder moederlief moesje	7-26687-S
moe vermoeid	10-42636-B
moebius	37-36849-S
moed branie durf lef	17-27729-B
moedeloos	15-53584-S
moedeloos maken ontmoedigen	18-23403-S
moedeloos neerslachtig ontmoedigd terneergeslagen versaagd zwaarmoedig	32-3492-S
moedeloos neerslachtig pijnlijk rouwig sip smartelijk somber teneergelagen terneergeslagen treurig triest triestig verdrietig	13-28341-S
moedeloosheid	32-26151-S
moedeloosheid neerslachtigheid somberheid verslagenheid zwaarmoedigheid	21-33107-S
moeder	34-58084-S
moeder aarde moeder natuur	36-37279-B,38-29272-B
moeder moederlief moesje	7-26687-S
moeder natuur	36-37279-S,38-29272-S
moeder overste	14-60125-S
moeder zwangere vrouw	37-4214-S
moederkaart	20-3888-B
moederkoek	11-12270-S
moederkoorn moederkoren	39-2859-B
moederkoren	39-2859-S
moederlief moesje	7-26687-S
moederlijk	25-36143-B,34-28494-B
moederloos	30-31274-B
moedermelk	1-35157-B
moederschap	21-30386-B
moederszijde	36-7113-S
moederszijde halfbroer van moederszijde	36-7113-S
moedertaal	16-54751-B
moedervlek	10-76270-B
moedig	31-48339-S
moedig onverschrokken	9-28160-S
moedig overmoedig stoutmoedig vermetel	28-3159-S
moedwillig opzettelijk	34-36632-B
moedwillig opzettelijk voorbedacht welbewust weloverwogen	18-21101-S
moei tante	7-47157-B
moeilijk	11-57640-B
moeilijk ongemakkelijk problematisch	12-63806-S
moeilijk te behandelen afval	7-1972-B
moeilijk zwaar	11-57553-B
moeite waard	35-38097-S
moeiteloos simpel	13-24856-S
moeiteloos soepel	34-51445-B
moeiteloos vanzelf	33-49077-S
moeizaam onhandig	17-51599-S
moer	10-73072-B
moer voedster	25-38377-B
moeras	5-37952-B,7-13105-B
moeras veenmoeras	7-728-B
moerasgas	15-6259-B
moerbei	23-35988-B
moervos	34-57683-B
moes slaan	39-15660-S
moesje	7-26687-S
moesson	28-30679-B
moestuin	7-6300-B,19-39395-S,33-60856-B
moet desgevallend desnoods eventueel zo nodig	22-27004-S
moeten	17-14023-B
moezel	23-20716-B
moezelwijn	37-8691-B
mogadishu	19-470-B
mogelijk	16-21386-S,36-747-S
mogelijk maken toestaan toestemmen	18-24340-S
mogelijk potentieel virtueel	8-23208-S
mogelijk realiseerbaar	26-21217-S
mogelijkheid	35-6161-S
mogelijkheid opportuniteit toeval	13-28152-S
mogen	9-33779-B
mokum	10-28895-S
mol	12-5332-B,12-5598-B,12-5688-B
molasse	21-30284-B,21-30300-S
moldavie	11-47619-B,13-38616-B
moldavisch	13-48564-B,15-44379-B,22-14010-B
moleculaire biologie	4-5492-B
moleculaire genetica	30-52761-B
molecule	20-15084-B
molen	4-4187-B
molenaar	26-43377-B
mollen om het leven brengen om zeep helpen ombrengen omleggen vermoorden	19-46871-S
mollig	30-20646-S
molrat	38-13948-S
molybdeen	13-35911-B
moment een poosje effentjes even	28-19023-S
moment ogenblik seconde tel	8-48461-B
moment tijdstip	17-33903-B
momenteel nu	8-44676-B
momenteel nu op het ogenblik thans	19-16540-B
momentje poos poosje tijdje	13-39611-S
monaco	11-47676-B,11-47804-B
monarchie	12-31672-B
monarchist	21-30324-B
monarchvlinder	12-6073-B
mond	7-27558-S,13-12277-B,13-15317-B,16-66621-S
mond de ochtendstond heeft goud in de mond	16-66621-S
mond en klauwzeer	24-36917-B
mond opening	10-0-S
mondeling oraal verbaal	20-6956-B
mondeling verbaal	34-31439-B
mondharmonica	15-7159-B
mondharp	22-41860-B
mondiaal wereldwijd	25-32546-B
monding	24-24981-B
mondol kiri	23-21087-B
mondspoelmiddel mondwater	38-21550-B
mondt uit in	25-40256-B
mondwater	38-21550-S
monetair	18-48868-B
monetair fonds	6-28452-S
monetair stelsel	7-9012-S
monetaire economie	7-7195-B
monetaire markt	7-9072-B
mongolenplooi	35-352-B
mongolie	11-72311-B
mongools	9-1416-B,22-10672-B
monitor	17-32391-S
monitoring	1-30915-S,4-5558-S
monnik	12-34136-S
monochromatisch	23-57228-B
monochroom	34-44420-B
monocultuur	21-13022-B
monogamie	37-24864-B
monoloog	24-5123-S
monomeer	21-777-B
mononucleosis	19-35212-S
monopolie	4-5726-B
monotoon saai slaapverwekkend stoffig suf	11-15467-S
monotoon saai slaapverwekkend vervelend	15-54057-S
monrovia	21-13742-B
monster staal	18-2876-B,38-17725-B
monsteren	29-22243-S
monsterlijk verschrikkelijk weerzinwekkend	33-62607-S
monstername staalname	5-11163-B
monsternametechniek	5-11196-B
monstrans ostensorium	33-40706-B
montage	35-65803-S
montana	15-8920-B
montenegrijns	15-43786-B
montenegro	11-32689-B,14-37062-S
monteren	17-61736-S
monterrey	21-28329-B
monteur	38-33638-S
montevideo	19-1336-B
montgomery	14-64165-B
montreal	19-22500-B
montserrat	21-13646-B
monument	4-5846-B,25-14637-B
moodle	39-6170-B
mooi	9-26215-B
mooi prachtig schitterend	14-40786-S
mooi schattig sympathiek verleidelijk verlokkend	12-62161-S
mooi schoon	8-62176-S
mooiprater slijmbal strooplikker vleier	18-29740-S
mooipraterij ophemeling pluimstrijkerij vleierij	35-52099-S
moord	14-52593-B
moord sluipmoord	16-1113-S
moordenaar	20-49012-B
moordenaar sluipmoordenaar	27-46058-S
moordpartij	20-21399-S
moors	24-37339-B
mop scherts	11-37836-S
mopperaar nijdas nurk zuurpruim	32-5853-S
mopperen morren pruttelen zeuren	11-1389-S
mopshond	37-762-B
moraal	30-45995-S
moraalwetenschap	2-31593-S
moraliserend onderrichtend	32-57536-S
morbiditeit ziektecijfer	37-19365-B
morbihan	23-6611-B,23-21522-B
mordovie	17-9446-B
morel zure kers	33-1509-S
morele overreding	4-6167-B
morfeem	15-24988-B,15-25198-S,15-25277-S
morfine	23-54591-B
morfologie	4-6208-B,15-21578-B
morfologie van de zeebodem	5-34881-B
morgana luchtspiegeling	20-49468-S
morgen	8-22531-B,8-30848-B,16-38649-B,21-25627-B
morgen ochtend voormiddag	8-29200-B
morgenrood morgenschemering ochtendgloren ochtendkrieken ochtendschemering ochtendstond zonsopgang	13-40992-S
morgens s ochtends	10-76583-S
morgenschemering ochtendgloren ochtendkrieken ochtendschemering ochtendstond zonsopgang	13-40992-S
morgenstond heeft goud in de mond de ochtendstond heeft goud in de mond	16-66621-S
morning afterpil	11-41115-B
morren pruttelen zeuren	11-1389-S
mortel	24-35921-B
mortier	39-5010-B
mortier vijzel	39-4987-B
mos	4-6339-B
moscoviet	17-8397-B
moselle	23-6199-S,23-6829-B
moskee	9-42325-B,16-7626-S
moskou	8-90057-B,27-27143-B
moskovitsch	36-41771-B
moskva	26-26024-B
moslim muzelman	27-6048-S
mossel	19-1710-B,19-1763-B
mosselteelt	4-8839-B
mossen	1-36247-B
mosterd	31-48015-B
mosterdgas	37-36443-B
motet	21-13789-B
motief reden	14-59523-S
motiveren	16-46677-B
motivering uitleg verklaring	12-14341-S
motor	2-27804-B
motor elektromotor	28-20908-S
motorblok	14-44384-S
motorbrandstof	4-6475-B
motorfiets	4-6348-B
motorkap	18-13154-B
motorkettingzaag motorzaag	29-54413-S
motorrijder	21-24498-B
motorvoertuig	4-6814-B
motorzaag	29-54413-S
motregen	17-60096-B
motregenen	17-60184-S
motto	25-43817-S
motu	25-32678-S
mountainbike terreinfiets	8-35065-S
mountains	26-27631-S
mouse	14-52130-S
mousserende wijn schuimwijn	17-5756-B
mout	14-36707-B
mouw	38-36864-B
mouwen	25-9972-S
mozaiek	7-16839-B
mozaiktegel	25-268-B
mozambikaanse gebarentaal	26-8619-B
mozambique	12-3559-B
mr bond thunderball	10-52706-S
mucoviscidose taaislijmziekte	38-7961-S
mug muskiet	22-28829-B
muil slof	17-20626-S
muildier muilezel	15-32241-B
muilezel	15-32241-S,21-1226-B
muilkorf	22-1152-B
muilpeer oorveeg oorvijg	23-41643-S
muis	9-1755-B,9-2384-B
muiterij oproer revolte verzet	12-32919-S
muizen en ratten van de oude wereld	9-18226-B
muizen er vandoor gaan wegvluchten	26-6897-S
mulat	30-49938-S
mulattin	30-50071-B
multilaterale overeenkomst	4-7978-B
multilingual environmental thesaurus	7-38891-S
multimedia technologie	7-15688-B
multimeter universeelmeter	13-20337-B
multinational	4-8029-B
multipel myeloom ziekte van kahler	23-53853-B
multiple sclerose	32-27076-B
multispectrale scanner	7-16567-B
mummie	14-55112-B
munchen	10-46061-B
mund	13-15567-B
munitie	17-65026-S
munt	11-45605-B,38-33813-S
munteenheid valuta	14-10004-B
munten	29-21688-S
muon	31-46716-B
murcia	21-30411-B
murnau am staffelsee	34-40529-B
mus	11-28116-B
museaal	38-1535-B
museum	4-8183-B
musical	17-594-B
musicologie	16-32817-B
musicus muzikant	16-34846-B
muskiet	22-28829-S
mutageen	4-8961-B
mutagene stof	7-13369-B
mutageniteit	4-8935-B
mutant	4-9066-B
mutatie	4-9081-B
mutilatie verminking	22-1170-B
muts	13-1005-B
muur	27-27079-S
muur wand	6-10064-B
muzelman	27-6048-S
muziek	35-55191-S
muziek instrumentaal	25-24318-S
muziek partituur	7-45551-S
muziek toonkunst	4-8489-B
muziekgroep	19-30995-S
muziekinstrument	22-42046-S
muzieksleutel sleutel	13-66882-B
muzikaliteit	38-14961-B
muzikant	16-34846-S,35-39718-B
mw	7-48561-B
myanmar	12-4011-S
myanmar unie myanmar	12-4011-B
myceens	27-37548-B
myceten	3-3399-B
mycologie	4-9098-B
mycoloog	39-4661-B
mycorrhiza	4-9176-B
mycose	20-14039-B
mydriasis	39-7160-B
myeloom ziekte van kahler	23-53853-S
myriade schare	14-31780-S
myrmecologie	39-1357-B
mysterie	10-83874-B
mysterieus raadselachtig	33-57955-S
mythe	6-27728-S
mythologie	34-9402-B,35-64072-B
myxomatose	36-27747-B
n verjoardag gefeliciteerd gefeliciteerd met je verjaardag gelukkige verjaardag ne geleukkege verjeurdoag ne geleukkege verjoardoag ne gelukkege verjoardach	38-5698-S
na	10-11691-S
na christus	28-47250-S
na komen	8-57095-S
na nadat nadien	10-11518-S
naaien	8-70397-B
naaien neuken palen poepen pompen seks hebben vogelen vrijen	10-60161-S
naakt	14-3326-B
naakt ongekleed	13-3600-S
naakte molrat	38-13948-B
naaktheid	28-38272-S
naaktzadigen	3-10418-B
naald	8-47598-B,8-49682-S,13-37656-B
naaldbomen	2-1316-S
naaldboom	7-12900-S
naaldbos	7-13587-B
naam	8-54218-S
naamgenoot	36-5776-B
naamgever	16-64803-S
naamgeving	24-17501-B
naamkunde onomastiek	17-9926-B
naamloos	27-18586-B
naamsvermelding	15-26581-B
naamval	15-24962-S,17-22393-B,35-7884-S
naamwoord	7-50112-S,8-75848-S
naar	18-58114-S,21-3701-S,28-44540-S,31-20228-S
naar achteren ruggelings rugwaarts	27-50442-S
naar bed gaan met slapen met	10-61715-B
naar beneden neerwaarts omlaag terneer	8-21337-S
naar beneden omlaag	8-21555-B
naar de letter tekstueel woord voor woord woordelijk woordgetrouw	8-78024-S
naar grootte sorteren	5-20726-B
naar huis	20-34317-B
naar men beweert naar verluidt zogezegd	27-4061-B
naar onaangenaam onbehaaglijk onplezierig onverkwikkelijk storend	33-4933-B
naar rome	34-51057-S
naar sinister	32-2729-S
naar verlangen	26-21153-S
naar verluidt zogezegd	27-4061-S
naar zoeken	8-81531-S
naardien om reden dat omdat omreden vermits wijl	7-43777-S
naargeestig ongelegen onplezierig onprettig onverkwikkelijk storend	33-28760-S
naarstig noest vlijtig	22-29328-S
naast	26-22271-B
naast de deur steenworp vlakbij	23-17804-S
naast de deur ver verwijderd	8-54806-S
naast elkaar leggen	36-40724-B
naast elkaar zij aan zij	26-6367-B
naastenliefde	37-944-B
nabeschouwing	2-33209-S
nabij	13-29705-S
nabij om de hoek op een boogscheut op een steenworp afstand op loopafstand vlakbij	8-54566-S
nabij op te	8-71178-S
nabootser namaker	33-37571-S
naburig	30-34324-S
nabuur	8-24753-S
nacht	7-31174-B,20-36137-S,37-23140-S
nachtblindheid	25-14528-B
nachtbraker nachtmens	23-45341-B
nachtclub	14-28720-B,23-52123-B
nachtdienst	37-40452-B
nachtegaal	23-24611-B
nachthemel	13-38273-B
nachtkastje	17-42185-B
nachtlucht	23-45236-B
nachtmens	23-45341-S
nachtmerrie oneirodynie	12-9128-S
nachtmerrieachtig nachtmerrieachtige	12-9632-B
nachtmerrieachtige	12-9632-S
nachtploeg	37-40341-B
nachts	20-36072-S
nachtvlucht	36-23292-B
nachtwolk	37-6482-S
nadat naderhand nadien vervolgens	26-40163-S
nadat nadien	10-11518-S
nadeel	25-34885-B
nadeel schade	32-54571-B
nadeel schaduwzijde	18-19114-S
nadelig ongunstig schadelijk	32-54426-S
nadenken	24-25477-B
nadenken reflecteren	8-58794-S
nader bericht	36-38678-S
nadere overweging	26-40067-B
naderhand nadien vervolgens	26-40163-S
nadering toenadering	19-45209-B
nadien	10-11518-S
nadien vervolgens	26-40163-S
nadir voetpunt	13-754-B
nadruk	19-24736-S,35-62454-S
nadrukkelijk	34-54324-B
nadrukkelijk uitdrukkelijk	33-55581-S
nagalm weergalm weerklank	33-47118-S
nageboorte	35-12515-B
nagedachtenis souvenir	22-24880-S
