ontkomen ontsnapping vlucht	9-43076-S
ontkrachten ontzenuwen weerleggen	31-32306-B
ontkrachten verdunnen verzachten verzwakken	27-56086-S
ontkrachten verzwakken	33-53485-B
ontlasten	13-16656-S,24-26286-S
ontlasten vrijstellen	34-22167-B
ontlasting opbeuring verlichting verzachting	27-5602-S
ontlasting poep stront defecatie excrementen fecalien feces schijt uitwerpselen	13-16152-S
ontleden	12-16424-S,33-26519-S
ontleding sectie	33-26636-B
ontlokken	27-28472-S
ontlopen	34-49258-S
ontluiken opbloeien	20-29037-B
ontluisteren schenden verminken	33-16941-S
ontmannen	33-22170-S
ontmantelen slopen uit elkaar halen	33-21113-S
ontmoedigd terneergeslagen versaagd zwaarmoedig	32-3492-S
ontmoedigen	17-51711-S,18-23403-S,32-37861-S,33-11701-S
ontmoedigen ontraden ontstellen	13-10619-S
ontmoedigend	33-23476-S
ontmoeten	13-61998-B
ontmoeten samenkomen tegenkomen treffen	16-62442-B
ontnemen wegnemen	22-10274-B
ontneming	32-42619-S
ontnomen	29-6613-S
ontnuchteren teleurstellen	33-19815-S
ontnuchtering teleurstelling	33-19616-S
ontoegeeflijk onverbiddelijk onvermurwbaar overdreven streng streng	33-36064-S
ontoereikend onvoldoende sneu tegenvallend teleurstellend	33-6098-S
ontoereikend onvolkomen tekortschietend	32-16057-S
ontoereikendheid onvolkomenheid tekort	32-29888-S
ontogenese ontwikkelingsfysiologie	7-6009-B
ontologie	10-68128-B,10-68276-B
ontpitten	37-30652-B
ontpitten pitten	32-4348-B
ontploffen	18-34210-S
ontploffen ploffen klappen springen	8-55593-S
ontploffing	2-34776-S
ontplooien ontwikkelen vormen	9-39164-S
ontraden ontstellen	13-10619-S
ontrading	7-18318-S
ontregeld verward	33-22669-S
ontroerbaarheid sentimentaliteit	34-54213-S
ontroeren rakend	26-36676-S
ontroerend pakkend roerend	25-42401-S
ontroering	15-51905-S
ontroostbaar troosteloos zielsbedroefd	33-11011-S
ontrouw trouweloos	26-3327-B
ontrouw valsheid	33-19038-S
ontschepen	33-15578-S
ontscheping	24-25645-S
ontslaan	25-25427-B,30-32998-S
ontslag	20-4451-S
ontslag nemen	20-17894-B
ontslag opzegging verwerping wegzending	21-43939-B
ontslagaanvraag	15-40916-B
ontsluiten opendoen openen openmaken	21-4556-B
ontsluiten zich openen	35-60571-S
ontsmetten	33-20358-S
ontsmettend middel ontsmettingsmiddel	2-15304-S
ontsmetting	2-9691-B,2-15529-S,3-3117-B
ontsmettingsmiddel	2-15304-S
ontsnappen	22-27163-S
ontsnappen vluchten	16-68351-B
ontsnapping uitbraak	29-28525-B
ontsnapping vlucht	9-43076-S,15-27705-B
ontsnappingsclaussule	34-6947-B
ontsnappingssnelheid	37-37511-B
ontspannen zich vermaken	33-24660-S
ontspanning	5-4410-B,32-53689-S
ontspanning plezier vermaak	9-16848-S
ontsporen	17-37547-B
ontsporing	32-43900-B
ontstaan schepping	8-41194-S
ontsteking	3-23401-S,28-27977-B
ontsteking sepsis	21-37413-B
ontstekingsbougie	13-15888-S
ontstekingsmechanisme	32-54153-S
ontstekingsremmend	23-31110-B
ontstekingsremmer	34-31004-B
ontsteld ontzet paf perplex stomverbaasd verbaasd verbijsterd verbouwereerd verschrikt verslagen verstomd verward	33-21228-S
ontsteld overstuur van streek verbijsterd verward	33-29927-S
ontsteldheid ontzetting verbijstering verbouwereerdheid	32-14791-B
ontstellen	13-10619-S
ontstellen ontzetten verbijsteren	27-29031-B
ontstellen overhoophalen schokken	22-23322-S
ontstellen verbazen verbijsteren verbluffen verwarren verwonderen	21-16689-S
ontstellen verbazen verbijsteren verbluffen verwonderen zeer verbazen	27-51076-B
ontstellend ontzettend verbijsterend	27-29113-B
ontstellend schokkend schrikbarend verontrustend zorgelijk	33-25793-S
ontstellend veeg verontrustend zorgelijk	33-9392-S
ontsteltenis ontzetting opschudding verbijstering verwarring	31-34513-S
ontstoffer	6-16677-S
ontstoken	21-399-S
ontstuimig	11-66926-S,18-35213-B,21-29054-S
ontstuimig stormachtig	15-42874-B
onttrekking van voedingsstoffen	4-16110-B
onttronen	21-40314-B
ontuchtig tuchteloos zedeloos	32-17185-S
ontvangen	12-15874-B
ontvangen onthalen	33-61085-S
ontvanger	35-63038-S
ontvanger receiver	31-42431-B
ontvangst	22-20148-S
ontvangst receptie	24-23362-B
ontvangsten opbrengst verdiensten winst	21-42160-S
ontvankelijk voor vatbaar voor	19-14971-S
ontvellen stropen villen	33-7445-S
ontvetten	2-10576-B,37-653-B
ontvlambaar	21-23941-S
ontvoerder	25-46630-S
ontvoeren	25-45993-S
ontvoering	14-60163-S
ontvolken	32-41401-B
ontvreemden pikken stelen	13-33621-S
ontvreemden verdonkeremanen verduisteren	33-53711-S
ontvreemding verdonkeremaning verduistering	34-53627-S
ontwaken wakker worden	9-41879-B,24-24708-B
ontwapenen	20-27176-B
ontwapening	33-6296-B
ontwaren opmerken waarnemen	16-28431-S
ontwaren waarnemen	32-46793-S
ontwenningsverschijnsel	15-29250-B
ontwerp	10-64214-S
ontwerper vormgever	18-13819-B
ontwijden profaneren schenden	32-46946-S
ontwijfelbaar onverdacht	34-25266-S
ontwijken	17-45108-B,24-34129-S
ontwijken verhinderen verhoeden vermijden voorkomen	18-41178-B
ontwijkend	18-1651-S,20-33076-B
ontwikkelaar programmeur	14-59331-B
ontwikkeld	24-12676-S,32-8827-S
ontwikkeld welgemanierd wellevend welopgevoed	32-8564-S
ontwikkeld wijs	34-6572-S
ontwikkelde landen	2-12633-B
ontwikkelen vormen	9-39164-S
ontwikkeling	2-21332-S,5-23639-S,5-37906-S
ontwikkeling uitbreiding	34-23549-B
ontwikkelingsfysiologie	7-6009-S
ontwikkelingsgebied	2-12737-B
ontwikkelingsgraad	5-32835-B
ontwikkelingshulp	2-12701-B
ontwikkelingsland	2-12666-B
ontwikkelingsplan	2-12871-B
ontwikkelingsplanning	2-12829-B
ontwikkelingssamenwerking	2-12776-B
ontwormen	37-25512-B
ontworming	37-25593-B
ontwortelen het uitroeien uitroeiing uitwissing verdelging	35-1583-S
ontzag	28-18910-B
ontzag respect waardering	28-1516-S
ontzenuwen weerleggen	31-32306-S
ontzet paf perplex sprakeloos verbijsterd verbouwereerd verward	29-3319-S
ontzet paf perplex stomverbaasd verbaasd verbijsterd verbouwereerd verschrikt verslagen verstomd verward	33-21228-S
ontzet verbijsterd verstomd	26-41790-S
ontzetten verbijsteren	27-29031-S
ontzettend schrikwekkend verschrikkelijk vreselijk	13-48864-S
ontzettend verbijsterend	27-29113-S
ontzetting opschudding verbijstering verwarring	31-34513-S
ontzetting verbijstering verbouwereerdheid	32-14791-S
ontziend wreed	29-31713-S
ontzilten ontzouten	26-13755-B
ontzilting	2-11603-B
ontzilting van water	7-751-B
ontziltingsinstallatie	2-11625-B
ontzouten	26-13755-S
ontzouting van zeewater	5-14575-B
ontzwaveling	2-12230-B
onuitdrukbaarheid onuitsprekelijkheid onzegbaarheid onzeglijkheid	36-13155-S
onuitputtelijk	30-40469-B
onuitsprekelijk onzegbaar	36-12924-S
onuitsprekelijkheid onzegbaarheid onzeglijkheid	36-13155-S
onuitstaanbaar onverdraaglijk	18-56811-B,35-50990-B
onuitstaanbaar tergend	34-17276-S
onveilig periculeus risicovol riskant	8-85256-S
onveiligheid	10-75857-S
onveranderlijk standvastig	30-511-S
onveranderlijk steeds	10-5237-S
onveranderlijk uniform	20-39572-S
onveranderlijkheid	34-24943-B
onverbeterbaar onverbeterlijk	18-8043-B
onverbeterlijk	18-8043-S
onverbiddelijk onvermurwbaar	21-9335-S
onverbiddelijk onvermurwbaar overdreven streng streng	33-36064-S
onverdacht	34-25266-S
onverdeeld over de hele linie totaal van a tot z vol volkomen volledig voluit voor honderd procent een en al	8-87106-S
onverdorven	35-70539-S
onverdraaglijk	18-56811-S,35-50990-S
onverdraagzaam	23-48147-S,35-58080-B
onverenigbaar strijdig tegengesteld tegenstrijdig	33-11548-S
onvergankelijk perpetueel	34-13531-S
onvergelijkbaar	24-32677-B
onverhoeds onverwacht onverwachts onvoorzien	21-16431-B
onverhoeds onverwacht onverwachts onvoorzien opeens plots plotseling plotsklaps schielijk	9-17429-S
onverkwikkelijk storend	33-4933-S,33-28760-S
onverlaat schavuit schoelje schoft schurk slechterik snoodaard	28-22335-S
onvermijdelijk	18-20436-S
onvermijdelijk vereist verplicht	18-20160-S
onvermoeibaar	21-10635-B
onvermogen	29-30843-B
onvermogend	10-4253-S
onvermurwbaar	21-9335-S
onvermurwbaar overdreven streng streng	33-36064-S
onversaagd onverschrokken onverstoorbaar onvervaard resoluut stoutmoedig vermetel	32-14374-S
onverschillig	37-10332-B
onverschillig wat ook welke ook	20-47925-S
onverschilligheid	33-20793-S
onverschrokken	9-28160-S
onverschrokken onverstoorbaar onvervaard resoluut stoutmoedig vermetel	32-14374-S
onverschrokken onvervaard stoer stoutmoedig vermetel	35-66727-S
onverslaagbaarheid	35-53190-S
onverstandig onwijs stompzinnig stupide	9-13998-S
onverstandig simpel stompzinnig stupide suf verstandeloos zwakhoofdig	10-71935-S
onverstoorbaar	38-4348-B
onverstoorbaar onvervaard resoluut stoutmoedig vermetel	32-14374-S
onverstoorbaar rustig	31-1967-S
onverstoorbaarheid	38-4381-B
onvertaalbaar	25-44567-B
onverteerbaar	37-5166-B
onvervaard resoluut stoutmoedig vermetel	32-14374-S
onvervaard stoer stoutmoedig vermetel	35-66727-S
onvervaardheid	34-57807-S
onvervreemdbaar	37-4861-S
onverwacht	30-42747-B
onverwacht onverwachts onvoorzien	21-16431-S
onverwacht onverwachts onvoorzien opeens plots plotseling plotsklaps schielijk	9-17429-S
onverwachts onvoorzien	21-16431-S
onverwachts onvoorzien opeens plots plotseling plotsklaps schielijk	9-17429-S
onverwijld stante pede zo zodadelijk	29-23611-S
onverzettelijk standvastig stijfhoofdig stijfkoppig stug taai	32-57640-S
onverzettelijk standvastig vasthoudend volhoudend	33-35213-S
onvindbaar pleite ribbedebie spoorloos verdwenen verloren weg zoek	36-8501-S
onvoldoende	37-2408-B
onvoldoende sneu tegenvallend teleurstellend	33-6098-S
onvolkomen tekortschietend	32-16057-S
onvolkomenheid tekort	32-29888-S
onvolledig gevormd pas begonnen	16-29502-S
onvolwassen	20-43771-S
onvoorspelbaar	34-6146-S
onvoorstelbaar	37-6552-S
onvoorwaardelijk	38-1708-B
onvoorwaardelijk stellig	29-46289-S
onvoorzien	21-16431-S
onvoorzien opeens plots plotseling plotsklaps schielijk	9-17429-S
onvrede	20-27026-S,33-11096-S
onvrede wrevel	33-24494-S
onvriendelijk	36-32700-B,36-32856-B,37-25093-B
onvruchtbaar	14-31543-S,20-31381-B
onwaar	9-35742-S
onwaarschijnlijk	28-718-B
onweer onweersbui	7-0-B
onweerachtig	12-38614-B,12-38713-B
onweerlegbaar	27-27268-S
onweersbui	7-0-S
onwellevendheid	33-14472-S
onwelriekend stinkend vies ruikend	34-5212-S
onwetend	35-70746-B
onwettig	29-6264-S
onwettig verboden	36-40122-S
onwijs stompzinnig stupide	9-13998-S
onwil tegenzin weerzin	33-19920-S
onwillig	15-45832-S,22-17741-B,33-20253-S
onwillig recalcitrant stijfkoppig weerspannig	31-37187-S
onzacht ruig ruw	28-9736-S
onze	14-245-S
onze lieve heer opperste rechter vader hemelse vader	7-27883-S
onze lieve vrouw hemelvaart	23-22013-S
onze lieveheerbeestje	22-28036-S
onzedelijk onzedig zedeloos	27-14898-S
onzedelijk schandelijk verdorven voos	14-38336-S
onzedelijke praat schunnige praat	22-38320-S
onzedig zedeloos	27-14898-S
onzegbaar	36-12924-S
onzegbaarheid onzeglijkheid	36-13155-S
onzeglijkheid	36-13155-S
onzeker schroomvallig schuchter timide verlegen	33-1796-S
onzekerheid	21-44059-B
onzekerheid twijfel	8-9632-S
onzelfzuchtig	15-3594-S
onzelfzuchtigheid	15-3396-S
onzes heren na christus	28-47250-S
onzichtbaar	11-46192-B
onzijdig	35-35048-B
onzijdig geslacht	17-22074-S
onzinnig	26-44484-S
onzinnig zinloos	26-44070-S
onzuiverheid	34-35340-B,38-30649-S
ooft vrucht	3-2235-B
oog	7-34657-B,7-36039-B,7-36293-B,13-12046-B,17-14650-S,29-22387-S
oog springen sterk opvallen	22-29796-S
oogappel oogbol	19-48378-B
oogarts	15-23767-S
oogbol	19-48378-S
ooggetuige	39-12160-B
oogheelkunde	27-9661-B
oogkas	35-46979-B
oogkleur	11-34697-S
ooglid	32-39699-B
oogluikend toelaten oogluikend toezien	22-4711-B
oogluikend toezien	22-4711-S
oogontsteking	35-54488-B
oogpunt standpunt	30-43677-S
oogrijm	36-228-B
oogschaduw	29-7986-B
oogst	3-11170-B,7-7549-B
oogsten	26-36604-B,37-21520-B
oogverblindend verblindend	32-15004-B
oogzenuw	25-32575-B
ooi	8-31732-B
ooievaar	12-24107-B
ooit steeds	13-52982-S
ooit uiteindelijk	8-45246-B
ooit vroeger	20-50507-S
ook	11-12681-S,13-26551-S,20-47925-S,39-825-S
ook in elk geval in ieder geval sowieso	25-175-S
ook maar	35-28311-S
ook overigens ten andere terwijl trouwens verder voorts	13-26230-S
ook tevens zowel	8-10413-S
ook toch	10-13171-S
ook welke ook	20-47925-S
oom	8-22216-S
oor	7-34314-B,7-36594-B
oor oorschelp	19-44064-B
oorarts oorspecialist	28-9142-B
oorbel oorhanger	32-48804-B
oorbel oorring	13-62950-B
oord plaats	35-50705-B
oordeelkundig vakbekwaam vakkundig	26-24997-S
oordeels oordeelsdag	33-35838-S
oordeelsdag	33-35838-S
oordelen	26-25813-B,26-26088-S
oordopje	33-38583-B
oorhanger	32-48804-S
oorkonde akte attest bewijs diploma getuigschrift	14-10140-S
oorkondeleer	37-20171-S
oorkussen peluw	18-42872-S
oorlapje	39-2221-B
oorlel oorlelletje	32-41678-B
oorlelletje	32-41678-S
oorlog	6-10270-B,21-4064-S,21-28615-S,28-52508-S
oorlog treden	18-39846-S
oorlogsmaterieel	2-16041-S
oorlogsslachtoffer	7-11019-B
oorlogsvoering	38-14056-S
oorlogzuchtig strijdlustig	29-1601-S
oorpijn	36-23568-B
oorring	13-62950-S
oorsardientje	21-31270-B
oorschelp	19-44064-S
oorsmeer	33-39400-S
oorspecialist	28-9142-S
oorsprong	1-16345-S,24-19823-B,26-29827-B
oorsprong origine	13-27328-S
oorsprong start vertrek	9-24913-S
oorspronkelijk vooreerst	30-44490-S
oorsuizen tinnitus	37-28988-B
oortelefoon	33-38424-S
oorveeg oorvijg	23-41643-S
oorverdovend	29-5836-B,33-38838-S
oorvijg	23-41643-S
oorworm	2-20145-B
oorzaak	35-66038-B
oorzaak aanleiding beweeggrond beweegreden motief reden	14-59523-B
oost	28-52300-S
oost afrika	2-20174-B,29-47895-S
oost azie	2-20390-B,5-27832-S
oost chinese zee	28-46703-B
oost europa	2-20410-B
oost oosten	11-53948-B
oost romeinse rijk	29-44431-S
oost timor	12-20446-B
oost west handel	2-20734-B
oostduits	35-34100-B
oosten	10-78593-S,11-53948-S
oostenrijk	8-17195-B,28-1100-S
oostenrijk hongarije	14-37123-B
oostenrijker	15-47057-B
oostenrijks	15-46813-B
oostenrijkse	37-10470-B
oostenrijkse alpen	33-837-B
oostenrijkse duits	15-34114-B
oostenrijkse gebarentaal	23-41401-B
oostvaardersplassen	27-21718-B
oostwaarts	34-30700-B
oostzee	12-45140-B
ootmoedig	28-21494-S
op	9-32525-B,13-4603-S,16-13758-S,17-47905-S,24-32965-S,25-31796-S,26-8236-S,27-51658-S,30-21154-S,36-12077-S,38-38185-S
op de draad versleten	39-2599-S
op de hoogte stellen	26-22199-B
op de kop slaan	10-7855-S
op dezelfde wijze vergelijkbaar	9-25062-S
op drift stuurloos	26-28856-S
op een afstand terughoudend	27-9751-S
op een boogscheut op een steenworp afstand op loopafstand vlakbij	8-54566-S
op een hoger plan brengen verbeteren wijzigen	12-18851-S
op een kier	26-48829-B
op een lijn brengen op een lijn zetten uitlijnen	27-2485-B
op een lijn zetten uitlijnen	27-2485-S
op een steenworp afstand op loopafstand vlakbij	8-54566-S
op grond van overeenkomstig volgens	36-9248-S
op het microklimaat	4-3012-S
op het milieu	2-28703-S
op het ogenblik thans	19-16540-S
op het ogenblik vandaag	21-25480-S
op het vuur gieten	36-6560-S
op hetzelfde op dezelfde wijze vergelijkbaar	9-25062-S
op hoge poten verbolgen vergramd verstoord vertoornd	11-3487-S
op iets terugvallen	22-18256-B
op informatie	5-8514-S
op kanker	1-39227-S
op kernongevallen	7-3384-S
op loopafstand vlakbij	8-54566-S
op maat gemaakt chemisch product	7-7871-B
op opeisen	22-20180-S
op rot op sodemieter op	13-4603-S
op seismische activiteit	5-15207-S
op sodemieter op	13-4603-S
op sterven liggen	39-16457-B
op stop ermee	13-4685-S
op streven naar	18-58114-S
op te	8-71178-S
op verplaatsing	18-25560-B
op vertrouwen op	24-32965-S
op volgorde	17-35915-S
op voorhand van tevoren	28-56843-S
op zijn hoede oplettend vigilant waakzaam wakend	17-65629-S
op zijn hoofd hebben	37-25376-S
opa	8-47988-S,8-48087-S,8-48192-S
opbellen	13-13346-B
opbeuren opkikkeren opleven opmonteren	33-58664-B
opbeurend opwekkend opwindend spannend	34-18709-B
opbeuring verlichting verzachting	27-5602-S
opbiechten	31-30377-S
opblaasbare rubberboot	21-590-B
opblazen opkloppen opschroeven overdrijven	32-39423-S
opblazen slopen vernietigen	24-26237-B
opbloeien	20-29037-S
opbouwen	11-23828-S
opbranden uitbranden uitgaan	36-21911-S
opbrengst	6-19279-B,7-11947-S
opbrengst verdiensten winst	21-42160-S
opdelen scheiden splitsen	33-31983-S
opdelven	8-59368-S
opdoeken opheffen schrappen supprimeren verwijderen wegdoen	11-7905-S
opdoeken uit de weg ruimen uitschakelen verwijderen wegdoen wegwerken	33-52185-S
opdoffen	27-56642-S
opdoffer opdonder opduvel oplawaai oplazer opsodemieter opstopper optater peut poeier ram	14-45012-S
opdonder opduvel oplawaai oplazer opsodemieter opstopper optater peut poeier ram	14-45012-S
opdracht	31-17681-S
opdracht opgave taak	24-32485-B
opdrachtgever	24-12726-B
opdragen verordonneren	20-17178-S
opdringen overhalen overtuigen wijsmaken	32-45372-S
opdringen zeuren	31-8090-S
opdrukken pompen	18-9750-B
opduvel geven slaan uithalen kloppen	8-63759-S
opduvel oplawaai oplazer opsodemieter opstopper optater peut poeier ram	14-45012-S
opeenhopen opstapelen	32-8916-S
opeens plots plotseling	23-25423-S
opeens plots plotseling plotsklaps schielijk	9-17429-S
opeenvolgend successief	31-11083-S
opeisen	22-20180-S
open been	32-50592-B
open deur	17-45603-S
open source	14-58424-B
open toegankelijk	13-39697-B
open zee	6-23509-B
openbaar bad	4-39203-B
openbaar gebouw	4-39228-B
openbaar onderzoek	6-32820-B
openbaar park	4-39503-B
openbaar vervoer	4-39835-B
openbaarheid publiek	6-26562-B
openbare aanklager	18-57898-B
openbare bibliotheek	21-39837-B
openbare instelling	7-4074-B
openbare sector	4-39635-B
openbare verkoop veiling vendutie	17-54830-B
openbaring	17-14558-B
openbaring revelatie	33-9189-S
openbloeien	38-27321-S
opencyc concept uri	35-33569-B
opendoen openen openmaken	21-4556-S
openen	35-60571-S
openen openmaken	21-4556-S
opengaan zich ontsluiten zich openen	35-60571-S
openhartig	28-388-S
openhartig oprecht	29-39506-S
openhartigheid openheid oprechtheid rechtschapenheid waarachtigheid	13-50904-S
openhartigheid openheid oprechtheid rondborstigheid vrijmoedigheid	33-4148-S
openheid oprechtheid rechtschapenheid waarachtigheid	13-50904-S
openheid oprechtheid rondborstigheid vrijmoedigheid	33-4148-S
opening	10-0-S,11-21227-S,24-11355-B
openlucht	20-7042-S
openluchttheater	16-20286-B
openmaken	21-4556-S
opera	14-27889-B,14-28239-B,14-28296-B
opera operagebouw	14-28090-B
operagebouw	14-28090-S
operateur	30-39347-B
