wereldnatuurbezit	6-18870-S
wereldoorlog	13-3711-B
werelds	31-10424-S,33-39010-S
wereldstad	4-2859-B
wereldwijd	25-32546-S,35-36883-B
wereldwijd globaal	12-17159-B
wereldwijde opwarming	3-8188-B
wereldwijde web	7-15268-B
weren	8-24236-S
werf	28-55110-S
werk	6-21288-S,7-58779-S
werk gaan verrichten	28-14395-S
werk werkgelegenheid	2-26285-S
werk werkstuk	18-50164-S
werkbaar	13-59825-S,33-55903-S
werkbank	35-36548-B
werkbelasting	25-30258-B
werkbij werkster	39-5516-B
werkdag	28-31495-B
werkelijk	21-41978-S,26-23971-S
werkelijkheid	13-41980-B,26-23892-S
werken	8-20392-S,19-21982-S
werken denken het hoofd gebruiken nadenken reflecteren	8-58794-S
werkende klasse	21-39998-S
werker	35-36732-B
werker werkkracht werkman	12-66083-S
werkgelegenheid	2-26285-S,18-27385-S
werkgelegenheidsstructuur	7-11365-B
werkgever	33-55992-B
werking	2-14496-S,28-29064-S
werking plat	8-21698-S
werking werkzaamheid	18-37379-S
werkingsduur	4-25622-B
werkingsduur van bestrijdingsmiddelen	4-25646-B
werkkracht werkman	12-66083-S
werkkracht werknemer	19-33083-S
werklokaal werkplaats	24-10952-S
werkloos	35-59233-B
werkloosheid	6-4422-B
werkloosheidsuitkering werklozensteun	17-18872-B
werklozensteun	17-18872-S
werkman	12-66083-S
werknemer	19-33083-S
werknemersbond werknemersorganisatie	6-0-S
werknemersorganisatie	6-0-S
werkongeval	6-18409-S
werkorganisatie	6-26353-B
werkplaats	18-11068-B,24-10952-S
werkplek	6-18530-B
werkschuw	9-27268-S
werkster	37-28674-S,39-5516-S
werkstuk	18-50164-S
werkt in een	26-24610-B
werkt in op	26-8236-B
werktijd	6-18509-B
werkverkeer	1-52696-S
werkwijze	9-68074-B
werkwoord	8-75490-S,15-54761-S,15-54829-S,15-55442-S,15-55554-S,21-41192-S,39-11141-S
werkwoord onovergankelijk werkwoord	15-54761-S
werkwoord transitief werkwoord	15-54829-S
werkzaam	25-2958-B,30-48383-S
werkzaamheid	18-37379-S,24-38567-S
werpen	8-70174-S
werst	36-35572-B
wervel	34-15439-B
wervelbed	2-41627-B
wervelkolom	14-14899-S
wervelwind	16-31844-B
weser	29-0-B
weshalve weswege	7-44127-S
wesp	22-29845-B
wespennest	27-52071-B
wespensteek	22-3906-B
west	38-11554-S
west afrika	6-16570-B
west bengalen	36-38561-B
west europees jiddisch westjiddisch	23-31725-B
west germaans	13-60975-B
west handel	2-20734-S
west romeinse rijk	29-44724-B
west virginia	15-10773-B
west westen	10-82687-B
westduits	35-34186-B
westelijk azie	6-16593-B
westelijk europa	6-16619-B
westelijke jordaanoever westoever	15-33652-B
westen	10-82687-S
westerlijke sahara	26-20289-B
westfaals	29-33917-B
westfalen	16-68470-S
westfalen noordrijn westfalen	16-68470-S
westjiddisch	23-31725-S
westoever	15-33652-S
westsaksisch	37-29935-B
weswege	7-44127-S
wet	3-34508-B,5-29585-S,6-32338-B
wet van boyle	26-51026-B
wetboek	18-12953-S
weten	8-56535-B,25-10892-S
wetenschap	1-18105-S,2-33796-S,5-12643-B
wetenschappelijk	15-57210-B
wetenschappelijk comite	6-29916-B
wetenschappelijk onderzoek	6-30007-B
wetenschappen	1-23416-S,6-20759-S,20-1974-S
wetenschapper	13-56035-B
wetgevend	21-40677-S
wetgevend proces	7-13118-B
wetgevende bevoegdheid	3-36764-B
wetgevende macht	3-36810-S
wetgever	36-31940-B
wetgeving	3-36692-B,4-9245-S
wetgeving inzake de ruimtelijke planning	4-29426-B
wetgeving met betrekking tot de natuur	4-9969-B
wetgevingsprocedure	7-10317-B
wetshandhaving	3-34666-B
wetsovertreding	3-24467-S
wetsvoorstel	6-32678-B,20-27197-B
wetswijziging	3-34631-B
wettekst	3-36668-B
wettelijk voorschrift	7-5105-B
wetten	3-11122-S
wettig	36-40073-S
wettig kind	19-41785-B
weven	10-64124-B
wezen	29-832-B
wezen ruimtewezen	27-658-S
wezen wezenlijkheid	19-23832-S
wezenlijk	14-20184-S
wezenlijkheid	19-23832-S
whisky	30-22570-B
whorfhypothese	21-29306-S
wichelaar	39-5087-S
wichelroeden	26-13172-B
wie	7-31787-B
wie dan ook	11-12681-S
wie wie dan ook	11-12681-S
wieden	33-30570-B,33-30704-B
wieg	25-5375-S
wiegen	14-25137-B
wiegendood	31-45325-B
wieken	8-65987-S
wiel	13-32115-B
wiel aan een wagen	16-18934-S
wielbasis	35-27471-B
wielrennen	38-31030-B
wieren	1-10573-S
wierookvat	29-49471-B
wiesbaden	30-22584-B
wiesda	37-7595-B
wij	7-25619-S,20-23389-B,20-23563-B
wijd	7-33157-S,30-36374-S
wijdbeens	27-51730-S
wijden	24-16590-S,32-56087-S
wijk	20-29688-B,24-12541-S
wijkplaats	20-33549-S
wijl	7-43777-S
wijlen	12-29882-B
wijn	9-14770-B
wijn schuimwijn	17-5756-S
wijnbouw	6-9256-B
wijneuzig	39-1154-S
wijngaard	21-36242-B
wijnglas	38-9802-B
wijnkaart	23-52457-B
wijnkelder	35-33057-B
wijnkenner	18-19590-S
wijs	13-28319-S,21-3017-S,34-6572-S
wijsbegeerte filosofie	4-27498-B
wijselijk	35-35394-B
wijsheid	22-21579-B,24-32828-B
wijsmaken	32-45372-S
wijsneus	16-51487-S,39-1223-B
wijsvinger	12-58134-B
wijten aan	18-63793-S
wijten zijn aan	20-31630-S
wijting	32-28438-B
wijwater	15-52483-B
wijwaterbekken	17-16813-B
wijze	12-37899-S
wijze vergelijkbaar	9-25062-S
wijzer	8-49561-B
wijzers van de klok mee	20-37236-S
wijzigen	7-40285-S,12-18851-S,38-23745-S
wijziging	3-6229-S,7-40446-S,18-3544-S
wiki	10-80695-B
wikipedia	13-62163-B
wikipedia artikel	26-7126-B
wikiwoordenboek	16-30033-S
wikiwoordenboek wikiwoordenboek	16-30033-B
wil wilskracht	13-35774-S
wild	6-26043-S,11-66727-B,11-66792-B,11-66964-S,11-67085-B,11-67194-S
wild dier	6-16943-B
wild woest	29-1908-B
wild zwijn ever everzwijn	19-7239-B
wilde	11-67403-S
wilde plant	6-17000-B
wildpark	6-16962-S
wilg	14-26870-B
wilgenhommel	39-10077-B
willekeurig	16-19440-S,23-45689-S,34-31194-B
willemiet	35-30426-B
willemstad	9-49419-B
willen	10-59975-B
willie wortel	21-37655-B
wilsbeschikking testament	13-35867-S
wilskracht	13-35774-S,36-33938-B
wimper	22-36001-B
win	39-3755-S
win win	39-3755-B
winchester	20-43484-B
wind	6-17024-S,8-26941-S,10-67720-S,10-67876-S
wind laten	21-9855-S
windei	38-36123-B
windenergie	6-17436-B,24-6958-B
winderig	17-50804-B
winderosie	6-17392-B
windhaan	28-38441-B
windhaan weerhaan	28-37869-B
windhoek	9-48229-B
winding	35-31109-B
windkrachtcentrale	6-17460-B
windmeter	16-51162-S
windmolen	6-17415-B
windmolenpark	37-21040-B
window	8-44379-S
windscherm	35-32837-S
windstil	26-44823-S
windstoot	29-27011-B
windsurfen	38-37879-B
windvlaag	29-26880-B
windwijzer	28-37969-B
winkel	5-17652-S,13-51480-S
winkelcentrum	5-17913-B
winkelen	24-9566-S,38-32023-S
winkelwagen	16-50084-B
winnen	15-2722-B,27-19362-B
winner	28-28624-B
winnie de poeh	11-70101-B
winning	2-35973-B
winst	4-38306-B,19-17413-B,21-42160-S,25-2914-S,28-12977-S
winstaandeel	28-30809-S
winstgevend	19-40456-S
winter	8-82238-B
winteravond	23-48361-B
winterband	35-47796-B
winterdag	13-47672-B
winteren	23-46833-B
winternacht	23-48454-B
winteroffensief	28-56304-B
winters	22-21164-S,31-47532-B
winterslaap	37-36619-B
wintersport	21-34407-B
wintersportoord	6-26803-B
wintertijd	15-14264-B
wip	38-35295-B
wipbrug	33-18480-S
wis zeker	12-50430-S
wisbaar	35-1723-S
wisconsin	14-62081-B
wisent	15-36816-B
wiskunde	14-21099-S,23-30745-S
wiskundig	15-1346-S
wiskundige	15-30105-S
wiskundige analyse	4-31-B
wiskundige logica	36-40017-B
wisla	18-59459-B
wispelturig	25-31873-S
wisselen	17-24458-S,17-24750-S,31-14205-S
wisselend	28-23359-S,35-49948-S
wisselgeld	38-33296-B
wisselkoers	24-2046-B
wisselstroom	24-595-B
wisselstroomgenerator	36-41017-S
wisselwerking	1-52043-B
wisselwerking van bestrijdingsmiddelen	3-27804-B
wissen	19-21576-S,33-48034-S
wissen poetsen	8-69796-S
wit	8-25674-B,8-33398-B,14-45291-S
wit rusland	11-23740-B
wit russisch	8-74120-B
wit wegtrekken	31-42641-S
witgoud	37-3282-B
with the wind	10-67876-S
witheet	16-32513-B
witlof	30-15508-S
witlof witloof	39-14956-B
witloof	39-14956-S
witpunthaai	39-2812-S
witrus	13-38366-B
witrussisch	13-38561-B
witrussische	13-38537-B
witte abeel	35-11455-B
witte bloedcel	33-43237-S
witte dolfijn witte walvis zeekanarie	16-26288-S
witte donderdag	28-35279-B
witte dwerg	38-6528-B
witte thee	33-48171-B
witte walvis zeekanarie	16-26288-S
witte waterkers	37-16942-B
witte waterlelie	30-7418-B
wittebroodsweken	8-3057-B
witvis	12-65787-S,12-65897-S
witwassen	26-159-B
wodka	30-30520-B
woede	12-24565-S
woede ontstoken	21-399-S
woedend	20-21767-B,22-15582-S,34-36460-B
woedend maken	33-58823-S
woeker	21-38884-B
woelrat	12-29128-B
woensdag	10-18014-B
woensdags	26-46034-B
woerd	22-5785-B
woest	29-1908-S
woestenij	7-2369-S
woestijn	2-11915-B
woestijnklimaat	6-37557-B
woestijnsprinkhaan	2-12157-B
woestijnvorming	2-12011-B
woestijnvos	23-39043-S
wok	31-18996-B
wokken	38-19247-S
wol	6-18120-B
wolf	12-55534-B
wolf in schaapskleren een wolf in schapenvacht	11-13713-S
wolf in schapenvacht	11-13713-S
wolfraam	15-7320-B
wolga	26-26052-B
wolharige neushoorn	25-27646-B
wolk	1-49359-B
wolkaarde wolkam	9-21652-B
wolkam	9-21652-S
wolkbreuk	17-41820-B,30-42914-B
wolkeloos	30-43018-S
wolkenkrabber	26-48513-B
wolkenkunde	36-26023-S
wolkig	11-25616-S
wollastoniet	35-35731-B
wollen	36-33328-B
wolof	25-18062-B
wolvin	35-28749-B
wombat	38-30429-B
wond	19-41332-S
wonder	18-48386-S
wonderbaarlijk	12-38827-S
wondermooi	29-29632-S
wonderolie	29-45039-S
wondpleister	25-37923-S
wondroos	35-1967-S
wonen	19-36268-S
woning	2-19576-B,5-7020-B
woning domicilie verblijf vestiging woonplaats	7-35839-S
woningdichtheid	3-16471-B
woningen	3-16575-S
woningverbetering	3-16498-B
woon werkverkeer	1-52696-B
woonerf	28-31914-S
woonkamer woonvertrek zitkamer	8-71635-S
woonplaats	7-35839-S,35-59988-S
woonvertrek zitkamer	8-71635-S
woonwijk	5-6910-B
woord	9-41152-B,34-34641-S
woord van de dag	10-80509-B
woord voor woord woordelijk woordgetrouw	8-78024-S
woord woordelijk woordgetrouw	8-78024-S
woordafbreking woordsplitsing	21-41340-B
woordblindheid	17-38011-S
woordelijk woordgetrouw	8-78024-S
woordenboek	2-12956-B
woordenboekenterm	16-37710-B
woordenkakker zwammer zwetser	28-20360-S
woordenlijst	3-8243-S
woordenlijst woordenschat	6-9273-S
woordenschat	3-37238-S,6-9273-S
woordenstrijd woordenwisseling	33-25186-S
woordenvloed	19-5857-B
woordenwisseling	33-25186-S
woordgetrouw	8-78024-S
woordsoort	14-51803-B
woordspeling	16-43631-B
woordsplitsing	21-41340-S
woordvoerder woordvoerster	26-30023-B
woordvoerster	26-30023-S
woordvorming	37-39231-B
worcestersaus	29-38284-B
worden	9-33040-B,9-41879-S,12-4356-S,13-25979-S,17-59768-S,19-29139-S,19-38222-S,21-4350-S,24-14825-S,24-24708-S,28-6309-S,30-34092-B,30-53568-S
worden bruinen	10-10073-S
worden corrigeren emenderen op een hoger plan brengen verbeteren wijzigen	12-18851-S
worden verbleken wit wegtrekken	31-42641-S
worden verduisteren	33-17062-S
worden verergeren	34-24439-S
worden zich bekwamen	24-25023-S
wordt beoefend door een	27-302-B
wordt bestuurd door	26-20499-B
wordt gebruikt	4-5243-S
wordt geschreven in het	25-41216-B
wordt gespeeld door	26-40688-B
wordt gesproken in	25-39114-B
wordt gevolgd door	26-40441-B
worgen wurgen	37-20948-B
worging wurging	37-20972-B
workaholic	39-14773-B
worm	7-27099-S,7-27128-B
worp	14-15891-B
worst	11-50270-B
worstelaar	25-26044-B
worstelen	25-25830-B
wortel	12-14933-S,17-26091-S,21-37655-S,24-19520-B
wortel kwadraatswortel vierkantswortel	25-33092-B
wortel wortelgetal	5-9901-S
wortelboommoeras	3-41997-B
wortelgetal	5-9901-S
wortelgewas	7-7964-B
wortelsalade	28-45157-B
woud	3-315-S,6-2686-S,10-8868-S,13-27237-S
woudaapje	26-26221-B
woudgebied in de gematigde klimaatzone	5-40461-B
wouw	26-44669-S
wraak	12-41713-S
wraakzuchtig	16-67281-B
wrak	7-2169-B
wrang zuur	27-55244-S
wrat	30-31821-B
wrattenzwijn	16-39533-S
wreed	29-31713-S
wreed wreedaardig	12-46448-S
wreedaardig	12-46448-S
wreedheid	19-45838-B,27-53693-S,29-31825-S,36-31582-B
wreef	24-14552-B
wreken	28-15157-B
wreker	28-15212-B
wrevel	27-21005-S,33-24494-S
wrijven	8-68104-S
wroeging	11-50880-S,31-27240-B
wroeging zelfverwijt	31-37533-S
wrok	9-45309-S,32-22611-S
wulfeniet	35-41423-B
wurgen	37-20933-B,37-20948-S,39-17373-S
wurger	37-20999-B
wurging	37-20972-S
wurgpaal	32-48263-S
wurttemberg	11-49326-S
wyoming	14-62065-B
x straal	31-29263-S
x stralen	6-19163-S
xenobioticum	6-19059-B
xenofobie	30-23882-S
xenofobisch	12-67426-B
xenon	12-67828-B
xerofiel	35-20039-B
xerofiet	10-64539-B
xerografie	20-39162-B
xhosa	9-10228-B,17-35577-B
xyleem	35-20360-B
xylofoon	10-69281-B
xylotheek	37-26575-B
xynix	37-7632-B
y chromosomale adam	27-14363-B
yamoussoukro	9-48159-B
yankee	35-16894-B
yaounde	9-47812-B
yard	13-44311-B
yen	13-48054-B
yi	25-36821-S
yoghurt	30-22132-B
yokohama	30-22293-B
yonaguni	30-54591-B
yonne	23-12394-B
york	15-9486-S
york city	26-25467-S
yoruba	15-35714-B
ytterbium	15-12085-B
yttrium	15-13446-B
yuan	12-64175-B
yuzu	20-15388-B
yvelines	23-10187-B
z vol volkomen volledig voluit voor honderd procent een en al	8-87106-S
zaad	5-14934-B,5-15096-S,9-7313-S,15-18444-S
zaadbal	14-12407-S
zaadmantel zaadrok	16-15900-B
zaadplanten	1-14553-S
zaadrok	16-15900-S
zaag	28-45761-B
zaagmeel zaagsel	5-12228-B
zaagsel	5-12228-S
zaaien	13-50688-B
zaak	19-28666-S,25-31619-S,26-36299-S,26-36491-B,30-49263-S,32-15338-S,38-27359-S
zaak zakenwereld	1-37757-S
zaakwaarnemer	21-15942-B
zaal	28-5099-S
zabaglione	18-53410-B
zacheus	18-28193-B
zacht	11-30670-S
zachtjes aan zoetjes aan	36-4827-S
zadel	21-27624-B,38-31103-B
zadeldak	38-32492-B
zadelen	37-15659-B
zadelmaker	32-2599-B
zadelpen	38-31187-B
zagen	12-57777-B
