statistische analyse	5-32772-B
statistische informatiesysteem	7-16236-B
statistische mechanica statistische thermodynamica	27-3242-B
statistische reeks	6-29697-B
statistische thermodynamica	27-3242-S
status van de vrouw	6-17784-B
staven vaststellen	18-22027-S
staving	26-38531-S
steak	16-18767-B,16-18779-S
stedelijk beheer	6-5860-B
stedelijk gebied	6-5390-B
stedelijk groen	6-5643-B
stedelijke bevolking	6-5926-B
stedelijke concentratie	7-6268-B
stedelijke druk	6-5998-S
stedelijke planning	6-5893-B
stedelijke vormgeving	6-5570-B
stedelijke watervoorziening	6-6184-B
steeds	10-5237-S,13-15132-S,13-52982-S
steeds nu nog	36-5665-S
steeds steevast te allen tijde voortdurend	10-4927-S
steeds voortdurend	8-45015-S
steeg	17-58584-B
steek gelaten verlaten	17-41685-S
steek laten verlaten	21-21250-S,32-47219-S
steekhoudend	31-38934-S
steekpenning	21-13244-S
steekproef	5-3651-B
steel stengel	22-30656-S
steen	5-33438-S,10-29339-S
steenbok	24-7467-B,32-22853-B
steenbokskeerkring	27-21824-B
steenezel stomkop stommeling stommerd stommerik sufferd sufkont sufkut uil uilenbal uilskuiken weetniet zakkenwasser zultkop	8-64803-S
steengroeve	5-283-S
steengroeve ontginnen	5-319-S
steenkool	1-32794-B,1-49656-B
steenkoolcentrale	1-49898-B
steenkoolindustrie	7-8210-B
steenkooliquefactie	1-50053-B
steenkoolmijnbouw	1-50093-B
steenkoolvergassing	1-50018-B
steenpuist	14-8214-S
steentijd steentijd stenen tijdperk	11-64641-B
steentijd stenen tijdperk	11-64641-S
steenuil	38-87-B
steenwol	5-9804-B
steenworp afstand op loopafstand vlakbij	8-54566-S
steenworp vlakbij	23-17804-S
steenzoutmijnbouw	4-35940-S
steevast te allen tijde voortdurend	10-4927-S
stegosaurus	22-34598-B
steiger stelling	12-11591-B
stek	7-12179-B
stekelhuidigen	2-20835-B
stekelvarken	26-1526-B
steken	8-63958-S,39-18675-S
stekker	38-10123-B,38-19667-B
stele	15-55846-B
stelen	13-33621-S
stellen	12-68627-S,26-22199-S,27-47972-S
stellen gereed zetten klaar zetten prepareren	19-32833-S
stellen kalmeren	31-28273-S
stellen machtigen mogelijk maken toestaan toestemmen	18-24340-S
stellende trap	35-34559-B
stellig	29-46289-S
stellig vastbesloten zelfbewust zelfverzekerd	27-47559-S
stellig wis zeker	12-50430-S
stelligheid zekerheid	32-42173-S
stelling	12-11591-S,25-33212-B,27-47247-S,35-48071-S
stelpend	25-33306-S,32-1293-S
stelsel	7-9012-S
stelt	8-0-S
stem	8-38225-S,16-40560-S
stem zilvere stem	16-40560-S
stembureau stemlokaal	12-56514-B
stembus	28-27378-B
stemcomputer stemmachine	15-33060-B
stemhokje	21-23656-B
stemlokaal	12-56514-S
stemmachine	15-33060-S
stemmen	17-12836-S,19-30465-S
stemmer	22-10401-S
stemming	17-55210-S
stemming verkiezing	7-7062-S,17-11187-S
stempel	24-32442-S
stenen	23-30160-B
stenen tijdperk	11-64641-S
stengel	22-30656-S
stenigen	10-56811-B
steniging	25-38139-B
stent	23-10987-B
ster	8-91119-S,14-64297-S,39-12839-B
ster van barnard	26-12758-B
ster zon	8-62880-B
steradiaal	13-52386-B
sterfbed	20-33393-S
sterfdag	33-49922-B
sterfdatum	32-24258-B
sterfelijk	10-55308-B
sterfjaar	33-50023-B
sterfte	4-6231-B
sterftecijfer	32-16679-B
sterilisatie	7-7522-B
steriliseren	5-33289-B
sterk	11-57872-B,14-1233-B,25-3392-B
sterk opvallen	22-29796-S
sterke drank	19-8665-B
sterke drank vuurwater	14-50483-S
sterling	24-23591-S
stermol sterneusmol	38-16187-B
sterneusmol	38-16187-S
sternum	29-28917-S
steroide	5-33316-B
sterrekers tuinkers	23-58071-S
sterrenbeeld	24-7172-S
sterrenhemel	13-38383-B
sterrenhoop	13-60-S,13-504-S
sterrenkunde	1-22005-S
sterrenkundige	16-6281-S
sterrenregen	26-32743-S
sterrenstelsel	11-71367-B
sterrenwacht	21-34516-S
sterrenwichelaar	16-5181-S
sterrenwichelarij	27-51962-S
sterretje	27-50215-S
sterveling	10-55501-B
sterveling wereldburger ziel	3-41778-S
sterven liggen	39-16457-S
sterven verscheiden	9-4073-S
steun	24-34561-S
steun steunpilaar stut	23-16335-B
steunen	19-30573-S
steunlid weldoener	14-26226-S
steunpilaar	31-41837-S
steunpilaar stut	23-16335-S
steur	21-18430-B
stevig vast	24-25561-S
steward	38-12678-B
stewardess	38-35080-B
stichten tot stand brengen vestigen	23-40974-S
stichter vader	7-27419-S
stichting	10-7044-B
stiefbroer	18-62759-B
stiefdochter	18-60019-B
stiefkind	18-60196-B
stiefmoeder	39-7551-B
stiefvader	39-7654-B
stiefzoon	18-60112-B
stiefzus	18-62850-B
stiekem verstolen	17-39387-S
stier	17-52234-B,24-7938-B,35-66362-B,35-66566-B
stierengevecht	29-33148-B
stierenvechter	29-33523-B
stiermarken	22-43597-B
stift	38-18007-B
stijfhoofdig stijfkoppig stug taai	32-57640-S
stijfkoppig stug taai	32-57640-S
stijfkoppig weerspannig	31-37187-S
stijgbeugel	9-66538-B,9-66894-B
stijgen	13-30870-S,19-37893-S,23-22183-S
stijging toename	9-43250-S
stijging vergroting verhoging	18-44785-B
stijging verheviging	34-6750-S
stijlfiguur	16-25447-B
stijlvol verfijnd	33-36451-S
stijve	35-23699-B
stijven	39-5138-B
stikken verstikken	27-44812-B
stikstof	4-11930-B,6-34941-S
stikstofbinding	4-12147-B
stikstofdioxide	4-12114-B
stikstoffixatie	1-30969-S
stikstofkringloop	4-12076-B
stikstofmonoxide	4-12202-B
stikstofoxide	7-12226-B
stikstofverbinding	4-11890-B,4-20016-S
stil	8-14729-S,8-14934-S,8-15010-S,8-15250-S
stil stom	9-73608-S
stil zwijgend	18-36649-S
stilaan stilletjesaan van lieverlede zachtjes aan zoetjes aan	36-4827-S
stilhouden stilstaan stoppen	7-49497-S
stilistiek	17-6080-B
stille oceaan	4-14393-S,5-28593-S,11-35320-S
stille zaterdag	20-40878-S
stilletjesaan van lieverlede zachtjes aan zoetjes aan	36-4827-S
stilleven	19-18007-B,19-18121-B,19-18302-B
stilstaan stoppen	7-49497-S
stilte	8-48299-S
stilzwijgend	35-58409-B
stimulans	21-6989-S
stimuleren	28-6724-S
stimulering	33-57138-S
stinken	12-57655-S
stinkend vies ruikend	34-5212-S
stipt toegewijd vlijtig volhardend	19-44489-S
stiptheid	17-54356-S
stipuleren	20-33688-S
stobbenfrees	39-10050-B
stockholm	9-65354-B
stoeierig stoeis uitbundig uitgelaten	36-7875-S
stoeis uitbundig uitgelaten	36-7875-S
stoel	8-84187-S
stoel zetel zitje	8-83975-S
stoelgang	35-64795-S
stoelpoot	22-23807-B
stoeng treng	23-21364-B
stoep straatkant trottoir	28-3692-S
stoer stoutmoedig vermetel	35-66727-S
stoethaspel sukkel	29-18435-S
stof	2-19374-B,2-39079-S,3-23889-S,4-17562-S,4-21329-S,5-2285-S,5-25934-S,5-36902-S,5-45446-S,6-30706-S,6-35290-S,6-35453-S,6-35489-S,6-35532-S,7-13369-S,9-21967-B
stof algicide anti algenmiddel	1-10847-S
stof chemische substantie chemicalien	1-44927-S
stof verkeert	5-32510-S
stof weefsel	2-36101-S
stofbalans	3-44263-B
stoffelijk overschot lichaam	14-47371-S
stoffen	2-31473-S,3-26301-S,4-19506-S,4-32778-S,4-32814-S,4-33068-S,14-22551-S
stoffig suf	11-15467-S
stoflong	31-49697-S
stofstorm zandstorm	21-649-B
stofverwijdering	2-19547-B
stofwisseling	4-1593-S
stofwisselingsproduct	4-1852-B
stofzuigen	38-25254-B
stofzuiger	26-48250-B
stok	7-58974-B,18-55244-S
stok wandelstok	7-59174-S,19-47608-B
stokavisch	15-43816-B
stokbrood	9-7758-S
stokerij	33-29096-S
stokpaard	15-22122-B
stokvis	31-30906-B
stol	39-257-S
stollen stremmen	30-49630-S
stolling stremming	1-49625-B
stom	9-73608-S,22-22192-B
stom achterlijk breinloos debiel idioot imbeciel onnozel onverstandig onwijs stompzinnig stupide	9-13998-S
stomatitis	36-17796-B
stomen	38-31673-B
stomkop stommeling stommerd stommerik sufferd sufkont sufkut uil uilenbal uilskuiken weetniet zakkenwasser zultkop	8-64803-S
stomme film	37-35690-B
stomme verbazing	27-50960-S
stommeling stommerd stommerik sufferd sufkont sufkut uil uilenbal uilskuiken weetniet zakkenwasser zultkop	8-64803-S
stommerd stommerik sufferd sufkont sufkut uil uilenbal uilskuiken weetniet zakkenwasser zultkop	8-64803-S
stommerik sufferd sufkont sufkut uil uilenbal uilskuiken weetniet zakkenwasser zultkop	8-64803-S
stommiteit	29-22157-S
stomp	8-52838-S
stompzinnig stupide	9-13998-S
stompzinnig stupide suf verstandeloos zwakhoofdig	10-71935-S
stomverbaasd verbaasd verbijsterd verbouwereerd verschrikt verslagen verstomd verward	33-21228-S
stone	13-44145-B
stoofpan	8-72185-S
stookolie	3-2988-B
stoom waterdamp	22-1992-B
stoomgenerator	5-32872-B
stoomketel	12-23777-B
stoomketel warmwaterketel	1-33520-S
stoommachine	12-18387-B
stoomturbine	12-25280-B
stoornis	30-55609-S
stoornis verstoring	33-31690-S
stoot	8-72342-S
stootblok stootkussen	29-31975-S
stootkussen	29-31975-S
stop daarmee stop ermee	18-2450-B
stop ermee	13-4685-S,18-2450-S
stop stopsel	34-30829-S
stopbord	28-31953-B
stopcontact contactdoos	31-51582-B
stoppel	20-33806-B,29-18573-B
stoppen	7-49497-S,21-42372-B,33-18936-B
stoppen voortijdig afbreken	22-6903-S
stopprobleem	34-14296-B
stopsel	34-30829-S
storen	33-9303-S
storen verstoren	11-13893-S
storen vervelen	16-62635-S
storend	33-4933-S,33-28760-S,37-4564-S
storend geluid	4-12625-B
storing	20-29136-B
storm	5-33741-B,19-48366-B,32-15657-B
stormachtig	15-42874-S
stormram	28-43375-B
stormschade	5-33793-B
stortbad	38-9574-S
storten in de oceaan	4-16909-B
stortplaats vuilnisbelt vuilnishoop	3-33796-S
stortvloed	10-74432-B
stotend	31-10092-S
stotteren	11-44244-B
stoutheid vermetelheid	36-9121-S
stoutmoedig	35-49178-S
stoutmoedig vermetel	28-3159-S,32-14374-S,35-66727-S,36-15064-S
stoutmoedig vrijmoedig	30-9093-S
stoutmoedigheid	15-18478-S
straal	17-17169-S,22-15711-S,22-35141-S,31-29263-S
straalvliegtuig	33-61719-B
straat	8-37533-B,23-58615-B
straat baan weg	5-9260-B
straat van gibraltar	26-20141-B
straathond zwerfhond	32-33020-B
straatkant trottoir	28-3692-S
straatmadelief straatmeid straatprostituee tippelaarster	32-54857-B
straatmeid straatprostituee tippelaarster	32-54857-S
straatprostituee tippelaarster	32-54857-S
straatreiniging	5-34343-B
straatsburg	23-17186-B,37-39028-S
straf	5-11234-B,7-12880-B,22-4822-B
straf vonnis	8-23531-B
strafbaar	26-23691-B
straffeloos	15-36670-B
straffen tuchtigen	13-24145-S
strafinrichting	7-53451-S
strafrecht	2-6198-B
strafrechtelijk	8-39151-S,22-4911-B
strafrechtelijke procedure	6-33181-B
strafschop	37-7186-S
straks weldra welhaast	13-30181-S
stralen	6-19163-S,13-31598-S
stralend	18-57680-S
stralend verlicht	27-1654-S
stralend zeer helder	26-5437-B
stralenkrans	24-20081-S
straling	1-28773-S,2-4887-S,3-29448-S,4-12917-S,5-624-B,5-1467-S,6-4023-S,26-51967-S
stralingsbescherming	5-1599-B
stralingsdosis	5-1406-B
stralingseffect	5-1435-B
stralingsfysica	5-1568-B
stralingsmeting	5-1531-B
stralingsschade	5-1168-B
stralingsziekte	5-1635-B
strand	1-26472-B
stranden	1-26615-B
strandjutter	28-45976-B
strategie	4-31660-S
strategisch	20-33782-B
stratigrafie	21-28861-B
stratosfeer	5-34150-B
stratosferische ozon	5-34240-S
streber	7-41574-B
streek verbijsterd verward	33-29927-S
streep	18-54649-S
streepjescode	28-30398-S
streken niet	39-14021-S
strelen	24-2298-S
strelen strijken wrijven	8-68104-S
stremmen	30-49630-S
stremming	1-49625-S
streng	33-36064-S
streng streng	33-36064-S
streng tros	34-2390-S
strengheid	23-22453-B
stress	5-34411-S,35-67151-S
streven	18-51902-S,26-30555-S,27-45270-S
streven naar	18-58114-S
streven verlangen	19-32689-B
streverig	17-61562-S
stridulatie	27-16901-B
strijd	6-33344-S,22-3418-S,22-23261-S,31-35949-S
strijden vechten	8-60412-S
strijder	31-5820-B
strijdig tegengesteld tegenstrijdig	33-11548-S
strijdigheid tegenstrijdigheid	31-36875-S
strijdkrachten	1-20289-B
strijdkreet	28-44731-B
strijdlust	26-41190-S
strijdlustig	29-1601-S
strijken	37-4625-B,37-7409-B
strijken vegen verven	11-372-S
strijken wrijven	8-68104-S
strijkijzer	37-7385-B
strijkinstrument	35-39302-B
strijkkwartet	37-9383-B
strijkstok	16-35285-B
strik strop	15-31680-S
strikje	16-46987-S
strikt	24-37657-B
strikt stringent	20-2714-S
stringent	20-2714-S
strip	22-41203-B
stripboek	18-8645-B
stripper	38-15029-B
strohoed strooien hoed	22-14513-B
stromen	10-27783-B
stromen vloeien	9-31083-S
stromend water	2-41579-B
stroming	5-34302-S,6-12451-S,24-211-B
stront defecatie excrementen fecalien feces schijt uitwerpselen	13-16152-S
strontium	5-34576-B
strooiapparaat	5-18073-B
strooien	24-37445-S
strooien hoed	22-14513-S
strooikruid	38-18598-S
strooisellaag	4-7848-B
stroom	16-62385-S,24-303-S
stroom stroom	24-303-S
stroomafwaarts	17-58920-B,33-31266-B
stroomgebied	1-42450-B,4-38722-S,10-52392-B
stroomgeulvorming	5-9189-B
stroomkabel voedingskabel	19-4002-B
stroomonderbreking stroompanne	9-71791-B
stroomopwaarts	33-31095-B
stroompanne	9-71791-S
stroomt door	25-40176-B
stroomversnelling	24-2554-B
stroop	28-5324-S
strooplikker vleier	18-29740-S
stroopwafel	17-3797-B
strop	15-31680-S
stropdas	9-37959-S
stropen	4-30937-B,39-14694-B
stropen villen	33-7445-S
stroperig	16-49079-B
strotklep strotklepje	34-1534-S
strotklepje	34-1534-S
structureren	9-27914-B
structuur	1-45146-S,5-24074-S,18-14223-B
structuur activiteitsrelatie	5-34797-B
structuur vorm	24-16328-S
struik	5-18220-B,10-9009-B
struikelen uitglijden	8-20133-S
struikgewas	36-29017-S
struis	28-55618-S
struisvogel	21-35901-B
studeerkamer studiezaal	38-10651-B
student	13-51616-S,14-30812-S
student studerende	8-50789-B
studentenrestaurant	13-3484-S
studeren	12-16178-S,12-16600-B
studerende	8-50789-S
studie	6-35614-S,12-16052-S
studie voorstudie	12-16312-B
studieboek	25-20271-B
studietoelage toelage	38-10408-B
studiezaal	38-10651-S
stuf vlakgom	38-1151-S
stug taai	32-57640-S
stuifmeel	4-32761-B
stuitend verfoeilijk	33-49700-S
stuitend vies walgelijk	33-28913-S
stuitend walgelijk weerzinwekkend	25-46712-S
stuk	7-22536-S,8-27050-S,9-73177-S,13-2996-S,14-43048-S,18-41919-B,23-51426-S,25-2603-S,27-26081-S
stuk aangetekende brief	22-15605-S
stuk maken vernielen vernietigen verwoesten	32-51777-S
stukadoor	15-54891-B
stuntelig	38-37946-S
stuntvliegen	26-34653-S
stupide	9-13998-S
stupide suf verstandeloos zwakhoofdig	10-71935-S
sturen	13-1193-S
sturen zenden	20-17073-B
stut	23-16335-S
stuttgart	17-53979-B
stuur stuurwiel	13-32366-B
stuurbekrachtiging	36-20441-B
stuurboord	38-31360-B
stuurhut	30-52457-S
stuurknuppel	31-37864-B
stuurloos	26-28856-S
stuurman	31-37513-B
stuurmanskunst	6-31265-S
stuurwiel	13-32366-S
stuw	28-55226-B
stuwdam	5-33620-B
stuwkracht vitaliteit	11-42794-S
stuwmeer	1-20975-B,7-1406-B
subcutis	20-22210-B
subiet terstond urgent	18-296-S
sublimeren	12-7907-B,12-8213-B
subsidie	5-35219-B
substantie	22-29776-B
substantie chemicalien	1-44927-S
substantief zelfstandig naamwoord	7-50112-S
substitutie vervanging	9-53549-B
subsysteem	36-39951-B
succes	20-20334-B
succes triomf zege	13-35234-S
succesboek	29-8793-S
succesnummer	8-78315-S
successief	31-11083-S
successievelijk	36-3524-S
succesvol	13-52828-B,13-53077-B
sud zuid corsica	23-1747-S
sudan	11-68112-S
sudoku	25-21660-B
suf	11-15467-S
suf verstandeloos zwakhoofdig	10-71935-S
sufferd sufkont sufkut uil uilenbal uilskuiken weetniet zakkenwasser zultkop	8-64803-S
sufferd sukkel	35-51492-B
suffisant toereikend voldoende	11-56814-S
suffix	11-32025-S
sufkont sufkut uil uilenbal uilskuiken weetniet zakkenwasser zultkop	8-64803-S
sufkut uil uilenbal uilskuiken weetniet zakkenwasser zultkop	8-64803-S
suicidaal	30-52799-B,30-52918-B
suiker	5-35988-B,8-81412-B
suikerbiet	38-10771-S
suikerbrood	37-33980-B
suikeren	32-19592-B
suikerklontje	30-36092-B
suikerpatient	37-28141-B
