ramp	1-42298-S,2-14630-S,3-16984-S,7-20106-B
ramp ramp	2-14630-S
rampenparaatheid	2-15025-B
rampgebied	7-3425-B
rampspoed	11-43574-S
rampspoedig rampzalig	33-6457-S,33-14584-S
rampzalig	29-46066-S,33-6457-S,33-14584-S
rancune vijandschap	33-1419-S
rancune wrok	32-22611-B
rand	13-48134-B,14-65364-S,29-30754-S,29-30916-S
randgebied	14-65266-S
random willekeurig	23-45689-B
rang	20-2968-S,33-47018-S
rangorde	20-397-S
rangschikken	23-19318-S,27-7519-S
rangtelwoord	11-38569-S
ranonkel	32-6240-S
rans ranzig rot rotte rottig verrot	10-27902-S
rantsoen	19-43344-B,21-38863-S
ranzig	33-28548-B
ranzig rot rotte rottig verrot	10-27902-S
rap ras snel vlug	9-53247-S
rap snel vlug gezwind ras	8-9949-B
rapier	12-51946-S
rappel	35-61650-S
rapport verhaal	8-83496-S
rapporteren vertellen	19-944-S
rare zonderling	33-46142-S
rariteit	32-9620-S
ras	8-9949-S,27-16683-B
ras snel vlug	9-53247-S
ras van	27-16722-S
rasp	25-10428-S
raspaardje topper	14-41865-S
rassen	5-362-S
raster	7-17578-B,7-17685-B
rat	9-1331-B,25-3484-S,25-3546-S
ratanakiri	23-21311-B
rataplan santekraam	14-51547-S
ratelpopulier	15-52684-S
ratelslang	15-12633-B
ratificatie	31-22757-B
ratificeren	31-22516-S
ratio	6-29765-S
rationaal getal	31-43553-B
ratten van de oude wereld	9-18226-S
rattenvanger	35-56039-B
rauw gehakt	29-56286-B
rauwe melk	34-58640-B
ravage vernieling vernietiging verwoesting	32-55414-S
ravenklauw	9-65899-B
ravioli	36-28557-B
razend maken woedend maken	33-58823-B
re	32-47903-S
reab siem reap	23-21334-S
reactie	1-44890-S,4-28078-S
reactiekinetiek	5-4095-B
reactieproduct	38-23866-B
reactor	5-4128-B,6-36758-S
reactorveiligheid	5-4144-B
reageerbuis	32-22630-S
reagerend	35-60261-B
realisatie	18-10658-S,28-49786-S
realiseerbaar	26-21217-S
realiseren verwerven verwezenlijken	27-54212-S
realiseren volbrengen	26-21303-S
realistatie uitvoering	18-902-S
realiteit werkelijkheid	26-23892-B
reanimeren	12-65179-B
reap	23-21334-S
rebelleren zich verzetten	22-28419-S
rebellie muiterij oproer revolte verzet	12-32919-S
rebels recalcitrant tartend uitdagend weerspanning	32-29710-S
reblochon	23-57946-B
rebus	13-30119-B
recalcitrant stijfkoppig weerspannig	31-37187-S
recalcitrant tartend uitdagend weerspanning	32-29710-S
receiver	31-42431-S
recensent	28-36727-S
recent	10-76179-B
recent recentelijk	20-50985-S
recentelijk	20-50985-S
recentie	32-11693-B
recept	10-50990-B,10-52595-B
receptie	24-23362-S,39-7524-B
receptie trouwreceptie	8-36994-B
receptionist	32-49348-B
recessie	31-25809-B
rechercheur	21-22300-S
recht	1-5036-S,1-48291-S,1-52890-S,2-37460-S,3-28453-S,3-34697-B,7-9615-S,7-9899-S,8-53978-B,15-37627-B
recht op informatie	5-8514-B
rechtbank	18-3074-B
rechtbank rechtzaak tribunaal	28-31576-S
rechtdoor	14-2131-B,20-27005-B
rechte lijn	18-54924-B
rechter	6-33528-S,14-62179-B,18-44470-S,21-574-B
rechter vader hemelse vader	7-27883-S
rechterlijk	28-30240-S
rechterlijk orgaan	3-31718-B
rechterlijke macht	14-57323-S
rechthoek	23-38267-B
rechthoekig	18-51362-B,24-22442-B
rechthoekszijde	28-19504-B
rechtlijnig spontaan	24-32142-S
rechtmatig wettig	36-40073-B
rechtmatigheid	36-24475-S
rechtop	34-5018-S
rechts	8-47175-B,28-40691-B
rechts rechtshandig	11-26184-B
rechtsbijstand	3-31693-B
rechtschapen	22-28479-S
rechtschapenheid	24-13812-S
rechtschapenheid waarachtigheid	13-50904-S
rechtsgang	7-9988-B
rechtsgebied	1-4981-S,3-31749-B,6-21603-B
rechtsgeleerde	15-51286-S
rechtsgrondslag	3-36390-B
rechtshandig	11-26184-S
rechtsmiddel	3-36642-B
rechtsomkeert totale ommekeer	35-60317-S
rechtspersoon	11-56251-B
rechtsregel	3-36613-B
rechtsstelsel	6-21629-B,7-10290-B
rechtstaan staan	8-66283-B
rechtstreeks	36-12476-S
rechtstreeks regelrecht	28-40763-S
rechtszaak	6-33673-S
rechtvaardig	9-46596-S
rechtvaardig redelijk schappelijk	34-4450-S
rechtvaardiging	24-29347-B,25-5548-S
rechtvleugeligen	4-20597-B
rechtzaak	35-66199-B
rechtzaak tribunaal	28-31576-S
recidive	36-32136-B
recidiverend	36-32587-B
recidivist	36-32155-B,36-32296-B
recidiviste	36-32438-B
reciprook pronomen reciproque pronomen wederkerig voornaamwoord	16-61347-B
reciproque pronomen wederkerig voornaamwoord	16-61347-S
reclame	1-5367-S
reclameboodschap reclamespot	18-30258-B
reclamespot	18-30258-S
recommandatie	31-7869-S
recommandatie referentie	5-4211-S
reconstrueren	24-23518-S
record	20-17285-S,20-17488-B
recreatievaart	2-6739-B
rector schoolhoofd	7-44225-S
rectum	23-53754-S
recuperatie terugwinning	30-42160-B
recursief acroniem	17-29668-B
recycling	22-18219-S
redacteur	19-33376-B
redden	17-12570-B
redding	22-15546-B
reddingboei reddingsboei	34-3985-B
reddingsboei	34-3985-S
reddingsdienst	5-6498-B
reddingsstelsel	6-22089-B
reddingsvest	38-15596-B
reddingsvest scafander zwemvest	8-71477-B
rede	37-11746-S,37-11977-S,37-12135-S
rede verstand	9-26757-S
redelijk	30-57817-S
redelijk schappelijk	34-4450-S
redelijk schappelijk tamelijk	8-15587-S
reden	14-59523-S,34-35714-S
reden dat omdat omreden vermits wijl	7-43777-S
redeneren	30-39385-S
redenering	30-41361-B
redestrijd redetwist twistgesprek woordenstrijd woordenwisseling	33-25186-S
redetwist ruzie twist twistgesprek	11-19552-S
redetwist twistgesprek woordenstrijd woordenwisseling	33-25186-S
redevoering toespraak	7-4751-S
redigeren	18-61450-B
reductie	4-21273-S,5-4687-S
reductie reductie	5-4687-S
reductie terugval verlaging vermindering	36-1357-S
reductie vermindering	18-22166-S,25-22586-S,25-45456-S
redupliceren verdubbelen	12-13544-S
ree	36-40766-B
reebok	36-40851-B
reeds	10-13113-S
reeds vast	10-12830-S
reeel waarachtig waarlijk warempel werkelijk	21-41978-S
reek	28-18116-S
reeks	6-29697-S,18-43467-B,21-29516-S
reeks rij	24-26407-S
reeks serie	20-13479-S
reep	16-43844-S
reet	31-46056-S
reet scheur	15-42059-S
reet toges zitvlak	14-41196-S
reetkever sodemiet sodemieter	9-61764-S
referendum volksraadpleging	17-42928-B
referentie	5-4211-S,22-18301-B
referentiekader	38-36694-B
referentiemeting	1-25723-B
referentiepunt	19-44372-S
refereren verwijzen naar	28-44540-B
reflecteren	8-58794-S
reflectie	36-31961-S
reflectometrie	5-5087-B
reflector spiegeltelescoop	23-37025-B
reflexief pronomen wederkerend voornaamwoord	16-61071-B
reflexief wederkerend	32-44689-B
refractie	23-37359-B
regel	8-83880-S,8-86900-S,26-23417-S
regel in het algemeen meestal	28-28541-S
regel in het algemeen meestal meestentijds normaal normaliter over het algemeen veelal	12-7690-S
regel statement zin	18-38582-B
regel voorschrift	28-51982-B
regelbaar verstelbaar	26-26432-B
regelen	17-44180-S
regelen van hergebruik	5-4601-S
regelmatig werkwoord	15-55554-B
regelrecht	28-40763-S
regels	13-60274-S
regen	1-2204-S
regen regenval	5-3261-S
regenachtig	8-16536-S
regenboog	10-29492-B
regenboogvlies	11-37487-S
regenbui vlaag	14-455-S
regendruppel	10-56235-B
regenen	7-36423-S,11-59120-S
regeneratie	5-5541-S
regenjas	38-37925-B
regenmeter	17-51845-S
regensburg	23-41544-B
regenscherm	13-63843-S
regenton regenvat	21-35582-B
regenval	5-3261-S
regenvat	21-35582-S
regenwater	5-3513-B
regenworm	2-20116-S
regenwoud	5-3493-B,6-2763-S
regering	1-43957-S,2-37430-S,14-23962-B
regering van een grondgebied	6-27979-B
regge	36-40799-B
regicide	37-20430-S
regio	5-5574-S
regisseur	26-43553-B
register	18-32812-B,19-14439-B
registratie	5-5594-B
reglement verordening	6-32705-B
regnitz	28-19914-B
rehabilitatie	5-5710-S
rehabiliteren vrijspreken	34-19518-B
reiger	13-55521-B,19-30191-S
rein schoon zindelijk zuiver	13-30465-S
rein virginaal zuiver	33-11769-S
reinheid virginiteit zuiverheid	22-41070-S
reinheid zindelijkheid zuiverheid	6-21871-B
reinigen droogkuis	2-19042-S
reinigen schoonmaken	8-69626-S
reinigen zuiveren	20-21170-S
reinigend zuiverend	22-15398-B
reiniging	4-8071-S,7-12652-B
reinigingsmiddel	3-40873-B,30-38042-B
reinigingsmiddel schoonmaakmiddel wasmiddel	9-50028-S
reis	10-83466-B
reis aanvaarden de laatste adem uitblazen de poeper dichtknijpen de wereld verlaten dood gaan doodgaan expireren heengaan het hoekje om gaan het leven laten inslapen overlijden sterven verscheiden	9-4073-S
reis tour	19-5777-B
reisbestemming reisdoel	18-27122-S
reisbureau	18-4319-B
reisdoel	18-27122-S
reisgids	38-15176-B
reiskosten	6-1941-B
reisziekte	38-19711-B
reizen	6-1927-B
rekbaar uitbreidbaar uitrekbaar uitschuifbaar	34-42020-B
rekbaar veerkrachtig	33-51041-S
rekenaar	20-9853-B
rekenblad	23-48749-B
rekenen	25-34334-S
rekenen op vertrouwen op	24-32965-S
rekenen rekenkunde rekenkunst	15-3794-S
rekenen tellen	8-59944-S
rekenen uitrekenen	30-43491-S
rekenigafschrift rekeninguittreksel	20-13376-S
rekening	14-36044-B,18-24941-S,19-16005-B,19-47794-S
rekening courant	20-9894-B
rekeninghouder	20-14273-B
rekeningnummer	20-15215-B
rekeninguittreksel	20-13376-S
rekenkunde rekenkunst	15-3794-S
rekenkundig	20-18505-B
rekenkundige	27-51579-B
rekenkundige reeks	21-29516-B
rekenkundige rij	15-1661-B
rekenkunst	15-3794-S
rekenles	20-20395-B
rekenliniaal	20-20438-B
rekenmachine	14-25665-S
rekken talmen uitstellen verschuiven	30-42234-S
rekruteren	31-10189-S
rekrutering	31-10279-B
rel rumoer spektakel tekeergaan trammelant	11-19999-S
rel stoornis verstoring	33-31690-S
rel vechtpartij	26-38941-S
relatie	16-36917-B,31-0-S
relatie verhouding	16-9792-B
relatief	29-23928-S
relatief pronomen	16-59246-S
relaties tussen de aarde en de zon	2-20060-B
relatieve bijzin	37-10993-S
relatieve luchtvochtigheid	30-32359-B
relationele database	7-16524-B
relations	7-15867-S
relativiteitstheorie	16-54423-B
relaxen zich ontspannen zich vermaken	33-24660-B
relevantie	19-21300-S
releveren vrijpleiten	17-27577-S
relief	6-23798-B
reliekhouder	33-40621-B
religie	5-5778-S
religieus devoot gelovig godsdienstig godsvruchtig godvrezend godzalig pieus vroom	32-56422-B
religieus gelovig godsdienstig godvrezend godvruchtig	34-40805-B
relikwie	10-75553-B
rembours restitutie	19-845-B
remedie	32-9537-S
remmen	17-11127-B,37-6952-B
remmingsbekken	5-7929-B
remote sensing	5-5934-B
remote sensingcentrum	7-18183-B
rempedaal	36-21108-B
remstraling	27-46402-B
remvloeistof	29-27329-B
renaissance	17-49200-B
renaturatie	5-5987-B
renbode	31-48467-S
rendabel winstgevend	19-40456-S
rendez vous	27-48259-S
rendier	27-31289-B
renium	14-14626-B
rennen	9-14182-S
rennes	23-21643-B
renoveren vernieuwen	24-24151-B
renpaard	32-34397-S
rente	3-27923-S
rentevoet	19-15074-B
reorganisatie	24-24677-B
reparatie	34-41535-S
repareren	13-64737-B
repliceren responderen terugzeggen	7-49732-S
reporter verslaggever	12-64214-S
representatieve democratie	14-28912-S
representeren verpersoonlijken vorm geven	33-54269-S
repressie	6-34156-S
reproduceren terughalen	8-88943-S
reproduceren weergeven	24-22356-B
reproductie	21-23909-S
reproductief	34-26514-B
reptiel	32-23645-B
reptielen	5-6436-B
republiek	8-13102-S,10-38292-S,11-36220-S,12-25558-S,12-25859-S,12-31609-B,29-44079-S
republiek bulgarije	13-3091-S
republiek china taiwan	12-7304-B
republiek congo	30-3750-S
republiek cuba	11-42468-S
republiek der fiji eilanden	11-36121-S
republiek der marshalleilanden	12-27095-S
republiek ecuador	12-868-S
republiek egypte egypte	12-649-S
republiek el salvador	11-25361-S
republiek equatoriaal guinea	12-25965-S
republiek estland	11-41654-S
republiek finland	11-35992-S
republiek gambia	12-27358-S
republiek ghana	11-39482-S
republiek guatemala	11-39540-S
republiek guinea bissau	12-35823-S
republiek guinee	11-24038-S
republiek haiti	8-13301-S
republiek honduras honduras	8-13468-B
republiek hongarije	8-13677-S
republiek ijsland	8-10966-S
republiek indonesie	8-12157-S
republiek irak	8-12441-S
republiek iran	8-12259-S
republiek kazachstan	12-1933-S
republiek kenia	11-39615-S
republiek kirgizie	12-26156-S
republiek kiribati	11-39754-S
republiek libanon	10-77932-S
republiek liberia	11-40020-S
republiek litouwen	10-74943-S
republiek macedonie	12-2501-S
republiek madagaskar	12-9873-S
republiek malawi	12-1345-S
republiek maldiven	12-9990-S
republiek mali	11-72330-S
republiek malta	12-1214-S
republiek pakistan pakistan	11-17676-S
republiek peru	11-48756-S
republiek sacha	17-9467-S
republiek syrie	12-21246-S
republiek tsjechie	12-13126-S
republiek zambia zambia	12-19583-B
republiek zimbabwe zimbabwe	12-19477-B
republikein	28-58133-B
republikeins	28-58015-B
repugnant stuitend walgelijk weerzinwekkend	25-46712-S
research	5-6528-S
reservaat	1-17271-S,3-43537-S,6-23836-B,25-33496-B
reservatie	38-16163-B
reserve van de biosfeer	1-32001-B
reserveren	14-65042-S
reservoir	19-45693-B
resiaans	22-14043-B
residentie	12-20062-B
resideren verblijven wonen	19-36268-S
resolutie	5-7114-S
resoluut stellig vastbesloten zelfbewust zelfverzekerd	27-47559-S
resoluut stoutmoedig vermetel	32-14374-S
resorberen	22-17648-S
resorptie	5-7314-B
respect waardering	28-1516-S
respectabel	31-10990-S,32-2143-S
respecteren waarderen	34-8011-S
respectievelijk	24-24212-B
respectloos	32-29328-S
respectloosheid	32-20047-B
respectvol voorkomend waardig	32-29107-S
respijt	31-11361-S
respiratie	5-7506-S
respireren	8-54942-S
responderen terugzeggen	7-49732-S
responsabel verantwoordelijk	34-31123-S
rest	18-63450-B
restaurant	9-27981-B
restauratie van gebouwen	6-31653-B
resten	8-71390-S
resten van bestrijdingsmiddellen	4-25902-B
restitutie	19-845-S
restrisico	5-7082-B
resultaat	13-12678-B,13-60552-S
resulteren	24-32466-B
resusaap rhesusaap	37-19450-B
retina	11-37644-B,25-35301-S
retinitis	28-29448-B
reto romaans	27-22715-B
retouche	19-10050-B
rett	25-16370-S
reuk	4-17185-S,21-28193-S
reuk reukzin	17-41078-B
reukorgaan snotkoker snufferd	7-27714-S
reukzin	17-41078-S
reumatologie	27-5943-B
reumatoloog	16-51357-B
reunie	19-19210-B
reunion	39-21927-B
reunion creools	22-13147-B
reus	27-17766-S
reus titaan	11-48620-S
reusachtig	28-33171-S,34-58781-S
reuzenaronskelk	38-1052-B
reuzenpanda	22-8176-B
reuzenrad	36-34327-B
reval tallinn	14-56588-B
revalideren	30-13811-S
revalueren	25-10834-S
revelatie	15-56996-S,33-9189-S
review	31-12831-S
reviseren	14-22083-B,22-17868-B
revisie opknapbeurt	14-22016-B
revisionisme	36-28573-B
revocatie	23-13548-S
revolte verzet	12-32919-S
revolutie	3-9745-S,22-1817-S,29-4535-S
revolutionair	34-9791-B
reykjavik	14-48266-B
rhesusaap	37-19450-S
rhin	23-8580-S,23-8727-S
rhode island	15-10235-B
rhodesie	26-11635-B
rhodium	14-16763-B
rhone	22-46803-S,23-8876-B,23-15299-B
rhone alpes	23-19413-B
rib	14-13701-B
ribbedebie spoorloos verdwenen verloren weg zoek	36-8501-S
ribbenkast torso	9-38353-S
ribbreuk	36-11330-B
ribfluweel	31-41461-S
riboflavine vitamine b2	36-28845-B
ribonucleinezuur	13-41377-S
rica	12-1472-S
richten op streven naar	18-58114-B
richting	9-39068-B
richtingaanwijzer	36-32035-B
richtlijn	6-31723-S,24-18736-B
richtlijn voorschrift	2-14550-S
ricinusolie wonderolie	29-45039-B
rico	22-41514-S
ridder	19-4685-B
ridderlijk wellevend	34-36837-S
ridicuul	24-23950-S,28-3611-S
rieken	9-37273-S
riem	13-63527-S,35-21054-S
