allotroop	27-45043-B
allotroop van	27-44941-S
allotropie	27-44790-B
allterrainbike mountainbike terreinfiets	8-35065-S
allusie toespeling zinspeling	27-7818-B
allusie zinspelen	19-31024-B
alluvium	1-12460-B
almaar alsmaar altijd altoos constant continu elke keer iedere keer immer immermeer onafgebroken permanent standvastig steeds steevast te allen tijde voortdurend	10-4927-B
almaar bestendig blijvend constant continu continueel onveranderlijk standvastig	30-511-S
almachtig omnipotent	13-41621-B
almachtige heer onze lieve heer opperste rechter vader hemelse vader	7-27883-S
almanak	27-7918-B
almeria	28-21167-B,28-21300-B
aloe	28-5467-B
alom een en al geheel helemaal overal	9-31562-S
alom overal	15-17884-B
alomtegenwoordig ubiquitair veelvoorkomend	17-59075-B
alopecie haaruitval	37-18717-B
alpaca	23-38997-B
alpen	23-19967-B,33-335-S,33-501-S,33-665-S,33-837-S,33-1021-S
alpenden arve	39-8569-B
alpenhoorn	16-37588-B
alpes	22-45504-S,23-19413-S
alpes de haute provence	22-45263-B
alpes maritimes	22-45613-B
alphabet	22-31690-S,22-33739-S,23-44239-S
alreeds alvast bereids nu al reeds vast	10-12830-S
als	26-11493-S
als brandstof	3-3006-S
als consequentie bijgevolg daardoor daarom derhalve deswege dus ergo omdat vandaar zodoende	13-50110-S
als een ezel	36-16921-S
als een kers	34-43905-S
als een schoorsteen	38-24767-S
als een vis	39-12577-S
als even gelijk gelijkelijk zo	7-48675-B
als gelijk zoals	19-29095-B
als het moet desgevallend desnoods eventueel zo nodig	22-27004-B
als indien	8-70962-B
als therapie	38-33511-S
alsjeblieft alstublieft	7-46235-B,7-47998-B
alsjeblieft alstublieft asjeblief asjeblieft	7-47874-B
alsmaar altijd altoos constant continu elke keer iedere keer immer immermeer onafgebroken permanent standvastig steeds steevast te allen tijde voortdurend	10-4927-S
alsmede alsook evenals eveneens evenzeer evenzo mede ook tevens zowel	8-10413-B
alsmede bovendien buitendien daarbij daarenboven daarnaast daartegenover dan echter ook overigens ten andere terwijl trouwens verder voorts	13-26230-B
alsnog nog nog altijd nog steeds nu nog	36-5665-B
alsof fingeren simuleren veinzen voorwenden	33-26895-S
alsook evenals eveneens evenzeer evenzo mede ook tevens zowel	8-10413-S
alstublieft	7-46235-S,7-47998-S
alstublieft asjeblief asjeblieft	7-47874-S
alt	7-40915-B,31-36793-S
alt contra alt	31-36793-B
altaar	14-55347-B,24-8761-B
altaj	17-8460-B,17-11220-S
alteratie modificatie verandering wijziging	7-40446-S
altereren changeren converteren modificeren veranderen wijzigen	7-40285-B
alternatief	18-142-B
alternatieve technologie	1-12720-B
alternator wisselstroomgenerator	36-41017-B
alterneren verwisselen	18-28332-S
althans in elk geval in ieder geval	36-5959-B
altijd altoos constant continu elke keer iedere keer immer immermeer onafgebroken permanent standvastig steeds steevast te allen tijde voortdurend	10-4927-S
altijd altoos immer steeds	13-15132-B
altijd constant onveranderlijk steeds	10-5237-B
altijd immer ooit steeds	13-52982-B
altijd nog steeds nu nog	36-5665-S
altijd voor immer	13-53401-S
altijddurend bestendig eeuwig eeuwigdurend eindeloos onophoudelijk onvergankelijk perpetueel	34-13531-B
altitude hoogte hoogtegraad	6-22472-B
altoos constant continu elke keer iedere keer immer immermeer onafgebroken permanent standvastig steeds steevast te allen tijde voortdurend	10-4927-S
altoos immer steeds	13-15132-S
altruisme onbaatzuchtigheid onzelfzuchtigheid	15-3396-B
altruistisch onbaatzuchtig onzelfzuchtig	15-3594-B
altviool	14-16120-B
aluinaarde alumina aluminiumoxide aluminiumtrioxide	1-12767-B
alumina aluminiumoxide aluminiumtrioxide	1-12767-S
aluminium	1-12858-B
aluminiumgehalte	1-13069-B
aluminiumoxide aluminiumtrioxide	1-12767-S
aluminiumtrioxide	1-12767-S
alvast bereids nu al reeds vast	10-12830-S
alveolaire laterale approximant	35-64888-S
alveole longblaasje	1-13102-B
alveolitis	36-22076-B
alvleesklier pancreas	14-12847-B
alweder alweer nogmaals opnieuw terug weder wederom weer weerom	10-11976-B
alweer nogmaals opnieuw terug weder wederom weer weerom	10-11976-S
alzheimer	27-11197-S
am staffelsee	34-40529-S
amagasaki	30-10914-B
amalgaam	1-13257-B
amandel	14-55549-B
amandelboom	17-53011-B
amandelsteen tonsilloliet	37-33779-B
amandelvormig	27-43592-B
amandelzuur blauwzuur	32-32147-S
amaril	34-53975-B
amateur dilettant fan hobbyist liefhebber supporter	12-14490-B
amateurisme	35-62063-B
amateuristisch dilletantisch	27-11817-B
amazone	24-10552-B
ambacht	2-5954-B,7-20412-B
ambachtelijk	17-61466-B
ambachtsman handswerkman vakman	27-39562-B
ambachtsman vakman	31-17127-B
ambassade gezantschap	19-35675-B
ambassadeur	17-54108-B
amber	39-10855-B
ambiance sfeer	27-12945-B
ambigu dubbelzinnig meerduidig	17-40355-B
ambigu onduidelijk vaag	38-37386-B
ambiguiteit dubbelzinnigheid	9-72813-B
ambitie aspiratie eerzucht streven	27-45270-B
ambitie bedoeling doel intentie	17-45333-B
ambitie eerzucht streven	26-30555-B
ambitieus eergierig eerzuchtig streverig	17-61562-B
ambt	24-11509-B
ambtenaar	30-48901-B
ambtshalve beroepshalve beroepsmatig profesioneel	36-7670-B
ambulance ziekenwagen	14-57851-B
ambulant rondtrekkend	24-34984-B
amen zo zij het	27-13348-B
amendement	18-28623-B
amenderen beter worden corrigeren emenderen op een hoger plan brengen verbeteren wijzigen	12-18851-B
amenorroe	29-11931-B
american football	8-27288-B
americium	12-39270-B
amerika	1-13319-B,1-43897-S,4-13784-S,5-27099-S,9-44299-S,28-5665-S,32-53303-S
amerikaan	16-45223-B,19-24849-B,34-9636-S
amerikaans	21-24940-B,36-3340-S
amerikaans amerikaanse	15-49075-B
amerikaans engels	15-34359-B
amerikaans samoa	22-15873-B
amerikaanse	15-49075-S,17-26561-B
amerikaanse burgeroorlog	28-6458-B
amerikaanse dollar	18-2697-B
amerikaanse dwergstern	36-37964-B
amerikaanse gebarentaal	21-3327-B
amerikaanse maagdeneilanden	22-42992-B
ames test	1-13586-B
amethyst	23-26217-B
ametrie disproportie onevenredigheid wanverhouding	33-24860-B
amfetamine	27-15284-B
amfibieen	1-13924-B
amfibisch tweeslachtig	27-15452-B
amfitheater	27-15572-B
amfoor amfora	29-12131-B
amfora	29-12131-S
amhaars	9-59469-B
amicaal beleefd sympathiek voorkomend vriendelijk vriendschappelijk	9-48660-S
amicaal kameraadschappelijk vriendschappelijk	21-6243-B
amide	17-37726-B
amine	1-13606-B
aminozuur	1-13763-B
ammoniak	1-13785-B
ammonificatie	1-13803-B
ammonium	1-13832-B
ammunitie munitie	17-65026-B
amnesie geheugenverlies	27-14405-B
amnestie	12-10233-B
amniocentese vruchtwaterpunctie	27-14653-B
amoertijger koreaanse tijger mantsjoerse tijger noord chinese tijger oessoeritijger siberische tijger	21-12742-B
amoreel immoreel onzedelijk onzedig zedeloos	27-14898-B
amorf vormloos	27-14997-B
ampel overvloedig rijkelijk ruim uitvoerig	27-15855-B
amper bijkans bijna haast nagenoeg quasi schier	11-57053-S
amper maar net nauwelijks net ternauwernood	28-38196-B
ampere	13-19376-B
amperemeter	13-20135-B
ampersand	27-15068-B
amplitude	17-28320-B
ampul	26-10950-B
amputatie	13-27580-B,26-5275-S
amputeren	22-24143-B
amstel	25-45589-B
amsterdam mokum	10-28895-B
amsterdammer	25-45908-B
amulet talisman	17-55329-B
amusant geestig geinig grappig humoristisch kluchtig koddig komiek komisch lachwekkend lollig	9-53649-B
amusant grappig leuk onderhoudend vermakelijk	33-61321-S
amusant grappig leuk vermakelijk	27-16163-B
amusement entertainment vermaak vermakelijkheid verstrooiing vertier	19-26098-B
amusement ontspanning plezier vermaak	9-16848-B
amuseren	25-35934-S
amuseren vermaken	27-16063-B,33-61163-S
amusie	37-27518-B
amygdala	27-43707-B
anaal	34-9986-B
anabolisme	20-13328-B
anachoreet kluizenaar	14-58666-B
anachronisme	14-59981-B
anaconda	15-35728-B
anadroom	25-5807-B
anafylaxie	20-12165-B
anagram	17-65221-B
anale seks sodomie	15-18283-B
analemma	28-18810-B
analfabeet	17-57107-B
analgeticum bedarend pijnstillend	23-30552-B
analist	17-53920-B
analogie	22-5879-B
analoog	22-5864-B
analoog overeenkomstig soortgelijk vergelijkbaar	31-18832-B
analoogkaas imitatiekaas nepkaas	33-39638-B
analyse	1-44637-S,2-5167-S,2-21291-S,4-31-S,4-2880-S,5-32772-S,7-5417-B,14-21389-B,27-3315-B
analysemethode	1-14215-B
analyseren bestuderen onderzoeken ontleden	12-16424-B
analyseren ontleden	33-26519-B
analytische chemie analytische scheikunde	1-14016-B
analytische scheikunde	1-14016-S
anamnese	23-44368-B,23-44527-B
ananas	31-17249-B
ananaskers goudbes kaapse kruisbes	31-4953-B
anarchie	22-5897-B
anarchisme	9-67806-B
anarchist	16-54957-B
anathema ban banvloek	13-59667-B
anatomie	1-14349-B
anatomisch	27-17927-B
anatoom	15-51361-B,16-29703-S
and breakfast	18-4539-S
ander andere	7-33037-B
andere	7-33037-S
andere geval zoniet	13-42191-S
andere terwijl trouwens verder voorts	13-26230-S
andere zo zoals	14-17503-S
anders	33-53083-S
anders anderszins in het andere geval zoniet	13-42191-B
anders different divers onderscheiden ongelijk verschillend	11-25905-S
anders varierend verschillend wisselend	35-49948-S
andersdenkende	33-28456-B
andersom omgekeerd tegengesteld vice versa	31-36972-B
anderstalig	15-51556-B,15-51742-B
andersvalide behinderd gehandicapt invalide mindervalide	39-20297-B
anderszins in het andere geval zoniet	13-42191-S
andes	12-32885-B
andijvie	21-22283-B,35-2247-B
andorra	8-14471-B
andorra la vella	14-48288-B
andragogie andragologie	21-24084-B
andragologie	21-24084-S
androgyn androgyne	11-9596-B
androgyne	11-9596-S
androide	21-7376-B
andrologie	30-15678-B
androloog	15-31990-B
andromeda	24-2534-B
andromedanevel	12-18989-B
anekdote	11-40624-B
anekdotisch	34-43785-B
anemie bloedarmoede	20-12188-B
anemisch bloedarm	27-16245-B
anemometer windmeter	16-51162-B
anemoon	27-18360-B
anencefalie	36-8229-B
anesthesie verdoving	22-6286-B
anesthesiologie	34-37470-B
anesthesioloog anesthesist	15-40683-B
anesthesist	15-40683-S
aneurysma	34-46041-B
angel	16-47162-B
angeles	14-5047-S
angelsaksisch oudengels	9-71122-B
angers	29-19270-B
angiogenese	38-37282-B
angioplastiek	28-27757-B
anglicaan	27-19030-B
anglicaans	30-13728-B
anglofiel	27-19446-B
angola	8-16150-B
angouleme	29-19652-B
angst aanjagen bang maken intimideren	21-16598-B
angst ellende leed nood pijn smart wee zeer	10-59643-B
angst schrik	17-45460-B
angst schrik vrees	14-282-B
angst veroorzakend beangstigend bedroevend grievend hachelijk kwellend penibel pijn veroorzakend pijnlijk schrijnend triestig verontrustend	33-30035-B
angstaanjagend beangstigend eng griezelig huiverwekkend naar sinister	32-2729-S
angstaanjagend intimiderend schrikaanjagend	16-67143-B
angstdroom nachtmerrie oneirodynie	12-9128-B
angsthaas bangebroek bangerd bangerik bangeschijter haasvreter hazenhart kakkebroek labbekak lafaard mietje schijtebroek schijter schijterd schijthuis schijtlaars schijtlijster schijtluis watje	8-17659-B
angstig bang bekommerd bevreesd huiverig ongerust	11-2339-B
angstrom	22-6475-B
angstwekkend beangstigend schrikaanjagend schrikwekkend vreesaanjagend vreeswekkend	32-53859-S
angstwekkend bizar bovennatuurlijk griezelig spookachtig vreemd vreemdsoortig zonderling	35-26984-B
angstwekkend onrustbarend onrustwekkend ontstellend veeg verontrustend zorgelijk	33-9392-S
angstwekkend onrustbarend ontstellend schokkend schrikbarend verontrustend zorgelijk	33-25793-S
anguila	22-17458-B
anhalt	16-69184-S
anijs	27-19536-B
animatie	17-55776-B
anime	21-33828-B
animositeit rancune vijandschap	33-1419-B
anion	1-16429-B
anisotropie	27-45343-B
ankara	17-7676-B
anker	27-18126-B
ankerplaats	27-18272-B,29-6662-S
annalen jaarboeken	27-19639-B
annecy	29-19352-B
annexatie	19-32473-B
annihileren vernielen vernietigen verwoesten	19-32548-B
anno domini in het jaar onzes heren na christus	28-47250-S
annonceren	26-33848-S
annonceren bekendmaken melden	11-27059-S
annonceren inleiden introduceren	8-82818-B
annotatie	16-37099-B,16-67960-B
annotatie kanttekening	27-20203-S
annoteren kanttekeningen maken	27-20083-S
annulatie annulering herroeping opheffing revocatie	23-13548-S
annuleren	22-35843-B
annuleren cancelen herroepen intrekken royeren schrappen	18-30570-S
annuleren nietig verklaren schrappen	27-21435-B
annulering herroeping opheffing revocatie	23-13548-S
anode	25-25925-B
anomalie	32-55507-S
anomaly onregelmatigheid	23-33998-S
anomie	35-60247-B
anoniem	17-48270-B
anonimiteit	17-48377-B
anorak	27-22270-B
anorexia	20-12416-B
anorexia nervosa	27-22314-B,27-40601-B
anorganisch	31-17464-B
anorganisch afval	7-2132-B
anorganische chemie	3-26224-B
anorganische conditioneerder	6-30308-B
anorganische meststof	3-26264-B
anorganische stoffen	3-26301-B
anosognosie	32-58538-B
anseriformes eendvogels	10-79083-B
ansjovis	22-17762-B
antagonisme	1-16533-B
antagonist opposant tegenstander tegenwerker	16-66938-B
antananarivo	17-7723-B
antarctica	1-16558-B
antarctica zuidpoolgebied	27-22832-B
antarctisch	27-22902-B
antarctisch ecosysteem	1-16739-B
antarctisch gebied	1-17195-B
antarctische franse gebieden	22-19720-S
antarctische oceaan	1-16851-B
antedateren	32-30778-B
antenne	26-34423-B
anthelminthicum	37-25681-B
anthropologisch reservaat	1-17271-B
anti algenmiddel	1-10847-S
anti amerikaans	36-3340-B
antibacterieel	36-3058-B
antibes	29-19566-B
antibiotica antibioticum	1-17324-B
antibioticum	1-17324-S
antiblokkeersysteem	36-35750-S
antichambre voorvertek wachtkamer	19-32738-B
antichristelijk	36-3162-B
anticoagulans	28-28207-B
anticoagulant	37-36717-B
anticonceptie contraceptie geboortebeperking geboortecontrole	31-8866-B
anticonceptiemiddel contraceptivum voorbehoedmiddel voorbehoedsmiddel	17-66264-B
anticorrosiemiddel	2-4741-B
anticycloon	27-24339-B
antideeltje	15-3155-B
antidepressivum	36-3246-B
antiek	17-50635-B
antiek middeleeuws oudbakken ouderwets prehistorisch voorwereldlijk	32-33678-B
antiekwinkel	31-17582-B
antigeen	20-11699-B
antigeluid rust stilte	8-48299-B
antigua en barbuda	8-14311-B
antikythera	23-32093-S,30-32528-B
antilichaam	1-17362-B
antillen	22-39952-S
antilliaanse gulden	26-33441-B
antilope	27-22957-B
antimaterie	26-51246-B
antimonium antimoon	12-39462-B
antimoon	12-39462-S
antineutrino	38-29540-B
antineutron	38-29566-B
antinomie paradox tegenstrijdigheid	16-8824-B
antipathy	33-1590-B
antipaus tegenpaus	35-6969-B
antiproton	28-17351-B
antiquiteit	27-52883-B,31-18145-B
antisemitisme jodenhaat	28-6830-B
antisepsis antiseptisch	17-68121-B
antisepticum ontsmettend middel ontsmettingsmiddel	2-15304-B
antiseptisch	17-68121-S
antistof	19-32782-B
antithese contrast tegenstelling	27-24838-B
antivries	27-24573-B
antologie bloemlezing	21-39380-B
antoniem tegendeel tegengestelde tegenovergestelde	11-1074-B
antraciet	21-8587-B
antrax miltvuur	27-23762-B
antropisch principe	38-669-B
antropische activiteit	1-17224-B
antropologie	16-504-B
antropoloog	16-283-B
antropometrie	36-29548-B
antropomorfisch humanoide mensachtig	30-52304-B
antropomorfisme	34-13292-B
antwerpen	28-22950-B
antwoord	15-26564-B
antwoordapparaat	27-22585-B
antwoorden bescheid geven repliceren responderen terugzeggen	7-49732-B
anus	28-15515-B
anzoategui	28-22912-B
aorta	27-25492-B
aosta	23-15916-S
apache	11-3437-B
apart gescheiden los	32-52487-S
apartheid	17-49611-B
apathie	21-36397-B
apathie ongeinteresseerbaarheid onverschilligheid	33-20793-B
apatisch lusteloos	27-25752-B
apebroodboom baobab	17-39770-B
apennijnen	26-26920-B
apennoot grondnoot olienoot pinda	13-9091-S
apenoot pinda	38-14395-S
aperitief	27-30545-B
apetaal	24-21775-B
aphelium	23-46679-B
aplasie	38-16030-B
apneu	27-26129-B
apocalyps	27-26208-B
apocope	16-32567-S
apocrief	27-27164-B
apocriefe boeken	27-26777-B
apodictisch onweerlegbaar	27-27268-B
apofenie	39-11121-B
apogeum	23-33212-B
apologetisch verontschuldigend	27-27386-B
apoplexie beroerte	27-27946-B
apoptose	20-12456-B
apostel discipel	22-6066-B
apostrof weglatingsteken	27-28565-B
apotheek	11-7101-B
apotheker	15-55595-B
apotheose vergoddelijking	27-28922-B
apparaat	2-18086-S,18-37711-S
apparaat apparatuur toestel	13-67290-B
apparaat installatie instrument toestel voorziening	20-29280-B
apparaat toestel	27-31549-B
apparatsjik	35-6489-B
apparatuur outillage toerusting uitrusting	2-30397-B
apparatuur toestel	13-67290-S
appartement flat	22-14327-B
appel	8-18178-B
appel appelboom	8-18062-B
appel valt niet ver van de boom zo vader zo zoon	11-13460-S
appelboom	8-18062-S
appelcompote appelmoes	27-31125-B
appelhout	8-18495-B
appelmoes	27-31125-S
appelsap	16-48706-B,21-20617-B
appelschil	20-16103-B
appelsien sinaasappel	8-24881-B
appeltaart	22-6780-B
appeltje met iemand te schillen hebben met iemand een appeltje te schillen hebben	24-9136-S
appeltje te schillen hebben	24-9136-S
appendectomie blindedarmoperatie	25-44723-B
appendicitis blindedarmontsteking	27-30025-B
appendix bijlage	17-48707-B
appendix bijvoegsel	27-29849-S
appendix blinde darm	39-3845-B
apperceptie	27-30310-B
apperceptie waarneming	17-25013-S
appetijt eetlust trek	27-30358-B
appetijtelijk	27-30678-B
applaudiseren	27-30736-B
applaus handgeklap	27-30922-B
applicatie	17-56207-B
applicatie ijver vlijt volharding	10-71145-B
appositie bijstelling	27-31962-S
appreciatie waardering	17-63346-S
apprecieren waarderen	19-48964-B
apprecierend erkentelijk waarderend	27-33039-B
approximant	35-64888-S
approximatief bij benadering circa grosso modo ongeveer pakweg ruwweg	31-23434-S
approximatief omtrent ongeveer rond zowat	9-27061-B
april	10-14834-B,28-47862-S
aprilgrap	20-26093-B
apriori	35-62532-B
apsis	23-42894-B
aquaduct	1-18564-B
aquamarijn	17-4646-B
aquaplaning watergladheid	35-65435-B
aquarel waterverfschilderij	35-23955-B
aquarelleren	35-24061-B
aquarelverf	35-23859-S
aquarium	27-33541-B,38-19615-B
aquifer watervoerende laag	1-18583-B
aquitanie	23-17023-B
ara	23-40291-B
arabesk	28-18767-B
arabie	11-37379-S,27-5990-S
arabie saudi arabie	11-37379-S
arabier	16-8552-B
arabisch	8-73572-B,16-8297-B,23-40820-S
arabisch cijfer arabische cijfers	27-35824-B
arabisch schiereiland arabie	27-5990-B
