aas beste crack grootmeester kanjer kei kraan raspaardje topper	14-41865-B
aas lokaas	31-10616-B
abacus	15-32703-B,17-58107-B
abampere	35-7247-B
abasie	25-47977-B
abattoir slachterij slachthuis	5-21255-B
abbreviatie abbreviatuur	13-59368-S
abbreviatuur	13-59368-S
abc	35-58704-B
abces etterbuil ettergezwel puist	14-63492-B
abchazen	9-37879-B
abchazie	17-7373-B
abchazisch	8-90671-B
abdicatie troonsafstand	12-5947-B
abdij klooster	11-64422-B
abdis moeder overste	14-60125-B
abdomen buik onderbuik	7-35381-B
abdominaal	23-25402-B
abe	23-25303-B
abeel	35-11455-S
abenra	8-88425-S
aberdeen	29-16435-B
aberratie	28-18584-B,28-18645-B,28-18706-B
aberratie afwijking anomalie	32-55507-B
abessinie	30-5794-B
abidjan	22-7035-B
abiotische factor	1-1097-B
abissio apocope	16-32567-B
abject detestabel verachtelijk verfoeilijk	31-35378-B
ablatie amputatie	26-5275-B
ablatief zesde naamval	35-7884-B
ablutie	20-44869-B
abnormaal afwijkend bijzonder buitengewoon buitenissig exceptioneel onalledaags ongewoon uitzonderlijk	14-62601-B
abnormaal afwijkend onregelmatig	35-8300-B
abnormaal atypisch onregelmatig	27-22071-B
abnormaliteit afwijking onregelmatigheid uitzonderlijkheid	26-5631-B
abolitie afschaffing annulatie annulering herroeping opheffing revocatie	23-13548-B
abolitionisme	35-8401-B
abolitionist	21-31729-B
abominabel afgrijselijk afkeurenswaardig afschrikwekkend afschuwelijk afschuwwekkend afstotelijk gruwelijk monsterlijk verschrikkelijk weerzinwekkend	33-62607-B
abonnee intekenaar	31-10678-B
abonnement intekening	31-10836-B
aboriginal	25-47183-B
aborteren beeindigen doen mislukken stoppen voortijdig afbreken	22-6903-B
aborteren ontijdig bevallen	27-55307-B
aborteur	35-8495-B,35-8614-B
abortus	19-25757-B,28-42046-B,34-42451-S
aboulie	35-12892-B
abraham lincoln	28-11076-B
abrikoos	14-53085-B
abrupt bits bot bruusk kortaf nors	32-10847-B
abrupt bruusk eensklaps ineens onverhoeds onverwacht onverwachts onvoorzien opeens plots plotseling plotsklaps schielijk	9-17429-B
abs abs systeem antiblokkeersysteem	36-35750-B
abs systeem antiblokkeersysteem	36-35750-S
abseil rappel	35-61650-B
abseilen	35-61825-B
absence	21-11396-B
absent afwezig distract gepreoccupeerd verstrooid	14-63769-B
absenteisme	26-12593-B
absenteisme afwezigheidsgraad afwezigheidspercentage verzuimpercentage	35-65273-B
absentie afwezendheid afwezigheid	14-63667-B
absint	28-3361-B
absolute helderheid	31-42275-B
absolute nulpunt	23-35110-B
absolute temperatuur thermodynamische temperatuur	34-31626-B
absolutie	26-13517-B
absolutief	37-24162-B
absolutisme	24-11977-B
absolutist	22-41148-B
absolutistisch	24-12190-B
absoluut	17-65526-B
absoluut algeheel alleszins compleet door en door exhaustief faliekant finaal gans geheel glad gladweg heel helemaal in extenso lijnrecht onverdeeld over de hele linie totaal van a tot z vol volkomen volledig voluit voor honderd procent een en al	8-87106-B
absoluut gehoor	25-24140-B
absoluut onbetwistbaar	27-55466-B
absolveren dechargeren releveren vrijpleiten	17-27577-S
absorbeerbaarheid	35-62909-B
absorberen in zich opnemen opnemen opslorpen resorberen	22-17648-B
absorberend	26-14598-B
absorptie	1-1134-B,30-7838-B
abstract	23-49531-B,25-17601-B,25-24485-B,25-24503-B
abstracte kunst	22-40607-B
abstractionisme	35-12262-B
absurd	11-66025-B
absurd afwijkend bevreemdend bizar buitenissig curieus eigenaardig excentriek merkwaardig ongewoon raar vreemd	32-10074-B
absurd belachelijk ongerijmd onlogisch	35-12330-B
absurditeit overbodigheid zinloosheid	35-43700-S
abt	12-6244-B
abugida	23-44319-B
abuis fout mis onjuist verkeerd	8-50332-B
abuis per vergissing	36-2764-S
abuja	12-37117-B
abundant bovenmatig enthousiast ongeremd uitbundig uitgelaten	33-46045-B
abusievelijk achteloos onachtzaam ongewild onopzettelijk per abuis per vergissing	36-2764-B
acacia	15-2913-B
academicus	35-12940-B
academie universiteit	14-38764-B
academisch	21-36328-B
academisch jaar	27-52127-B
academische kunst	35-13778-B
acalculie	32-58295-B
acaricide	37-39790-B
acceleratie versnelling	15-3005-B,23-47770-B
accelerator versneller	18-3852-B
accelereren versnellen	16-47977-B
accent	10-77111-B,10-77300-B
accent beklemtoning emfase klemtoon nadruk	19-24736-B
accent klemtoon	17-10158-B
accentueren beklemtonen benadrukken betonen onderstrepen	19-41591-B
accentueren benadrukken	24-35146-B
accentuering beklemtoning	25-44257-B
acceptabel	15-6037-S,24-20169-S
acceptabel billijk fair gerechtvaardigd rechtvaardig redelijk schappelijk	34-4450-B
acceptabel geoorloofd toegestaan toelaatbaar	21-40567-S
acceptant ontvanger	35-63038-S
acceptatie goedkeuring instemming toestemming	31-33224-B
accepteren	20-17803-B
accepteren goedvinden instemmen toestaan toestemmen	28-57570-S
accessoire	18-1993-B
accessoire bijvoegsel toebehoren	30-33438-S
accident malheur ongeluk ongeval	1-1579-B
accidenteel per ongeluk toevallig	23-25698-B
accijns verbruiksbelasting	7-13399-B
accio	9-54443-B
acclimatiseren	26-16975-B
accordeon harmonica	15-6229-B
accorderen concorderen congrueren corresponderen het eens zijn matchen overeenkomen overeenstemmen sporen	10-34799-B
accountant	18-1514-S
accra	26-19616-B
accrediteren	14-26377-B
accu accumulator batterij	1-1619-B
accudatief objectief	37-23448-B
acculader lader	30-2600-B
accumulatie	1-29864-S,18-33778-B
accumulatie groei toename	26-19338-S
accumulator batterij	1-1619-S
accuraat exact nauwkeurig precies	26-19818-B
accuratesse preciesheid precisie stiptheid	17-54356-S
accusatief	17-22823-B
acephalia	35-12406-B
acerno	23-48133-B
acetaat	23-49624-B
acetaldehyde ethanal	17-18014-B
acetyleen alkyn	28-3936-B
achromatisch	23-38160-B
acht	10-20854-B,11-43247-B,39-19921-B
acht nemen trouw blijven aan zich houden aan	24-21530-S
achtbaan roetsjbaan	8-79221-B
achtbaar achtenswaardig behoorlijk beleefd beschaafd betamelijk correct decent degelijk deugdzaam eerbaar fatsoenlijk keurig ordentelijk welgemanierd welopgevoed welvoeglijk	32-20450-S
achtbaar achtenswaardig betrouwbaar eerbiedswaardig eervol fatsoenlijk prijzenswaardig respectabel	32-2143-B
achtbaar deftig eerbaar eerbiedwaardig majestueus statig waardig	33-2427-B
achteloos onachtzaam ongewild onopzettelijk per abuis per vergissing	36-2764-S
achteloosheid laksheid nalatigheid negligentie nonchalance omissie onachtzaamheid zorgeloosheid	18-49046-B
achten bewonderen huldigen loven prijzen roemen vereren waarderen	33-2541-B
achten eerbiedigen eren hoogachten hoogschatten respecteren waarderen	34-8011-B
achtendertig	10-33402-B
achtenswaardig behoorlijk beleefd beschaafd betamelijk correct decent degelijk deugdzaam eerbaar fatsoenlijk keurig ordentelijk welgemanierd welopgevoed welvoeglijk	32-20450-S
achtenswaardig betrouwbaar eerbiedswaardig eervol fatsoenlijk prijzenswaardig respectabel	32-2143-S
achtenswaardig respectabel	31-10990-B
achtentachtig	38-32747-B
achtentwintig	10-31400-B
achtenveertig	10-40542-B
achtenvijftig	10-41078-B
achter	27-50364-B
achter achterkant achterzijde	7-57399-B
achter achterna na	10-11691-B
achteraf daarna daarop dan nadat naderhand nadien vervolgens	26-40163-S
achteraf daarna daaropvolgend erna later na nadat nadien	10-11518-B
achterbaks arglistig geniepig geraffineerd geslepen listig sluw uitgekookt	31-52233-S
achterdeur	37-26918-B,38-27771-B
achterdochtig argwanend mistrouwig wantrouwig	35-68111-B
achterdochtig argwanend wantrouwig	33-31515-S
achtereen achterelkaar	36-3454-B
achtereenvolgend achtereenvolgens successievelijk	36-3524-B
achtereenvolgend opeenvolgend successief	31-11083-S
achtereenvolgens successievelijk	36-3524-S
achterelkaar	36-3454-S
achteren ruggelings rugwaarts	27-50442-S
achtergelaten in de steek gelaten verlaten	17-41685-B
achtergesteld misdeeld	32-43047-B
achtergrond	24-24998-B
achtergrondgeluid	6-36160-B
achtergrondmuziek	36-10400-B
achtergrondniveau	1-24240-B
achtergrondstraling	1-24274-B
achtergrondstraling natuurlijke radioactiviteit	4-10404-B
achterhouden achteroverdrukken inpikken ontvreemden verdonkeremanen verduisteren	33-53711-B
achterhouden verheimelijken verhullen versluieren	33-26782-B
achterkant	7-57489-B
achterkant achterzijde	7-57113-B,7-57399-S
achterklap diffamatie kwaadsprekerij laster smaad	32-25529-B
achterklap geklets geroddel kleinering kwaadsprekerij kwatongerij laster roddel roddelpraat smaad vuilspuiterij zwartmakerij	32-38549-B
achterlijk	38-20808-B
achterlijk afgestompt bot breinloos dom geesteloos hersenloos idioot oenig onbenullig onnozel onverstandig simpel stompzinnig stupide suf verstandeloos zwakhoofdig	10-71935-B
achterlijk breinloos debiel idioot imbeciel onnozel onverstandig onwijs stompzinnig stupide	9-13998-S
achterlijk gek geschift gestoord krankjorum krankzinnig maf mesjogge zot	33-31767-B
achterlijkheid	26-9635-B
achterna na	10-11691-S
achterna zitten achtervolgen najagen	13-28041-B
achternaam familienaam	13-32005-B
achteroverdrukken inpikken ontvreemden verdonkeremanen verduisteren	33-53711-S
achterstand	28-20700-B
achterste achtersteven achterwerk batterij bips derriere fundament gat hol kont krent reet toges zitvlak	14-41196-B
achtersteven achterwerk batterij bips derriere fundament gat hol kont krent reet toges zitvlak	14-41196-S
achteruit achterwaarts naar achteren ruggelings rugwaarts	27-50442-B
achteruitgaan achteruitwijken	14-33037-B
achteruitgang degraderen verval	18-27792-S
achteruitkijkspiegel	31-11191-B
achteruitrijden terugrijden terugvaren	39-20963-B
achteruitwijken	14-33037-S
achtervoegsel suffix	11-32025-B
achtervolgen najagen	13-28041-S
achterwaarts naar achteren ruggelings rugwaarts	27-50442-S
achterwerk batterij bips derriere fundament gat hol kont krent reet toges zitvlak	14-41196-S
achterzijde	7-57113-S,7-57399-S
achthoek	16-3320-B
achthoekig	16-997-B
achting appreciatie waardering	17-63346-B
achting eerbied ontzag respect waardering	28-1516-S
achtjaarlijks	34-12466-B
achtloosheid nalatigheid onachtzaamheid verontachtzaming verwaarlozing	32-45140-B
achtpotig	17-59858-B
achtste	33-13373-B
achttien	10-23699-B
acidose	23-29345-B
acne jeugdpuistjes	15-12824-B
acoliet adept discipel volgeling volger	26-25339-S
acquisitie inkoop koop verkrijging verwerving	4-40128-S
acre	13-7965-B
acrobaat	14-58817-B
acrobatiek	26-23349-B
acrobatisch	26-23263-B
acrofobie hoogtevrees	15-11454-B
acrolect algemene taal	25-27442-B
acroniem	17-29201-B,17-29668-S
acrostichon	37-14074-B
acryl	28-18798-B
acteren	26-23559-B
acteren spelen	28-14533-B
acteur	13-10189-B,35-30188-B
actie	4-39165-S
actie komen te werk gaan verrichten	28-14395-S
actief	11-42647-B,11-42746-B
actief bedrijvig dynamisch energiek initiatiefrijk ondernemend	33-60230-B
actief bedrijvig levendig	26-23807-B
actief beweging dynamiek energie gedrevenheid stuwkracht vitaliteit	11-42794-B
actief dynamisch energiek	33-57551-B
actief in	26-11995-B
actief slib	1-3347-B
actief zijn opereren	24-38481-B
actiegroep	1-3253-B
actieturbine gelijke drukturbine impulsturbine	32-11443-B
actieve kool	1-3323-B
actieve populatie	6-27076-B
actieve stof	5-36902-S
actieve vulkaan	23-35637-B
actievoerder activist betoger demonstrant manifestant	22-41881-B
actinide	1-2941-B
actinium	1-2985-B
activa	39-46-S
activa bezit	17-66550-B
activeren	26-23751-S
activeringsenergie	27-24095-B
activist	18-238-B
activist betoger demonstrant manifestant	22-41881-S
activiteit	1-17224-S,5-15207-S,7-8595-S,8-85422-B
activiteit bezigheid occupatie	11-45163-B
activiteitsrelatie	5-34797-S
actrice	13-10411-B
actueel	12-60974-B
acumuleren	23-14295-B
acupunctuur	25-27972-B
acuut	36-19826-B
acuut dadelijk direct dringend meteen nijpend onmiddelijk spoedeisend subiet terstond urgent	18-296-B
acuut scherpzinnig	23-14485-B
ad patres gaan de doodssnik geven de eeuwigheid in gaan de geest geven de grote reis aanvaarden de laatste adem uitblazen de poeper dichtknijpen de wereld verlaten dood gaan doodgaan expireren heengaan het hoekje om gaan het leven laten inslapen overlijden sterven verscheiden	9-4073-B
adagio	15-7569-B
adam	27-14363-S
adamorobe gebarentaal	23-25913-B
adamsappel	14-13787-B
adaptatie bijstelling	15-33211-S
addendum	21-4538-B
adder	15-12497-B
additief	1-4170-B
additiepolymeer	1-4137-B
additioneel supplerend	17-47772-S
additiviteit	36-394-B
adel	29-22472-B
adel adelstand	24-38207-B
adel aristocratie	27-36561-B
adelaar arend	27-55062-B
adelaide	28-4823-B
adelen veredelen	22-1206-B
adelstand	24-38207-S
adem	15-11293-B,15-20148-S,18-4167-S
adem uitblazen de poeper dichtknijpen de wereld verlaten dood gaan doodgaan expireren heengaan het hoekje om gaan het leven laten inslapen overlijden sterven verscheiden	9-4073-S
adembenemend wondermooi	29-29632-B
ademen ademhalen asemen respireren	8-54942-B
ademhalen asemen respireren	8-54942-S
ademhaling	15-11564-B
ademhaling respiratie	5-7506-B
ademhalingskanaal	5-7689-B
ademhalingsziekte	5-7561-B
ademloos buiten adem	18-4167-B
adempauze pauze respijt	31-11361-B
ademteug	15-11190-B
adenocarcinoom	39-4958-B
adenosine	37-1532-B
adept discipel volgeling volger	26-25339-S
adequaat	17-59289-S
adequaatheid afdoendheid geschiktheid toereikendheid	26-25146-B
ader bloedader vena	12-14149-B
aderverkalking atherosclerose	25-38642-B
adhesie	17-20904-B
adhesief kleefmiddel kleefstof lijm	1-4379-B
adieu dag doeg doei goedendag tot ziens vaarwel	7-45853-B
adipocire	37-40142-B
adjectief bijvoeglijk naamwoord	8-75848-B
adjunct plaatsvervanger vervanger	18-15663-S
administrateur administrator beheerder	26-26576-B
administratief bestuurlijk	24-17275-B
administratief recht	1-5036-B
administratief rechtsgebied	1-4981-B
administratieve akte	6-27943-B
administratieve rechter	6-33528-B
administratieve sanctie	38-34332-B
administrator beheerder	26-26576-S
admiraal	17-17941-B,36-35320-S
admiraalschap admiraliteit	36-503-B
admiraliteit	36-503-S
admiratie bewondering	23-16133-B
adolescent jongvolwassene puber	35-38580-B,35-38844-B
adolescent puber	25-21169-B
adolescentie puberteit	13-57873-B
adopteren akkoord gaan goedkeuren	17-44793-S
adoptie	15-22710-B
adoptie overname	19-26849-B
adoreren vereren	25-3019-S,26-28527-S
adpositie bijschrift kanttekening	15-43068-B
adrenaline	26-28706-B
adres	13-3991-B
adresboek	18-26083-S
adriatische zee	19-2711-B
adsl	19-51269-B
adsl modem	19-3585-B
adsorberen	36-23613-B
adsorptie	1-5074-B,1-45294-S
adstringens stelpend	25-33306-B
advent	26-32148-B
adventskalender	16-18178-B
adverbium bijwoord	7-50757-B
adverteerder	26-33956-B
adverteren annonceren	26-33848-S
advies aanbeveling aanprijzing nominatie recommandatie referentie	5-4211-B
advies geven adviseren	27-55763-S
advies raad	1-5647-B
advies raadgeving	20-18155-B
adviseren	27-55763-S
adviseur consulent	17-18282-B
adviseur consulent raadgever raadsman	26-34278-B
advocaat	14-20734-B
advocaat van de duivel	16-28845-B
advocatuur	26-34353-B
advokaat	16-7221-B
adygea	17-8445-B
adzjarie	23-23005-B
ae astronomische eenheid	23-34634-B
aegis bescherming	36-27026-B
aerobe behandeling	7-2807-B
aerobics	26-34741-B
aerobiologie	1-5958-B
aerodynamica	17-25452-B
aerodynamisch	26-35205-B
aerodynamisch geluid	1-5985-B
aerofoon	16-32955-B
aeronautica aeronautiek luchtvaart luchtvaartkunde	26-35469-B
aeronautiek luchtvaart luchtvaartkunde	26-35469-S
aeronautisch luchtvaartkundig	26-35329-B
aeroob proces	1-5824-B
aerosol	1-6033-B,6-36847-S
af aan vanaf nu voortaan	23-54049-S
af en toe bij gelegenheid nu en dan occasioneel soms wel eens	29-25129-B
af en toe nu en dan soms somtijds somwijlen weleens	9-22061-B
af foutloos perfect vlekkeloos volmaakt	14-2707-B
af gereed klaar	14-4173-B
af uit	13-58250-B
afar	8-90169-B,26-34052-B
afasie	30-26155-B
afasiologie	17-9772-B
afbakenen afgrenzen begrenzen omlijnen	25-9900-B
afbakening afscheiding begrenzing	24-17351-B
afbakening demarcatie	21-33257-B
afbeelden afschilderen uitbeelden voorstellen weergeven	24-21708-B
afbeelding	17-58197-B
afbeelding plaatje	8-42104-B
afbeelding uit commons	37-31915-B
afbeelding weergave	23-32791-B
afbestellen annuleren cancelen herroepen intrekken royeren schrappen	18-30570-B
afbijten bijten	8-53830-B
afbouwen ontmantelen slopen uit elkaar halen	33-21113-S
afbraak	1-30300-S
afbraak natuurlijke afbraak	1-30300-S
afbraak van gebouwen	6-31551-B
afbraak van stratosferische ozon	5-34240-B
afbreekbaar	26-50891-S
afbreekbaarheid	1-30247-S,2-10414-B
afbreken	22-6903-S
afbreken slopen	24-17475-B
afbreken slopen vernielen vernietigen verwoesten	13-23709-B
afdak schuilplaats	6-24583-B
afdalen afgaan afkomen dalen	31-11759-B
afdanken afschaffen elimineren opdoeken opheffen schrappen supprimeren verwijderen wegdoen	11-7905-B
afdanken ontslaan	30-32998-B
afdekken	13-57004-S
afdekking bedekking dakbedekking dekmateriaal	2-5784-B
afdekking van een afvalstortplaats	3-33945-B
afdekstro	3-39086-B
afdeling deel sectie snede	24-32846-B
afdeling departement sectie tak	20-2418-B
afdeling stam	28-54640-B
afdingen marchanderen	18-5684-B
afdoende voldoende adequaat	17-59289-B
afdoendheid geschiktheid toereikendheid	26-25146-S
afdrijven	31-11851-B
afdrogen	31-11993-B
afdruk druk print	7-22025-B
afdruk stempel	24-32442-B
afdrukken printen	19-33667-B
afdwalen afwijken uitwijden	19-30932-B
afdwingen afpersen chanteren uitzuigen	34-39768-B
afdwingen dwingen	34-58165-B
afdwingen eisen verlangen vorderen	34-16142-B
affaire belang geval kwestie probleem thema toestand zaak	30-49263-S
affaire verhouding	26-36502-B
affaire zaak	26-36299-B
affakkelen	2-40872-B
affectie devotie genegenheid tederheid toegewijdheid toewijding	26-37077-B
affectie kwaal	10-527-S
affectief	26-37187-B
affiche poster	31-9331-S
affilieren lid maken van	26-37245-S
affiniteit overeenkomst verwantschap	26-38373-S
affirmatie bevestiging confirmatie staving	26-38531-B
affirmatief bevestigend	26-38758-B
affront belediging smaad	26-39051-B
affronteren beledigen brutaliseren bruuskeren froisseren insulteren schofferen smaden te na komen	8-57095-B
affronteren beledigen grieven krenken uitschelden vernederen	26-39135-B
affronteren beledigen krenken kwetsen uitschelden	28-24684-B
afgaan afkomen dalen	31-11759-S
afgang buikloop diarree kakkerij	21-29169-B
afgeleefdheid krachtloosheid kwetsbaarheid slapheid slapte zwakheid zwakte	30-49020-B
afgelegen eilanden van de verenigde staten	22-43165-S
afgeleid verstrooid	29-3511-B
afgeleid woord	34-34641-B
afgeleide	15-1282-B
afgemat afgepeigerd bekaf kapot pompaf uitgeput	24-16616-B
afgemat doodmoe doodop hondsmoe kapot op	16-13758-B
afgepeigerd bekaf kapot pompaf uitgeput	24-16616-S
afgescheiden afgezonderd alleen eenzaam enkel	10-12612-B
afgesloten geblokkeerd versperd	31-12315-S
afgestompt bot breinloos dom geesteloos hersenloos idioot oenig onbenullig onnozel onverstandig simpel stompzinnig stupide suf verstandeloos zwakhoofdig	10-71935-S
afgevaardigde adjunct plaatsvervanger vervanger	18-15663-B
afgevaardigde gedelegeerde	12-49237-B
afgevaardige afgezant gezant	31-12077-B
afgeven overgeven overhandigen	7-52295-B
afgeven verspreiden	36-22008-B
afgezaagd alledaags eentonig geestdodend langdraadig langdradig langwijlig monotoon saai slaapverwekkend vervelend	15-54057-B
afgezaagd banaal	17-26701-B
afgezaagd plat	36-3706-B
afgezant gezant	31-12077-S
afgezant vertegenwoordiger	28-951-B
afgezet afgesloten geblokkeerd versperd	31-12315-B
afgezonderd alleen allenig	10-12406-B
afgezonderd alleen eenzaam enkel	10-12612-S
afghaan	18-33847-B,39-455-B
afghaans	37-12637-B
afghani	13-37310-B
afghanistan	8-13774-B
afgod	28-40617-B
afgod goddelijkheid godheid	24-22087-B
afgraven	2-34007-B
afgraving	2-33908-B
afgrenzen begrenzen omlijnen	25-9900-S
afgrijselijk afkeurenswaardig afschrikwekkend afschuwelijk afschuwwekkend afstotelijk gruwelijk monsterlijk verschrikkelijk weerzinwekkend	33-62607-S
afgrijzelijk	26-14811-B
afgrijzen afkeer afschrik afschuw afstoting aversie degout erschrikking gruwel hekel tegenzin walg walging weerzin	14-62847-B
afgrond	24-13088-B
afgrond kloof	9-66796-B
afgunst	34-942-B
afgunst afkeer haat hekel tegenzin vijandschap wrok	9-45309-B
afgunst jaloersheid jaloezie	31-12449-B
afgunstig jaloers	16-21547-B
afgunstig zin benijden jaloers zijn misgunnen	34-1076-B
afhangen afhangen van	13-52611-B
afhangen van	13-52611-S
afhangen van afhankelijk zijn van rekenen op vertrouwen op	24-32965-B
afhankelijk	24-22793-B,30-43068-B
afhankelijk gebiedsdeel afhankelijk territorium gebiedsdeel	34-3418-B
afhankelijk territorium gebiedsdeel	34-3418-S
afhankelijk zijn van rekenen op vertrouwen op	24-32965-S
afhankelijkheid	30-42047-B
