klaarblijkelijk manifest ogenschijnlijk schijnbaar	18-3348-S
klaarheid	30-31991-S,30-32093-S
klaarheid verstaanbaarheid	31-26798-S
klaarkomen	8-92077-S,9-7353-S
klaarmaken	27-55854-B
klaarspelen realiseren verwerven verwezenlijken	27-54212-S
klaarwakker wakker	17-19071-B
klacht	19-17245-S
klachten	4-39112-S,5-18241-S
klachtrecht	5-8489-B
klagen mopperen morren pruttelen zeuren	11-1389-B
klagen rouwen treuren weeklagen	10-234-B
klak pet	7-56325-B
klankbord	35-45700-B
klankkleur timbre	38-22428-B
klant client	18-8534-B
klanten klantenkring	18-12728-S
klantenkring	18-12728-S
klantenservice	17-63728-S,39-6726-B
klap slag	15-41193-B
klapbes kruisbes	16-19676-B
klapbrug ophaalbrug valbrug wipbrug	33-18480-B
klappen kletsen lullen praten snateren spreken wauwelen zwammen	30-3228-S
klappen springen	8-55593-S
klapperdief kokoskrab palmendief	29-32706-S
klaproos	36-38363-S
klaproos grote klaproos	36-38363-S
klaproos papaver	12-42023-B
klarinet	13-65182-B
klarinetist	26-41286-B
klaring van een vloeistof	7-18980-B
klaroen	30-31731-B
klas	11-7795-S,28-38828-B
klasgenoot	28-40350-B
klaslokaal	15-53700-B
klasse	9-48295-B,21-39998-S,27-5190-B
klasse rang	20-2968-B
klasseren ordenen sorteren	27-49722-S
klassiek orthodox traditioneel vormlijk	30-47238-S
klassieke muziek	35-55191-B
klauw	27-46775-B
klauw poot	7-51654-S
klauwaapje	24-27936-B
klauwen krabbelen krabben krauwen	8-64219-B
klauwhamer	25-35756-B
klauwzeer	24-36917-S
klavecimbel	18-59010-B
klaver	30-43840-B
klaverblad	30-43895-B,30-44166-B
klavier	13-19307-S,13-19350-S
klavier toetsenbord	13-19278-B
klavierinstrument toetsinstrument	16-51709-B
kleden	14-23323-S,14-23434-S
kleden opdoffen	27-56642-B
kledij	27-57068-B
kledij kleding kleren	11-65720-B
kleding	1-49326-B
kleding kleren	11-65720-S
kledingstuk	28-43076-B
kleed	9-48391-S
kleedje matje	15-52302-S
kleefmiddel kleefstof lijm	1-4379-S
kleefstof lijm	1-4379-S
kleener zetten	39-20855-B
kleerhanger klerenhanger	17-4205-B
kleerkast	20-43520-B
kleermaker	15-22491-B
klei leem	1-48445-B
kleiachtig leemachtig	23-19051-B
klein	7-34159-B
klein gezwel knobbeltje	29-15359-B
klein verkopen	21-42393-S
kleinburgerlijkheid	22-8936-S
kleindochter	9-49314-B
kleine afgelegen eilanden van de verenigde staten	22-43165-B
kleine broertje	10-45220-S
kleine glimworm	39-9294-B
kleine haven	23-52252-S
kleine hersenen	26-51599-S
kleine hond	26-31734-B
kleine letters minuskel onderkast	20-35232-B
kleine teen	32-39615-B
kleine zusje	10-45362-S
kleineren	29-1415-S
kleineren kwaadspreken lasteren roddelen smaden vals beschuldigen zwartmaken	27-44369-S
kleinerend laatdunkend minachtend neerbuigend schamper smadend smalend spottend verachtelijk	33-15390-S
kleinering kwaadsprekerij kwatongerij laster roddel roddelpraat smaad vuilspuiterij zwartmakerij	32-38549-S
kleinhandelaar	18-49411-B
kleinigheid onbenulligheid	32-15981-B
kleinkind	9-49069-B,9-49171-B,9-49854-B
kleinkunstenaar	16-30697-S
kleinst gemeenzame noemer	15-5299-B
kleinste gemene veelvoud	15-5130-S
kleintje zuigeling	7-56435-S
kleinzoon	9-49256-B
klem nadrukkelijk uitdrukkelijk	33-55581-S
klemmen omklemmen	35-55771-B
klemmen vangen	6-1810-S
klemtoon	17-10158-S
klemtoon met nadruk	35-62454-S
klemtoon nadruk	19-24736-S
klep ventiel	35-51619-B
klepshydra waterklok wateruurwerk	21-35137-B
kleptomaan kleptomane	39-11039-B
kleptomane	39-11039-S
kleptomanie	26-10236-B
klerelijer kloot kloothommel klootzak loeder lul rotvent rotzak schoft smeerlap sukkel sul teringlijder zak zakkenwasser	13-16906-S
klerelijer klootzak lul	22-30727-S
kleren	11-65720-S
kleren maken de man	39-3230-B
klerenhanger	17-4205-S
kletsen lullen praten snateren spreken wauwelen zwammen	30-3228-S
kletsen roddelen verklappen	29-13709-B
kletskous	29-13620-S,30-3680-S
kletskous kletsmajoor kletsmeier kwebbel leuteraar woordenkakker zwammer zwetser	28-20360-S
kletsmajoor kletsmeier kwebbel leuteraar woordenkakker zwammer zwetser	28-20360-S
kletsmeier kwebbel leuteraar woordenkakker zwammer zwetser	28-20360-S
kletsnat poedelnat zeiknat	32-34520-S
kletspraat quatsch roddel	31-52394-S
kleun lel loeier opdoffer opdonder opduvel oplawaai oplazer opsodemieter opstopper optater peut poeier ram	14-45012-S
kleur	1-51799-B
kleur van de ogen oogkleur	11-34697-B
kleurecht kleurvast	27-48601-B
kleurechtheid kleurvastheid	27-48765-B
kleurenblindheid	39-9195-B
kleurloos	31-5258-B
kleurloos monotoon saai slaapverwekkend stoffig suf	11-15467-S
kleurloosheid	31-5439-B
kleurpotlood	32-16876-B
kleurrijk versierend	32-22767-S
kleurstaal	30-9792-B
kleurstof	2-19591-B
kleurvast	27-48601-S
kleurvastheid	27-48765-S
kleuterschool	12-58331-B,21-44834-S
kliek	30-55500-B
klier	25-13481-B
klierkoorts mononucleosis	19-35212-B
klif	6-23043-B,26-44288-B
klikken	9-56035-B
klikspaan	9-55498-B
klim	27-40131-S
klimaat	1-48570-B,6-37749-S,6-38022-S,6-38152-S
klimaatbeheersing	1-8719-S
klimaatbescherming	1-48662-B
klimaatschommeling	1-48714-B
klimaatsverandering	3-42029-S
klimaattype	1-48693-B
klimaatverandering	1-48768-B
klimaatzone	1-48943-B,5-40412-S,5-40461-S
klimatologie	1-48965-B
klimmen	19-38051-B
klimmen omhoog gaan stijgen	19-37893-S,23-22183-S
klimmen stijgen	13-30870-B
klimop	11-64938-B
klimplant	1-49253-B
klimrek	38-35349-B
kling lemmer lemmet	15-11053-B
klingel zoemer	14-41703-S
klingon	20-32085-B
kliniek ziekenhuis verpleeginrichting	3-15795-S
klinisch	30-34146-B
klink	17-57373-S
klinken luiden rinkelen	10-76660-S
klinker	1-35355-S,16-41793-B
klinker klinkerteken	16-42147-B
klinkerbestrating	24-35529-B
klinkerteken	16-42147-S
kloek struis	28-55618-S
klok	10-54515-S,13-14148-S,37-9146-S
klok in	21-17227-S
klok klokje polshorloge uurwerk	8-86307-S
klok mee	20-37236-S
klok uurwerk	8-19960-S
klokhuis	30-31043-B,32-24872-B
klokje polshorloge uurwerk	8-86307-S
klokken	10-56456-B
klokkenluider	38-4268-B
klokkenmaker	35-23255-S
klokkentoren	29-1165-B
klonen	1-49308-S
kloof	6-22598-B,9-66796-S,20-23744-S
kloom	38-23147-B
klooster	11-64422-S,25-4790-S,26-50470-B
kloosterbroeder lekenbroeder ordebroeder	7-41885-S
kloostergang kruisgang	15-53866-B
kloosterorde orde	35-54150-B
kloot kloothommel klootzak loeder lul rotvent rotzak schoft smeerlap sukkel sul teringlijder zak zakkenwasser	13-16906-S
kloot zaadbal	14-12407-S
kloothommel klootzak loeder lul rotvent rotzak schoft smeerlap sukkel sul teringlijder zak zakkenwasser	13-16906-S
klootzak loeder lul rotvent rotzak schoft smeerlap sukkel sul teringlijder zak zakkenwasser	13-16906-S
klootzak lul	22-30727-S
kloppen	8-63759-S,9-15308-B,18-15316-B,19-48516-S
kloris koe kuiken kwezel leeghoofd minkukel nitwit oelewapper oen oetlul oliebol onbenul rund schaapskop steenezel stomkop stommeling stommerd stommerik sufferd sufkont sufkut uil uilenbal uilskuiken weetniet zakkenwasser zultkop	8-64803-S
kloris lief lieveling meisje schat vlam vriendin vrijer	8-21148-S
klos spoel	29-21109-B
klucht komedie	28-39652-S
kluchtig koddig komiek komisch lachwekkend lollig	9-53649-S
kluis safe	10-82338-S
kluizenaar	14-58666-S,29-17603-S
klungel klungelaar kluns knoeier prutser stoethaspel sukkel	29-18435-S
klungelaar kluns knoeier prutser stoethaspel sukkel	29-18435-S
klungelen knoeien prutsen	29-33820-B
klungelig lastig moeizaam onhandig	17-51599-B
klungeligheid onhandigheid	30-46909-B
kluns knoeier prutser stoethaspel sukkel	29-18435-S
klysma lavement	33-57426-S
kmer	33-21516-S
knaagdier	5-9824-B
knaap knul	8-39251-S
knackebrod	32-5106-B
knagen	39-12332-B
knal	5-26328-S
knallen ontploffen	18-34210-S
knalpot	5-18458-B
knap	35-49661-B
knap leuk lief mooi schattig sympathiek verleidelijk verlokkend	12-62161-S
knapheid pracht schoonheid	12-41002-S
knapperig krokant	32-5323-S
knechten onderwerpen overheersen overmeesteren	22-29676-S
knesset	32-36717-B
kneuzen	31-38253-B
kneuzen platdrukken pletten samenpersen verpletteren	18-22528-B
kneuzing	25-24688-S
knie	8-41434-B
kniebuiging knieval	23-23471-B
knieholte	29-53307-B,32-41589-B
knielen	34-44012-B,34-44181-B
knieschijf	35-53349-B
knieschijfbreuk	36-11784-B
knieval	23-23471-S
knijpen	8-58422-B
knijpen er tussenuit muizen er vandoor gaan wegvluchten	26-6897-S
knipogen	35-33827-B
knipogen knipperen	9-69776-B
knipoog knipoogje	35-33990-B
knipoogje	35-33990-S
knippa	19-3199-B
knippen	8-76433-B
knippen snijden	8-63449-B
knipperen	9-69776-S
knobbeltje	29-15359-S
knobbelzwijn wrattenzwijn	16-39533-B
knoeien prutsen	29-33820-S
knoeien smokkelen vals spelen	39-19446-B
knoeier prutser stoethaspel sukkel	29-18435-S
knoflook look	17-60345-B
knoflookpers	29-51492-B
knoflookpoeder	29-36510-B
knok knook	8-51857-S
knokkelkoorts	19-41250-S
knokken matten strijden vechten	8-60412-B
knol	25-46618-B
knolraap raap	30-29379-B
knook	8-51857-S
knoop	13-54539-B,13-55713-B,13-55878-B
knooppunt	22-29242-S
knoopsgat	20-47835-B
knop	13-55045-B
knop scheut	24-14288-B
knop toets	13-54675-B
knopen	9-30796-S,37-11578-S
knopje	11-11614-S
knorrepot mopperaar nijdas nurk zuurpruim	32-5853-S
knorrig korzelig nukkig	32-5985-S
knots knuppel	25-17619-B
knuffel	16-15735-B,32-7894-B
knuffelbeer teddybeer	26-42540-B
knuffelen	11-2026-S
knuffelen omarmen omhelzen omvangen omvatten	16-15390-S
knul	8-39251-S
knuppel	25-17619-S
knuppelslag	21-44660-B
knus plezant plezierig prettig weldadig	9-15967-S
knus sfeervol	31-45124-S
koala koalabeer koalabeertje	36-23502-B
koalabeer koalabeertje	36-23502-S
koalabeertje	36-23502-S
kobalt	1-50954-B
koblenz	25-40642-B
koddig komiek komisch lachwekkend lollig	9-53649-S
koe	17-52088-B
koe kuiken kwezel leeghoofd minkukel nitwit oelewapper oen oetlul oliebol onbenul rund schaapskop steenezel stomkop stommeling stommerd stommerik sufferd sufkont sufkut uil uilenbal uilskuiken weetniet zakkenwasser zultkop	8-64803-S
koebel	11-2322-B
koeiemelk	23-58558-B
koeioneren kwellen pesten plagen tergen	34-17093-S
koekenpan pan	33-39073-S
koekjesvorm	30-24008-B
koekoek	32-7374-B
koel koelte	9-12339-S
koel koud op een afstand terughoudend	27-9751-S
koelbloedig kordaat manmoedig onbeducht onbevreesd onversaagd onverschrokken onverstoorbaar onvervaard resoluut stoutmoedig vermetel	32-14374-S
koelbloedig onverstoorbaar rustig	31-1967-S
koelen	30-16670-S
koelen verkoelen	8-7756-S
koeling	5-5365-B
koelkast	14-49985-S
koelmiddel	5-5120-B
koelolie	2-2990-B
koelte	9-12339-S
koelte wind	6-17024-B
koeltoren	2-3017-B
koelvloeistof	13-43269-B
koelwater	2-3070-B
koen kranig moedig onverschrokken	9-28160-S
koen moedig overmoedig stoutmoedig vermetel	28-3159-S
koen onverschrokken onvervaard stoer stoutmoedig vermetel	35-66727-S
koenheid lef stoutmoedigheid	15-18478-S
koepel	22-25955-S
koepelbeleid	1-36265-B
koepelvormig	33-35408-S
koepokken	31-51188-B
koerdisch	9-0-B
koerdisch c	24-15983-B
koerier renbode	31-48467-S
koerilen	35-11066-B
koers	9-57436-B
koerspaard renpaard	32-34397-B
koestal	31-51441-B
koesteren	33-61279-B
koesteren wantrouwen	33-31435-S
koeterwaals	12-30657-B
koets	17-1981-B
koetswerk	30-48048-S
koevoet	21-33592-S
koeweit	12-4453-S,19-5300-B
koeweit staat koeweit	12-4453-B
koffer	10-70252-B
kofferbak kofferruimte	12-59395-B
kofferen	39-15255-B
kofferruimte	12-59395-S
koffie koffieplant	38-32909-B
koffie leut slemp	8-1247-B
koffie met melk	15-49859-B
koffiedik koffiedrab koffiedras koffieprut	30-55115-B
koffiedrab koffiedras koffieprut	30-55115-S
koffiedras koffieprut	30-55115-S
koffiekan koffieketel koffiepot	31-21314-B
koffieketel koffiepot	31-21314-S
koffiemolen	30-16715-B
koffiepauze	30-54969-B
koffieplant	38-32909-S
koffieplantage	29-7064-B
koffiepot	31-21314-S
koffieprut	30-55115-S
kogel	19-45938-B
kogelen lazeren mikken smijten werpen	8-70174-S
kogelgat	31-2536-B
kogellager	28-25381-B
kogelvrij	29-32332-B
koh kong	23-21069-B
kok	7-58567-B,7-58624-S,8-7693-B
koken	7-58698-B,14-7981-B,15-7192-B,19-37516-B,20-7151-B
koken zieden	12-29261-B
koker	17-35259-B
kokhalzen	25-22544-B
kokkel	19-2088-B
kokoskrab palmendief	29-32706-S
kokosnoot	17-13538-B
kokosnootmelk	21-20274-B
kokospalm	38-7761-B
kola	37-1595-B
kolen	1-50124-S
kolendamp koolmonoxide	29-42119-S
kolenmijn	35-11083-B
kolenmijn koolmijn	31-3901-B
kolentechnologie	1-50230-B
kolibrie	23-22505-B
koliek	31-2853-S
kolom	15-53899-B,26-39306-B
kolom pijler pilaar zuil	28-39447-B
kolonie	27-51303-B
kolonisatie	21-6098-B,24-13104-B
kolos	31-5537-S
kolosaal	27-52327-S
kolosaal reusachtig	34-58781-S
kolossaal	31-5342-S
kolsch	10-49703-B
kom	9-16105-S,33-40064-S
kom kom op	38-38185-B
kom op	38-38185-S
komaf oorsprong origine	13-27328-S
kombuis scheepskeuken	21-8202-B
komedie	28-39652-S,37-38027-S
komeet	18-39424-B
komen	8-57095-S,8-67033-B,10-35182-S,11-60908-S,12-37427-S,37-2819-S
komen een orgasme hebben klaarkomen	8-92077-S
komen herinneren reproduceren terughalen	8-88943-S
komen rebelleren zich verzetten	22-28419-S
komen te werk gaan verrichten	28-14395-S
komen verschijnen	14-31193-S
komend ongelegen ongemakkelijk storend	37-4564-S
komi	17-9292-B
komiek	18-8697-S
komiek komisch lachwekkend lollig	9-53649-S
komijn	30-28081-B,32-47524-B
komisch lachwekkend lollig	9-53649-S
komkommer	12-43153-B
komma	9-37734-B
kommer	4-36013-S
kommerlijk miserabel nooddruftig noodlijdend onbemiddeld	32-51433-S
kompas	9-9805-B,19-48664-B
kompel mijnwerker	31-3776-B
kompres	31-27065-B
kompres verband zwachtel	18-1142-B
kong	23-21069-S
kongo	16-38425-B
konijn	20-32596-B
koning	9-12147-B,9-12736-B
koningin	8-8558-S,8-8984-B
koningin vorstin	8-8343-B,8-8470-B
koningsmoord regicide	37-20430-B
koningsmoordenaar	37-20503-B
koningspinguin	38-30258-B
koninkrijk	12-35800-B,27-8196-S
koninkrijk cambodja	11-32649-S
koninkrijk denemarken	11-40768-S
koninkrijk der nederlanden nederland	8-22618-S
koninkrijk jordanie jordanie	11-36566-S
koninkrijk lesotho lesotho	11-48356-B
koninkrijk noorwegen noorwegen	9-64333-B
koninkrijk van groot brittannie en noord ierland	11-69296-S
koninkrijk verenigd koninkrijk van groot brittannie en noord ierland	11-69296-S
konkani	11-59104-B
konkelen	36-1186-B
kont krent reet toges zitvlak	14-41196-S
kontlikker gatlikker hielenlikker kruiper mooiprater slijmbal strooplikker vleier	18-29740-B
konvooi	10-66502-B
kooi	24-25465-B,29-32782-S,33-46411-S
kookboek	31-39343-B
kookgelegenheid	8-38944-S
kookketel	36-20771-B
kookkunst	19-36591-S,19-37416-B
kookpunt	1-33725-B
kool	1-3323-S,13-65248-B
kooldioxide koolstofdioxide koolzuurgas	1-40650-B
koolhydraat	1-39793-B
koolmijn	31-3901-S
koolmonoxide	29-42119-S
koolraap	31-41652-B
koolrabi	32-36111-B
koolstof	1-39961-B,2-16128-S,4-19037-S,6-35165-S
koolstofcyclus	1-40614-B
koolstofdioxide koolzuurgas	1-40650-S
koolstofmonoxide kolendamp koolmonoxide	29-42119-B
koolvis pollak	31-30883-B
koolwaterstof	1-11167-S,1-11395-S,3-17769-B,4-34270-S,4-34355-S
koolwaterstoffen	1-20361-S
koolzaadolie	29-26171-B
koolzuurgas	1-40650-S
koolzuurheffing	1-40796-B
koop verkrijging verwerving	4-40128-S
koopje aanbieding buitenkans occasie speciaalaanbieding	18-5522-B
koopkracht	22-23915-B
koopman	19-19323-S
koopmansgeest mercantilisme zakengeest	31-13758-S
koopvaardij	6-31339-B
koor	7-39752-B
koor zangkoor	7-39311-B
koord touw	7-26955-B
koorddanser	35-1301-S
koorts verhoging	9-17129-B
koortsig	37-17505-B
koortswerend	23-31292-B
kop	7-37100-S,37-13338-S
kop koppositie leider	7-43600-B
kop onbesuisd onbezonnen stoutmoedig	35-49178-S
kop slaan	10-7855-S
kop tas	12-29681-B
kopen	11-46390-S,37-13107-S
kopenhagen	9-48003-B
koper	2-3514-B,20-30222-S,24-26822-S
koperdraad	19-3724-B
koperen ploert zon	8-30575-B
koperkleurig	24-26904-B
kopermijn	30-25250-B
koperslager	10-69062-B
kopie	15-20685-S,15-21233-S
kopieerapparaat kopieermachine	31-40250-S
kopieermachine	31-40250-S
kopje thee	17-60941-B
koplamp	36-26457-B
koploos	23-25818-B
koppel paar paartje	31-48165-B
koppeling	36-25232-B
koppeling link schakel verband	19-15332-B
koppeling verbinding	9-54695-S
koppelteken verbindingsstreepje	32-13321-B
koppelwerkwoord	16-57093-S
koppig als een ezel	36-16921-S
koppig onbuigzaam onstuitbaar onverzettelijk standvastig stijfhoofdig stijfkoppig stug taai	32-57640-S
koppositie leider	7-43600-S
koppotigen	1-44052-B
kopschot	32-26669-B
kopstem	25-24421-S
koptelefoon met microfoon	9-56085-S
koptelefoon oortelefoon	33-38424-B
koptisch	22-11351-B,22-11424-S
koraal	2-4147-B
koraalduivel	38-17263-S
