macedonisch	9-893-B
macedonische denar	26-8385-B
maceio	30-30013-B
machiavellistisch	35-53932-S
machinatie manoeuvre	32-16307-B
machine	38-6554-B
machine industrie	3-41039-B
machine mechanisme	7-8396-B
machinegeweer mitrailleur	14-19398-B
machinevertaling	12-21782-S
macht	3-36810-S,4-32424-S,14-57323-S,18-43333-S,24-12864-B
machteloos	36-29094-B
machteloos weerloos	32-27365-B
machtigen mogelijk maken toestaan toestemmen	18-24340-S
machtigen overdragen volmachtigen	12-49328-S
machtiging volmacht	1-23522-S
machtshonger	19-37184-B,19-37305-B
machtswellust	31-15604-B
machtswortel wortel	12-14933-B
macro economie	3-41129-B
macro economische doelstelling	3-41070-B
macrocefalie	38-15411-B
macrofaag	25-20291-B
macrofyt	6-25081-B
macroscopisch	18-65878-B
madagaskar	12-9873-S
madagaskar republiek madagaskar	12-9873-B
made	36-15938-B
madeira	20-48860-B
madeliefje	20-28474-B
madonna met kind	33-9795-B
madrassa	15-19454-B
madrid	10-29763-B
madrigaal	32-16557-B
maf mesjogge zot	33-31767-S
maf zot	27-51422-S
maffen	9-36849-S
maffia	36-35181-B
magazijn	12-54032-B
magazijn pakhuis	17-52875-S
magazijn winkel	13-51480-B
magdalena	24-10729-B
magenta	27-45576-B
mager	8-53079-S
mager vetarm	19-29610-B
magere kwark	37-1239-B
magere melk	34-58512-B
magerheid schraalheid	10-70532-B
magge puitaal	17-57937-B
maggiplant manskracht processieplant sermontaine	35-19484-S
magier	14-30178-S
magier tovenaar	24-13311-S
magistraal meesterlijk	24-35886-B
magistratuur	21-44533-B
magistratuur rechterlijke macht	14-57323-B
magma	23-35947-B
magneet	25-28100-B
magneetband	3-41166-B
magnesium	12-57861-B
magnetiet	38-15718-B
magnetisch	19-18948-B
magnetisch veld	31-16937-B
magnetische flux	26-45485-B
magnetisme	3-41189-B
magnetometer	36-27149-B
magnetosfeer	23-55711-B
magnetron	36-8760-B
magnolia	26-7815-B
mahonie	36-26299-B
mail elektronische post	7-15630-S
mailadres	39-0-S
mailen	27-4258-S
main	28-19930-B
maine	15-8262-B
maine et loire	23-5537-B
mainframe	19-19602-B
mainz	36-36088-B
maiori	12-20115-B
mais	12-49698-B
maisolie	36-27390-B
maithili	27-49379-B
maitresse	35-10546-S
majestueus statig waardig	33-2427-S
majeur	19-21220-B
makelaar tussenpersoon	18-46527-S
maken	5-26989-S,11-15079-S,19-38159-S,21-1779-S,21-6747-S,22-1284-S,25-45337-S,27-20083-S,27-48444-S,29-15555-S,30-53440-S,32-12584-S,32-46537-S,33-19214-S,33-53399-S,33-58823-S,33-62010-S,38-10488-S
maken annoteren kanttekeningen maken	27-20083-S
maken beschimpen bespotten honen uitlachen	32-45266-S
maken de man	39-3230-S
maken donker worden verduisteren	33-17062-S
maken hofmakerij	20-19288-S
maken intimideren	21-16598-S
maken kruipen voor	32-46400-S
maken liquideren mollen om het leven brengen om zeep helpen ombrengen omleggen vermoorden	19-46871-S
maken ontmoedigen	17-51711-S,18-23403-S
maken op opeisen	22-20180-S
maken optimaliseren verbeteren	16-5642-S
maken produceren scheppen vervaardigen voortbrengen	13-42805-S
maken protesteren	32-37950-S
maken struikelen uitglijden	8-20133-S
maken stuk maken vernielen vernietigen verwoesten	32-51777-S
maken toerusten uitrusten	34-4315-S
maken toestaan toestemmen	18-24340-S
maken triestig maken	30-53440-S
maken van	26-37245-S
maken van gas	3-5101-S
maken verkondigen	10-2591-S
maken vernielen vernietigen verwoesten	32-51777-S
maken verrijken	33-58742-S
maken warmen	8-29669-S
maken woedend maken	33-58823-S
makkelijk moeiteloos simpel	13-24856-S
makker	25-43249-S
makker vriend	8-20598-S
makreel	20-49356-B
mal sjabloon	18-34159-B
maladiven republiek maldiven	12-9990-B
malaria	3-41257-B
malawi	12-1345-S
malawi republiek malawi	12-1345-B
malayalam	9-70455-B
maldiven	12-9990-S
maleis	9-70352-B
maleisie	12-3861-B
malen vermalen	3-9838-B
malformatie mismaaktheid misvormdheid misvorming	3-41565-B
malheur ongeluk ongeval	1-1579-S
mali	11-72330-S
mali republiek mali	11-72330-B
malicieus	14-17875-S
malienkolder	18-60230-B,18-60394-B
malkaar malkander mekaar	17-39551-S
malkander mekaar	17-39551-S
mals week zacht	11-30670-B
malta	12-1214-S
malta republiek malta	12-1214-B
maltees	9-1010-B
maltese gebarentaal	26-9389-B
maltese lira	26-9285-B
malversatie ontvreemding verdonkeremaning verduistering	34-53627-B
malware	30-17979-B
mam mama mammie mams moe moeder moederlief moesje	7-26687-S
mama mammie mams moe moeder moederlief moesje	7-26687-S
mamma mem pram tiet vrouwenborst	8-53525-S
mammectomie mastectomie	32-57830-S
mammie mams moe moeder moederlief moesje	7-26687-S
mammoet	36-26992-B
mammografie	23-53924-B
mams moe moeder moederlief moesje	7-26687-S
man	7-21514-S,15-28027-B,26-14311-S,26-29367-S,35-5461-S,39-3230-S
man mannetje	9-23185-B
man manspersoon pief vent	9-23453-S
man overboord	34-54476-B
management	1-4573-S
manche	23-5256-B
manchetknoop	32-8078-B
mand	9-20236-S
mandaat	3-41982-B
mandarijn	12-36589-B,12-41503-B
mandarijn traditioneel traditioneel chinees	27-8796-B
mandarijn versimpeld vereenvoudigd chinees	27-8626-B
mandoline	16-47437-B
mandragora	39-3736-B
manege	24-36110-B
manen	12-12423-B
manen oproepen	22-29374-S
maneschijn	14-3711-S
maneschijnsonate	14-3929-B
manga	28-48707-B
mangaan	13-17994-B
mangat	35-48742-B
mango	16-14993-B
mangoboom	16-14861-B
manicure	36-26316-B
manier toepassing	17-60997-S
manier wijze	12-37899-B
manieren uiterlijk voorkomen	14-31055-S
manifest ogenschijnlijk schijnbaar	18-3348-S
manifestant	22-41881-S
manifestatie ontstaan schepping	8-41194-S
manifestatie protestmars	32-37624-S
manifesteren	32-37539-S
maniok	16-14042-S,16-15070-S
manipulatie	3-6150-S,20-23096-B
manipulerend	33-28185-B
manisch	24-36124-B
manke	32-4985-S
mankement	30-48919-S
mankracht personeel	3-42283-S
manmoedig onbeducht onbevreesd onversaagd onverschrokken onverstoorbaar onvervaard resoluut stoutmoedig vermetel	32-14374-S
mannelijk	17-21855-B,35-35130-B
mannelijk masculien	9-23282-B
mannenhaat misandrie	30-11412-B
mannenkoor	28-56475-B
mannenlijk	33-60759-B
mannenmoed	17-58988-B
mannenstem	28-52634-B
mannequin model	12-67292-B
mannetje	9-23185-S
mannetjesgans	36-38926-S
manoeuvre	32-16307-S
manometer	36-35689-B
mans	29-19410-S
manskracht processieplant sermontaine	35-19484-S
manspersoon pief vent	9-23453-S
mantel	23-36185-S,24-37063-S
mantouxtest	32-811-B
mantsjoerse tijger noord chinese tijger oessoeritijger siberische tijger	21-12742-S
manuscript	34-47925-S
manx gaelisch	15-53017-S
manx manx gaelisch	15-53017-B
maori	11-16560-B
map	18-26227-S
maquis	6-25928-B
marathi	9-70672-B
marathon	21-12557-B
marburgvirus	30-19855-B
marchanderen	18-5684-S
marcheren	22-26343-B
marconist	15-34942-B
margarine	36-27175-B
marge randgebied	14-65266-S
marginalisering	20-33099-B
mari el	17-9413-B
maria	12-43759-B,12-44014-B,12-44169-B,25-2677-S
maria lichtmis	38-26449-S
maria maria	25-2677-S
maria tenhemelopneming onze lieve vrouw hemelvaart	23-22013-B
marianen	22-41768-S
marien park	6-23813-B
marien reservaat	3-43537-B
mariene biologie	3-43163-B
mariene ecologie	3-43283-B
mariene ecosysteem	3-43316-B
mariene fauna	3-43416-B
mariene geologie	3-43470-B
mariene milieu	3-43388-B
marihuana	19-9886-B
marine zeemacht	19-2517-B
marino	12-24512-S,31-37770-S
mariologie	38-26280-B
marionet	14-63385-B
maritime	22-47642-S,23-9933-S
maritimes	22-45613-S
marjolein	31-50251-B
markant opvallend prominent	10-61134-B
marker	10-55219-B
markeren tonen	24-31782-S
market	9-42295-S
marketing	3-43831-B
markgraaf markies	27-34513-B
markies	27-34513-S
markies zonnescherm zonnetent	28-19940-S
markov keten markovketen	15-45361-B
markovketen	15-45361-S
markovproces	15-45310-B
markt	2-38846-S,3-43707-B,7-9072-S,18-49597-S
markt van productiefactoren	2-36241-B
markteconomie	3-43781-B
marktgewas	1-42194-B
marktkraam	19-45732-S
marktleider	28-30439-B
marktonderzoek	3-43851-B
marktpenetratie	18-51674-B
marktprijs	7-9393-B
marktstudie	6-29068-B
marktvorm	3-43811-B
marktwaarde	19-17571-B
marmara	26-8061-S
marmer	3-42907-B
marmot	32-42756-B
marne	23-5666-B,23-5840-S,23-10005-S,23-13250-S,23-18809-B
marokkaan	26-20120-B
marokko	12-1164-B
marqueterie	21-12675-B
mars	13-4142-B,13-4261-B,20-23195-B,20-23239-B,38-1783-S
mars van mars	38-1783-B
marseille	23-22485-B
marsepein	32-31875-B
marshallees	27-31389-B
marshalleilanden	12-27095-S
marshalleilanden republiek der marshalleilanden	12-27095-B
marsmannetje	16-39222-B
martelaar	35-35965-B,35-36148-B
martelares	35-36220-B
martelen	28-56018-S
martelen pijnigen plagen	29-22886-S
marteling	28-55831-B
marterachtigen	4-8878-B
martinique	18-3738-B
marxisme	14-33982-B
maryland	15-8346-B
mascara	36-27529-B
masculien	9-23282-S
maser	38-34004-B
maseru	22-39369-B
mason dixon lijn	23-21136-B
masqat	19-5236-B
mass index queteletindex	27-7561-S
massa	6-29304-S,12-1643-B,16-31624-B
massa menigte meute myriade schare	14-31780-S
massaal	8-36077-S
massachusetts	15-8435-B
massagetal	26-51314-B
massagraf	21-41-B
massale vlucht	35-49061-B
massamedia	3-43992-B
massamoord	37-1937-B
massamoordenaar	37-2044-B
massaslachting moordpartij	20-21399-S
masse in groten getale in hordes massaal	8-36077-S
massief	23-50000-S
mast	38-31455-B
mastectomie	32-57830-S
mastkorf	14-1943-S
masturbatie onanie zelfbevrediging	14-47793-B
mat	24-38435-S
matchen overeenkomen overeenstemmen sporen	10-34799-S
mate zo zodanig zozeer	36-12347-S
materiaal	3-44173-B,5-11972-S,7-18810-S
materiaalkennis	4-0-B
materiaalkunde	12-26656-B
materiaalsterkte	5-34377-B
materiaaltechnologie	7-8308-B
materialen	3-44286-S
materialisme	36-35349-B,36-35376-B
materie	11-36922-S,11-66079-B
mathemaat mathematicus wiskundige	15-30105-B
mathematica mathesis wiskunde	14-21099-B
mathematicus wiskundige	15-30105-S
mathematisch wiskundig	15-1346-B
mathesis wiskunde	14-21099-S
mathilda mathilde	28-19416-B
mathilde	28-19416-S
matig	25-47736-B
matig redelijk schappelijk tamelijk	8-15587-S
matigen	20-19085-S
matje	15-52302-S
mato grosso do sul	23-30388-B
matras	36-26639-B
matriarchaat	14-29150-B
matrilineariteit	33-62337-B
matrilokaliteit	37-3757-B
matrix	20-49201-B
matroos	13-57318-B
matten strijden vechten	8-60412-S
maturiteit rijpheid volwassenheid	21-45224-B
mauretanie	11-47372-B
mauritanier	36-35725-B
mauritius	12-2402-B
mausoleum	21-12579-B
maximum	28-48667-B
maximumconcentratie	4-72-S
maximumimmissie	4-113-S
mayenne	23-6026-B
mayonaise	21-36529-B
mayotte	22-27616-B
mazelen	32-39639-B
mazzelaar	34-56306-S
me mij	9-47350-B,21-42649-B
me niet	20-42948-S
me sorry	13-56747-S
mean cheay	23-16248-S
meancheay	23-21785-S
mechanica	18-40497-B
mechanica statistische thermodynamica	27-3242-S
mechanicien mechanicus monteur	38-33638-B
mechanicus monteur	38-33638-S
mechaniek mechanisme	25-14752-B
mechanisch mechanische	12-17660-B
mechanisch potlood vulpotlood	38-13215-B
mechanische	12-17660-S
mechanische paardenkracht paardenkracht pk	36-34637-B
mechanisme	7-8396-S,25-14752-S
mechanisme van antikythera	23-32093-B
mechatronica	36-39406-B
mechelse herder	37-30027-B
mecklenburg voor pommeren	16-69328-B
meconium	38-15253-S
medaille	12-8901-S,30-53130-S,30-53286-S,34-44750-B,37-8834-S
medaille ordeteken	35-48544-S
mede	16-41680-B
mede ook tevens zowel	8-10413-S
mededeelzaam spraakzaam	31-18368-S
mededelen aankondigen afkondigen annonceren bekendmaken melden	11-27059-B
mededeling	19-21050-S
mededeling van risicogegevens	5-8705-B
mededingen meedingen rivaliseren wedijveren	31-24647-S
mededinger rivaal tegenstander	30-33091-S
medeklinker	16-42380-S,16-42575-S
medeleven	31-14108-S,31-29889-S
medeleven pieta	20-36805-S
medelijden betuigen meevoelen sympathiseren	17-50983-B
medelijden compassie erbarmen medeleven pieta	20-36805-B
medelijdend meelevend	31-22125-B
medellin	19-20946-B
medeondertekenen	31-47191-S
medeplichtige	15-3091-B
medeplichtigheid	31-25189-B
medeschuldenaar	3-31661-B
medestander	17-62847-S
medewerkers personeel staf	8-11618-B
media	1-23482-S,30-46768-B
mediaan	15-4849-B
medicament medicijn	8-41607-S
medicatie	36-28461-B
medicijn	8-41607-S
medio campidano	23-21657-B
medisch	19-19089-B
medische fysica	27-2948-B
meditatie	21-43741-B
meditatie overdenking overpeinzing	31-35185-S
mediterraan	19-19350-B
mee	20-37236-S
meebrengen tot gevolg hebben veroorzaken	33-59170-S
meedelen	25-41542-S
meedingen rivaliseren wedijveren	31-24647-S
meedoen participeren	19-45434-S
meedogenloos onbarmhartig ongenadig onmeedogend ontoegeeflijk onverbiddelijk onvermurwbaar overdreven streng streng	33-36064-S
meedogenloos onmeedogend	34-16831-S
meedogenloosheid	34-16953-S
meegaan meelopen vergezellen	22-37417-S
meegaand toegeeflijk toegevend volgzaam	24-22516-S
meegaand toegevend	35-18025-S
meegaand volgzaam	27-13602-S
meegaandheid toegeeflijkheid volgzaamheid	33-33955-S
meel	9-39257-S
meeldauw	24-37377-B,38-34909-S
meelevend	31-22125-S
meelopen vergezellen	22-37417-S
meenemen	10-36496-S
meent	18-42822-B
meer	3-32841-B,20-31710-S
meerbekken	3-32786-B
meerdere doeleinden wordt gebruikt	4-5243-S
meerderheid merendeel	19-15200-B
meerderjarigheid	31-28666-B
meerduidig	11-38278-B,17-40355-S
meerduidigheid	31-37483-B
meerkleurig polychrome	34-44526-B
meerkoet	36-39507-B
meermaals meermalen menigmaal menigvuldig vaak veelvuldig	11-22277-S
meermalen menigmaal menigvuldig vaak veelvuldig	11-22277-S
meermin sirene zeemeermin	19-9632-B
meerpaal	29-21361-S
meertalig polyglot	37-34040-B
meertalige polyglot talenkenner veeltalige	37-35110-B
meertouw scheepskabel streng tros	34-2390-S
meerval	29-46534-S
meervervuiling	3-32807-B
meervoud	17-27367-B
mees	31-1381-B
meeslepend pakkend spannend	33-57793-S
meestal	28-28541-S
meestal meestentijds normaal normaliter over het algemeen veelal	12-7690-S
meestentijds normaal normaliter over het algemeen veelal	12-7690-S
meester	17-46817-S
meesterlijk	24-35886-S
meesterlijk volleerd volmaakt	26-17198-S
meesterschap	24-35859-B,25-138-S
meesterwerk	20-29664-B
meetellen niet toelaten uitsluiten	20-24827-S
meetinstrument meettoestel	6-21656-B
meetkunde	14-23786-S
meetkundige rij	15-1849-B
meettechniek	4-5701-B
meettoestel	6-21656-S
meeuw	16-64306-B
meevoelen sympathiseren	17-50983-S
meewerken	22-37881-S
meewerkend voorwerp object	17-53587-S
megabyte	19-15093-B
megafauna	38-29468-B
megafoon	30-17504-B
megalomaan	16-31091-B,33-20460-B,33-20524-B
megalomanie	16-31185-S
megalopolis	38-15636-B
megapixel	38-2503-B
megawatt	27-36160-B
megleno roemeens	22-13795-B
mei	10-15006-B
meid meisje meiske	9-63873-S
meidoorn	21-14916-B
meikever	22-26798-B
meikeversoep	23-29814-B
meineed	10-66696-B
meiose	21-939-B
meisje meiske	9-63873-S
meisje schat vlam vriendin vrijer	8-21148-S
meisje vriendin	11-6715-B
meisjesschool	38-3777-B
meiske	9-63873-S
meitnerium	13-21223-B
mejuffrouw	8-81233-S
mekaar	17-39551-S
mekka	16-68266-B
melaats	35-3802-S
melaatsheid	35-4297-S
melancholie neerslachtigheid zwaarmoedigheid zwartgalligheid	15-35239-S
melancholisch	36-26655-B
