meridional french	45-73804-B
meringue cake	23-13955-B
meristem	9-18589-B
merit	20-11845-S,27-18285-B
meritocracy	23-14053-B
mermaid	19-66903-B
meromictic lake	43-72726-B
meronym	15-38121-B
merovingian	37-35971-B
merovingians merovings	37-35730-B
merovings	37-35730-S
merrily mirthfully with happiness	38-61240-S
merry	19-70950-B,33-28398-S
merry christmas	16-71454-B
merry christmas and a happy new year	17-1480-B
merry go round	46-48619-S
mesenteric	45-58619-B
mesoamerican river turtle	45-33227-S
mesophyte	45-58406-B
mesopotamia	24-20622-B
mesosphere	33-27474-B
mesospheric cloud	43-14582-S
mesozoic	34-3725-B
mespil snowy mespilus	46-74137-S
mespilus	46-74137-S
mess messiness muss mussiness	20-8486-S
message	38-20817-S,45-43069-S
message in a bottle	20-7506-B
message note piece of information	20-11910-S
message subject matter	23-18489-S
messenger	23-10628-B
messenger rna	24-21885-S
messidor	26-39620-B
messiness muss mussiness	20-8486-S
mest middle european summer time	42-55600-S
metabolic	25-77459-B
metabolic pathway	30-26030-B
metabolism	3-96025-B
metabolite	3-96402-B
metabolize	47-57457-B
metacarpus	46-41527-B
metal	2-56083-S,2-56264-S,3-25426-S,3-96762-B,4-23080-S,4-23352-S,5-21319-S,5-28228-S,5-87721-S,5-92645-S
metal alkaline metal	2-56083-S
metal oxide	3-96576-B
metal plating	3-96682-B
metal triel	2-56484-S
metal waste	6-92605-B
metal worker	23-15121-B
metalanguage	23-10690-B
metallic	24-1782-B
metallic mineral	3-96476-B,4-23223-S
metallophone	16-59265-B
metallurgic industry	19-10401-B
metallurgy	12-41733-B
metamfetamine meth methylamphetamine tik tina tweak	46-76067-S
metamodel	42-66699-B
metamorphism	38-12746-S
metamorphose transfigure transmogrify	42-47694-B
metamorphosis	27-28470-B,27-28599-B,27-28767-B
metaphor	16-71145-B
metaphorically	42-33536-B
metaphysical	42-12153-B
metaphysics	22-47200-B
metastasis	22-9471-B
metastasis metastatic tumor secondary tumor	37-6703-B
metastasize	37-6318-B,37-6513-B
metastatic tumor secondary tumor	37-6703-S
metatarsal bone	44-67914-B
metatarsal bones metatarsus	44-67495-B
metatarsus	44-67495-S
mete	11-59137-S
meteor falling star shooting star	15-1176-B
meteor shower	29-31458-B
meteorite	15-1015-B
meteorologic	47-7988-S
meteorological forecasting weather forecast	3-96952-B
meteorological meteorologic	47-7988-B
meteorologist	16-51518-B
meteorology	3-97489-B
meter	41-10848-S,46-7331-S
meter sphygmomanometer	44-13968-S
meth desoxyephedrine ice metamfetamine meth methylamphetamine tik tina tweak	46-76067-S
meth methylamphetamine tik tina tweak	46-76067-S
methamphetamine speed s n methyl 1 phenylpropan 2 amine n methyl 1 phenylpropan 2 amine n methylamphetamine crystal crystal meth desoxyephedrine ice metamfetamine meth methylamphetamine tik tina tweak	46-76067-S
methane methyl hydride	3-97676-S
methane series paraffin alkane	1-23590-S
methanol carbinol methyl alcohol wood alcohol wood naphtha wood spirit	22-47333-B
method	1-29228-S,2-13722-S,2-25938-S,3-54599-S,5-75132-S
method process way	7-276-B
methodical	22-63235-B
methodology	3-97956-B
methoxytryptamine melatonin	47-3336-S
methyl 1 phenylpropan 2 amine n methyl 1 phenylpropan 2 amine n methylamphetamine crystal crystal meth desoxyephedrine ice metamfetamine meth methylamphetamine tik tina tweak	46-76067-S
methyl 1 phenylpropan 2 amine n methylamphetamine crystal crystal meth desoxyephedrine ice metamfetamine meth methylamphetamine tik tina tweak	46-76067-S
methyl alcohol wood alcohol wood naphtha wood spirit	22-47333-S
methyl hydride	3-97676-S
methyl vanillin	32-28066-S
methylamphetamine crystal crystal meth desoxyephedrine ice metamfetamine meth methylamphetamine tik tina tweak	46-76067-S
methylamphetamine tik tina tweak	46-76067-S
methylation	46-29148-B
methylpropyl phenyl propanoic acid ibuprofen isobutylphenyl propionic acid	44-65356-S
meticulous painstaking scrupulous	35-19065-S
metric horsepower	42-44101-S
metric ton tonne	34-327-S
metrication metrification	16-11597-B
metrification	16-11597-S
metrology	6-76349-B
metronome	23-10934-B
metropolis	3-98061-B
metropolitan	21-0-B,21-148-B
metropolitan area	28-8922-B
mett	33-17545-B
metz	25-7262-B
meurthe et moselle	24-54682-B
meuse	24-54907-B,25-5587-B
mexican	15-77134-B,15-77211-B
mexican lion brown tiger catamount cougar deer tiger ghost cat king cat mountain lion mountain screamer painted cat painter panther puma red lion red panther red tiger silver lion sneak cat	11-65609-S
mexican redknee tarantula	24-27414-B
mexican salamander	42-61846-S
mexican states	12-41018-S
mexico	12-36404-S,15-16341-S
mexico city	10-80919-B
mexico united mexican states	12-41018-B
mezzanine entresol	22-47630-B
mfi mi melt flow index melt flow index melt index	45-56789-B
mhg middle high german	27-2053-B
mi melt flow index melt flow index melt index	45-56789-S
michigan	15-14785-B
mickey mouse	14-64081-B
micro cook microwave nuke zap	41-32715-B
microbiological analysis	3-98251-B
microbiology	3-98420-B
microblog	44-64994-B
microblogging	44-65085-B
microcephaly	33-58497-B
microclimate	3-98589-B
microclimate effect	3-98752-B
microclimatology	3-98931-B
microcomputer	3-99212-B
microcredit	14-29602-B
microecosystem	3-99490-B
microelectronics microminiaturization microsystem electronics	3-100037-B
microevolution	38-32651-B
microfiltration	3-100366-B
microfinance	46-23215-B
microfluidics	38-58426-B
microgram	44-42621-B
microminiaturization microsystem electronics	3-100037-S
micron	22-56297-B
micronation	15-51653-B
micronesia	12-24405-S
micronesia micronesia	12-24405-S
microphone	22-56432-B
micropollutant	3-100531-B
microscope	19-44752-B
microscopy	4-0-B
microsecond	15-59854-B
microsleep	46-17233-B
microstate	19-57129-B
microsystem electronics	3-100037-S
microwave	4-171-B
microwave nuke	41-32478-S
microwave nuke zap	41-32715-S
microwave oven microwave nuke	41-32478-B
micturate pee piss tinkle urinate wee	13-4491-S
mid life crisis midlife crisis	46-65600-B
midday noon	36-5054-B
middle	9-46064-S
middle ages	43-76197-S,43-76578-S,43-76949-S
middle class	46-46358-B
middle dot space dot	41-4731-S
middle ear	46-41069-B
middle ear infection	41-76790-S
middle east	10-75679-B
middle english	16-26447-B
middle european summer time	42-55600-S
middle finger tall finger tall man	10-49677-S
middle french	27-7277-B
middle high german	27-2053-S
middle irish	23-41137-B
middle low german	46-32483-B
middle man middleman	19-12083-S
middle manager	22-33985-B,27-12292-B
middle school	47-16416-B
middleman	19-12083-S
midget	12-26069-B
midget petite	23-26178-S
midi pyrénées	25-908-B
midlife crisis	46-65600-S
midnight	16-58911-B
midriff thoracic diaphragm	33-16395-B
midsummer	11-74033-B
midsummer men orphan john orpine witch s moneybags	47-22556-S
midway halfway	37-61212-B
midwife	16-5986-B,16-6386-B
mie goreng	46-13688-B
mien	14-39180-S
migraine	10-1748-S
migrant	14-39372-B,40-11584-B,40-11773-B
migration	4-430-S,5-23542-S,7-17718-S,11-48967-B
migration into cities rural exodus	19-5765-B
migratory bird emigrant bird	4-578-B
migratory fish	6-45767-B
migratory species	4-664-B
mikado tenno	44-71464-B
milan	22-65263-B
mildew	27-18720-B,46-47286-S
mile	13-52520-B
milestone	15-8542-B
milia	42-49772-B
militarism	42-52606-B
military	1-40515-S,20-47556-B
military air traffic	4-783-B
military camp	7-18565-B
military equipment	7-7582-B
military service national service	43-4510-S
military zone	4-875-B
militia	20-10301-B
milk	1-69855-S,4-1036-B,22-38487-S,26-2935-S,26-5809-S,34-66240-S,35-51429-S,39-21493-S,39-21649-S,39-21791-S,41-18098-B,45-40972-S,45-41151-S
milk cheese	39-21927-S
milk chocolate	34-27142-B
milk cow s milk	26-2935-S
milk farmer	32-61633-S
milk froth steamed milk	35-51429-B
milk full fat milk unskimmed milk whole milk	39-21493-S
milk powdered milk	34-66240-S
milk sheep s milk	26-5809-S
milk skimmed milk	39-21649-S
milk soymilk	42-29166-S
milk sugar	33-60390-S
milk teeth primary teeth reborner teeth temporary teeth	46-770-S
milk tooth milk tooth primary tooth temporary tooth	46-1060-S
milk tooth primary tooth temporary tooth	46-1060-S
milk unskimmed milk whole milk	39-21493-S
milk whole milk	39-21493-S
milkless	36-62779-B
milkshake	17-27639-B
milky way	19-38444-S
mill	4-1459-B,6-83072-S,31-21308-S,33-10916-S,33-37179-S
mill gigerium gizzard ventriculus	19-60066-S
mill plant manufactory manufacturing plant	16-6535-S
millage tax property tax	7-1203-S
millennia	18-54027-S
millennium	11-43058-B
miller	29-47726-B
millet	16-40555-B
milligram	44-42401-B
milliner	42-59552-S
million	11-69158-B,12-1398-S,46-54420-S
million bucks feel like a million dollars	44-76240-S
million dollars	44-76240-S
millionaire	42-45045-B
millionth	37-23848-B
millipede	22-28467-B
millisecond	15-59796-B
milquetoast	8-3088-S
milwaukee	20-11768-B
mim taamim	25-50643-S
mimesis	43-25239-B
mimetic	41-85193-B
mimosa	42-37703-S
min	11-62312-S
min nan min nan minnan southern min	11-62312-S
min nan minnan southern min	11-62312-S
minaean madhabic	45-30017-B
minaret	14-75631-B
minas gerais	25-23766-B
mince	46-27279-B
mince ground beef	33-17742-S
mince meat minced meat	33-17321-B
minced meat	33-17321-S
minced pork	33-17890-S
mincer	33-10257-S
mind	9-34109-S,32-25601-S
mind intellect reason wit	9-13644-S
mind look see take care	30-68556-S
mind narrow minded narrowminded small minded	47-5973-S
mind object to trouble	43-68111-S
minded	26-47137-S,32-53029-S,47-5973-S
minded absent	15-406-S
minded closed minded hidebound myopic narrow minded narrow of mind narrow minded narrowminded small minded	47-5973-S
minded hidebound myopic narrow minded narrow of mind narrow minded narrowminded small minded	47-5973-S
minded narrow of mind narrow minded narrowminded small minded	47-5973-S
minded narrowminded small minded	47-5973-S
mindedness	42-29447-S
mine	4-1531-B,33-55485-S,33-55606-S,33-55723-S,39-43570-S,39-43705-S
mine coalmine	39-43442-S
mine gold mine goldmine	33-55355-S
mine goldmine	33-55355-S
miner collier	34-46408-S
mineral	3-96476-S,4-1992-B,4-23223-S
mineral conditioner	6-63238-B
mineral deposit	4-1647-B
mineral oil	6-93064-S
mineral waste	6-92757-B
mineral water	4-2218-B
mineralogy	4-1854-B,5-48139-S
minesweeper	42-45164-B,42-45414-B
mingrelian megrelian	23-39734-B
minh city sign language	28-32000-S
mini skirt miniskirt	26-41906-B
minimal	34-18240-B
minimal pair	40-26449-B
minimizer bra	43-74272-B
mining	1-101674-S,3-74711-S,4-37552-S,4-79586-S,5-66754-S,7-24728-B,7-37997-S,9-65267-S,25-26468-S
mining district	4-2408-B
mining engineering	4-2539-B
mining geology	4-2748-B
mining industry	4-2894-B
mining opencast mining	4-37552-S
mining openpit mining strip mining	5-66754-S
mining regulation	4-3163-B
mining strip mining	5-66754-S
minion	41-43964-B
miniskirt	26-41906-S
minister	12-41515-B,18-43580-S,42-53786-S
ministers	2-45863-S
ministration relief	13-71454-S
ministry	4-3392-B
mink coat	32-11162-B
minnan southern min	11-62312-S
minnesota	15-14959-B
minnow	12-76406-B,12-76507-S
minnow minnow	12-76507-S
minoan eruption	21-70367-B
minor	28-64840-B,29-29930-S,47-9193-S
minor outlying islands	24-41726-S
minority	4-3726-B
minority language	22-6270-B
minotaur	22-52703-B
minsk	14-70327-B
mint spearmint	46-44488-S
mint syrup	41-82986-B
mint tea peppermint tea	22-43533-B
minuet	14-75607-B
minuscule	21-52638-S
minuscule insignificant	14-10430-B
minute	8-13422-B,13-3733-B
minute when	19-27612-S
minutes	18-53423-S
minutes offence report	20-15805-B
miquelon	24-62952-S
mir	34-62571-B
mirage	22-2477-B
miranda do douro	23-46142-S
mirandese miranda do douro	23-46142-B
mirror	10-73784-S,22-36874-S,34-55412-S,42-5065-S,42-5430-S
mirror exterior mirror exterior rear view mirror exterior rear view mirror exterior rearview mirror outside mirror outside rear view mirror outside rear view mirror outside rearview mirror side mirror side view mirror wing mirror	42-5430-S
mirror exterior rear view mirror exterior rear view mirror exterior rearview mirror outside mirror outside rear view mirror outside rear view mirror outside rearview mirror side mirror side view mirror wing mirror	42-5430-S
mirror exterior rear view mirror exterior rearview mirror outside mirror outside rear view mirror outside rear view mirror outside rearview mirror side mirror side view mirror wing mirror	42-5430-S
mirror exterior rearview mirror outside mirror outside rear view mirror outside rear view mirror outside rearview mirror side mirror side view mirror wing mirror	42-5430-S
mirror inside rear view mirror inside rear view mirror inside rearview mirror interior mirror interior rear view mirror interior rear view mirror interior rearview mirror	42-5065-S
mirror inside rear view mirror inside rearview mirror interior mirror interior rear view mirror interior rear view mirror interior rearview mirror	42-5065-S
mirror inside rearview mirror interior mirror interior rear view mirror interior rear view mirror interior rearview mirror	42-5065-S
mirror interior mirror interior rear view mirror interior rear view mirror interior rearview mirror	42-5065-S
mirror interior rear view mirror interior rear view mirror interior rearview mirror	42-5065-S
mirror interior rear view mirror interior rearview mirror	42-5065-S
mirror interior rearview mirror	42-5065-S
mirror inverted	24-15170-B
mirror outside mirror outside rear view mirror outside rear view mirror outside rearview mirror side mirror side view mirror wing mirror	42-5430-S
mirror outside rear view mirror outside rear view mirror outside rearview mirror side mirror side view mirror wing mirror	42-5430-S
mirror outside rear view mirror outside rearview mirror side mirror side view mirror wing mirror	42-5430-S
mirror outside rearview mirror side mirror side view mirror wing mirror	42-5430-S
mirror rear view mirror rear view mirror rearview mirror	34-55412-S
mirror rear view mirror rearview mirror	34-55412-S
mirror rearview mirror	34-55412-S
mirror shop	46-3257-B
mirror side mirror side view mirror wing mirror	42-5430-S
mirror side view mirror wing mirror	42-5430-S
mirror wing mirror	42-5430-S
mirthfully with happiness	38-61240-S
misandry	33-30520-B
misanthrope misanthropist	16-41886-B
misanthropist	16-41886-S
misanthropy	22-32749-B
misapprehend misconceive misconstrue misinterpret misunderstand	37-33566-S
misapprehension misconception misunderstanding cross purpose	17-77001-B
misappropriation peculation	39-16416-S
miscarriage spontaneous abortion	31-63110-B
miscegenation crossbreeding interbreeding	42-26084-B
miscellany	26-50400-B
mischivous ranting wild	11-73307-S
miscibility	4-3848-B
misconceive misconstrue misinterpret misunderstand	37-33566-S
misconception misunderstanding cross purpose	17-77001-S
misconstrue misinterpret misunderstand	37-33566-S
misdemeanor misdemeanour violation	41-61456-S
misdemeanour violation	41-61456-S
miser cheapskate niggard	33-22186-B
miserliness niggardliness parsimony penuriousness stinginess	44-14187-S
misfire	19-20734-B
misinterpret misunderstand	37-33566-S
miso	33-30739-B
misogamy	33-30618-B
misogynist	16-41702-B
misogynous	38-30825-B
misogyny	33-30386-B
misplace	47-64480-B
misread	37-33298-B
misread mistake misapprehend misconceive misconstrue misinterpret misunderstand	37-33566-B
miss	8-64915-B,8-65012-B,18-5068-B,45-69233-B
miss need being short being shy	12-43075-S
missile	19-71646-B,23-15818-S
missile surface to surface missile	23-15818-S
missing	38-45428-B
missing link	12-74474-B
mission embassy	20-35127-S
missionary	22-52863-B
mississippi	15-15135-B
mississippi mississippi river	29-24546-B
mississippi river	29-24546-S
missouri	15-15303-B
misspell respell spell	17-16348-B
mist	2-101711-B
mistake	7-79849-S,44-62681-S
mistake misapprehend misconceive misconstrue misinterpret misunderstand	37-33566-S
mistaken unsound	29-30952-S
mister	13-20050-B
mister mr mr	45-38603-B
mistral	22-28122-B
mistress	41-19970-B
misty	17-87201-S
mistype	34-35929-B
misunderstand	37-33566-S
misunderstanding cross purpose	17-77001-S
misuse pervert	32-13980-S
miswrite	34-35825-B
mite	4-4073-B,37-53671-S
mithilakshar	30-61204-B
mitigate relieve	13-27247-S
mitigation measure	4-4514-B
mitochondria mitochondrion	21-13735-B
mitochondrial	38-47200-B
mitochondrial dna mtdna	38-11432-B
mitochondrion	21-13735-S
mitosis	22-9318-B
mitral valve	46-56808-S
mitt	45-45319-S
mitten	17-35901-B
miwok	27-35690-S
mix	13-31995-B
mix amalgamate blend coalesce combine commingle conflate flux fuse immix meld	34-58922-S
mix up	17-49233-S
mixed forest mixed woodland	7-21479-B
mixed up	32-17970-S
mixed use area	4-4695-B
mixed woodland	7-21479-S
mixedcase polycaps camel caps camel case camelback medial capitals	20-36920-S
mixer	10-63957-S
mixer concrete mixer	10-63957-S
mixing	4-4888-B
mixing console soundboard	21-47618-B
mixture	3-6863-S,12-19480-B
miyako	23-44017-B
mizzle	18-21796-S
mlahsô	37-69936-B
mm	13-9541-B
mm multiple myeloma plasma cell myeloma	25-76170-S
moai	39-38442-B
mob riffraff	32-42675-B
mobile home	4-4983-B
mobile telephone	8-31669-S
mobile telephony	19-46946-B
mobilisation	38-49626-B
mochi rice pearl rice sticky rice sweet rice waxy rice	36-37774-S
mock ridicule	36-50018-S
mock strawberry	34-25875-S
modal adverb	17-60537-B
modal preposition	17-68802-B
modal verb	17-58594-B
model	1-44847-S,2-30876-S,4-5212-B,11-69564-B,11-72557-S,12-78303-S,19-61352-B,34-42762-S,38-38674-S
modem	19-55696-S,20-12337-B,26-27356-S
moderate	11-69501-B,18-62235-B,27-6644-B
moderate oneself refrain oneself repress oneself restrain oneself	27-27861-S
modern	9-13454-B,18-4185-S,46-25533-S
modern drachma	45-8816-S
modern greek drachma modern drachma	45-8816-S
modern irish	23-41269-S
modern irish written	23-41325-S
modern language	32-18654-S
modern mandaic neo mandaic	37-70930-S
modern standard arabic	20-19084-B
modernist	22-52963-B
modest	17-81180-B,31-6885-B
modestly	45-57830-B
modification	3-9732-S,6-23427-S,7-63382-S,18-34615-S,18-36964-B
modified organism	7-23776-S
modify	7-63251-S
modulus	47-31764-S
moebius syndrome möbius syndrome	44-72327-B
mogadishu	19-48728-B
mohawk	27-35969-B
moiety	17-78844-S
moisten	37-23975-S
moisture	4-5336-B,5-48312-S
moka pot	12-74755-S
moke jade nag	44-40980-B
molar	19-28171-B
molasse	22-53087-B
molasses treacle	22-53235-B
