besser ein spatz in der hand als eine taube auf dem dach der spatz in der hand ist besser als die taube auf dem dach lieber der spatz in der hand als die taube auf dem dach	44-66604-S
besser werden	14-52738-B
bessere ist des guten feind	47-5185-S
besserwisser neunmalkluger rechthaber schlauberger schlaumeier	16-73658-S
besserwisserisch	17-3047-B
bestaendig fortdauernd fortwaehrend kontinuierlich pausenlos permanent staendig unablaessig unausgesetzt ununterbrochen	18-52911-S
bestaendigkeit	35-20332-B
bestaendigkeit stetigkeit unveraenderlichkeit	38-43886-B
bestaetigen	18-9609-B
bestaetigung	29-39906-B,34-7415-B
bestaeuben	27-18795-B
bestaeubung	46-44176-B
bestandsaufnahme inventur	5-64569-B
bestatter bestattungunternehmer	16-25848-B
bestattung grablegung	18-3823-S
bestattung leichenbegaengnis	12-73615-S
bestattungsinstitut	23-29516-B
bestattungsurne urne	22-6867-B
bestattungunternehmer	16-25848-S
beste	14-52295-S
beste bester	12-63820-S
beste die beste	14-52295-S
bestechen kaufen schmieren	22-28730-B
bestechung korruption	32-51394-B
bestechungsgeld	22-28294-S
besteck essbesteck	46-27662-B
bestehen	21-23391-B,31-2641-B,34-51967-B
bestehen dasein existenz	38-40580-B
bestehend	38-40664-B
besteht aus	31-37411-B
besteigung	30-46535-S
besten beste bester	12-63820-S
bester	12-63820-S
besternt gestirnt sternenbedeckt sternenuebersaet	26-8279-S
bestes geben sein bestes tun sein moeglichstes tun	43-18809-S
bestes tun sein moeglichstes tun	43-18809-S
besteuerung	5-74472-B
bestialisch	32-4180-B
bestie	32-820-B
bestimmbar ermittelbar feststellbar	30-46924-B
bestimmen	25-16241-S,36-60208-B
bestimmt	21-39644-B,30-57673-B
bestimmt gewiss	12-58620-B
bestimmt gewiss sicher sicherlich	32-45479-S
bestimmter artikel	17-6234-B
bestimmtes zahlwort	17-6830-B
bestimmung	18-75024-B
bestimmungsmethode	2-25938-B
bestimmungsort ziel	18-66060-B
bestirnt besternt gestirnt sternenbedeckt sternenuebersaet	26-8279-S
bestmoeglich	18-6551-B
bestockung	5-64358-B
bestrahlung	3-57859-B
bestrebung	30-53547-B
bestreiten	19-42331-B
bestrumpft	39-65144-B
bestseller	32-25181-B
bestuerzt	28-63462-B
bestuerzung	35-20414-B
bestuerzung entsetzen erschuetterung	36-3321-B
besuch	8-29715-B
besuchen	8-29653-B,30-68143-B
besucher	20-27053-B
besudeln verdrecken versauen verunreinigen	18-21284-S
beta carotin	31-42418-B
betaeuben	22-34117-S
betaeuben narkotisieren	30-16309-S
betaeubungsmittel	30-15447-B
betagt	7-53127-S
betastrahlung β strahlung	1-54458-B
betaversion	32-15633-B
bete rote ruebe	44-39495-S
beteigeuze	31-27274-B
beteiligen	20-49678-S
beteiligung	5-42364-S
betel betelpfeffer	46-23323-B
betelpfeffer	46-23323-S
beten	37-0-B
beteuern	30-57066-B
betlehem	16-36584-B
betoeren	32-10433-B
betoerend	32-10492-B
beton	2-319-B,16-4347-S
beton bewehrter beton	16-4347-S
betonen	27-14374-B
betonieren	16-3267-B
betonmaschine betonmischer	10-63957-B
betonmischer	10-63957-S
betonung	17-35770-S
betrachten	9-60528-S
betrachten bewundern	26-45837-B
betrachtung	35-21831-B
betrachtungsweise blickwinkel gesichtspunkt perspektive sichtweise standpunkt	40-16840-S
betraechtlich erheblich	30-37680-B
betrag	18-16239-B,22-19602-B
betragen	13-29602-S
betragen ergeben	43-65153-S
betragen verhalten	14-5502-S
betreffen	12-15538-B,22-40922-B
betreiber	34-7949-B
betrieb	2-69585-S,8-6855-S,9-59753-B,19-7510-S
betrieb firma unternehmen	2-94963-B
betrieben durch	29-63651-S
betriebs	20-50192-B
betriebssystem os	20-66265-B
betriebsvermoegen	18-45239-B
betriebswasser	4-85694-B
betriebswirtschaft	7-37613-B
betroffen entgeistert	37-30595-B
betrueben	34-34684-S,34-34772-S
betrueblich	17-27001-S
betruebt geknickt niedergeschlagen traurig trist trueb truebe truebsinnig unfroh ungluecklich	13-32440-S
betruegen	30-68427-B,33-23121-B
betruegen duepieren hereinlegen hochnehmen leimen neppen uebervorteilen	17-28407-S
betrueger	33-22945-B
betruegerisch	36-743-B
betrug	18-17794-B,33-23065-B,36-10094-B
betrunken bezecht blau hackedicht knuelle sternhagelvoll stockbesoffen stockbetrunken sturzbesoffen trunken voll volltrunken	8-58325-S
betstuhl	19-56535-B
bett	9-66336-B,14-46020-B
bettlaegerig bettlaegrig	35-7069-B
bettlaegerigkeit	35-7266-B
bettlaegrig	35-7069-S
bettlaken laken	13-39785-B
bettler	31-20027-B
bettnaessen	43-15993-B
bettnaesser	43-16136-B
bettpfanne bettschieber bettschuessel schieber stechbecken	47-64842-B
bettschieber bettschuessel schieber stechbecken	47-64842-S
bettschuessel schieber stechbecken	47-64842-S
bettwaesche	32-6025-B
bettwanze hauswanze wanze	32-5025-B
betuetert	39-38728-S
beugemuskel	33-58842-B
beule	13-13939-B,36-41271-B
beulenpest	37-63809-B
beunruhigen	29-47508-B
beunruhigend	22-22908-B,37-38084-B
beunruhigend irritierend verwirrend	37-14164-B
beurteilen	27-3428-B
beute	18-35910-B
beute beutetier	33-76487-B
beutel geldbeutel guerteltasche	47-59547-B
beutelsaeuger beuteltier	3-92169-B
beutelteufel tasmanischer teufel	30-39680-B
beuteltier	3-92169-S
beutetier	33-76487-S
bevoelkerung	5-14342-S,6-53793-S
bevoelkerung population	7-42461-B
bevoelkerungsanstieg bevoelkerungswachstum	4-78493-B
bevoelkerungsbewegung	4-78735-B
bevoelkerungsdichte	6-53576-B
bevoelkerungsentwicklung demographische entwicklung	4-79172-B
bevoelkerungsrueckgang entvoelkerung	45-26103-B
bevoelkerungsstruktur	4-78909-B
bevoelkerungsverteilung	4-77836-B
bevoelkerungswachstum	4-78493-S
bevoelkerungswissenschaft demografie demographie	2-22904-B
bevollmaechtigde	30-58428-B
bevollmaechtigte	27-24991-B
bevor vor	32-44355-B
bevorrechtigt	29-30393-B
bevorstehend	43-7752-B
bewaessern giessen waessern	7-43851-B
bewaessern irrigieren	11-20838-B
bewaessert	22-41211-B
bewaesserung	3-57996-B
bewaesserungs	19-12677-B
bewaesserungsanlage	6-65338-B
bewaesserungskanal	3-58115-B
bewaesserungslandbau	3-58263-B
bewaffnen	30-67893-B
bewaffnung ruestung	1-40400-B
bewahren erhalten konservieren	34-12760-B
bewegen	13-72405-B,47-16339-B
bewegend	33-75424-B
beweglichkeit flexibilitaet	34-15896-B
bewegung	5-42200-S
bewegung im uhrzeigersinn	30-31897-B
bewegung menge	14-39965-B
bewegung setzen	45-3377-S
bewegung setzen alle hebel in bewegung setzen	45-3377-S
bewegungserziehung leibesertuechtigung leibeserziehung sportunterricht	14-28261-B
bewegungslos	8-301-B
bewegungslos reglos starr unbeweglich unbewegt	25-48438-S
bewehrter beton	16-4347-S
beweidung	3-17047-B
beweihraeucherung lobhudelei schmeichelei	22-16308-B
beweisen	18-81474-B
beweisen demonstrieren pruefen zeigen	18-57990-B
beweiskraeftig	39-31807-B
bewerben um	21-25361-S
bewerber	30-36676-B
bewerbungsschreiben	18-34218-B
bewerten schaetzen taxieren	30-37418-B
bewertung	2-82436-B,6-98094-B,30-57747-B
bewirken	37-69534-B
bewirten	38-54355-S
bewoelken sich zuziehen	23-61632-S
bewoelkt verhangen wolkenbedeckt wolkenverhangen wolkig zugezogen	11-22336-S
bewohner	3-47687-B,42-4085-B
bewohner einwohner	12-19807-B,12-20005-B
bewundern	24-65860-B,26-45837-S
bewundernswert bewunderungswuerdig	22-16782-S
bewunderung	24-65951-B
bewunderungswuerdig	22-16782-S
bewusst	18-57238-B
bewusst mit absicht	18-56980-S
bewusst von etwas notiz nehmen	18-56490-B
bewusstsein	21-22443-B,35-19199-B
bewusstsein wach	18-56661-S
bezahlbar erschwinglich leistbar	32-7755-B
bezahlen	24-5422-B
bezahlen zahlen	13-39689-B
bezahlung	17-76870-S
bezaubern	38-5817-B
bezaubernd charmant entzueckend gefaellig lieblich nett	12-72283-S
bezecht blau hackedicht knuelle sternhagelvoll stockbesoffen stockbetrunken sturzbesoffen trunken voll volltrunken	8-58325-S
bezeichnen	31-58160-B
bezeichnend	27-11018-B
bezeichnung	19-32266-B
beziehung	2-43874-S,5-67250-S,16-24568-B
beziehung dosis wirkungs kurve	2-38611-S
beziehung verbindung	27-15767-B
beziehungsweise	26-57771-B
bezirk	42-71297-B
bezirk kreis	26-36540-B
bezirzen verfluchen verhexen verwuenschen	43-2537-B
bezueglich	19-37443-B
bezuegliches fuerwort	17-7863-S
bezug	19-41989-B,23-58867-B
bezug nehmen	19-2945-S
bezugsperson	23-58064-B
bezugssystem	46-54487-B
bh	43-74272-S
bh buestenhalter	20-27472-B
bhasa	18-17604-S
bhp	42-44266-S
bhutan	11-77179-B
biathlon	22-60106-B
bibel	31-17673-B
bibeltreu	35-53105-B
biber	23-18262-B
bibliograf bibliograph	32-25688-B
bibliografie bibliographie	1-54918-B
bibliograph	32-25688-S
bibliographie	1-54918-S
bibliographische information	7-29390-B
bibliographische iso 639 2 sprachcodes	17-24098-B
bibliographisches informationssystem	7-29087-B
bibliothek	23-3455-S,23-3983-S
bibliothek buecherei	3-73151-B
bibliothek programmbibliothek	34-66531-B
bibliothekar	16-30279-B
bibliotheksdienst	7-30115-B
biblisch	36-53402-B,36-53621-B
bidet	32-25904-B
bidire gidire	25-17325-S
biegen	33-54383-B
biene	10-50631-S
biene imme	1-51923-B
bienenhaltung bienenzucht imkerei	1-35866-B
bienenhonig honig	16-65577-B
bienenkoenigin koenigin stockmutter weisel	22-25078-B
bienenkorb	29-40006-B
bienenkunde	45-2374-S
bienenschutz	1-51598-B
bienenstaat	47-56771-B
bienenstich	23-20458-B
bienenstock	40-93585-B
bienenstock bringen	40-94252-S
bienenvater bienenzuechter imker zeidler	15-63134-B
bienenwachs	31-18018-B
bienenzucht imkerei	1-35866-S
bienenzuechter imker zeidler	15-63134-S
bier gerstensaft	9-49771-B
bierbauch	45-75051-B
bierhefe	43-75739-B
bierleiche	39-22239-B
biertreber	41-64280-B
bierzelt festzelt	39-26533-B
biestmilch erstmilch kolostralmilch kolostrum vormilch	22-22148-S
bieten	16-43645-B,20-31219-S
bieter	18-16009-B
bifokalbrille	35-12930-B
bigamie	23-22545-B
bigamist	42-26398-B
bigott borniert intolerant	40-61207-S
bigotterie engstirnigkeit	12-5581-B
bijugatus spanische limette	19-54702-S
bike	8-19702-S
bikini	21-42652-B
bilabial	42-67528-B,42-67647-B
bilanz	1-48996-B
bilateral	20-50614-B
bilateraler vertrag	1-55665-B
bilbao	32-19486-B
bild	44-63567-S
bild foto fotografie lichtbild photo photographie	4-59530-B
bild gemaelde	9-71816-B
bild von commons	44-54565-B
bildberichterstattung fotojournalismus	44-2810-B
bilden	26-59234-S
bilderrahmen	43-36465-B
bilderstuermer	14-71848-B
bildersturm ikonoklasmus	40-48712-B
bildgebendes filtern	7-32969-B
bildhauer	16-13897-B
bildhauerei	34-18594-B
bildhauerin	34-18539-B
bildklassifikation	7-33651-B
bildlich	26-58681-B
bildnisrecht recht am eigenen bild	44-63567-B
bildpunkt pixel	7-31654-B
bildroehre	24-32379-B
bildschirm	17-72334-S
bildschirmfoto screenshot	34-9366-B
bildsynthese rendern	25-30942-B
bildueberlagerung	7-33514-B
bildung	2-50987-B
bildungsanstalt	2-51076-B
bildungsniveau	23-11445-B
bildungsplanung	2-51246-B
bildungspolitik	2-51503-B
bildungsstand	7-15979-B
bildungsweg	6-52735-B
bildungswesen	2-51844-B
bildverarbeitung	3-37380-B,7-32129-S
bildverarbeitungssystem	7-31890-S
bildverbesserung	7-33159-B
bilgenoel	1-55838-B
bilgenwasser	1-56196-S
bilingual zweisprachig	19-42573-B,19-42762-B
billard	31-18051-B
billett fahrkarte fahrschein ticket	18-8689-B
billiardqueue	24-384-B
billig guenstig preisguenstig preiswert wohlfeil	11-61280-B
billig popelig poplig erbaermlich mies scheiss 	41-37338-B
billigen gutheissen	18-34888-B
billigflaggen	2-96644-B
billigung	6-74092-B
billigung einwilligung zustimmung	22-37263-B
billigung zustimmung	7-20749-S
bilokation	43-60621-B
bimetall	12-29786-B
bims bimsstein	32-32937-B
bimsstein	32-32937-S
bin	10-48247-B
binaeres entscheidungsdiagramm	34-42626-B
binde verband	18-33948-S
bindebogen	28-12549-S
bindeglied	12-74474-S
bindehautentzuendung konjunktivitis	41-75829-B
bindemittel	21-11910-S,27-15937-S
binden	23-61992-B,24-16561-S
binden knoten knuepfen verknoten verknuepfen zusammenknoten	9-18607-B
binden legieren	47-27540-S
bindestrich	36-1736-B
bindewort konjunktion	17-5232-B
bindfaeden regnen giessen wie aus kannen in stroemen regnen kuebeln schuetten wie aus eimern	11-61587-B
binnenfischerei	3-48384-B
binnengewaesser	3-48625-B
binnengewaessertransport	2-100806-B
binnengueterschiffahrt	3-48753-B
binnenhandel	2-38017-B
binnenmajuskel binnenversal binnenversalie	20-36920-B
binnenmeer	15-52536-B
binnenschiffahrt	3-48490-B
binnenstaat	15-52376-B
binnenversal binnenversalie	20-36920-S
binnenversalie	20-36920-S
binnenwanderung	7-17718-B
binokular	32-60416-B
binominal	32-26177-B
binsenlauch brislauch graslauch jakobszwiebel schnitt lauch schnittling	13-74996-S
binsenwahrheit binsenweisheit gemeinplatz plattituede	42-39060-B
binsenweisheit gemeinplatz klischee plattituede	18-1703-S
binsenweisheit gemeinplatz plattituede	42-39060-S
bioakkumulation	1-56378-B
biochemie	1-56686-B
biochemiker	16-24682-B
biochemisch	42-19446-B
biodegradation biologischer abbau	1-57873-B
biodiesel	42-44603-B
biodiversitaet	1-58037-S
bioengineering biotechnik	1-59374-B
bioethik	1-58335-B
biogas	1-58542-B
biogeochemie	1-58909-B
biogeochemischer kreislauf	1-58694-B
biogeographie	1-59259-B
biogeographische region	1-59124-B
biograf biograph	32-26349-B
biografie biographie	31-17871-B
biografisch biographisch	32-26424-B
biograph	32-26349-S
biographie	31-17871-S
biographisch	32-26424-S
bioindikator	1-59664-B
bioklimatologie	1-57130-B
biokonzentrationsfaktor	1-57437-B
biokraftstoff biosprit biotreibstoff	6-84190-S
biologe	16-9443-B
biologie	1-60858-B
biologisch	45-61289-B
biologisch abbaubar	29-57725-B
biologische abbaubarkeit	1-57739-B
biologische anpassung	2-46405-B
biologische konkurrenz	1-108485-B
biologische schaedlingsbekaempfung	1-60234-B
biologische stickstoff fixierung	1-60052-B
biologische ueberwachung	1-59793-S
biologische uhr	10-42485-B
biologischer abbau	1-57873-S
biologischer landbau	4-38583-B
biologisches kampfmittel	1-60456-B
biolumineszenz	1-61151-B
biom	11-48783-B
biomarker	6-75074-B
biomasse	1-61475-B
biometrisch	31-26624-B
biomonitoring biologische ueberwachung	1-59793-B
biomuell	4-39117-B
bionik	32-26779-B
bionisch	32-26667-B
biophysik	1-61804-B
biopsie	31-42043-B
bioreaktor	1-62005-B
biorhythmus	1-62228-B
biosicherheit	1-62446-B
biosphaere	1-62718-B
biosphaerenreservat	1-62822-B
biosprit biotreibstoff	6-84190-S
biostatistik	38-32394-B
biosynthese	1-63589-B
biosystematik systematik	25-66253-B
biotechnik	1-59374-S
biotechnologie	1-63729-B
biotischer faktor	1-63923-B
biotischer index	6-78455-B
biotop	1-64125-B
biotopschutz	1-64468-B
biotopverlust	3-80426-B
biotopvernetzung	1-64284-B
biotransformation	24-22614-B
biotreibstoff	6-84190-S
bioverfuegbarkeit	1-56511-B
biowissenschaften	3-73548-B
biozid	1-56850-B
biozoenose	1-57219-B
bipedal zweifuessig	41-31364-B
bipolare affektive stoerung manisch depressive erkrankung	34-38673-S
bipolare stoerung bipolare affektive stoerung manisch depressive erkrankung	34-38673-B
birke	11-26178-B
birke birkenholz	35-54085-B
birkenholz	35-54085-S
birma myanmar burma union myanmar	12-2802-B
birmanisch burmesisch	8-59921-B
birmingham	20-50515-B
birnbaum	16-25573-B
birne	16-25378-B
birne haben eine weiche waffel haben einen an der waffel haben einen weichen keks haben weich in der birne sein	47-49149-S
birne sein	47-49149-S
birobidschan	17-36289-B
bis	8-33941-B
bis auf weiteres	42-62497-S
bis auf weiteres bis auf weiteres	42-62497-B
bis bald auf wiedersehen	19-43950-B
bis jetzt bisher bislang	41-20559-B
bis jetzt bisher bislang noch	8-28496-B
bis zum erbrechen bis zum gehtnichtmehr bis zum ueberdruss	30-27559-S
bis zum gehtnichtmehr bis zum ueberdruss	30-27559-S
bis zum ueberdruss	30-27559-S
bischkek	17-32284-B
bischoeflich	38-16149-B
bischof	14-66585-B
bisexualitaet	15-30411-B
bisexuell	11-1709-B
bisher bislang	41-20559-S
bisher bislang noch	8-28496-S
bishnupriya bishnupriya manipuri	26-4280-B
bishnupriya manipuri	26-4280-S
biskuit biskuitmasse	10-40664-B
biskuitmasse	10-40664-S
bislama	15-77504-B
bislang	41-20559-S
bislang noch	8-28496-S
bismut wismut	12-51850-B
bison	16-45761-B
bisphenol a	45-5441-B
biss	8-42374-S
biss bisswunde	14-32912-B
bissau	12-41298-S,28-64977-B
bisschen funken iota jota spur	20-54721-B
bisschen wenig	14-19274-S
bissen happen	14-53816-B
bissen happen imbiss	14-33162-B
bissig	29-18562-B
bissig hoehnisch zynisch	10-76987-S
bisswunde	14-32912-S
