umweltbewusst umweltfreundlich umweltschonend umweltvertraeglich oekologisch	33-37455-B
umweltbewusstsein	2-65100-B
umweltbuergerschaft	6-45335-B
umweltchemie	2-65315-B
umweltdelikt	7-39091-B
umwelterziehung	2-66668-B
umweltethik	2-67173-B
umweltfeindlicher betrieb	2-69585-B
umweltforschung	2-71988-B
umweltfreundlich umweltschonend umweltvertraeglich oekologisch	33-37455-S
umweltfreundlicher brennstoff	4-23647-B
umweltfreundliches auto	6-84661-B
umweltgeschichte	2-67536-B
umwelthaftung	2-69251-B
umweltindikator	2-68025-B
umweltinformatik	2-68249-B
umweltinvestition	2-68417-B
umweltkatastrophe	6-96775-B
umweltkosten	2-65497-B
umweltkriegsfuehrung	2-73643-B
umweltkriminalitaet	4-34220-B
umweltmedizin	2-69778-B
umweltmuseum	6-51828-B
umweltoekonomie umweltoekonomik	2-66458-B
umweltoekonomik	2-66458-S
umweltpolitik	2-70099-B
umweltprobenbank	2-72776-B
umweltpsychologie	2-71053-B
umweltqualitaet	2-71236-B
umweltrat	2-80733-S
umweltrecht	2-68615-B
umweltrisikobewertung	2-72111-B
umweltschaden	2-66225-B
umweltschonend umweltvertraeglich oekologisch	33-37455-S
umweltschuetzend	44-1187-B
umweltschuetzer	38-14872-B
umweltschutz	2-70713-B
umweltschutzkosten	2-70886-B
umweltschutzversicherung	6-97639-B
umweltsicherheit	2-72560-B
umweltsteuer	3-17559-B
umweltstrafrecht	2-65995-B
umweltsubvention	2-72966-B
umwelttechnik	6-39911-B
umweltterminologie	2-73176-B
umweltvandalismus	2-73477-B
umweltverbrechen	2-65769-B
umweltverschmutzung	2-70389-B
umweltvertraeglich oekologisch	33-37455-S
umweltwissenschaft	2-72334-B
umweltzeichen	2-46029-S
umweltzerstoerung	7-8459-B
umwenden	22-31736-S
umwerben	21-25405-B
umwickeln	8-7272-B
umziehen	7-68611-S,24-30264-B
un generalsekretaer	14-27024-S
un sicherheitsrat weltsicherheitsrat	10-60156-S
unabhaengig	32-45375-B,46-69986-S
unabhaengigkeit	20-49579-B
unablaessig unausgesetzt ununterbrochen	18-52911-S
unabsichtlich	26-41533-B
unabwendbar unausweichlich unentrinnbar unumgaenglich unvermeidbar unvermeidlich unweigerlich zwangslaeufig	18-56227-B
unaehnlichkeit verschiedenheit	37-34294-S
unangebracht unangemessen unpassend	43-12501-B
unangefochten	22-21534-B
unangemessen	43-2359-B
unangemessen unpassend	43-12501-S
unangenehm	37-7667-B,37-36786-B,37-43144-S
unannehmlichkeit	13-37524-S
unanstaendig unschicklich unziemlich	24-19851-B
unanstaendigkeit	43-12708-B
unattraktiv	43-55723-B
unauffindbar	38-45428-B
unaufhoerlich andauernd anhaltend bestaendig fortdauernd fortwaehrend kontinuierlich pausenlos permanent staendig unablaessig unausgesetzt ununterbrochen	18-52911-B
unaufrichtig	37-30112-B
unaufrichtig unredlich	42-24846-B
unausdrueckbarkeit unbeschreibbarkeit unbeschreiblichkeit unsagbarkeit	41-43091-B
unausgereift	16-48929-B
unausgesetzt ununterbrochen	18-52911-S
unausgewogen	19-73223-B
unaussprechlich unbeschreiblich	41-42831-B
unaussprechlich unbeschreiblich unsagbar	41-42592-B
unausstehlich widerlich odioes unertraeglich widerwaertig	19-30264-B
unausweichlich unentrinnbar unumgaenglich unvermeidbar unvermeidlich unweigerlich zwangslaeufig	18-56227-S
unausweichlichkeit	47-13670-B
unbaendig ungestuem	40-46546-B
unbeabsichtigterweise unbedacht versehentlich	41-10433-S
unbedacht versehentlich	41-10433-S
unbedenklich	40-58972-S
unbedeutend	14-10430-B
unbefangen unparteiisch unvoreingenommen	21-4359-S
unbefestigt	40-21414-B
unbefleckt unberuehrt	37-17121-S
unbegrenzt	40-91160-S,40-91492-S
unbehagen	21-40194-B
unbehandschuht	35-630-B
unbeholfen ungeschickt	16-37492-B,46-65301-S
unbekannter	14-7975-S
unbekleidet	13-3470-S
unbelebt	8-373-S
unbequem	43-8797-B
unberuehrt	37-17121-S
unbeschattet	26-43486-S
unbeschlagen	39-63797-B
unbeschnitten	44-48811-B
unbeschraenkt unermesslich	40-90877-S
unbeschreibbarkeit unbeschreiblichkeit unsagbarkeit	41-43091-S
unbeschreiblich	41-42831-S
unbeschreiblich unsagbar	41-42592-S
unbeschreiblichkeit unsagbarkeit	41-43091-S
unbesiegbarkeit unbezwinglichkeit	40-48910-B
unbesonnen	27-426-B
unbestaendig	27-9524-B
unbestaendig sprunghaft wechselhaft	41-20373-B
unbestimmter artikel	17-6574-B
unbestimmtes fuerwort	17-8579-S
unbestimmtes zahlwort	17-7030-B
unbestraft keine gute tat bleibt ungestraft leben und sterben lassen	39-41553-S
unbestraft ungestraft ungesuehnt	46-4098-B
unbestrumpft	39-65234-B
unbewaffnet	44-22651-B
unbeweglich unbewegt	25-48438-S
unbewegt	25-48438-S
unbewoelkt wolkenfrei	40-44346-S
unbewohnt	39-8053-B
unbezahlbar unerschwinglich	32-5220-B
unbezahlbar unschaetzbar	32-5464-B
unbezwinglichkeit	40-48910-S
unblutig	35-36411-B
und	9-20058-B,9-20189-B,30-14295-S
und antarktisgebiete	23-61110-S
und asche legen verheeren verwuesten veroeden voellig zerstoeren zu grunde richten	40-37073-S
und aussenseite vorder und rueckseite	39-62929-S
und barbuda	7-96188-S
und beinbruch viel erfolg	19-44187-S
und bleistift rollenspiel pen paper rollenspiel rpg rsp rollenspiel	19-29562-S
und buendig	15-71826-S
und caicos inseln	24-37406-S
und das o	15-29148-S
und datennetz	19-45942-S
und des salomonischen tempels zu jerusalem tempelherren tempelritter templer templerorden	43-61900-S
und die grenadinen	12-37243-S
und dienstleistungen	6-54359-S
und ein schoenes neues jahr	17-1480-S
und finanzpolizei	22-14039-S
und friedrich fuer den arsch fuer die katz fuer nichts fuer nichts und wieder nichts fuer nix und wieder nix umsonst	28-4807-S
und futuna	24-37140-S
und gar gaenzlich komplett vollends vollstaendig	39-71109-S
und glauben	47-47391-S
und hansestadt hamburg	24-40994-S
und herzegowina	14-46298-S
und hoelle in bewegung setzen alle hebel in bewegung setzen	45-3377-S
und hyperaktivitaetsyndrom aufmerksamkeitsdefizit hyperaktivitaetsstoerung aufmerksamkeitsdefizit hyperaktivitaetssyndrom hks hyperkinetische stoerung	31-32267-S
und innenseite innen und aussenseite vorder und rueckseite	39-62929-S
und jugendmedizin kinderheilkunde paediatrie	33-32481-S
und klauenseuche mks	27-17570-S
und landebahn startbahn	12-62958-S
und leben lassen	39-42238-S
und mehr	21-46472-B
und miquelon	24-62952-S
und montenegro	14-46571-S
und nachfrage	6-55446-S
und nebst sowie	9-19844-B
und nein jein	41-74793-S
und nevis	12-30097-S
und niederswanetien ratscha letschchumi kwemo swaneti	25-11962-S
und nordirland	11-76645-S
und o	15-29316-S
und o alpha und omega das a und das o	15-29148-S
und omega das a und das o	15-29148-S
und príncipe	12-29965-S
und rehabilitative medizin	33-36230-S
und rueckseite	39-62929-S
und samarien westjordanien westjordanland	15-52880-S
und sammler wildbeuter	30-51760-S
und so weiter usw	31-49844-S
und steinsalzbergbau	4-79586-S
und sterben lassen	39-41553-S
und steuerkontrolle	21-61806-S
und tobago	12-29803-S
und track	10-61372-S
und und zeichen kaufmaennisches und	30-14295-S
und verbrennen	6-63547-S
und verwandte	46-54310-S
und wann gelegentlich manchmal mitunter zuweilen zuzeiten	9-7896-S
und wieder nichts fuer nix und wieder nix umsonst	28-4807-S
und wieder nix umsonst	28-4807-S
und zeichen kaufmaennisches und	30-14295-S
und zu bisweilen dann und wann gelegentlich manchmal mitunter zuweilen zuzeiten	9-7896-S
undankbar	42-75466-B
undankbarer	45-34121-B
undankbarkeit	45-33956-B
undatierbar	36-60026-B
undatiert	46-7584-B
undemokratisch	37-16113-B
undenkbar	43-45516-B
undeutlich unscharf verschwommen	21-62560-B
undeutlich wolkig	11-23414-S
undifferenziertes marketing	19-9811-B
unduldsam intolerant	25-58860-B
undurchlaessig	22-19120-B,43-12619-B
undurchlaessig machen	22-19356-B
undurchsichtig	21-57486-S
unecht	42-53928-S
unechtes rotauge	42-41172-S
unehelich	20-44732-S
uneheliche kind	31-62350-B
unehre	37-28553-B
unehrenhaft	36-23413-S
unehrlichkeit	37-28493-B
uneigennuetzig	15-8142-S
uneigennuetzigkeit	15-7986-S
uneinigkeit	37-27236-S
unendlich	34-40671-B
unendlichkeit	40-89696-S
unentbehrlich	18-55943-S
unentgeltlich	9-4173-S,44-10554-S
unentrinnbar unumgaenglich unvermeidbar unvermeidlich unweigerlich zwangslaeufig	18-56227-S
unentschieden	13-54079-S
unentschlossenheit zoegern	40-20818-B
unentwirrbar	27-11125-B
unerbittlich	22-22645-B
unerforscht	44-3719-B
unerhoert ungeheuerlich	37-71816-S
unerhoert unverschaemt	26-18237-S
unermesslich	26-36459-B,40-90877-S
unermuedlich nimmermuede	22-24242-B
unerreicht	27-11079-B
unerschoepflich	34-10374-B
unerschrocken	36-2937-S
unerschrocken wacker	9-15682-S
unerschuetterlich	45-24598-B,45-24672-B
unerschuetterlichkeit	45-24737-B
unerschwinglich	32-5220-S
unertraeglich	40-45775-B
unertraeglich widerwaertig	19-30264-S
unerwartet	34-15440-B
unerwartet eintreten	19-71493-B
unesco welterbe welterbe	10-30478-B
unesco welterbestaette welterbestaette	10-29942-B
unfaehig	43-12852-S
unfaehigkeit	32-52655-B
unfall	1-2241-B,44-7069-S
unfall nuklearer stoerfall	4-26403-S
unfallforschung	44-22404-B
unfassbar unfasslich	43-14913-B
unfasslich	43-14913-S
unfehlbarkeit	27-11170-B
unfolgsam ungehorsam	28-2857-B
unfolgsamkeit	37-31300-S
unformell	14-34193-B
unfreundlich	42-36795-S,44-23280-B
unfreundlich unhold	42-36558-S
unfreundlichkeit	44-22816-B
unfroh ungluecklich	13-32440-S
unfruchtbar	14-39588-B,21-45971-S
unfug unsinn	13-19871-S
ungar ungarin	15-73053-B
ungarin	15-73053-S
ungarisch	8-63718-B,15-73174-B
ungarische gebaerdensprache	28-32274-B
ungarische monarchie	14-46767-S
ungarn	7-95473-B
ungarn oesterreichisch ungarische monarchie	14-46767-S
ungeachtet	13-59005-S
ungeboren	46-76809-B
ungeborenes	46-76884-B
ungeborenes kind	21-12375-S
ungeborenes ungeborenes kind	21-12375-B
ungebrannter lehmziegel	15-78403-S
ungeduldig belaestigen ungeduldig draengen ungeduldig sein	47-65912-S
ungeduldig draengen ungeduldig sein	47-65912-S
ungeduldig sein	47-65912-S
ungefaehr	9-14203-S,35-4322-S
ungefaehrlich gefahrlos	35-37868-S
ungehalten veraergert wuetend aergerlich	10-88860-S
ungeheuerlich	37-71816-S
ungeheuerlich empoerend unerhoert unverschaemt	26-18237-B
ungeheuerlichkeit	12-70755-B
ungehorsam	25-60129-S,28-2857-S
ungehorsam unfolgsamkeit	37-31300-B
ungeleicheit unaehnlichkeit verschiedenheit	37-34294-S
ungenau	43-7810-B
ungeniessbar verdorben	8-10683-S
ungerade	14-31521-B
ungeschickt	16-37492-S,46-65301-S
ungeschicktheit	34-22073-B
ungestellt	40-76301-S
ungestelltes foto schnappschuss	40-76745-S
ungestraft leben und sterben lassen	39-41553-S
ungestraft ungesuehnt	46-4098-S
ungestuem	40-46546-S
ungesuehnt	46-4098-S
ungesund unzutraeglich	34-35354-S
ungewissheit	23-11255-B
ungewoehnlich	38-36440-S,39-67395-S
ungewoehnlich unueblich	46-58784-B
ungeziefer	6-6079-B
ungezogen wild	11-73307-B
unglaeubig	28-63409-B
unglaeubige unglaeubiger	27-11228-B
unglaeubiger	21-72389-S,27-11228-S
unglaublich	13-39181-B
ungleichheit	6-55744-S,6-55971-S
unglueck unheil	11-44428-B
ungluecklich	11-80059-B,13-32440-S
ungluecklicherweise	16-3457-S
ungluecklichsein	43-35534-B
ungluecksbotschaft	37-61083-S
ungluecksbringer	39-11735-S
unglueckskind ungluecksrabe unglueckswurm	39-11555-S
ungluecksrabe unglueckswurm	39-11555-S
unglueckswurm	39-11555-S
ungnade	37-25322-B
unguenstig	42-37020-S
unhaltbar	28-31087-B
unheil	11-44428-S
unheilbar	42-26744-B
unheilsprophet unheilsverkuender unkenrufer	39-32496-S
unheilsverkuender unkenrufer	39-32496-S
unheimlich	41-48216-S
unhoeflich	8-40889-S,37-17232-B
unhoeflichkeit	37-20304-B
unhold	33-9435-S,42-36558-S
uni unifarben	39-6828-S
uni universitaet	14-48896-S
unibibliothek universitaetsbibliothek	33-53481-S
unidirektional	21-58951-B
unifarben	39-6828-S
uniform	21-59160-B
unikal	19-77649-S
uniklinik universitaetsklinikum	39-62193-B
union	2-77620-S,2-81416-S
union der sozialistischen sowjetrepubliken	14-44293-S
union myanmar	12-2802-S
unitaerer ring	15-79147-S
united states minor outlying islands	24-41726-S
universitaet	14-48896-S
universitaet bamberg	47-39488-S
universitaetsbibliothek	33-53481-S
universitaetsklinikum	39-62193-S
universum welt weltall	12-16809-S
unkenrufer	39-32496-S
unklar vage	46-56985-B
unkoerperlich	34-29510-S
unkonstitutionell verfassungswidrig	18-69487-B
unkontrollierbare gruppe	24-5232-B
unkorrigiert	43-51023-B
unkraut	6-24550-B
unlaengst juengst juengstens juengsthin kuerzlich letztens letzthin neulich vor kurzem vor kurzer zeit	22-4825-B
unloeslich	26-50026-B
unloeslicher stoff	6-78724-B
unlogisch	29-49291-S
unlogischerweise	40-72860-B
unmessbar	26-36345-B
unmissverstaendlich	22-22580-B
unmittelbar	27-8661-B,41-9754-S,46-24019-S
unmodern	36-30456-S
unmodisch werden	46-45517-B
unmoeglichkeit	43-17916-B
unmoralisch	14-42308-B,14-48472-B
unnachgiebig	11-59813-S
unnachgiebig unversoehnlich	21-28474-S
unnoetig ueberfluessig ueberschuessig ueberzaehlig	17-4222-B
unnormal	14-77994-S
unnormal abnorm anomal	30-22787-B
uno	45-29197-B
uno vereinte nationen	5-100523-B
unordnung	20-8486-S,40-50225-B
unparteiisch	38-26275-B
unparteiisch unvoreingenommen	21-4359-S
unpassend	43-12501-S
unpersoenlich	36-48624-B
unpersoenliches verb	26-47424-B
unplausibel	33-71232-B
unpolitisch	41-14199-S
unrat wittern verdacht schoepfen den braten riechen	36-10340-S
unredlich	42-24846-S
unregelmaessig	38-20659-B
unregelmaessiges verb	16-6932-B
unreif	32-35946-B
unreinheit	38-58927-S
unreinheit verunreinigung	46-28370-B
unreligioes	43-59884-S
unrichtig	8-34142-S
unruhe	37-38014-B
unruhen	26-51188-B
unruhig	42-18068-B
unsagbar	41-42592-S
unsagbarkeit	41-43091-S
unschaedlich	40-58796-B
unschaedlichkeit	44-3107-B
unschaetzbar	32-5464-S
unscharf verschwommen	21-62560-S
unschicklich unziemlich	24-19851-S
unschuld naives maedchen	40-17147-B
unschuldig	40-100312-B,40-100393-B,40-100500-S
unselig	32-42904-B
unser	14-820-B
unserer zeitrechnung	31-71599-S,31-72015-S
unsichtbar	11-46907-B
unsinn	13-19871-S
unsinnig	39-45811-B
unsozial	40-55322-S
unstabil	38-52891-S,38-52960-S
unsterblich	10-44499-B,36-5679-B
unsterbliche unsterblicher	10-44711-B
unsterblicher	10-44711-S
unstet wechselhaft	28-30209-B
unstetigkeit	22-34024-B
unstimmigkeit	37-7728-S
unsystematisch	34-36205-B
untaetigkeit	8-843-B
untat	42-9046-S
unten	43-29219-S,47-20291-S
unten treppab treppabwaerts unten	47-20291-S
unter	32-18311-B,32-47239-B
unter anderem	42-32605-S
unter beruecksichtigung von	19-8852-B
unter der enns niederoesterreich	24-42776-S
unter druck setzen	47-65671-S
unter unterhalb	8-71533-B
unteraegypten	31-69469-B
unterarm	45-17458-B
unterart	34-20786-B
unterbegriff	23-31520-B
unterbegriff engerer begriff	1-540-S
unterbekleidung unterwaesche unterzeug	21-59381-S
unterbesetzt	38-35623-B
unterbewertung	24-23099-B
unterboden	5-68536-B,27-13628-B
unterbrechen	20-67832-B,23-8725-B
unterbrechen zerlegen zerschneiden zerteilen zertrennen	8-47846-S
unterbrechung	40-70112-S,41-23346-S
unterdruecken	23-58103-B,33-52359-B
unterdrueckung	6-74624-B
unterelsass	24-57012-S
unterengadinisch vallader	47-50621-B
unterernaehrt	21-27620-B
unterernaehrung	3-84656-B,42-39180-B
unterfamilie	33-74107-B
untergang	26-32509-B
untergespannt	43-46770-B
unterglasanbau	3-17802-B
untergrund	20-69010-B
untergrund unterirdisch	27-12815-B
untergrundbahn	5-100078-S
untergrundbahn metro	7-23413-S
unterhaendler	39-56345-B
unterhaendlerin	39-56544-B
unterhalb	8-71533-S
unterhalt	19-26075-S
unterhalten	33-21615-S,38-10202-B
unterhalten sprechen	9-42184-S
unterhaltend	38-10321-B
unterhaltung	15-56919-B
unterhaltung zerstreuung	20-20113-B
unterhaus	3-81335-B
unterhemd	46-26259-B
unterhose	39-23378-S
unterhose lange unterhosen	47-44704-S
unterhosen	47-44704-S
unterirdisch	27-12815-S
unterirdischer steinbruch	6-95135-B
unterkiefer	46-33526-B
unterklasse	35-19565-B
unterklasse unterschicht	46-46908-B
unterkuehlung verklammung	41-5454-S
unterkunft	3-29696-B
unterlassung	19-17132-B
unterlaufen vereiteln zunichte machen	41-13236-S
unterlebensgross	38-56250-B
unterleib panzen ranzen wampe wanst	7-57914-S
untermauern	28-17772-S
untermeerisch unterseeisch	35-0-S
unternehmen	1-75040-S,2-94963-S,4-10236-S,19-39738-B,20-24089-B,20-71802-B
unternehmens unternehmerisch	19-7315-B
unternehmenspolitik	1-107642-B
unternehmensstruktur	7-11477-B
unternehmer	10-72362-B
unternehmerisch	19-7315-S
unternehmungslustig tatendurstig	38-9066-B
unterordnende konjunktion	43-33549-S
unterordnung	27-20005-B,35-40479-B
unterpfand	34-45951-B
unterricht	5-75057-B,45-10632-B,45-42565-S
unterrichtsgebuehr	45-42673-S
unterrock	45-5606-B
unterrohr	46-31472-B
unters messer legen	43-3309-S
untersagen verbieten	40-68427-B
unterscheidungsmerkmal	7-81403-S
unterschenkel	33-18642-B
unterschicht	46-46908-S
unterschied	14-75228-B,35-24085-B
unterschlagung	39-16416-B
unterschlupf	6-46455-B,47-61124-S
unterschreiben unterzeichnen	21-21258-B
unterschrift	42-67773-B
