caoutchouc	33-72599-S
cap	7-2311-S,7-78130-B,13-934-B,31-63930-S
cap skullcap	20-55917-S
cap swim cap	31-63930-S
capacitance	31-10105-B
capacitance diode variable reactance diode varicap diode	40-27004-S
capacity	3-78764-S,13-24823-S,26-32537-B,38-24971-S
cape gooseberry golden berry goldenberry ground cherry ground cherry haranksh horse tomato physalis poha berry	34-47210-S
cape headland	26-4210-B
cape horn	26-9060-B
cape town	24-34314-B
cape verde	12-24771-S
cape verde republic of cape verde	12-24771-B
cape verdean creole kabuverdianu	23-52015-B
cape verdean escudo	28-72966-B
capillaritis	41-71889-B
capillary	27-44981-B
capita income	28-19098-S
capital	7-3227-S,7-10510-S,9-68769-B,9-69075-B,18-45239-S,18-45464-S,19-36737-S
capital punishment death penalty death sentence	15-47433-B
capital share capital	18-45464-S
capitalism	42-51752-B
capitalist	42-72591-B,42-72703-B
capitalist capitalistic	45-37889-B
capitalistic	45-37889-S
capitals	20-36920-S
capitation head tax poll tax	42-72189-B
capitulate give in give up yield succumb	17-4316-B
capitulation	26-56003-S,42-31204-B
capon	11-54433-B,32-63142-B
caponization	37-32321-B
caponize	37-32179-B
cappadocian cappadocian greek	23-36201-B
cappadocian greek	23-36201-S
cappadocian greek spoken	23-36520-B
cappadocian greek written	23-36388-B
cappella	18-12356-S
cappuccino	15-78124-B
capri	28-7728-B
capri pants capris capri pants clam diggers crop pants three quarter shorts	47-10738-B
capri pants clam diggers crop pants three quarter shorts	47-10738-S
caprice whim	32-63216-B
capricorn	26-25027-B,30-22246-S
capriole	33-293-B
capris capri pants clam diggers crop pants three quarter shorts	47-10738-S
caps camel case camelback medial capitals	20-36920-S
capsicum sweet pepper	11-25754-S
capsize keel over	42-72293-B
capstan	46-34477-B
capsule	33-332-B
captain skipper	14-10215-B
caption	33-7443-B
captivation	21-64049-S
captive imprisoned jailed locked up	41-82567-B
captivity	33-400-B
capture	14-72590-S
car	1-78275-S,6-84661-S,20-53877-S,36-38550-S,42-804-S,44-32648-S,47-6204-S
car accident car crash	39-26154-S
car armoured car	20-53877-S
car cable car cablecar ropeway	46-41686-S
car cablecar ropeway	46-41686-S
car crash	39-26154-S
car dodgem dodgem car	44-32648-S
car free zone pedestrian area pedestrian zone pedestrianised zone	4-49350-S
car rental	23-25972-B
car sleeper sleeper car	47-6204-S
car wreck	1-1343-S
caracas	19-49768-B
carafe	33-477-B
caramel	15-27119-B
carat	33-895-B,33-969-B
caravan motor coach motor home motorhome	40-8512-S
caravanette motor caravan motor coach motor home motorhome	40-8512-S
carbine	33-1050-B
carbinol methyl alcohol wood alcohol wood naphtha wood spirit	22-47333-S
carbohydrate	1-78608-B
carbon	1-5364-S,1-78761-B,2-34948-S,4-38180-S,6-78226-S
carbon cycle	1-79476-B
carbon dioxide carbonic acid gas	1-79770-B
carbon dioxide sink carbon sink	44-46939-B
carbon dioxide tax carbon tax	1-79909-B
carbon monoxide carbonous oxide	33-1114-B
carbon sink	44-46939-S
carbon tax	1-79909-S
carbonate	1-79331-B,4-79347-S
carbonate baker s ammonia salt of hartshorn	35-29831-S
carbonated	34-3455-B
carbonated water seltzer water soda soda water sparkling water	10-64083-B
carbonatite	34-3919-B
carbonic acid gas	1-79770-S
carbonous oxide	33-1114-S
carboxyl group	38-18556-B
carboxylic acid	17-79385-B
carbuncle	47-61717-B
carburettor	33-1270-B
carcass	10-37237-B,32-22983-B
carcass corpse	13-73605-S
carcassonne	32-37612-B
carcinogen	1-80499-B
carcinogen cancer causing cancer producing carcinogenic	34-31640-B
carcinogenic	33-1365-B,34-31640-S
carcinogenicity	1-80036-B
carcinogenicity test	1-80264-B
carcinoma	29-59741-B
card	9-5647-S,9-7361-B,9-7441-B,9-7510-B,9-7677-B,14-57247-S,18-29261-B,20-69035-S,26-30299-S,28-37138-S,36-44730-S,44-67635-S
card circuit board circuit card	14-57247-S
card graphics card video card	20-69035-S
card icc chip card integrated circuit card smart card smartcard	25-64949-S
card identity card	36-44730-S
card integrated circuit card smart card smartcard	25-64949-S
card smart card smartcard	25-64949-S
card smartcard	25-64949-S
card video card	20-69035-S
cardamom cardamon	33-59224-B
cardamon	33-59224-S
cardboard	33-1431-B
carder bee	47-30161-S
cardi cardie cardy pull together	47-10875-S
cardiac arrest	43-80145-B
cardiac heart	31-38810-B
cardiac muscle	30-66683-S
cardie cardy pull together	47-10875-S
cardigan cardi cardie cardy pull together	47-10875-B
cardinal	14-67010-B
cardinal number	11-38293-B
cardiologist	15-42023-B
cardiology	1-80663-B
cardiovascular disease	1-80793-B
cardiovascular system	6-79565-B
carditis	41-69689-B
cardium	42-34397-B
cardy pull together	47-10875-S
care	5-90010-S,12-67251-S,13-33710-S,30-68556-S
care about	26-46755-B
care caring	21-26024-B
care for	20-48777-S
care health care	13-33710-B
care healthcare	3-23199-S
care profession	7-17397-S
career	22-39158-B
careful cautious	13-34015-B
carefully	38-50970-B
caregiver	20-50309-B
caress fondle stroke	26-13873-B
caretaker custodian	38-39704-B
caretaker speech child directed speech infant directed talk mommy talk motherese parentese	43-32147-S
cargo	29-49032-S
cargo freight	32-42765-B
cargo ship freighter	13-29224-B
caribbean	1-80934-B,27-1781-B
caribbean sea	26-7744-B
caribou	30-35967-S
caricature cartoon	24-38455-B
caries	26-13956-B
carina	29-30059-B
caring	21-26024-S
carinthia	24-42936-B
carlovingians carolingians carolings karlings	37-46419-B
carnage massacre slaughter	21-28252-S
carnation	27-16562-B
carne	43-41039-S
carnival	42-16366-B
carnivore	1-81413-B
carnivorous	42-72356-B
carol	16-51938-S
carolina	15-16712-S,15-17970-S
carolingian	37-46629-B
carolingians carolings karlings	37-46419-S
carolings karlings	37-46419-S
carotene	31-42418-S
carotene beta carotene	31-42418-S
carotid artery	33-1508-S
carotid carotid artery	33-1508-B
carousel merry go round	46-48619-B
carp	10-66282-S,11-46321-S,46-80856-B
carp carp common carp	10-66282-S
carp common carp	10-66282-S
carp european carp carp common carp	10-66282-S
carpenter	19-2472-B,26-33465-B
carpet	14-42948-B
carriage	4-99753-S,17-25022-B
carriage cart shopping cart shopping trolley supermarket trolley trolley	16-71975-S
carriage railway carriage	4-99753-B
carrier	2-16668-S
carrier mailman mailperson postal carrier postman postperson	15-65197-S
carrier pigeon homing pigeon	11-24456-B
carrier postman postperson	15-65197-S
carrion	44-20228-B
carrossery coachwork	34-23989-B
carrot	17-58244-B
carrot bread	33-48644-B
carrot salad	31-68249-B
carry	13-32282-S,13-34074-B
carry along	42-31112-S
carry carry along	42-31112-B
carry off decimate eliminate eradicate exterminate extinguish kill off wipe out	41-34545-S
carry out follow out follow through follow up go through implement put through	18-82196-S
carrycot	27-41755-B
cart	43-29163-B
cart drag hale	47-37746-S
cart shopping cart shopping trolley supermarket trolley trolley	16-71975-S
cart shopping trolley supermarket trolley trolley	16-71975-S
cart tea trolley tea wagon teacart trolley table	42-14282-S
cartagena	32-46149-B,33-771-B
cartel combine corporate trust trust	25-28414-B
cartilage	20-58968-B
cartography	1-81545-B
cartoon	24-38455-S,31-59035-S
cartoon cartoon	31-59035-S
cartridge	22-3650-B
carved	27-365-B
carving knife	45-76580-B
caryatid	45-61464-B
cas registry number	29-50854-B
cascade molecule dendrimer	45-7781-S
cascadia pnw pacnw pacific northwest	15-19039-B
case	10-64726-B,10-64831-S,10-65005-B,10-65159-B,13-36167-S,17-53339-S,17-53565-S,17-54054-S,17-54391-S,17-55141-S,30-66146-S,43-21973-S,44-18789-S,44-19527-S,45-4077-S
case camelback medial capitals	20-36920-S
case causa cause lawsuit suit	40-82988-B
case court case trial	6-73025-S
case doorcase doorframe	45-8973-S
case example instance	9-2384-B
case grammatical case	17-53339-B
case objective case	45-4077-S
case of death event of death fatality	43-14096-S
case patient zero	45-18365-S
case possessive case second case	17-55141-S
case regardless	46-69986-S
case scenario	44-7069-S
case scenario worst case scenario	44-7069-S
case second case	17-55141-S
case study	25-28181-B
case subjective case	17-53565-S
case trial	6-73025-S
casein	44-39022-B
cash	18-41198-B,25-68063-S
cash crop	1-81700-B
cash desk	29-21316-B
cash flow	26-7348-B
cash flow forecast	26-7447-B
cash hungry covetous greedy moneygrubbing	34-60563-S
cash in one s chips choke conk croak drop dead give up the ghost go perish pop off snuff it	8-79415-S
cash on delivery collect on delivery	42-18227-B
cash strapped	36-30294-B
cashew	45-43774-S
cashew cashew nut	45-43893-B
cashew nut	45-43893-S
cashier	33-1668-B,39-60350-B
cashmere cashmere wool	33-2002-B
cashmere scarf cashmere shawl	33-2225-B
cashmere shawl	33-2225-S
cashmere wool	33-2002-S
casino	39-17105-B
caspian sea	7-24989-B
cassata	37-32820-B
cassation annulment	42-29576-B
cassava manioc	16-31734-B,16-32637-B
cassiopeia	26-14342-B,26-14484-B
cassiopeium	13-16621-S
cassock	33-2175-B
cassubian	46-346-S
cassubian kashubian pomeranian	12-51539-B
cast iron	27-2986-B
castanets	30-9282-B
castaway	33-5016-B
caste	33-5068-B
castellón	32-46850-B
castelsarrasin	26-57492-B
caster oil	33-5180-B
castigate chastise punish	13-28070-B
castilian spanish	7-88128-B
casting	27-2954-B,45-56684-S
castle	11-72804-B,36-28137-S,45-38476-S
castle in the air	41-19294-S
castle rook	14-67389-B
castrate	37-32096-B,38-2799-S
castrate desex geld unsex	37-31781-S
castrate eunuch	37-16217-B
castration anxiety	42-7140-B
castrato	17-63516-B
casualty department emergency department emergency room emergency ward	45-70197-S
casualty victim	33-5378-B
cat	7-46395-B,11-65609-S,30-977-S,37-52793-S
cat king cat mountain lion mountain screamer painted cat painter panther puma red lion red panther red tiger silver lion sneak cat	11-65609-S
cat kitty kitty cat puss pussycat	39-61572-S
cat mountain lion mountain screamer painted cat painter panther puma red lion red panther red tiger silver lion sneak cat	11-65609-S
cat o nine tails	11-51153-B
cat out of the bag spill the beans	43-47558-S
cat painter panther puma red lion red panther red tiger silver lion sneak cat	11-65609-S
cat puss pussycat	39-61572-S
cat smile from ear to ear	42-56246-S
catabolism	21-11716-B
cataclysm catastrophe	26-14605-B
cataclysmal cataclysmic devastating	40-36826-B
cataclysmic devastating	40-36826-S
catacomb	33-5475-B
catadromous	27-32086-B
catafalque	33-5680-B
catalan	11-0-B
catalaunian fields	30-59179-B
catalonia	19-63874-B
catalonian sign language	26-51203-B
catalysis	1-81885-B
catalyst	1-82066-B,18-37080-S
catalytic converter	1-82384-B
catamount cougar deer tiger ghost cat king cat mountain lion mountain screamer painted cat painter panther puma red lion red panther red tiger silver lion sneak cat	11-65609-S
catapult	22-39256-B
cataract	33-5773-B,46-61558-B
catarrh	33-5873-B
catarrhal fever	11-223-S
catastrophe	1-82529-B,26-14605-S
catastrophic	33-6146-B
catastrophically	37-20444-S
catch	1-75538-S
catch a cold	43-47900-B
catch all party	39-23646-S
catch grab take hold of	13-34363-B
catcher ratcatcher	40-56583-S
catches the worm	17-17358-S
catching contractable	15-58377-S
catchment	6-90650-B,10-39414-S
catchment area	1-82666-B
catchment basin river catchment	10-39414-S
catechism	33-6222-B
categorical	33-6334-B
category	28-22090-B,34-62248-S
category lexical class word class	14-63734-S
category theory	35-42022-B
caterpillar	33-6397-B
caterpillarclub	15-45255-S
catfish	33-6564-B
catharsis	38-29619-B
cathartic laxative	38-31957-B
cathedra	39-11329-S
cathedral	9-32383-B
catherine window	45-41273-S
catheter	22-35333-B
cathetus	31-27044-B
cathinone	46-44797-S
cathode	27-14703-B,27-14884-B,27-15042-B
cathode ray electron beam	27-13306-B
cathode ray tube	24-32379-B
cathodic	27-14610-B
catholic	31-52043-B,42-43485-B
catholic than the pope	42-43544-S
catholicism	33-6741-B
cation	1-82816-B
catkin ament	47-4866-B
catmab	21-41078-S
catmint	35-39947-S
catnip catmint	35-39947-B
cats	11-61587-S
cats and dogs rain dogs and cats	11-61587-S
catsup ketchup	45-9595-B
cattle	1-51789-S,1-83136-B,28-33185-S
cattle ankole watusi cattle	28-33185-S
cattle farming	2-86712-S
caucasia caucasus	25-15601-B
caucasian	23-39586-S
caucasian languages	23-38288-S,23-38855-S
caucasian languages of the caucasus	23-38147-B
caucasian north caucasian languages	23-38288-S
caucasian northeast caucasian languages	23-38855-S
caucasian pontic	23-38475-S
caucasic north caucasian north caucasian languages	23-38288-B
caucasus	23-38147-S,25-15406-B,25-15601-S
caught	39-50923-S
caul hairnet net	43-20636-B
cauldron caldron	41-72231-B
cauliflower	13-79623-B
causa cause lawsuit suit	40-82988-S
causal adverb	17-60781-B
causal agency causal agent cause	40-82246-B
causal agent cause	40-82246-S
cause	14-74007-B,19-20375-S,40-82246-S
cause crusade drive effort movement	40-82692-S
cause grounds reason	40-82496-B
cause lawsuit suit	40-82988-S
causing a stir	20-68977-B
causing cancer producing carcinogenic	34-31640-S
caustic sulfurous sulphurous virulent vitriolic	14-64514-S
caution	33-7535-B
cautionary exemplary monitory warning	41-7920-S
cautious	13-34015-S
cavalcade	14-59993-B
cavalry	34-59215-B
cavatina	42-29667-B
cave	1-83371-B
cave dweller caveman troglodyte	36-39388-B
caveman troglodyte	33-7700-B,36-39388-S
caviar	22-35649-B
cavity	25-78077-B,27-8977-B,40-31941-S,41-4648-S,43-57168-S
cavity nasal fossa	43-57513-S
cavity thoracic cavity thorax	36-14791-S
cavity thorax	36-14791-S
cavity wall	33-7791-B
cavy	33-7893-B
cayman	32-58390-S
cayman islands	23-56953-B
cctld country code top level domain	28-62190-B
cd	31-35758-B
cd rom	6-100580-B
cds baby talk child directed speech motherese parentese	20-3522-B
cds credit default swap	36-47209-B
ce common era	31-71599-S
cease burning	41-77197-S
cease fire ceasefire truce	9-77998-B
cease to be decease demise die exit expire go to meet ones maker join the choir invisible kick the bucket pass pass away pass on ring down the curtain buy the farm cash in one s chips choke conk croak drop dead give up the ghost go perish pop off snuff it	8-79415-B
ceasefire truce	9-77998-S
cebuano sugboanon	16-23601-B
cecal appendix vermiform appendix vermix	46-79005-S
cecity sightlessness	40-2936-S
cedar	16-12978-B
cedar tamarisk	39-45570-S
cedt cest central european daylight saving time central european summer time mest middle european summer time	42-55600-S
ceiling	14-32743-B
ceiling fresco	26-1586-B
ceiling plate upper wall plate	46-37375-S
ceilometer	25-40146-B
celebrate	20-60629-B
celebrate oneself	25-16203-B
celebrated	33-8583-B
celebration	16-70532-B
celebrity star	8-74087-B
celery	22-35860-B
celestial body	25-39538-B
celestial heavenly	7-63730-B
celestial mechanics	31-32918-B
celestial orbit	40-31657-S
celibacy	22-35716-B
celitberian	23-40858-B
cell	1-84234-B,1-84383-S,5-49790-S,13-35341-S,16-47430-S,17-38369-S,37-62318-S,38-58240-S
cell anaemia sickle cell anemia	38-34135-S
cell anaemia sickle cell anemia sickle cell anaemia sickle cell anemia	38-34135-S
cell anemia	38-34135-S
cell anemia sickle cell anaemia sickle cell anemia	38-34135-S
cell battery	1-75419-S
cell biology cytology	2-15403-B
cell disease drepanocytosis sickle cell anaemia sickle cell anemia sickle cell anaemia sickle cell anemia	38-34135-S
cell electrochemical cell energy cell galvanic cell	1-84383-B
cell energy cell galvanic cell	1-84383-S
cell galvanic cell	1-84383-S
cell mediated immunity cellular immunity	21-6216-B
cell membrane	38-11581-B
cell myeloma	25-76170-S
cell neuroglia	43-1993-S
cell neuron neurone neurocyte	9-17841-S
cell ovum	46-28834-S
cell phone mobile telephone	8-31669-B
cell red blood corpuscle	37-62617-S
cell therapy cytotherapy	46-65830-B
cellar	33-8663-S,39-77945-S
cellist	22-36479-B
cello violoncello	14-17920-B
cellophane	33-9524-B
cellophane noodle glass noodle	28-41378-B
cellular immunity	21-6216-S
cellulite	33-9751-B
cellulitis	41-60107-B
cellulose	1-84832-B
celsius	25-34477-B
celt kelt	33-9829-B
celtic	23-40608-B
celtic continental	23-40646-B
celtic lepontic	23-40704-S
cement	1-42461-S,1-85087-B
cement mixer concrete mixer	10-63957-B
cemetery burial ground churchyard graveyard cœmetery	26-15375-B
cenotaph	32-60158-B
cenote doline sink hole sinkhole swallet swallow hole	43-596-S
cenozoic	34-3560-B
censer thurible	33-9951-B
censor	28-22462-B
censorship	16-11117-B
census	20-67941-S,28-18653-B
census census survey	6-61255-B
census survey	6-61255-S
cent coin fifty cent piece	25-68234-S
cent coin five cent piece	25-69025-S
cent coin one cent piece	25-69354-S
cent coin ten cent piece	25-68873-S
cent coin twenty cent piece	25-68703-S
cent coin two cent piece	25-69195-S
cent piece	25-68234-S,25-68703-S,25-68873-S,25-69025-S,25-69195-S,25-69354-S
centaur	19-18139-B
centenarian	33-10076-B
centenary	15-60146-S
centennial centenary	15-60146-B
center	1-95885-S,18-45939-B,28-613-S
center core	12-45870-B
center core essence gist kernel marrow substance	11-2056-B
center divider island median median strip	15-9810-B
centered dot interpoint middle dot space dot	41-4731-S
centigram	44-42546-B
centipede	33-13751-B
central	9-1341-B,25-64824-S
central africa	1-85419-B
central african republic	12-28461-B
central america	1-85651-B
central american river turtle mesoamerican river turtle	45-33227-B
