luxury	36-64438-B
lyallpur	42-63768-S
lychee	16-33019-B
lydia	43-38108-B
lye	3-82202-B
lyme disease	28-21444-B
lymph gland lymph node node	41-3636-B
lymph node	21-24318-B
lymph node node	41-3636-S
lymphangitis blood poisoning	41-56323-B
lymphatic system	3-82304-B
lymphogranuloma venereum	21-31330-B
lynch	32-44778-B
lynching	21-52772-B
lynchpin	22-7898-S
lynx	28-61614-B
lyon	25-4774-B
lyons sign language	28-53553-B
lyre	35-32408-B
lysergic acid diethylamide lsd elvis zen acid back breaker battery acid dose dot pane superman window pane lucy in the sky with diamonds loony toons	40-77160-B
lysimetry	3-82555-B
lysosome	42-73442-B
lángos	30-33248-B
léman	45-18268-S
maastricht	25-21770-B
mac n cheese macaroni and cheese macaroni cheese	38-431-B
mac pander pimp	39-48445-S
macabre nasty	35-50161-S
macadam	22-2142-B
macanese pataca	35-20554-B
macao	33-52211-S
macaque bhunder rhesus monkey	43-78159-S
macaque snow monkey	47-43851-S
macaron	46-80931-B
macaroni and cheese macaroni cheese	38-431-S
macaroni cheese	38-431-S
macaroni wheat	42-58529-S
macau macao	33-52211-B
macaw	25-44393-B
maccabean	47-40580-B
maccabees machabees	47-40274-B
macchiato	35-51259-S
macedo romanian	23-52432-S
macedonia	12-1320-S,13-70973-S
macedonia macedonia	12-1320-S
macedonian	8-76213-B,16-27993-S,39-32365-S
macedonian denar denar	28-71232-B
maceió	33-64752-B
maceration	23-11832-B
machabees	47-40274-S
machete	22-1606-B
machiavellian	40-50915-B
machina	43-38579-S
machinate	12-37657-S
machination	36-5200-S
machine	15-51226-S,25-73272-S,27-16121-S,30-23657-S,33-38773-S,33-40007-S,33-66534-S,45-31110-B,45-37514-S,45-64390-S
machine atm machine automatic teller machine	45-64390-S
machine automatic teller machine	45-64390-S
machine breadmaker	32-29689-S
machine clothes washer laundry machine washer	38-63422-S
machine duplicator photocopier	35-27892-S
machine gun	14-22405-B
machine interaction	25-25017-S
machine manufacture	3-82699-B
machine translation	12-23146-B
machine washer	38-63422-S
machinery	1-14363-S
machinery farm machinery	1-14363-S
machinery mechanism	7-7732-B
machthungrig power hungry power thirsty power crazed power hungry power mad power obsessed power thirsty	34-61196-B
mackerel	22-2253-B
macrocephaly	45-57703-B
macroeconomic goal	3-82971-B
macroeconomics	3-83319-B
macroevolution	38-32503-B
macronutrient	42-21520-B
macrophage	28-9471-B
macrophyte	6-47741-B
macropod	46-5917-S
macroscopic	19-45152-B
mad	10-88860-S
mad cow disease	25-33010-S
mad daft insane	30-62579-S
mad disturbed mentally ill	37-46178-B
mad power obsessed power thirsty	34-61196-S
madagascar	12-9367-S
madagascar republic of madagascar	12-9367-B
made climate change	3-85895-S
made disaster	3-30874-S
made of	31-37084-S,31-37411-S
made up	36-18498-S
madeira	22-1005-B
madhabic	45-30017-S
madonna	12-50462-B
madonna and child madonna with child	37-14610-B
madonna mother of god saint mary virgin mary	12-50710-S
madonna with child	37-14610-S
madras eye pink eye	41-75829-S
madrassa	15-31248-B
madrid	10-16384-B
madrigal	36-5558-B
mafia	42-45848-B
mag magazine periodical	17-15439-S
magazine periodical	17-15439-S
magdalena magdalena river yuma river	26-31100-B
magdalena river yuma river	26-31100-S
magenta	30-54131-B
maggot	41-49309-B
magic	14-216-S
magic spell	9-30924-S
magician prestidigitator	35-18461-S
magician sorcerer wizard	14-38317-B
magistrateship	23-12138-B
maglev magnetic levitation system magnetic levitation train magnetic monorail magnetic levitation train magnetically levitated train	17-26709-B
magma	25-36707-B
magnanimity largess largesse munificence openhandedness	26-32213-B
magnesium	12-66537-B
magnet	28-23538-B,46-28494-S
magnet refrigerator magnet	46-28494-S
magnetic	20-7758-B
magnetic field	34-62364-B
magnetic flux	29-51057-B
magnetic levitation system magnetic levitation train magnetic monorail magnetic levitation train magnetically levitated train	17-26709-S
magnetic levitation train magnetic monorail magnetic levitation train magnetically levitated train	17-26709-S
magnetic levitation train magnetically levitated train	17-26709-S
magnetic monorail magnetic levitation train magnetically levitated train	17-26709-S
magnetic tape	3-83509-B
magnetically levitated train	17-26709-S
magnetise	45-58748-S
magnetism	3-83684-B
magnetite	45-58838-B
magnetize magnetise	45-58748-B
magnetoelectronics spintronics	43-40452-B
magnetometer	42-11814-B
magnetosphere	25-80101-B
magnitude	35-31275-S,40-51351-S
magnolia	28-69336-B,46-74301-S
magnoliophyta	1-29762-S
magpie	42-9136-B
magyar	24-24881-S
mahan	23-44621-S
mahl	26-56409-S
mahogany	42-9239-B
mahogany clam mahogany quahog	47-48753-S
mahogany quahog	47-48753-S
maid	36-2179-S
maid spinster	40-17516-S
maiden damsel maid	36-2179-B
maiden name girl s name	46-69201-B
maidenhead	21-64600-S
maidenhood	35-5474-B,35-5687-B
mail	7-28203-S,23-55526-S,46-15713-B
mail address email address	46-66083-S
mail bomb	44-31827-S
mail chain mail chainmail	19-35775-B
mail chainmail	19-35775-S
mail electronic mail	7-28203-S
mail email	29-71099-S
mailbox	12-64740-B,24-8621-B
mailing list	3-83876-B
mailman mailperson postal carrier postman postperson	15-65197-S
mailperson postal carrier postman postperson	15-65197-S
main	4-32846-S,26-29004-S,31-27684-B
main beam long distance light	20-16200-S
main belt	25-37753-S
main course	45-52208-B
main franconian	28-27366-S
main main pipe water main	26-29004-S
main pipe water main	26-29004-S
main rafter principal rafter rafter	14-45641-B
main station	29-15568-S
mainboard system board	20-69825-S
maine	15-14269-B
maine et loire	24-54043-B
mainframe	20-8649-B
mainland	46-14912-B
mains cable mains lead power cable power cord	19-56195-B
mains lead power cable power cord	19-56195-S
mainstreaming	19-10877-S
maintain asseverate	30-57066-S
maintenance	7-19239-B
maintenance hole utility hole	40-38333-S
maintenance spousal support	19-26075-S
mainz	42-52521-B
maiori	12-21007-B
maithili	30-59533-B
maize kernel	42-23276-S
maize maize kernel	42-23276-S
maize starch	47-3100-S
majeure	30-64305-S
major	19-33439-S,20-12109-B,29-29801-S,40-54258-S,45-25796-S
major risk	6-38502-B
majoritarian	19-13823-B
majority	19-77581-B,35-12344-S
majority age of majority	35-12344-B
make	13-50055-S,13-50626-B,19-37520-S
make a difference touch	43-67383-S
make an appointment to set up	43-66806-S
make be about be all about be the essence of	43-65652-B
make digs at make sneering remarks snide	47-65466-S
make dog eared	11-8106-S
make easier make easy	38-24873-S
make easy	38-24873-S
make ends meet	43-41256-S
make fine birds	46-77290-S
make love	10-53200-S
make love make out	21-67971-S
make love sleep with	10-55072-S
make micturate pee piss tinkle urinate wee	13-4491-B
make out	21-67971-S
make out spot	43-67665-S
make shit ca ca crap defecate defæcate stool take a crap take a shit	13-18862-B
make sneering remarks snide	47-65466-S
make suffer torment	47-64714-B
make up makeup	45-49344-B
make up reconcile	12-77087-B
make use of	27-26758-B
maker	40-17651-S,42-39860-S
maker cooper	35-26910-S
maker join the choir invisible kick the bucket pass pass away pass on ring down the curtain buy the farm cash in one s chips choke conk croak drop dead give up the ghost go perish pop off snuff it	8-79415-S
makeup	45-49344-S
making	38-49680-S
malady	9-67558-S
malady sickness	2-33500-S
malar bone zygoma	28-2401-S
malaria	3-84035-B
malavi mallow malwada malwi	23-42329-S
malawi republic of malaŵi	11-83432-B
malawian	42-9467-B
malay	9-62643-B
malay archipelago maritime southeast asia	36-51356-B
malayalam	9-62959-B
malayan gharial	22-48869-S
malayan sun bear honey bear	47-14202-S
malaysia	12-2679-B
malaŵi	11-83432-S
maldives	12-9575-S
maldives republic of the maldives	12-9575-B
maldivian	35-22047-B
male	9-9048-B,9-9135-B,28-30794-S
male author male writer	39-50219-B
male chancellor	42-54862-B
male choir	32-9304-B
male corpse	38-9629-B
male educator	39-66489-B
male genital organ	40-43593-B
male governor	42-63360-B
male impotence	32-48837-S
male man	9-9288-B
male nurse	15-57696-B
male professor	39-50031-B
male scientist	43-40323-B
male shipwrecked person	13-21473-S
male stripper stripper	45-56448-B
male voice man s voice	32-4631-B
male witch sorcerer warlock wizard	26-40653-S
male writer	39-50219-S
malediction	35-60623-S
maledictology	35-17477-B
malevolence	42-2327-B
malformation	3-84520-B
malfunction	21-43022-B
mali	11-80729-S
mali republic of mali	11-80729-B
malice	14-23457-B
malicious nasty spiteful	14-20355-S
malinois	44-46081-S
mall shopping arcade shopping mall shopping precinct	5-33035-B
mall shopping precinct	5-33035-S
mallard wild duck	25-44585-B
malleus	9-57710-S
mallow malwada malwi	23-42329-S
mallow musk okra musk seeds muskdana ornamental okra rose mallow seeds tropical jewel hibiscus yorka okra	47-23568-S
mallow seeds tropical jewel hibiscus yorka okra	47-23568-S
malnutrition	3-84656-B
malodor	25-47730-S
malodor syndrome fish odor syndrome trimethylaminuria	46-73427-S
malt	14-46156-B
malta	11-83188-S
malta republic of malta	11-83188-B
maltese	8-76340-B
maltese lira lira	28-73173-B
maltese sign language	28-73364-B
malvi malavi mallow malwada malwi	23-42329-B
malwada malwi	23-42329-S
malware	33-39191-B
malwi	23-42329-S
mammal	1-37124-S,3-65426-S,6-46117-S
mammal even toed ungulate	19-66606-S
mammal mammalian	3-84806-B
mammal marine mammal	1-37124-S
mammal pinniped seal	4-62824-S
mammalian	3-84806-S,44-52718-B
mammary	25-76349-B
mammary gland	22-55409-B
mammectomy mastectomy	36-69832-S
mammogram	44-23514-B
mammography	25-76472-B
mammonism	44-14072-B
mammonism rapacity	34-59309-S
mammoplasty boob job breast augmentation breast enlargement mammoplasty enlargement	33-13270-S
mammoplasty enlargement	33-13270-S
mammoth	42-10883-B
mamoncillo	19-54702-B
man	7-43117-B,9-9288-S,10-49677-S,15-27203-S,19-70872-S,22-20171-S,40-10806-S,40-20416-S,42-48400-S,47-67157-S
man eater	37-13889-S
man eater siren temptress	39-40136-S
man eating	37-13693-S
man human being	3-85043-S
man machine interaction	25-25017-S
man made climate change	3-85895-B
man mankind	7-43279-S
man mann	15-44198-S
man middleman	19-12083-S
man nature relationship	3-86150-B
man of means rich man wealthy man	19-70872-B
man over board man overboard man overbord	39-17190-B
man overboard man overbord	39-17190-S
man overbord	39-17190-S
man reaction boner	39-62487-S
man s pepper	26-2311-S
man s voice	32-4631-S
man wealthy man	19-70872-S
man wedding finger	10-49861-S
man yes man	40-20416-S
manacle	42-44465-S
manage	35-2218-B
manageable	16-71874-S
management	1-8014-S,1-14938-S,1-87635-S,2-62413-S,3-85193-B,4-102726-S,5-64458-S,6-1292-S,6-19925-S,6-35391-S,6-89418-S,6-91709-S,9-65410-S,20-15785-B,38-12224-S
management board member	18-16086-B
management software font manager	47-73488-S
management technique	7-14269-B
manager	22-33985-S,23-55446-S,27-12292-S,47-73488-S
manager manager supervisor	46-14811-S
manager supervisor	46-14811-S
managers board of trustees executive board	19-18283-S
managing board	18-15668-S
manatee	10-76681-B
manche	24-53751-B
manchurian tiger north china tiger siberian tiger ussuri tiger	22-27672-S
mandaean mandaic modern mandaic neo mandaic	37-70930-B
mandaic	37-70657-S,37-70930-S
mandaic alphabet	38-1240-B
mandaic modern mandaic neo mandaic	37-70930-S
mandaic neo mandaic	37-70930-S
mandarin	12-42212-B,12-47710-S
mandarin gown	33-26016-S
mandarin simplified simplified chinese	30-5537-B
mandarin standard mandarin	12-47710-B
mandarin traditional traditional chinese	30-5764-B
mandate	3-85435-B
mandatory necessary obligatory required vital	18-55943-S
mandible dentary bone inferior maxillary bone jawbone mandibula submaxilla	46-33526-B
mandibula submaxilla	46-33526-S
mandolin	16-69038-B
mandrake	46-78490-B
mane	12-12117-B
manege	27-16466-B
manga	31-73977-B
manganese	13-20483-B
mange	44-24497-S
mango	16-32550-B
mango mango tree	16-32350-B
mango tree	16-32350-S
mangrove swamp	3-85633-B
manhattan	44-40328-B
manhole maintenance hole utility hole	40-38333-B
mania	39-47977-S
mania tulipomania	24-10559-S
manic	27-16507-B
manic depression	34-38673-S
manica	45-66565-B
manicure	42-9317-B,42-45654-S,43-59765-B
manicurist manicure	42-45654-B
manifestation	8-25539-S
manifold	23-15994-B
manila hemp abaca fiber abacá abacá fiber	47-23064-S
manioc	16-31734-S,16-32637-S
manipulation	21-33095-B
manipulative	37-42631-B
manipuri bishnupriya	26-4280-S
mankind	7-43279-S
manlike	34-32501-S
mann	15-44198-S
mannequin model	12-78303-B
manner mien	14-39180-S
manner praxis usage way wont	27-30483-S
manner way	12-43448-B
mannered	25-3769-B
manners	40-47569-S
manometer	42-50322-B
manpower	3-86225-B
mans	32-37694-S
mansion sign sign of the zodiac star sign zodiac sign planetary house	40-83140-S
mantel mantelpiece	46-79762-S
mantelpiece	46-79762-S
manti mantou mantu manty	43-73366-B
manticore	32-12198-B
mantis	24-17359-S
mantis praying mantis	24-17359-S
mantle	25-37205-B,31-7837-S
mantou	32-61441-S
mantou mantu manty	43-73366-S
mantoux screening test ppd test pirquet test tuberculin sensitivity test	35-47589-S
mantoux test mantoux screening test ppd test pirquet test tuberculin sensitivity test	35-47589-B
mantu manty	43-73366-S
manty	43-73366-S
manual	19-66810-B,19-67097-B
manufactory manufacturing plant	16-6535-S
manufacture	3-82699-S,45-26433-S
manufacturer	19-7510-S,42-44869-B
manufacturing plant	16-6535-S
manufacturing trade	3-86299-B
manure	1-31316-S,3-18454-S,3-76344-S,3-86499-B,7-38503-S,12-63604-S
manuscript	39-10473-B,39-10868-S
manuscript paper music paper staff paper	46-12273-B
manx	45-69303-B
manx gaelic	16-2961-S
manx manx gaelic	16-2961-B
many	7-42621-B
many how much	14-38269-S
manyeth what number	46-49738-S
manyplies omasum bible fardel psalterium	14-50508-B
maori	11-10774-B
map	3-86629-B,5-47764-S,40-33188-S
map linear transformation	34-23793-S
map pattern picture design portraiture	18-19903-S
maple	46-39673-S
maple maple wood maplewood	35-53888-B
maple syrup pancake syrup	20-5881-B
maple wood maplewood	35-53888-S
maplewood	35-53888-S
mapping	3-86943-B,25-49362-B
mapping of lichens	3-87081-B
mapudungun	9-63160-B
maquis	6-50106-B
marathi marāthi	9-63302-B
marathon	22-27224-B
marble	3-87600-B
marburg virus	33-42463-B
march	7-85484-S,9-81898-B,21-33213-B,21-33361-B,24-10096-B
march equinox	20-42251-B
marchpane	36-26190-S
mare	16-49550-B,33-65257-S
margarine	42-11933-B
margin perimeter	15-2214-S
marginal land	3-87684-B
marginal sea	19-62780-B
marginalisation	21-48843-B
mari el mari el republic marii el mariy el	17-34595-B
mari el republic marii el mariy el	17-34595-S
mariana islands	24-39614-S
mariana islands the commonwealth of the northern mariana islands	24-39614-S
mariculture	3-87805-B
marihuana reefer weed	19-67153-S
marii el mariy el	17-34595-S
marijuana pot mary jane bud cannabis dope ganja grass herb marihuana reefer weed	19-67153-B
marimba	10-63683-S
marina	3-87952-B
marine biology	3-88219-B
marine ecology	3-88448-B
marine ecosystem	3-88774-B
marine engineering	3-88954-B
marine environment	3-89196-B
marine fauna	3-89344-B
marine fishery	3-89405-B
marine geology	3-89600-B
marine mammal	1-37124-S,6-46117-B
marine park	6-43673-B
marine pollution	3-89961-B
marine reserve	3-90202-B
marine sediment	3-90286-B
marine sponge	10-40975-S
marino	12-27151-S,35-25103-S
marino republic of san marino	12-27151-S
mariology	46-13026-B
marionette	14-78851-B
mariotte boyle law	29-57852-S
marital matrimonial spousal	33-36565-S
marital rape spousal rape	42-2979-B
marital status	7-17942-B
mariticide	40-4657-B,40-4746-B,40-4856-B
maritime	24-48191-S,24-58418-S
maritime law	3-90449-B,41-1907-S
maritime navigation	3-90735-B
maritime sign language nova scotian sign language	29-34114-S
maritime southeast asia	36-51356-S
maritimes	24-46131-S
mariy el	17-34595-S
marjoram	35-43279-B
mark	10-20708-S,22-37981-S,24-9652-B,38-28603-S,41-49162-S,44-46697-S
mark exclamation point	38-37861-S
mark mug patsy soft touch sucker	41-9181-S
mark note	16-47779-S
mark penalty shootout	43-20972-S
marker	3-90858-B,10-44129-B
marker biomarker	6-75074-S
marker lamp marker light	42-17681-B
marker light	42-17681-S
marker marker pen marking pen	10-43473-S
