complaisant	32-53770-S
complement	16-71563-B
complementary	35-8282-B
complementary colors	26-203-B
complete	22-46981-B
complete carry out follow out follow through follow up go through implement put through	18-82196-B
complete entire total whole	8-70213-B
complete metamorphism	38-12746-S
completely entirely totally whole wholly	39-71109-B
completely totally	31-59270-B
completeness	25-81534-B
completion	26-36865-B
complex complicated	25-19053-B
complex formation complexation complexing	1-109235-B
complex inclusion compound	43-16508-S
complexation complexing	1-109235-S
complexing	1-109235-S
complexing agent	1-109372-B
complexion	21-39190-B
compliant conformant	34-38997-B
complicate	35-8351-B
complicated	25-19053-S
complication	35-8406-B
complicity	35-8525-B
compliment	35-8620-B
complimentary	9-4173-S
complot conjure conspire machinate	12-37657-B
compluvium	29-36195-B
comply	35-8685-S
component	1-73021-S,18-48526-S
component component part part portion	31-58738-B
component constituent element	31-58551-B
component constituent element factor ingredient	31-58850-B
component part part portion	31-58738-S
components industry	18-48673-B
comport	13-29602-S
comportment conduct	1-52262-B
compose	21-21154-B
composed	27-36868-B,35-8794-S
composer	24-8006-B
compositae aster family daisy family sunflower family	31-12981-S
composite	33-23959-B
composition configuration	18-60498-B
compositional	26-38943-B
compost	1-109494-B,5-783-S
composting	1-109594-B
composure	35-9117-B
compote	35-9184-B
compound	1-22353-S,1-22826-S,1-24117-S,1-40690-S,3-26028-S,3-68915-S,4-20153-S,4-39438-S,4-39536-S,4-39640-S,4-39821-S,4-39935-S,4-40093-S,4-40272-S,4-40516-S,6-9744-S,6-77362-S,7-23956-S,12-37380-B,21-28845-S,43-16508-S
compound chemical compound	21-28845-B
compound clathrate clathrate compound host guest complex inclusion compound	43-16508-S
compound fracture open fracture	40-64033-B
compound host guest complex inclusion compound	43-16508-S
comprehend grasp understand apprehend compass dig get the picture grok savvy	35-9545-B
comprehensibility	35-10667-S
comprehensible intelligible	35-10762-B
comprehension understanding	14-6176-B
compress	18-33948-S,34-15137-B,35-10866-B
compression	1-109735-B,27-14117-S,29-12405-B
compression ignition engine	2-29708-S
compression ignition engine compression ignition engine	2-29708-S
compression molding compression moulding	45-56857-B
compression moulding	45-56857-S
compressor	1-109921-B
comprise consist	21-23391-B
compromise	17-37463-B,17-37573-B
comptroller controller	18-34329-S
compulsion constraint	34-37589-S
compulsive disorder	12-48704-S
compulsive gambling gambling addiction pathological gambling problem gambling	44-77104-B
compulsive obsessive	30-26716-B
compulsory essential indispensable mandatory necessary obligatory required vital	18-55943-B
compulsory sterilization forced sterilization	39-4496-B
compunction remorse	35-11014-B
computational linguistics	47-56038-B
computational physics	29-66320-B
compute calculate	34-16871-B
computer	7-82228-B,11-33293-S,11-33422-S,44-59387-S,45-73462-S
computer course pc course pc lessons pc tutorial computer lessons computer tutorial	20-56643-B
computer data storage storage computer memory computer storage memory	20-69496-B
computer display computer monitor monitor	17-72334-B
computer engineering	31-68563-S
computer engineering computer engineering computer systems engineering electronic and computer engineering	31-68563-B
computer engineering computer systems engineering electronic and computer engineering	31-68563-S
computer file	47-17035-S
computer generated	36-20946-B
computer graphics	25-30612-B
computer interaction man machine interaction	25-25017-S
computer keyboard	13-22229-S
computer lessons computer tutorial	20-56643-S
computer memory computer storage memory	20-69496-S
computer monitor monitor	17-72334-S
computer network net network	19-72404-B
computer notebook notebook computer	11-33422-S
computer program software program	20-40755-S
computer programming programming coding	32-3989-B
computer science computing informatics information science	3-45690-B
computer security	20-72926-S
computer storage memory	20-69496-S
computer systems engineering electronic and computer engineering	31-68563-S
computer tutorial	20-56643-S
computer virus	12-52512-S
computing informatics information science	3-45690-S
comrade	40-9760-B,40-9888-B,40-10024-B
comrade crony pal sidekick	28-51464-S
comradeliness comradery comradeship	47-4721-S
comradery comradeship	47-4721-S
comradeship	47-4721-S
comté	26-2082-B
con carne	43-41039-S
con convict	17-50426-B
con defraud swindle	17-28407-B
con disadvantage drawback	18-54504-B
concatenation	35-11116-B
concave	35-11214-B
conceal hide secrete	35-11275-B
concealment	35-11351-B
concede	18-44219-S,35-11434-S
conceit	16-40673-B
conceit vanity	40-25166-B
conceited egotistic egotistical self conceited swollen swollen headed vain	38-7065-B
conceited swollen swollen headed vain	38-7065-S
conceivable imaginable	32-15133-S
concentrate	27-9851-B,35-11503-B
concentrated	35-11572-B
concentration	2-0-B,2-175-B,3-93687-S,5-30294-S,7-1545-S,35-11622-B
concentration camp	42-59356-S
concentration camp concentration camp	42-59356-S
concentration level of blood sugar	44-30057-S
concentric	35-11675-B
concept	10-57906-B,17-65079-S,18-75413-S
concept proof of concept	17-65079-S
concept uri	39-78767-S
conception	18-60734-B,31-58059-B
conceptual	21-55025-B
concern firm company corporation enterprise partnership venture	2-94963-B
concern matter	29-37376-S
concerned	35-11728-B
concerning	19-37443-B
concerning this matter	19-8446-B
concert	18-29622-B
concert live show performance	14-76059-B
concertina	35-11805-B
concerto	31-34433-B
concession	6-70691-B
conciliate	35-11990-B
conciliate placate	35-11933-B
conciliation	24-24217-B
conciliator	35-12062-B
concise	15-71826-B
conclave	35-12127-B,46-79935-S
conclave papal conclave	46-79935-B
conclude	10-33937-S,20-59444-B
concocted fabricated made up	36-18498-B
concord	31-10988-B
concord concur	35-13341-S
concordance consonance	29-10962-S
concordant correspondent harmonious	35-12416-S
concordat	35-12506-B
concourse throng	35-12571-S
concrete	2-319-B,16-3267-B,16-4347-S,25-62514-S,32-44502-B
concrete mixer	10-63957-S
concrete noun	17-51149-B
concrete tarmac	30-52590-S
concretism hypostatisation reification	40-32333-B
concubine courtesan doxy odalisque paramour	39-40365-B
concubine secondary wife	39-19791-B
concupiscence	35-12725-S
concupiscent lecherous libidinous lustful salacious	35-12796-B
concur	35-13341-S
condemn	12-38497-B
condemnation disapprobation	35-14651-B
condensation	2-462-B,40-69619-S
condensation trail vapor trail vapour trail	28-71923-S
condenser	35-14953-B
condiment	13-20848-B
condition	5-41071-S,5-46087-S,6-23311-S,6-30242-S,8-79004-B
condition discipline train	34-57641-S
condition lie dying moribund to be in extremis	47-56479-S
condition provision stipulation	29-24201-S
condition set up situation	19-32154-B
condition state	20-46713-B
conditional	22-13145-B
conditioner	6-63238-S,34-60137-S,40-91810-B,46-53845-S
conditioner trainer	30-70166-S
conditioning ac	1-17315-S
conditioning air conditioning ac	1-17315-S
condo	11-56736-S
condolence	35-15036-B
condom	39-44203-S
condom prophylactic rubber safety	11-2192-S
condone	35-15111-B
conducive	12-8589-B
conduct	1-52262-S
conduct a census	20-67941-B
conduct convey guide take transmit	10-23057-B
conduct safeguard	24-2274-S
conductance	29-53439-S
conductance electrical conductance	29-53439-B
conductant conductive	35-15209-B
conductive	35-15209-S
conductivity	2-547-S
conductivity electrical conductivity	2-547-B
conductor	17-80262-B,18-74209-S
conduit duct main main pipe water main	26-29004-S
cone	26-11126-B,27-23893-B,27-31170-S
confection	15-26984-S
confectioner s sugar icing sugar	19-6249-S
confederacy confederate states confederate states of america	36-63651-S
confederate states confederate states of america	36-63651-S
confederate states of america	36-63651-S
confer	35-15399-B
conference	11-25263-B,27-1321-S
conference press conference	27-1321-S
conferment	26-40237-B
confess	35-15594-B
confess recognize	35-15477-S
confesser confessor	35-16477-B
confession	35-15704-B
confessional	35-16291-B
confessor	35-16477-S
confetti	45-77165-B
confidant	28-34723-B
confide	14-43796-S
confidence	21-61666-S
confidential	12-59295-B
configuration	12-10150-S,18-60498-S
configuration management	38-12224-S
confine	35-16645-B
confined to a wheelchair wheelchair bound	36-39162-B
confirm	18-9609-S
confirm corroborate strengthen	22-63998-B
confirmation	29-39906-S,44-18377-B
confirmation substantiation	34-7415-S
confiscate impound sequester	14-71726-S
conflagration	45-29483-B
conflate flux fuse immix meld	34-58922-S
conflation fusing	35-17043-S
conflict	6-72320-B,7-15468-S
conflict diamond converted diamond hot diamond war diamond	34-20518-S
conflict of interest	2-943-B
conform	18-115-B
conform suit	17-88328-S
conformant	34-38997-S
conformism	23-62338-S
conformist	35-17780-B
conformity	26-45379-B
confound confuse mix up	17-49233-B
confounded confused lost mazed mixed up	32-17970-S
confraternity fraternity	35-17865-S
confront face tackle face up	20-26452-B
confrontation	35-17962-B
confuse mix up	17-49233-S
confused lost mazed mixed up	32-17970-S
confute disprove refute	35-18044-B
congee	19-23841-S
congenial sympathetic	35-18117-B
congenital inborn innate	31-39554-B
congestion	33-52810-B
congestion nasal obstruction stuffed up nose stuffy nose	41-66994-S
congestion snarl up traffic congestion traffic jam	5-91273-B
congestion traffic jam	5-91273-S
congestive heart failure	28-43771-S
conglomerate conglomeration	27-44324-B
conglomeration	27-44324-S
congo	16-57071-B,33-22049-S
congo brazzaville	12-28334-S
congo congo brazzaville	12-28334-S
congo kinshasa democratic republic of the congo	33-22049-B
congolese	16-56997-B
congratulate	35-18200-B
congratulation	8-22405-B
congratulations	16-31367-B
congregate gather meet foregather forgather	10-91851-S
congregating congregation	10-92631-B
congregation	10-92264-B,10-92631-S
congregation faithful fold	10-91999-B
congress	2-1084-B
conic conic section	15-5328-B
conic conical	15-5430-B
conic section	15-5328-S
conical	15-5430-S
conifer	2-1319-B
coniferous tree	7-21804-B
coniferous wood	7-23293-B
conjecture	26-12412-B
conjugal connubial marital matrimonial spousal	33-36565-B
conjugation	15-39555-B
conjunction	17-5232-B,32-8110-B,34-39357-B,43-33549-S
conjunctional adverb	17-65622-B
conjunctival	45-61690-B
conjunctive normal form	34-39214-B
conjunctive subjunctive	22-13593-B
conjunctivitis madras eye pink eye	41-75829-B
conjuncture crises crisis	35-18383-B
conjure conspire machinate	12-37657-S
conjure magic	14-216-B
conjurer conjuror illusionist magician prestidigitator	35-18461-B
conjuror illusionist magician prestidigitator	35-18461-S
conk croak drop dead give up the ghost go perish pop off snuff it	8-79415-S
conlang planned language	13-76319-S
connecticut	13-46058-B
connecting rod	12-55927-B
connection	20-57747-S,26-45547-B
connivance conspiracy	35-18740-B
connive	41-3951-S
connive at	23-22123-B
connoisseur	18-55205-S,34-42000-S
connoisseur epicure epicurean foodie gastronome gourmet	18-54912-B
connotation implication undertone	17-18842-B
connubial marital matrimonial spousal	33-36565-S
conob western kanjobal	30-23006-S
conquer seize appropriate capture	14-72590-B
conqueror vanquisher	35-18809-B
conquest	12-38878-B
conscience	35-19004-B
conscientious meticulous painstaking scrupulous	35-19065-B
conscientious objector	23-16753-B
conscious	18-56661-S,18-57238-B
conscious conscious of	18-56490-S
conscious deliberate intended intentional on purpose volitional wilful	18-56980-B
conscious of	18-56490-S
consciousness	35-19199-S
conscription military service national service	43-4510-B
consecrate	26-45681-B
consecrate dedicate devote	36-68420-S
consecration	26-45729-B
consensus	23-4542-B
consent	32-10584-S
consent permission willingness	35-18920-B
consentaneous consentient	21-60277-S
consentient	21-60277-S
consequence	17-84248-S
consequence consequently hence so therefore	13-59884-S
consequence effect event issue outcome result upshot	34-39903-B
consequent	35-19279-B
consequently hence so therefore	13-59884-S
consequently in consequence	17-84248-S
conservation	1-51598-S,2-1716-B,2-61609-S,3-66140-S,4-17579-S,6-15712-S
conservation of species	5-57964-B
conservation policy	7-24682-S
conservatism	35-19815-B
conservatory	6-49018-S,16-57020-B
consider	26-59796-B
considerable	30-37680-S
considerate	35-19910-B
consideration	28-15358-B
considered	35-20011-B
considering	27-37716-B
consist	21-23391-S
consolation	35-20205-B
console	16-18037-S,21-47504-B,21-48347-S,21-48482-S,25-31274-S
console corbel	21-48040-B
console games console	21-48347-B
console soundboard	21-47618-S
consolidation	3-63874-S
consonance	29-10962-S,41-15572-B
consonant	16-62621-B,16-62933-B,44-26637-S
consonant verb	20-70106-B
consort	7-90114-S,32-1641-S
consortium	21-22618-B
conspicuous prominent salient remarkable	10-54130-B
conspicuous shameless	32-32103-S
conspiracy	35-18740-S
conspirator	35-20264-B
conspire machinate	12-37657-S
constancy	35-20332-B
constant	29-61206-S
constant steadfast	33-18047-S
constantinople	45-32869-S
constantly	9-72254-S
constantly continually perpetually	9-72054-S
constellation	26-24616-B
consternation discomfiture distraction dread fright	35-20414-B
constipated	36-60878-S
constipation costiveness irregularity	36-60603-B
constituent element	31-58551-S
constituent element factor ingredient	31-58850-S
constitute found institute	25-46179-S
constitution	15-57722-B,21-25424-B
constitutional law	2-1867-B,23-16553-B
constitutionally	38-23742-B
constraint	22-22386-S,34-37589-S
construct erect raise	38-19550-B
construct produce make	13-50055-S
constructed language artificial language conlang planned language	13-76319-B
construction	10-34946-S,11-19825-S
construction permit	6-70048-S
construction policy	7-14415-B
construction waste	1-73830-B
construction work	2-2324-B
construction worker	15-31111-S,21-46614-B
constructive	34-40118-B
constructor	35-20819-B
construe spiegare	35-20996-S
consul	21-48621-B
consultancy	21-22845-B
consultant	17-47498-B
consultation	2-2570-B
consulting room	35-21263-B
consume eat	8-10990-B
consume ingest take take in have	10-23370-B
consumer education	23-7548-B
consumer group	2-2759-B
consumer price index	30-8447-B
consumer product	6-34542-B
consumer protection	2-2931-B
consumption	2-3143-B,2-53434-S,2-61800-S,3-2216-S,4-54191-S,4-82754-S,6-15849-S,6-17366-S,7-10254-S
consumption pulmonary tuberculosis	24-29536-S
consumptive	47-2643-B
consumptive tubercular tuberculous	43-57015-B
contact	31-59086-B
contagion	3-44996-S
contagion infection	29-27909-B
contagious catching contractable	15-58377-B
contain enclose hold carry	13-32282-S
container	2-3403-B,4-24155-S,5-7403-S,7-22473-S,17-39523-S
container aerosol tin spray can	5-60082-S
containment	2-3524-B,18-62039-S
contaminate	27-5522-B,45-60309-S
contaminated	26-18857-B,28-61443-S
contaminated area	6-83651-B
contaminated soil	2-3734-B
contamination	1-76335-S,2-4021-B,2-104996-S,4-97458-S,45-60131-S
contemplate	26-45837-B
contemplate ponder reflect think	8-42461-B
contemplation meditation musing	35-21831-S
contemporary	19-4590-B,30-62449-B
contemporary modern	18-4185-B
contempt scorn	12-32282-B
contemptible	35-22226-B
contemptuous	35-22332-B
contend	19-42331-S
contender rival	33-71642-S,40-12273-S,40-12524-S
content	1-77342-S,4-30197-S,4-44045-S,5-16583-S
content message subject matter	23-18489-B
content satisfied happy pleased	11-79970-B
contentious	35-22566-B
contentious quarrelsome	35-22469-S
contentment	35-22637-S
contest	35-22817-S,35-22891-B
contest dispute impugn compete contend	19-42331-S
contestant	35-23176-S
contested	27-36753-B
contiguous	33-73645-B
continent	6-41470-B
continental	23-40646-S
continental climate	6-84835-B
continental shelf	2-4280-B
contingence contingency eventuality	39-31612-B
contingency	40-66541-B
contingency eventuality	39-31612-S
contingent	35-23555-B
continually perpetually	9-72054-S
continue	8-46229-B
continue go on keep go along proceed	10-41345-B
continuity	17-71528-B
continuous endless incessant non stop permanent	28-50471-B
continuous rain	24-137-B
continuously	34-24114-B
contort	35-23611-B
contorted	27-29789-B
contour farming	2-4543-B
contour feather pennaceous feather	46-64800-S
contrabandist moon curser moon curser runner	28-46734-S
contrabandist moon curser moon curser runner smuggler	40-10261-B,40-10531-B
contrabass double bass	24-40652-B
contraception	34-52818-S,39-42633-S
contraceptive	18-29824-B,33-77333-B
contraceptive pill	44-9339-S
contraceptive pill contraceptive pill	44-9339-S
contraceptive pill morning after pill	11-41287-S
contract	2-4827-B,20-30999-B
contract cleaner	2-5408-B
contract killing hitman professional killer	43-40802-B
contract of association memorandum of association	18-30257-S
contract penalty contractual penalty liquidated damages	18-63883-B
contractable	15-58377-S
contraction	17-16527-B,34-45600-B
contractor	28-72355-B
contractual	35-23664-B
contractual penalty liquidated damages	18-63883-S
contractually	41-24527-B
contradict	20-60321-B
contradiction	18-67798-B
contradictory	27-29826-B
contradistinction	35-24085-B
contrail kondensstreifen condensation trail vapor trail vapour trail	28-71923-B
contralto	35-24170-B
contrariety	35-24247-B
contrariwise	35-24313-B
contrariwise on the contrary	24-66348-B
contrary	24-66348-S,35-24460-B
contrary headstrong obstinate wayward	39-63502-B
contrary opposite	35-24377-S
contrary yet	9-21924-S
contrast	19-68630-B,27-29937-B
contravention infraction	3-47033-B
contribute	18-70217-B
contribute impart lend	10-21383-S
