juenglingsalter knabenalter	13-69985-S
juengst juengstens juengsthin kuerzlich letztens letzthin neulich vor kurzem vor kurzer zeit	22-4825-S
juengstens juengsthin kuerzlich letztens letzthin neulich vor kurzem vor kurzer zeit	22-4825-S
juengsthin kuerzlich letztens letzthin neulich vor kurzem vor kurzer zeit	22-4825-S
jugend	6-32641-B
jugendarbeit	6-32737-B
jugendlich	31-44919-B
jugendliche	39-55597-B
jugendliche jugendlicher teenager teenagerin junge frau junger mann	28-10989-S
jugendliche teenagerin junge frau	40-13161-S
jugendlicher teenager junger mann	40-12782-S
jugendlicher teenager teenagerin junge frau junger mann	28-10989-S
jugendmedizin kinderheilkunde paediatrie	33-32481-S
juggernaut	17-25668-B
jugoslawien	15-69403-B
jugoslawische gebaerdensprache	30-47709-B
jujube	39-45201-B
jujube chinesische dattel rote dattel	39-44917-S
juli	10-353-B
julius caesar	46-75958-S
jumper pulli pullover sweater	18-39879-B
juneau	15-3806-B
jung	7-46329-B
junge frau	40-13161-S
junge frau junger mann	28-10989-S
junge juengling knabe	8-23557-S
jungenschule	45-22138-S
junger mann	28-10989-S,40-12782-S
junges	6-53681-B
jungfer aelteres fraeulein	40-17516-S
jungfer jungfrau	8-64915-S
jungfernehe weisse ehe	41-73885-S
jungfernhaeutchen	21-64600-S
jungferninseln	24-41571-S,25-43123-S
jungfernschaft jungfraeulichkeit	35-5474-B
jungfraeulich unbefleckt unberuehrt	37-17121-B
jungfraeulichkeit	24-38250-B,35-5474-S
jungfrau	8-64915-S,11-52285-B,11-52801-B,11-52907-B,27-25612-B
jungfrau maria madonna maria	12-50710-S
jungfrau mit kind madonna mit kind	37-14610-B
junggeselle	17-13230-S
junggeselle single	41-26042-S
junggesellenabschied	43-28278-B
junggesellin alte jungfer aelteres fraeulein	40-17516-B
junggesellinnenabschied	43-28439-B
jungmaedchenzeit maedchenzeit	35-5687-B
jungsteinzeit neolithikum	23-13180-B
jungsteinzeitlich neolithisch	23-13659-B
jungzwiebel lauchzwiebel winterzwiebel	33-24114-S
juni	10-174-B
junk food junkfood schrottfutter	10-55993-B
junkfood schrottfutter	10-55993-S
junkie drogenabhaengiger drogensuechtiger	14-50174-B
junta militaerjunta	28-31177-B
jupiter	15-69934-B
jura	3-60635-S,3-67842-S,24-52133-B,33-46017-S
jura kanton jura	33-46017-B
jurisdiktion	10-41116-B
jurisdiktion rechtsprechung	3-60491-B
jurist	16-1023-B
juristische person	11-58095-B
justiz	23-29046-S
justiz rechtswesen	14-71584-S
justizvollzugsanstalt knast strafvollzugsanstalt zuchthaus	19-40481-S
justizvollzugsbeamter schliesser	43-34024-S
jute jutefaser	44-11150-B
jutefaser	44-11150-S
jutesack	44-11234-B
juvenil	21-65893-B
juwel	18-55740-B,27-3409-B
jux scherz spass ulk witz	11-37176-B
juxtaposition nebeneinanderstellung	36-1899-B
jva justizvollzugsanstalt knast strafvollzugsanstalt zuchthaus	19-40481-S
k	25-79172-S
k iche	36-43352-B
kaapor gebaerdensprache	30-48073-S
kabaddi	35-30139-B
kabale machenschaft raenke	36-5200-S
kabardino balkarien	17-33831-B
kabarett	32-56258-B
kabarettist	16-50078-B
kabel	1-75938-B
kabelbahn	32-57673-B
kabelfernsehen	26-27512-B
kabeljau bolch dorsch	31-15431-B
kabelmodem	26-27356-B
kabinett	16-17915-B
kabinett regierungskabinett	3-14991-B
kabinettstueck kniff list trick winkelzug	42-42956-B
kabrio kabriolett	16-67979-S
kabriolett	16-67979-S
kabuki	16-73128-B
kabul	11-49768-B
kabylisch	16-29029-B
kacheln	46-46821-S
kachetien	25-10781-B
kachexie	16-4310-B
kacka kot stuhl kacke	13-18386-S
kacke	13-18386-S
kacken koten scheissen	13-18862-S
kadaver	10-37237-B
kadaver aas	44-20228-B
kadaver leiche leichnam	14-57749-B
kadaver leiche strecke toter	10-53365-B
kadaver tierleiche	32-22983-B
kadett	21-55464-B
kadmiumsulfid	27-28102-S
kadmiumsulfit	27-28278-S
kado	9-54510-S
kaecker	14-51561-S
kaefer	1-52121-B,44-8968-B,44-9221-S
kaefer vw kaefer	44-9221-S
kaefer vw kaefer vw kaefer	44-9221-B
kaefig	26-59750-B,37-66821-S
kaelte	1-104006-B,33-37092-B
kaeltemittel	4-104360-B
kaemmen	9-7677-S,47-17336-B
kaempfen	8-45032-B
kaempfer	34-48273-B
kaempfer soldat	31-49620-S
kaempferisch	18-37464-S
kaenguru	46-5917-B
kaenozoikum	34-3560-S
kaernten	24-42936-B
kaescher	37-6084-B
kaese	9-15812-B,38-431-S
kaesefrucht stinkfrucht	33-14095-S
kaesefuss stinkefuss	44-13304-B
kaeseglocke	33-11482-B
kaesehobel	33-12119-B
kaeseimitat	37-55806-S
kaesekohl traubenkohl	13-79623-S
kaesekuchen	33-32322-B
kaeserei meierei molkerei	33-22352-B
kaesereibe	27-39847-B
kaesetuch	39-5294-B
kaetzchen	17-14730-S,47-4866-B
kaeufer	21-44723-B
kaeufer moege sich hueten	40-5197-S
kaffee	7-82644-B
kaffeekanne	35-1375-B
kaffeemuehle	33-37179-B
kaffeepause	34-37826-B
kaffeepflanze	46-40955-B
kaffeeplantage	32-23238-B
kaffeesatz	34-37961-B
kafkaesk	14-39831-B,14-40163-B
kaftan	33-5583-B
kahl	25-49231-S
kahl kahlkoepfig	21-2248-S
kahl werden	31-33666-B
kahlkoepfig	21-2248-S
kahlkoepfigkeit	44-53945-S
kai	28-47747-B
kaimane	32-58390-S
kaimane kaimane	32-58390-S
kaimaninseln	23-56953-B
kainolophobie neophobie	42-50153-S
kairo	18-41125-B
kairos	44-53670-B
kaiser	9-69443-B
kaiser zaesar	43-19514-S
kaiserin	38-5138-B
kaiserpinguin	46-22794-B
kaiserreich	9-69495-B,33-3122-S,45-32869-S
kaiserschnitt schnittentbindung	42-28059-B
kajak	47-14861-B
kajkavisch	15-67443-B
kakadu	25-43505-B
kakao	46-16264-S
kakao kakaobohne	36-26709-B
kakaobaum	30-2353-B
kakaobohne	36-26709-S
kakaobutter	34-27512-B
kakaomasse	34-27314-B
kakaopulver kakao	46-16264-B
kakerlake schabe	1-103345-B
kaki persimone sharonfrucht	39-69669-S
kakofonie kakophonie	22-210-B
kakophemismus	39-71605-S
kakophonie	22-210-S
kakteen kakteengewaechse	33-64011-B
kakteengewaechse	33-64011-S
kaktus	10-58567-B
kaktusfeige	39-29510-B
kalaallisut	13-57608-S
kalabresisch	23-51182-B
kalabrien	32-36808-B
kalaschnikow	46-22397-B
kalauer	16-63974-B
kalb	33-63973-B
kaleidoskop	46-52372-B
kalender	18-39807-B,22-59209-S,26-37669-S,29-42408-S,32-59653-B
kalesche	20-55823-B
kali und steinsalzbergbau	4-79586-B
kaliander klanner koriander schwindelkorn schwindelkraut stinkdill wandlaeusekraut wanzendill wanzenkraut wanzenkuemmel	33-59536-S
kalibrierung	1-77491-B
kalifat	41-53124-B,41-53559-B,41-53684-B
kalifornien	13-45744-B
kalifornisch	21-5028-B
kalisalpeter kaliumnitrat	28-69132-B
kalium	10-50201-B
kaliumcarbonat pottasche	4-79347-B
kaliumcyanid zyankali	32-5711-S
kaliumnitrat	28-69132-S
kalk	3-74981-B
kalkhaltig	32-58572-B
kalkhaltig kalkig	26-8810-B
kalkig	26-8810-S
kalklicht	40-47630-B
kalkspat	27-46412-S
kalkstein	3-75165-B
kalligrafie	17-41192-S
kalligrafisch kalligraphisch	47-8703-B,47-8846-B
kalligraphie kalligrafie	17-41192-B
kalligraphisch	47-8703-S,47-8846-S
kallipygisch	43-49120-B
kallisto	39-76391-B,39-76511-B
kalmar	47-7024-S
kalmar tintenfisch	19-51617-B
kalmenzone	33-31825-S
kalmueckien	17-34008-S
kalmueckien republik kalmueckien	17-34008-B
kalmykisch	23-33008-B
kalorie	13-24492-S,47-28076-S
kalorie grammkalorie kleiner kalorie	13-24492-B
kalorie kilogrammkalorie kilokalorie grosser kalorie	47-28076-B
kalorienarm	32-57974-B
kalorienreich	32-58073-B
kalorimeter	44-1982-B
kalorisch	39-36121-B
kaloschensprache kochemer loschen kochemerkohl kochemersprache kochum kokamloschen manisch masematte mengisch plattenkohl plattensprache romanisch rothwaelsch rotwelsch rotwelschdialekte schleifersprache yeniche	37-49353-S
kalotte schaedeldach schaedeldecke	20-55917-B
kalt	7-77981-B
kaltbluetig	34-44656-S
kaltbluetig poikilotherm wechselwarm	28-6592-B
kalte waffe	20-65058-B
kalter krieg	22-15214-B
kaltgetraenk	43-54384-S
kaltherzig	34-45336-S
kalzit kalkspat	27-46412-S
kalzium	1-76597-S
kalziumsulfat	3-20396-S
kalziumverlust	37-15530-S
kamauro	47-456-S
kambodscha	11-30624-B
kambodschaner	28-58453-B
kamel	11-48376-B
kamel kindskopf mondkalb narr rindvieh schafskopf schwachkopf schwachmat simpel spaten spatzengehirn spatzenhirn stiesel strohkopf tor tropf trottel vollhonk vollpfosten	8-49041-S
kamele camelidae	25-41631-B
kamelhaar	32-10103-B
kamelhaarmantel	32-9983-B
kamelrennbahn	43-64013-B
kamera photoapparat photokamera	16-69915-S
kamerad kumpan kumpel spezi	28-51464-B
kameradschaft	47-4721-B
kameramann	29-47918-B
kamerascheu	35-48469-B
kamerun	11-40214-B
kameruner	28-54950-B
kamerunnuss	45-54785-S
kami	44-53132-S
kamille	33-16613-B
kamillen	34-64044-B
kamillenbluetentee kamillentee	22-43281-B
kamillentee	22-43281-S
kamin schornstein	5-61024-B
kaminsims	46-79762-B
kamm	8-67109-B,27-37184-B
kammerjaeger schaedlingsbekaempfer	39-1519-S
kammermusik	33-16166-B
kampagne	18-40801-B
kampagne kreuzzug	21-25800-S
kampala	19-48044-B
kampanien	16-13916-B
kampanologie	45-25243-S
kampf	23-20114-B,35-22817-B
kampfanzug	31-67677-B
kampfbegierig kampfesfreudig kampfeslustig kaempferisch	18-37464-S
kampfer	32-61380-B
kampferbaum kampferlorbeer	41-67861-B
kampferlorbeer	41-67861-S
kampfesfreudig kampfeslustig kaempferisch	18-37464-S
kampfeslustig kaempferisch	18-37464-S
kampfkunst	28-43413-B
kampfmittel	1-60456-S
kampfmittelentsorgung	2-34691-B
kampfrind	39-49113-S
kampfross schlachtross streitross	46-54111-B
kampftag der arbeiterbewegung tag der arbeit	23-14733-S
kampieren zelten	22-39993-B
kampong cham	25-1107-B
kampong chhnang kâmpóng chhnăng	25-1252-B
kampong speu	25-1402-B
kampong thom	25-2528-B
kampot kâmpôt	25-2671-B
kampus	16-15140-S
kamtschatka	45-62464-B
kamtschatka knoeterich japanischer fluegelknoeterich japanischer schirmknoeterich japanischer staudenknoeterich spiess knoeterich zugespitzter knoeterich	47-30617-B
kana	31-4119-B
kanada	7-92463-B,31-2131-S
kanadier kanadierin	21-5914-B
kanadierin	21-5914-S
kanadisch	21-5202-B
kanadischer reis	44-12218-S
kanadisches franzoesisch	15-54219-B
kanadisches ukrainisch	29-38130-B
kanal	1-77620-B,11-5327-B,11-18342-B
kanalinseln normannische inseln	22-40691-B
kanalisation	5-31151-B
kanalratte	36-30783-B
kanalschleuse schleuse	6-89737-B
kanarengirlitz	25-43783-B
kanarische inseln	42-69301-B
kandahar	12-9927-B
kandal	25-2906-B
kandare	12-64118-B
kandidat	18-40595-B
kandidatenliste	28-51323-B
kandidatur	32-61930-B
kandidose	21-18231-B
kaneel zimt	33-50092-B
kanephore karyatide	45-61464-B
kaninchen	21-47893-S
kaninchenaugen effekt rote augen effekt	42-40472-B
kanji	21-12416-B
kannada	9-55299-B
kanne	12-75052-S
kanneliert	26-60751-B
kannen in stroemen regnen kuebeln schuetten wie aus eimern	11-61587-S
kannibale	21-55711-B
kannibale menschenfresser	37-13889-B
kannibalismus	32-62315-B
kannibalistisch	37-13693-S
kannst du laut sagen das koennen sie laut sagen erzaehl mir was neues wem sagen sie das wem sagst du das	40-28944-S
kanon	16-63477-B
kanonade	46-72526-B
kanone	31-59432-B
kanonenkugel	32-62458-B
kanonisch	40-71047-B,40-71138-B
kansas	13-51912-B
kantabrien	31-57944-B
kantakari thai aubergine	45-41912-B
kante	27-18346-B
kantersieg	42-74776-B
kantine	32-62715-B
kanton aargau	33-43835-S
kanton appenzell ausserrhoden	33-47338-S
kanton appenzell innerrhoden	33-47134-S
kanton basel landschaft	33-46977-S
kanton basel stadt	33-46832-S
kanton bern	33-46718-S
kanton freiburg	33-46588-S
kanton genf	33-46462-S
kanton glarus	33-46341-S
kanton graubuenden	33-46140-S
kanton jura	33-46017-S
kanton luzern luzern	33-45890-B
kanton neuenburg neuenburg	33-45754-B
kanton nidwalden nidwalden	33-45617-B
kanton obwalden obwalden	33-45484-B
kanton sankt gallen sankt gallen	33-45329-B
kanton schaffhausen schaffhausen	33-45182-B
kanton schwyz schwyz	33-45057-B
kanton solothurn solothurn	33-44922-B
kanton thurgau thurgau	33-44795-B
kanton uri uri	33-44591-B
kanton waadt waadt	33-44352-B
kanton wallis wallis	33-44468-B
kanton zuerich zuerich	33-43967-B
kanton zug zug	33-44098-B
kantonesisch	8-60230-B
kantonesisch yue	12-52121-B
kanu	32-62528-B
kanufahrer	46-41814-B
kanuri	16-29183-B
kanzel	16-7620-B
kanzelhaube kanzelhimmel schalldeckel	40-39408-B
kanzelhimmel schalldeckel	40-39408-S
kanzerogen karzinogen krebserzeugend	34-31640-S
kanzerogenitaet	1-80036-B
kanzerogenitaetspruefung	1-80264-B
kanzler	42-54762-S,42-54862-S
kanzlerin	42-54965-S
kap	26-4210-B
kap hoorn	26-9060-B
kap stachelbeere kapstachelbeere essbare judaskirsche	34-47210-S
kap verde	12-24771-B
kap verde escudo	28-72966-B
kapabel kompetent	15-24024-S
kapampangan pampangan	11-62863-B,11-63336-B
kapaun	11-54433-B
kapaun kapphahn	32-63142-B
kapaunen kapaunisieren	37-32179-B
kapaunisieren	37-32179-S
kapaunisierung	37-32321-B
kapazitaet	31-10105-B
kapazitaet verbindungsgeschwindigkeit uebertragungsgeschwindigkeit	29-11853-S
kapazitaetsdiode varaktor varicap	40-27004-S
kapelle	9-32591-B
kapern	37-53959-S
kapieren raffen schnallen	35-9545-S
kapillare	27-44981-B
kapillarenentzuendung kapillaritis	41-71889-B
kapillaritis	41-71889-S
kapitaen	14-10215-B
kapital	9-69075-B
kapitalanteil	19-36737-B
kapitalaufstockung	19-41751-B
kapitale	9-68769-S
kapitalgesellschaft	19-71059-B
kapitalismus	42-51752-B
kapitalist	42-72591-B,42-72703-B
kapitalistisch	45-37889-B
kapitalverkehr	7-3227-S
kapitel	14-53911-B
kapitulation	26-56003-B,42-31204-B
kapitulieren nachgeben	17-4316-S
kaposi sarkom	21-19187-B
kappadokisch	23-36201-B,23-36388-S,23-36520-S
kappe muetze	7-78130-B
kapphahn	32-63142-S
kapriole	33-293-B
kaprize laune	32-63216-B
kapsel	33-332-B
kapseln verkapseln	34-16277-S
kapstachelbeere essbare judaskirsche	34-47210-S
kapstadt	24-34314-B
kaputt	9-66492-B,13-2811-S
kaputt machen vernichten zerstoeren	13-27691-B
kapverdisches kreol	23-52015-B
kapzeisen kentern	42-72293-B
kar	6-41045-S
karabiner	33-1050-B
karaffe	33-477-B
karakalpakisch	16-29358-B
karamelle	15-27119-S
karaoke	21-24575-B
karat	33-895-B,33-969-B
karate	22-27001-B
karateka karatekaempfer	30-16792-B
karatekaempfer	30-16792-S
karatschai balkarisch	23-31619-B
karatschai see	28-35651-B
karatschai tscherkessien	17-34128-B
karausche	11-46321-B
karbinol methylalkohol	22-47333-S
karbonatit	34-3919-B
karbunkel pickel	14-8979-S
kard	42-34397-B
kardamom	33-59224-B
karde krempel wollkamm	9-7510-B
karden krempeln kaemmen	9-7677-B
kardinal	14-67010-B
kardinalzahl grundzahl	11-38293-B
kardiologe	15-42023-B
kardiologie	1-80663-B
karditis	41-69689-B
karelien	17-34266-B
karelisch	25-15811-B
karen sprachen karenische sprachen	16-29576-B
karenische sprachen	16-29576-S
karette scheibtruhe schiebetruhe schubkarre	11-29067-B
karfiol kaesekohl traubenkohl	13-79623-S
karfreitag stiller freitag	21-60564-S
karfunkelstein	47-61717-B
karibik	1-80934-B
karibisch	27-1781-B
karibisches meer	26-7744-B
karies	26-13956-B
karikatur	24-38455-B
karlsruhe	36-19199-S
karminrot	35-53054-B
karneval	42-16366-S
karolinger	37-46419-B
karolingisch	37-46629-B
karoshi karōshi	33-47878-B
karosserie	34-23989-B
karotte mohrruebe moehre gelbe ruebe	17-58244-B
karottenbrot	33-48644-B
karottensalat moehrensalat	31-68249-B
karpfen	10-66282-B,46-80856-B
karpfenfisch	12-76406-B
karre karren	43-29163-B
karren	43-29163-S
karriere laufbahn	22-39158-B
kars	25-51402-B,25-51488-B
karsamstag karsonnabend ostersamstag stiller samstag	21-60889-B
karsonnabend ostersamstag stiller samstag	21-60889-S
karst	47-48513-B
karsttrichter	43-596-S
karte	9-7361-B,14-57247-B,18-12141-S
karte landkarte	3-86629-B
karte spielkarte	18-29261-B
kartei	47-16943-S
kartell konzern trust	25-28414-B
kartierung	3-86943-B
kartli	25-12813-S
kartli nieder kartlien	25-12334-S
kartlien	25-12334-S
