disown reject disavow	13-63507-S
dispair	23-15184-S
dispairing hopeless	36-57359-B
disparity dissimilarity dissimilitude inequality	37-34294-B
dispassionate	34-44656-S
dispatch	34-6828-S
dispatch despatch	34-6944-B
dispatch note	2-34089-B
dispatch off polish off remove slay	20-52467-S
dispatch shipment	34-6651-B
dispel	37-34467-B
dispensable expendable unessential	37-34508-B
dispensation	21-49286-B
dispense	30-64425-S
disperse	41-77273-B
dispersion	2-34404-B
dispirit humiliate mortify	18-59670-S
dispirited blue down down in the mouth downcast downhearted low low spirited	14-56304-S
dispiriting gloomy grim	37-34851-S
displace	37-34965-S
displaced person	2-34557-B
display	18-83732-B,21-52539-B
display adapter graphics accelerator card graphics card video card	20-69035-B
display board display panel	14-56954-S
display computer monitor monitor	17-72334-S
display panel	14-56954-S
display present show indicate reveal	18-84226-B
displease	37-36742-B
displeased	37-16717-S
displeasing	37-36786-B
displeasing distasteful repugnant repulsive	37-43144-S
displeasure	37-36854-S
displode	18-77489-S
disport	37-36934-S
disposable nonreturnable not reusable throwaway	37-37026-B
disposal	26-18946-S
disposal of warfare materials	2-34691-B
dispose of	18-79969-B
disposition	15-31577-S
disposition placement	47-4324-S
disproportion	37-37146-B
disproportionate	37-37536-B
disprove refute	35-18044-S
disputable questionable	37-37628-S
disputation	37-37705-S
dispute	14-19198-S,17-30698-S,18-70200-B,24-24428-B
dispute impugn compete contend	19-42331-S
dispute quarrel row	11-14198-S
disqualification	37-37776-B
disqualify	37-37933-B
disquiet distract perturb unhinge	27-26084-S
disquiet uneasiness	37-38014-S
disquieting distressing disturbing	37-38084-B
disquisition	27-25482-B
disregard	37-38222-B
disreputable	37-38278-S
disrepute distrust	37-21640-S
disrespect disrespectfulness	36-9957-B
disrespectful	36-23413-B
disrespectful impolite	37-17232-S
disrespectfulness	36-9957-S,36-10164-B
diss affront insult	31-35076-B
dissatisfaction	37-16595-S
dissatisfied	37-39454-S
dissect	37-39630-B
dissection	37-39721-B
dissemble	37-39854-B
dissemble dissimulate	37-40416-B
dissembler dissimulator hypocrite phoney phony pretender	37-40629-B
disseminata multiple sclerosis	36-20343-S
disseminate divulge	9-69693-S
disseminated sclerosis encephalomyelitis disseminata multiple sclerosis	36-20343-S
dissemination	26-54190-B
dissension dissidence	37-16796-S
dissenter	37-42890-B
dissertation	22-64085-S
dissertation advisor	44-54819-S
dissidence	37-16796-S
dissimilar other	11-22600-S
dissimilarity dissimilitude inequality	37-34294-S
dissimilitude inequality	37-34294-S
dissimulate	37-40416-S
dissimulator hypocrite phoney phony pretender	37-40629-S
dissipated dissolute libertine profligate unchaste	36-6360-S
dissipation dissolution excess lechery licentiousness looseness profligacy	36-6548-B
dissolute libertine profligate unchaste	36-6360-S
dissolution	2-34884-B
dissolution excess lechery licentiousness looseness profligacy	36-6548-S
dissolve	40-69487-B
dissolved organic carbon	2-34948-B
dissolvent	37-43059-B
dissonance	37-16896-S
dissuade advise against dismay	13-11861-B
dissyllabic	37-20962-S
distal radius fracture wrist fracture	41-39244-B
distance	31-50624-B,44-13578-S
distance light	20-16200-S
distance relationship	36-31794-S
distance traffic	3-79596-S
distaste	9-35304-S,37-1738-S
distasteful repugnant repulsive	37-43144-S
distasteful unpalatable unsavory	37-43273-S
distension distention	37-43357-B
distention	37-43357-S
distillate	36-24594-B
distillation	2-35187-B
distillery	37-43441-B
distilling industry	2-35377-B
distinctive	27-9398-B
distinctive feature feature	7-81403-B
distinctively	27-9440-B
distinguishable	37-12284-S
distinguished	37-43551-B
distort	26-57909-B,37-43643-B
distorted	21-43488-B
distortion	37-43704-B,46-16633-B
distortion falsification	18-80137-B
distract deflect divert	34-56865-B
distract perturb unhinge	27-26084-S
distraction	43-16730-B
distraction dread fright	35-20414-S
distraught despondent	17-27551-B
distress dread pain	10-51044-B
distress signal	37-43941-B
distressed	37-44069-B
distressing	37-44137-B
distressing disturbing	37-38084-S
distribution	4-77836-S,18-80294-B,26-54278-B,31-59581-B
distribution area	1-40319-B
distribution system water supply network water supply system	6-16529-S
distributive	37-44201-B
distributor	37-44279-B,37-44374-B
district	4-2408-S,26-36540-B
district heating	2-35707-B
district of columbia	24-39252-B
distrust	21-39678-B,37-21640-S,37-45962-B
distrustful	37-46022-B
disturb	11-6644-S
disturb gravel irritate mind object to trouble	43-68111-S
disturbance	37-46127-B
disturbance somnipathy	5-38425-S
disturbed mentally ill	37-46178-S
disturbing	37-38084-S
disunit	37-46350-S
disunite	27-19301-B
disunity	37-7728-S
disused	20-51158-S
disyllabic dissyllabic	37-20962-B
ditch	2-35849-B
dithyramb	44-77802-B
ditransitive verb	16-5758-B
ditto	12-75246-B
diuretic	29-5446-B,32-28605-B
diurnal	33-31728-B
divan	17-84161-B
dive	43-15665-B,43-16235-B,43-16348-B
dive header	47-74558-B
dive hop	47-55627-S
dive plunge	43-16274-B
dive simulation	43-15349-B
divehi mahl	26-56409-S
diverge	34-58481-B
divergence divergency	37-47075-B
divergency	37-47075-S
diverse	37-47902-B
diversification variegation	42-35524-B
diversify	34-59170-B
diversity	3-8922-S,28-34192-B
divert	34-56865-S
diverticulectomy	44-49944-B
diverticulitis	41-78426-B
diverting entertaining	38-10321-S
divide	20-60546-B,21-34761-S,27-9795-B
divide split up	8-48828-S
dividend	31-44077-B,31-44359-B
divider island median median strip	15-9810-S
divination	30-63884-S
divine	30-29501-S
divine king god king	22-24808-B
divine revelation revelation	17-40845-B
diviner foreteller prophet seer soothsayer	37-47970-S
diving bell wet bell	37-48809-B
diving board springboard	37-48889-B
divinity	26-54311-B
divinity god	31-60663-S
division	1-52767-S,15-6417-B,32-6882-B
divisor	37-48983-B
divisor greatest common factor hcf highest common factor	15-10598-S
divorce	21-43563-B,29-6349-B
divorce attorney divorce lawyer	43-9839-B
divorce get a divorce get divorced	29-6573-B
divorce get divorced	29-6573-S
divorce judge	43-9682-B
divorce lawyer	43-9839-S
divorced	29-6573-S
divorcee	29-6823-S
divorcé	29-6914-B
divorcée divorcee	29-6823-B
divot	14-30471-B
divulge	9-69693-S
divulgence	17-40684-S
dixon line	25-6178-S,37-11429-S
dixon s line mason dixon line	37-11429-S
dizziness giddiness	36-26570-S
dizzy	37-49097-B
dizzy empty headed featherbrained giddy light headed lightheaded silly	11-26875-S
djakarta jakarta	20-17009-S
djamena	28-64682-S
djibouti	11-54003-S,25-14113-B
djibouti republic of djibouti	11-54003-B
djiboutian franc franc	32-31906-B
dki jakarta djakarta jakarta	20-17009-B
dm	43-20837-B
dna	2-36126-S
dna mtdna	38-11432-S
dna polymerase	20-9318-B
dnieper dnieper river	29-22295-B
dnieper river	29-22295-S
do	8-42794-S,14-26609-B,26-13291-S,31-19442-S,45-19851-S
do away with eliminate extinguish get rid of	38-759-B
do douro	23-46142-S
do fuck shag get laid have sex	10-52226-S
do how s it going how d ye do	45-19851-S
do kitchen tea stagette	43-28439-S
do one s best do one s utmost try one s utmost	43-18809-S
do one s utmost try one s utmost	43-18809-S
do stag night stag party	43-28278-S
do suffice be enough be sufficient	43-19281-B
do sul	25-24186-S
do you do how s it going how d ye do	45-19851-S
dobbin	10-78854-B
docile indulgent	26-54954-B
docility	37-49174-B
dock	32-7248-B,34-52338-S
dock drydock	32-7347-S
docker dockhand dockworker	37-49256-B
dockhand dockworker	37-49256-S
dockworker	37-49256-S
doctor	13-12233-S,13-12596-B,39-35482-S
doctor fix repair mend restore touch on	13-78752-B
doctor oculist ophthalmologist	15-37767-S
doctor physician medical doctor	13-12233-B
doctor quacksalver	45-78364-S
doctor s degree doctorate	37-50439-B
doctor spinster	39-47390-S
doctoral advisor dissertation advisor	44-54819-B
doctoral candidate ph d student doctoral student	44-55499-B
doctoral student	44-55499-S
doctoral title	44-54699-B
doctorate	37-50439-S
doctoress	13-12976-B
doctrinal	37-50668-B
doctrine	4-71170-S,6-69005-B
docucam document camera image presenter visual presenter	43-20420-S
document	34-14927-B
document camera image presenter visual presenter	43-20420-S
document preparation system	25-59369-S
document writing	2-37039-B
documentary	12-14376-B
documentary film	6-99509-B
documentary system	7-16699-B
documentation	2-37298-B
dodecadactylum maw gut	47-27084-S
dodecagon	16-16082-B
dodecagonal	16-12374-B
dodge	18-564-S
dodge stratagem	42-42956-S
dodgem car	44-32648-S
dodgem dodgem car	44-32648-S
dodger	47-42835-S
dodgy iffy zweifelhaft	10-87342-B
dodo	43-36105-B
dodoma	19-47952-B
doe	28-43100-B,42-71079-B
doe hind	35-41762-B
doesn t change its spots	47-45998-S
doesn t fall far from the tree	11-6208-S
doff remove take off	46-72786-B
dog	2-37481-B,15-7273-S,21-990-B,36-27924-S,39-19563-S
dog as fit as a fiddle as sound as a bell fit as a fiddle fit as a flea in rude health right as rain sound as a bell sound in wind and limb	47-43144-S
dog days heat wave	9-12368-B
dog ear dogear	31-57104-B
dog ear dogear make dog eared	11-8106-B
dog eared	11-8106-S
dog handler dog trainer	44-46177-B
dog shit dogpile	13-21068-B
dog sundog	13-6821-S
dog tired	16-31454-S
dog trainer	44-46177-S
dogear	31-57104-S
dogear make dog eared	11-8106-S
dogged perseverant perseverent persevering	37-50741-B
doghouse	22-26898-S
dogma	35-59185-B
dogmatic	35-59914-B
dogmatix	34-62088-B
dogpile	13-21068-S
dogs and cats	11-61587-S
dogs rain dogs and cats	11-61587-S
dogsled racing	30-19992-B
dogwood	35-29279-S,46-77837-S
doha	9-58611-B
doily	16-1720-B
doing	1-5991-S
doing how are you how do you do how s it going how d ye do	45-19851-S
dokumenta	40-34674-S
doldrums	33-31825-S
doleful dolorous	13-32440-S
doline sink hole sinkhole swallet swallow hole	43-596-S
doll	25-82238-B
doll wench	8-11866-S
dollar	13-43583-S,18-35780-S
dollar american dollar us dollar	13-43583-B
dollar us dollar	13-43583-S
dollars	44-76240-S
dolmen	35-55089-S
dolorous	13-32440-S
dolphin	23-58425-B,27-21552-S,42-60543-S
dolphin pai chi whitefin dolphin yangtze dolphin yangtze river dolphin	27-21552-S
dolphin yangtze dolphin yangtze river dolphin	27-21552-S
dolphin yangtze river dolphin	27-21552-S
dolphinarium	45-23994-B
dolt idiot not the sharpest tool in the shed putz simpleton	8-49041-S
doltish foolish silly	10-67380-B
dom	27-3903-B
domain	18-6782-B,28-62190-S,32-12691-B,45-16699-B
domain territory	18-57462-B
domain tld	28-61893-S
dome	24-8724-S
domed	37-50894-B
domestic abuse domestic violence	42-2498-B
domestic appliance	2-37753-B
domestic asian water buffalo	22-56820-S
domestic cat kitty kitty cat puss pussycat	39-61572-S
domestic goat goat	8-81704-B
domestic product	6-59359-S,9-70796-S
domestic sheep	39-70270-B
domestic trade	2-38017-B
domestic violence	42-2498-S
domestic waste	2-38140-B
domesticated animal	2-37862-B
domestication	30-25811-B
domiciled	40-102586-B
dominance	26-40175-B
dominate	34-67487-B
dominate command overlook overtop	26-54403-B
dominate predominate prevail rule reign	26-40501-B
domination	37-50826-B
domineering overbearing	37-50943-B
domini ce common era	31-71599-S
dominica	11-82787-S
dominica commonwealth of dominica	11-82787-B
dominican	35-22992-B,38-42872-B
dominican republic	12-28841-B
dominican sign language	27-4403-B
domino	37-51125-B
don	44-36160-S
don don river river don	44-36160-B
don father	14-12872-B
don river river don	44-36160-S
don t count your chickens before they re hatched	47-46246-B
don t know that s an understatement	40-28944-S
don t worry about it it was nothing no problem you re welcome	10-85606-B
donald duck donald fauntleroy duck	10-61483-B
donald fauntleroy duck	10-61483-S
donate	18-80929-B
donation	16-45951-B,24-33350-S
donation contribution	14-24521-B
donets	44-36728-S
dong member pecker penis prick putz	7-50742-S
dongle	15-57899-B
donkey ass	11-44217-B
donkeywork drudgery plodding	42-32688-S
donor	14-31664-S,21-35653-S,24-44912-S,44-64126-S
donor language word etymon	37-2724-B
donor organ	24-44533-B
doobie fatty jay joint spliff	39-48702-S
doodlebug monkeypea pill bug potato bug roll up bug roly poly slater sow bug woodlouse	17-64594-S
doom	39-32496-S
doom prophet of doom	39-32496-S
doomed reprobate	37-12634-S
doomlike first person shooter	46-43897-S
doomsday	37-51244-B
door	28-41238-S
door back door backdoor	46-15576-S
door backdoor	44-31507-S,46-15576-S
door case doorcase doorframe	45-8973-S
door doorway	9-15203-B
door frame door case doorcase doorframe	45-8973-B
door gate	43-62461-B
door handle	18-18308-S
door mat doormat mat welcome mat	46-44323-B
door mirror exterior mirror exterior rear view mirror exterior rear view mirror exterior rearview mirror outside mirror outside rear view mirror outside rear view mirror outside rearview mirror side mirror side view mirror wing mirror	42-5430-B
door opening window opening	27-26679-B
door post door post doorjamb doorpost	40-46758-B
door post doorjamb doorpost	40-46758-S
doorbell	14-52155-S
doorcase doorframe	45-8973-S
doorframe	45-8973-S
doorjamb doorpost	40-46758-S
doorkeeper doorman	34-61553-S
doorknob door handle	18-18308-B
doorless	36-61860-B
doorman	34-61553-S
doormat mat welcome mat	46-44323-S
doorpost	40-46758-S
doorway	9-15203-S,37-51329-B
dope	23-30027-B
dope ganja grass herb marihuana reefer weed	19-67153-S
dope off doze off drift off drop off fall asleep flake out nod off	20-41571-B
doping	9-38972-B,21-37118-S
doppelganger	41-9411-B
doppelganger look alike	12-10375-S
doppler effect	17-77444-B
dordogne	24-49207-B
doric	23-35592-B
dork jerk	40-46845-B
dorothea dorothy dot	37-20354-B
dorothy dot	37-20354-S
dosage	2-38291-B
dose	2-38388-B,2-75029-S,4-95240-S
dose dot pane superman window pane lucy in the sky with diamonds loony toons	40-77160-S
dose effect relationship dose response relationship exposure response relationship	2-38611-B
dose radiation sickness	4-96714-S
dose response relationship exposure response relationship	2-38611-S
dosemeter radiation dosimeter	44-75315-S
dosimeter	44-75315-S
dosimeter dosemeter radiation dosimeter	44-75315-B
dot	12-22162-S,37-20354-S,41-4731-S,45-51410-S
dot interpoint middle dot space dot	41-4731-S
dot pane superman window pane lucy in the sky with diamonds loony toons	40-77160-S
dot point	12-22064-B
dot space dot	41-4731-S
double	9-27831-B,12-13244-B,22-38375-B
double agent traitor	46-70914-B
double bass	24-40652-S
double bed	45-49086-B
double blind experiment double blind study double blind trial	36-50131-B
double blind study double blind trial	36-50131-S
double blind trial	36-50131-S
double doppelganger look alike	12-10375-B
double edged sword	20-31327-B
double entendre	35-24728-B
double helix	24-22848-B
double standard	34-20166-B
doubs	24-49380-B
doubt	9-61824-B
doubt question uncertainty dubiety	7-91241-S
doubtlessly indubitably unquestionably	38-44170-S
dough	31-68374-S,34-52582-S,34-53498-S
dough rolled out pastry	40-3409-S
doughnut	17-27240-S
douro	23-46142-S
douse extinguish put out	43-68539-B
dove	46-43703-S
dove collared dove	46-43703-S
dove eurasian collared dove collared dove	46-43703-S
dove eurasian collared dove eurasian collared dove collared dove	46-43703-S
dove eurasian collared dove eurasian collared dove eurasian collared dove collared dove	46-43703-S
dove pigeon	11-24918-B
dove sole common sole	39-58997-B
dovecot dovecote	42-68113-S
dovecote	42-68113-S
down	7-89453-S,8-6740-B,8-6932-B,8-7027-B,15-77664-S,20-30417-S,21-52750-S,34-56010-S,39-6352-S,41-84454-S,42-29949-S
down descend go down	34-56010-S
down down in the mouth downcast downhearted low low spirited	14-56304-S
down downward downwardly downwards	8-6508-B
down go under settle	20-22951-S
down hunker down squat squat down	41-84454-S
down in the mouth downcast downhearted low low spirited	14-56304-S
down on	39-11218-S
down on give head	14-55733-S
down out of service	8-6855-B
down set about set out start out	14-51293-S
down shift down	42-29949-S
down slow up	16-69638-S,43-78541-S
down squat squat down	41-84454-S
down switch off turn off	38-46207-S
down syndrome down’s syndrome	28-73441-B
down take a seat	9-58338-S
down the curtain buy the farm cash in one s chips choke conk croak drop dead give up the ghost go perish pop off snuff it	8-79415-S
down tube	46-31472-B
down vacate	21-22319-S
down wear out wear upon weary	34-11454-S
downcast downhearted low low spirited	14-56304-S
downhearted low low spirited	14-56304-S
downhill	26-44137-B
download	27-6489-B
downpour deluge torrent	17-85805-B
downriver downstream	37-45753-B
downshift gear down shift down	42-29949-B
downsize	19-46652-B
downstairs	47-20291-B
downstream	18-20635-B,37-45753-S
downtime	14-73695-B
downward downwardly downwards	8-6508-S
downwardly downwards	8-6508-S
downwards	8-6508-S
downwind	22-13203-S
downy sedative tranquilizer	36-44867-S
