proteolytisches enzym	23-23500-S
protest	4-31711-S
protestantismus	28-9162-B
prothese	12-77920-B
protium	31-23597-B
protogriechisch	23-34728-B
protoindoeuropaeisch indoeuropaeisch indogermanisch pie uig urindogermanisch indogermanische ursprache	27-7818-B
protokoll	4-88520-B,20-15805-B,34-12264-B
proton	11-60779-B
protosprache ursprache	47-37028-B
protozoen	4-88578-B
protzen aufschneiden bruesten grosstun hochstapeln prunken renommieren	41-60758-S
provence	24-45695-S
provenzalisch frankoprovenzalisch	9-16324-S
provider	7-26644-S
provider provider	7-26644-S
provinz	25-11212-B
provision	29-25854-B
provozieren	21-23467-B
provozieren quaelen sticheln aergern	47-65466-S
proxy proxy server	20-74347-B
proxy server	20-74347-S
prozedur	34-23004-B
prozent	15-10969-B
prozentsatz prozentualer anteil	15-10816-B
prozentualer anteil	15-10816-S
prozess	1-10753-S,6-73025-B,34-15981-B,45-10236-S
prozess drei alpha prozess heliumbrennen salpeter prozess	45-10236-S
prozess heliumbrennen salpeter prozess	45-10236-S
prozessgegner verhandlungsgegner	18-71955-S
prozessor	20-72656-S
prozessrecht	4-85159-B
prozesssuechtig streitsuechtig	22-44272-S
pruederie	42-60688-B
pruefdienst	3-50669-B
pruefen zeigen	18-57990-S
pruefstand	18-35195-B
pruefungsergebnis	38-49813-B
pruegelei	29-40377-B
pruegeljunge pruegelknabe	21-61864-B
pruegelknabe	21-61864-S
pruegeln verdreschen verhauen verklopfen vermoebeln verpruegeln versohlen vertrimmen	20-61352-B
pruegelstrafe koerperliche zuechtigung	17-29334-S
prunk	26-57998-B
prunken renommieren	41-60758-S
pruritus	45-36033-S
príncipe	12-29965-S
ps pferdestaerke	42-44101-B
pscht pst still	47-18940-B
pseudo krupp akute stenosierende laryngotracheitis	5-56745-B
pseudonym	13-60832-B
psoriasis schuppenflechte	33-69946-B
pst still	47-18940-S
psyche seele	14-21699-B
psychiater	16-49217-B
psychiatrie	16-47183-B
psychisch	18-67253-S
psychisch krank	37-46178-S
psychoaktiv	44-47521-B
psychologe	28-9597-B
psychologie	4-89410-B,25-56957-S,45-52747-S
psychologisch	45-53085-B,45-53225-B
psychologische kriegfuehrung	45-53561-B
psychosomatische krankheit	4-89581-B
psychrometer	18-47554-B
pu der baer	11-77793-B
pu erh tee	36-65430-B
pubarche	46-43556-B
publikation veroeffentlichung	25-19185-B
publikum	18-18846-B
puck	41-83082-B
pudel	15-2825-B
pudelnackt splitterfasernackt	28-41004-S
puderzucker staubzucker farinzucker	19-6249-B
puerieren	40-88151-S
puerierstab stabmixer	34-1386-S
puerto rico	24-39010-B
puerto rico kirsche westindische kirsche	36-32887-S,36-33466-S
puff hurenhaus	39-72629-S
puffauto	44-32648-S
puffreis bordellreis	47-74385-B
pulaar	21-316-B
pulcinella	10-78684-B
pulitzer preis	10-61962-B
pullern schiffen urinieren	13-4491-S
pulli pullover sweater	18-39879-S
pullover sweater	18-39879-S
pulmologie pulmonologie	43-44988-S
pulmonalarterienthrombembolie	38-33065-S
pulmonologie	43-44988-S
pulpa	12-61138-B
pulpitis	41-63872-B
pulslosigkeit	43-45333-B
pultrusionsverfahren strangziehen strangziehverfahren	45-56910-B
puma	16-2819-B
puma silberloewe kuguar	11-65609-S
pumpe	4-92224-B
pumpen	31-18083-B
punjab	36-65963-S,36-66184-B,36-66271-B
punjabi	9-47180-S
punkt	7-34580-B,12-21852-B,12-21962-B,12-22064-B,12-22162-B
punkte	12-5241-B
punktmuster	45-51410-B
punktquelle	4-68637-B
pupen pupsen	22-23210-S
pupille	25-81878-B
puppe	25-82238-B,33-43406-B,38-12636-B
puppenkernkeule	15-45255-B
pupsen	22-23210-S
purifizieren reinigen	21-27787-B
purin	4-92581-B
purpur waldsaenger purpurwaldsaenger	46-77407-B
purpurwaldsaenger	46-77407-S
pursat	25-6555-B
puste	15-19909-S
put option verkaufsoption	12-77587-B
puter putér	47-51198-S
putonghua	12-47710-S
putsch staatsstreich	12-72983-B,35-38485-S
putschist	12-76843-B
putz	27-12395-B
putzen	10-84417-B,10-84467-B
putzen die szene verlassen in rauch aufgehen sich in luft aufloesen sich in nichts aufloesen	20-5157-S
putzfimmel putzwahn reinigungswahn	39-47977-B
putzfrau aufwartefrau raumpflegerin reinemachefrau reinmachefrau zugehfrau	44-37811-B
putzmittel reinigungsmittel waschmittel	9-40519-S
putzwahn reinigungswahn	39-47977-S
putér	47-51198-S
puy de dôme	24-56153-B
puzzle	10-87943-B
puzzle geduldspiel geduldsspiel knobelspiel	15-22508-B
pvc	4-77145-S
pyelitis	41-80031-S
pyelonephritis	41-49569-S
pyogen	29-4020-S
pyralene	6-77444-B
pyramide	14-68053-B,32-16480-B
pyrenaeen	25-1972-B
pyrenaeisch	47-7782-B
pyretikum	12-36123-B
pyretisch	39-42546-S
pyroklastisch	46-40487-B
pyrolyse	4-92768-B
pyromane	47-7548-B
pyromanie	28-74663-B
pyromanisch	47-7663-B
pyrotechnik	46-68764-B
pyrrhussieg	25-23453-B
pyrénées	24-56621-S,25-908-S
pyrénées atlantiques	24-56339-B
pyrénées orientales	24-56753-B
python	24-38632-B
pénh	22-54376-S
périgord	47-14064-B
qa da	29-43866-S
qatabanisch	45-30225-B
qinghai	31-71391-B
qinghai tibet hochebene	31-52570-S
qipao	33-26016-S
quacksalber kurpfuscher	45-78364-B
quacksalbern	45-78685-B
quaddel urtika	33-69148-B
quader	21-37410-B,32-39737-B
quadrant	21-58058-B
quadrat	14-11926-B
quadratisch	46-29065-B
quadratwurzel	28-32699-B
quadratzahl	31-24531-B
quadrieren	31-24015-B
quaelen	20-22879-B,32-42824-S,47-64588-S,47-64714-B
quaelen sticheln aergern	47-65466-S
quaelen ungeduldig belaestigen ungeduldig draengen ungeduldig sein	47-65912-S
quaelen unter druck setzen	47-65671-S
quaelend	38-36122-B
quaelgeist	42-23597-S
quaken	24-13049-B,24-13164-B,45-78280-B
qual	29-48748-B,31-8132-B
qual schmerz	10-51044-S
qualitaetskontrolle qualitaetssicherung	4-92980-B
qualitaetssicherung	4-92980-S
qualitaetszertifizierung	6-54949-B
qualitaetsziel	6-75440-B
qualle	46-34873-S
qualmen wie ein schlot	46-9986-S
quant	11-77978-B
quantenchemie	29-65704-B
quantenmechanik	29-69349-B
quantitativ	31-36625-B
quarantaene	46-27020-B
quark	11-81044-B,30-42940-S
quartaer	26-8921-B
quartal trimester vierteljahr	11-43362-B
quartett	14-75914-B
quartier	6-52344-B
quatschnass triefnass tropfnass	36-32559-S
qubit	38-54071-B
quebec	30-9468-B
quecksilber	3-95494-B
queens	44-40458-B
queensland	31-65955-B
quelle	5-60428-B,9-5000-B,21-71671-B
quelle ursprung	14-47667-S
quelloffenheit	14-73011-S
quellwasser	5-60578-B
quendel thymian	35-39093-S
quenya	31-43681-B
quer	24-30527-B,41-48652-B
querbinder schleife	16-68530-S
querele reiberei streit streitigkeit wortgefecht zank zwist	11-14198-S
querfeldein	20-68610-B
querfloete	16-54453-B
querformat	31-727-B
querkoepfig stoerrisch	35-24460-S,39-63502-B
querruder	9-17598-B
querverweis verknuepfung verweis	25-29491-B
quetschbar	16-44562-B
quetschen	8-41994-B,18-58718-B
quichottisch	16-26874-B
quietscheentchen	46-48954-B
quietschvergnuegt uebergluecklich	39-65963-S
quinoa andenhirse inkareis perureis reismelde reisspinat	42-50814-S
quintett	32-41814-B
quirinalspalast	30-67387-B
quito	19-50461-B
quitte	10-9915-B
quittung	26-26271-B
quotient	21-57844-B
rabat	25-13368-B
rabatt reduktion	28-54510-S
rabattkarte	28-37138-B
rabbi rabbiner	16-53518-B
rabbiner	16-53518-S
rabe	30-11550-S
rabenschwarz kohlrabenschwarz pechschwarz tiefschwarz	45-29557-B
rabi al akhir rabi ath thani	29-44677-S
rabi al auwal rabi al awwal	29-44843-S
rabi al awwal	29-44843-S
rabi ath thani	29-44677-S
rabi i rabi al auwal rabi al awwal	29-44843-B
rabi ii rabi al akhir rabi ath thani	29-44677-B
rabiat wild	32-16237-S
rabulistik haarspalterei sophistik wortklauberei wortverdreherei	43-25663-B
rache vergeltung	12-47997-B
rachedurstig racheschnaubend rachgierig rachsuechtig	17-18045-B
rachen schlund	43-55969-S
rachenentzuendung	41-67552-S
racheschnaubend rachgierig rachsuechtig	17-18045-S
rachgierig rachsuechtig	17-18045-S
rachsuechtig	17-18045-S
rad	1-55446-S,13-36459-B
rad am wagen	16-37084-S
rad fahren	47-21902-B
radar	4-94259-B
radargeraet	20-48920-S
radfahren	46-30451-S
radfahrer radler	22-10534-S
radiaesthesie	29-5216-B
radicchio	44-63082-B
radies rettich	43-26604-S
radieschen radies rettich	43-26604-B
radikal	40-3170-B
radikand	16-36523-B
radio	4-97315-B
radio radioempfaenger radiogeraet rundfunkempfaenger rundfunkgeraet	8-1065-B
radioaktiv	44-71163-B,44-71264-B
radioaktiv kontaminiert radioaktiv verseucht	28-61443-S
radioaktiv verseucht	28-61443-S
radioaktive emission	4-97626-S
radioaktive kontaminierung radioaktive verseuchung	4-97458-B
radioaktive substanz	4-98072-B
radioaktive verseuchung	4-97458-S
radioaktiver abfall	4-98580-S
radioaktiver niederschlag	4-97897-S
radioaktiver tracer	4-98301-B
radioaktives element	6-83330-B
radioaktivitaet	4-16777-S,4-98788-B
radioaktivitaet radioaktive emission	4-97626-S
radioempfaenger radiogeraet rundfunkempfaenger rundfunkgeraet	8-1065-S
radiogeraet rundfunkempfaenger rundfunkgeraet	8-1065-S
radiogramm roentgenbild	28-51707-S
radiokarbonmethode	23-59222-S
radiokohlenstoffdatierung radiokarbonmethode	23-59222-B
radioli	46-65095-B
radiologe	16-42058-B
radiologie roentgenologie	16-41537-B
radiologische waffe schmutzige bombe	33-38961-B
radionuklid	4-99060-B,29-61397-B
radium	14-9344-B
radius	23-55680-B,24-27563-B
radius speiche	25-19621-B
radiusfraktur	41-39244-S
radkasten radlauf	10-45076-B
radkreuz	39-65725-S
radlauf	10-45076-S
radler	22-10534-S,44-78491-B
radon	4-99129-B
radschab	29-44210-B
radstand	39-68373-B
radunfall	39-26334-S
radweg	6-51671-B
raechen	31-20458-B
raecher	31-20532-B
raedertierchen	47-32043-B
raehm	46-37375-B
raenke	36-5200-S
raetoromanisch	30-23777-S
raetsel	18-17530-B,18-17579-B
raetsel scherzfrage	28-29029-B
raetselhaft	38-6815-B
raeuchern	32-34840-B,32-35172-B
raeumlich	27-14542-B
raeumlichkeit	23-11479-B
raffen schnallen	35-9545-S
raffgier raffsucht habgier	34-59309-S
raffination raffinierung	4-104040-B
raffinerie	4-103916-B
raffinierung	4-104040-S
raffsucht habgier	34-59309-S
raga	32-35602-B
rage versetzen	38-7385-S
ragen	27-10084-B
rahm sahne	9-75771-B
rahmen	16-4715-B,19-32154-B,27-21278-B,44-17707-S
rahmen grenzen	41-904-B
rahmengesetzgebung	2-108064-B
rai rajj ray rayy rei rey	17-46156-B
raita	41-81128-B
rajj ray rayy rei rey	17-46156-S
rakete bodenrakete	23-15818-S
rallenreiher	29-22956-B
ramadan	12-58897-B
ramen	19-75363-B
ramifikation verzweigung veraestelung	35-47383-B
rammbock	31-65393-B
rammler	36-8506-S
rammsporn	27-18062-B
ramsch	41-76956-S
ramsch schurrmurr troedel troedelkram	14-63295-S
rand	13-57050-B,27-23399-B,32-52549-B,32-52729-B
rand umriss	15-2326-B
randalieren toben	42-21403-B
randgebiet	15-2214-B
randgraphem	16-62933-S
randmeer	19-62780-B
randomisiert	34-11301-B
randomisierung	34-30166-B
randvoll	32-52606-B
rang	37-67521-B
rang ablaufen	26-13291-S
rangordnung	20-62604-S
rannehmen	20-29826-S
ranzen schulranzen	14-44860-S
ranzen wampe wanst	7-57914-S
ranzig	37-42973-B
rapanui rapanuianisch	25-48991-B
rapanuianisch	25-48991-S
rapide rasant schnell	7-91595-S
rapier	12-60158-B
rappelduerr spindelduerr zaunduerr	10-65254-S
rappen per pedes	44-13411-S
raps	4-100916-B
rapsoel ruebsenoel rueboel	32-46715-S
rapunzel	35-28621-S
rasa	22-64712-S
rasant schnell	7-91595-S
rasch schnell	9-44123-S
rascheln	35-14443-B
rasen	47-46847-B
rasen rasenflaeche	22-12945-B
rasenflaeche	7-1408-S,22-12945-S
rasenmaeher	12-36595-B,24-29941-B
rasenstueck	14-30471-B
rasentrimmer	47-12519-S
rasieren	47-15199-B,47-15267-B
rasiermesser	42-42369-S
rasierwasser	36-44277-B
rasse	30-15875-B
rasse von	30-15989-S
rassel	36-8577-S
rassen rassisch	38-49397-B
rassenbeziehungen	4-93923-B
rassenmischung	42-26084-B
rassisch	38-49397-S
rassismus	42-31753-B
rassist	33-7606-B
rassistisch	42-32208-B
raster	7-35138-B,34-22246-B
raststaette	31-50364-B
rat	15-59375-B,18-61367-B
rat der europaeischen union	2-77620-B
ratanakkiri	25-6685-B
rate	6-61862-B
raten	12-18119-B
ratgeber	29-34070-B
rathaus	16-3409-B
ratifikation ratifizierung	35-3613-B
ratifizieren	35-3252-B
ratifizierung	35-3613-S
ration	20-46642-B
rationale zahl	35-33481-B
ratscha letschchumi kwemo swaneti	25-11962-S
ratscha letschchumi und niederswanetien ratscha letschchumi kwemo swaneti	25-11962-B
ratte	8-76644-B,9-3520-S
rattenfaenger	40-56583-B
ratz staenker	43-64256-S
ratzen schlafen schlummern	9-25508-S
rau	31-12825-B
raub	24-15656-S
raubbau	4-41915-B
rauben	14-23811-S
raubkopie schwarzkopie	39-34904-B
raubspinne	16-50639-S
raubtier	1-81413-S
raubueberfall	23-58016-B
raubvogel	1-65062-S
rauch	5-39368-B
rauch aufgehen sich in luft aufloesen sich in nichts aufloesen	20-5157-S
rauch schwaden	3-2599-B
rauchen	5-39733-B,9-81741-B,43-5470-B
rauchen wie ein schlot qualmen wie ein schlot	46-9986-B
rauchfang	37-58995-B
rauchgas	2-99669-B
rauchlose zigarette	45-16341-B
rauchmelder	43-47030-B
rauchpatrone	22-7921-B
rauchpunkt	34-2681-B
rauchverbot	30-19191-B
rauferei	24-23551-B
rauflust	23-62519-B
raufschalten	42-30158-S
rauh unguenstig	42-37020-S
rauhfutter	11-24790-B
rauke rucola	42-30888-S
raum	5-55662-S,20-30074-B
raum stube zimmer	8-52633-S
raumfahrer	17-1039-S
raumfahrt	5-56313-B
raumfahrzeug raumschiff	12-25910-B
raumname	22-2845-S
raumpflegerin reinemachefrau reinmachefrau zugehfrau	44-37811-S
raumplanung	4-60495-B
raumschiff	12-25910-S
raunen wispern	38-44582-S
raupe	33-6397-B
raus verzieh dich zieh leine	13-5209-S
rauschen	43-55919-B
rauschgift rauschmittel	9-60423-S
rauschgifthaendler	24-15097-B
rauschmittel	9-60423-S
rausschmeissen	24-2639-B
rausschmeissen rauswerfen verjagen	37-73368-S
rauswerfen verjagen	37-73368-S
raute rhombus	16-18479-B
ravello	23-60145-B
ravenclaw	9-57210-B
ravioli	42-18756-B
ray rayy rei rey	17-46156-S
rayy rei rey	17-46156-S
reagenzglas	36-13021-B
reaktion	1-89183-S,4-58909-S
reaktionskinetik	4-101677-B
reaktiv	40-67405-B
reaktor	4-101832-B,6-83411-S
reaktormantel	2-3524-S
reaktorsicherheit	4-101979-B
realitaet	26-28274-S,44-49785-S
realitaet wirklichkeit	13-49094-B
reanimieren wiederbeleben	12-75615-B
reap	25-6837-S
rebellion aufruhr	12-37702-S
rebhuhn	25-32000-B
reblochon	26-2096-B
rebound	40-36172-B
rebus	13-34351-B
receiver	35-31739-B
rechenschaftsbericht	19-41145-B
rechenschieber	21-26752-B
rechenschwaeche	36-69978-S
rechenstunde	21-26721-B
rechnen	15-9016-S
rechner	7-82228-S,14-31052-B,21-3187-B
rechnerisch	15-5226-S
rechnernetz	19-72404-S
rechnung	20-469-B,20-54429-S,21-3930-S
rechnungswesen	7-8610-B
recht	3-54014-S,4-90289-S,6-69916-B,6-72855-B,15-58873-B,36-55811-S
recht am eigenen bild	44-63567-S
recht haben	10-80101-S
recht haben recht haben	10-80101-B
recht ziemlich	8-996-B
rechte	8-31137-B
rechteck	25-41063-B
rechteckig	26-54843-B
rechtfertigung	27-4675-B,27-30925-B
rechthaber schlauberger schlaumeier	16-73658-S
rechtmaessig	20-44311-S,40-71311-S
rechtmaessigkeit	42-1953-S
rechts	18-29728-B,31-60991-B
rechtsakt	6-34958-B
rechtsanwalt advokat anwalt	14-24350-B
