with cold	41-5905-S
with diamonds loony toons	40-77160-S
with each other	17-83926-S
with eliminate extinguish get rid of	38-759-S
with happiness	38-61240-S
with match meet	18-27080-S
with take into account	47-60953-S
with the bathwater	8-1254-S
with the brights	22-56240-S
with the purpose of	18-1042-B
with the wind	10-61704-S,10-61840-S
with tomato sauce	15-75842-S
with unity associative unital ring associative unitary ring ring with unity unital ring unitary ring	15-79147-S
with unity unital ring unitary ring	15-79147-S
with your feet	17-39171-S
withdraw take from	23-31146-B
withdrawal	23-31222-B
withdrawal symptom	15-46099-B
wither	21-42794-B
within	26-55366-B
within a stone s throw	25-1701-B
within walking distance	44-13578-B
without	8-68254-B
witless	8-89181-S
witness	21-65525-B,47-39655-S
witted sharp witted smart witty	13-26739-S
witted smart witty	13-26739-S
witty	13-26739-S
wizard	14-38317-S,26-40653-S
wok	34-65325-B
wolf	12-63918-B,16-13319-S,39-70564-S
wolf in sheep s clothing	11-6439-S
wollastonite	40-3584-B
wolof	28-5118-B
woman	6-28709-S,16-6108-S,27-43918-S,32-59259-S,42-48467-S,43-7606-S,44-28471-S
woman in childbed	38-54933-B
woman on top	40-66254-S
woman s status	6-28946-B
woman s voice	32-4723-B
womanhood	35-5339-S
womanhood womankind	35-6401-S
womankind	35-6401-S
womanliness	35-5886-S
womb	14-15746-S
wombat	46-26109-B
women s speech	20-10782-S
wonder	9-41856-S,19-14919-B,30-11239-S
wonderful	14-51193-S
wonderful glorious marvellous	47-59664-S
wonderful wondrous	12-44610-S
wondrous	12-44610-S
wonk	42-45893-S
wont	27-30483-S
wonton wuntun	33-39855-S
wood	2-19288-S,3-2499-S,6-29199-B,7-21386-S,7-23293-S,28-71046-B,35-53478-S,35-53632-S,35-53806-S,35-54183-S,35-54649-S,35-54751-S
wood alcohol wood naphtha wood spirit	22-47333-S
wood ant narrow headed ant	44-22200-S
wood beechwood	35-53716-S
wood birchwood	35-54085-S
wood cherrywood	35-54844-S
wood chips	31-36734-B
wood edge of the forest	34-26577-S
wood flooring	46-48157-S
wood frog	24-28222-B
wood garlic	34-19493-S
wood maplewood	35-53888-S
wood naphtha wood spirit	22-47333-S
wood nutwood	35-54980-S
wood preservation	6-29400-B
wood preservative	21-38200-B
wood pulp	4-92073-B
wood sapwood	17-75759-S
wood sedge	47-24886-S
wood spider golden orb weaver golden silk orb weaver	46-20804-S
wood spirit	22-47333-S
wood teakwood	35-53990-S
wood waste	6-29659-B
wood woods	9-76584-S
woodchuck	46-12065-S
woodcut	42-15106-S,42-15314-B
wooded	26-2230-S
wooden	32-50183-B
woodland	5-77830-S,7-21479-S,16-36195-B
woodland clearance	6-29302-B
woodland crocus	46-47562-S
woodland strawberry alpine strawberry european strawberry wild strawberry	34-26248-B
woodlouse	17-64594-S
woods	9-76584-S
wool	5-12461-S,6-29763-B,33-2002-S,47-4962-S
woolen	42-39423-B
woolly rhinoceros	28-22983-B
worcester sauce worcestershire sauce	32-59798-B
worcestershire sauce	32-59798-S
word	9-30273-B,17-16163-S,17-56829-S,20-2914-S,20-4266-S,39-41042-S,43-23274-S
word class	14-63734-S
word counter counting word measure word counter word	20-4266-S
word counter word	20-4266-S
word etymon	37-2724-S
word formation	45-1468-B
word loanword	17-15087-S
word meaning word sense	21-68186-S
word measure word counter word	20-4266-S
word of the day	10-78197-B
word processor document preparation system	25-59369-B
word properly speaking strictly speaking to be precise	40-49304-S
word question word	20-2914-S
word sense	21-68186-S
work	2-2324-S,4-83888-S,6-10723-S,6-32737-S,12-15746-S,19-1030-S,19-17770-S,20-13107-B
work accident	6-30046-B
work employment job	6-37175-S
work for peanuts	44-10406-B
work force	23-14519-S
work piece of work	19-17770-S
work spadework	47-58706-S
work unemployed	40-65022-S
work well	8-5673-S
work work well	8-5673-S
workaday	29-46068-S
workaholic	47-48609-B
workbench	40-6108-B
workbox	45-66131-S
workday working day	31-45646-B
worker	15-31111-S,20-59229-S,21-46614-S,23-15121-S,40-6259-B
worker bee	47-7306-B
worker construction worker	15-31111-S
workforce	7-18478-B
workforce work force	23-14519-B
working animal	39-52606-B
working class neighbourhood	12-79381-B
working class proletariat	23-4252-B
working condition	6-30242-B
working day	31-45646-S
working elephant	39-52397-B
working hours	6-30417-B
workload	28-27206-B
workman	12-76724-B
workplace	6-30563-B
works in a	29-21100-B
workshop	18-44798-B,26-32003-B
world	6-30722-B,12-16809-S,12-17006-B,12-72900-S,18-12701-S
world blue planet	10-67746-S
world championship world cup	45-27264-S
world cup	45-27264-S
world cup world championship world cup	45-27264-B
world day for water world water day	20-71168-B
world health organization	27-45363-S
world heritage	10-30478-S
world heritage site	6-30936-B,10-29942-S
world heritage site world heritage site	10-29942-S
world market	45-50212-S
world war	13-3566-B
world water day	20-71168-S
world wide	40-6556-B
world wide web	7-27059-S
world wide web world wide web	7-27059-S
worldly	37-55160-S
worldwide	28-31421-B
worm	7-49411-B,7-49505-B,17-17358-S,44-24806-S,45-31638-S,47-26405-S
worm common glow worm common glowworm glow worm glow worm glowworm	42-60762-S
worm common glowworm glow worm glow worm glowworm	42-60762-S
worm disease dracunculiasis	46-69419-S
worm glow worm glowworm	42-60762-S
worm glowworm	42-60762-S
worm guinea worm	45-31638-S
worm guinea worm guinea worm	45-31638-S
worm guinea worm guinea worm guinea worm	45-31638-S
worm lesser glow worm	47-26405-S
worming	44-24950-S
worn	17-61421-S
worrisome	40-6942-S
worry	13-40562-S,45-42995-B
worry about it it was nothing no problem you re welcome	10-85606-S
worrywart	40-17800-S
worsen	40-26658-B
worsen exacerbate	38-43232-S
worship	23-14177-B
worshipper	40-6997-B
worst case scenario	44-7069-S
worst case scenario worst case scenario	44-7069-S
worth more than a great thing in prospect	44-66604-S
worth reading	31-51263-S
worth two in the bush a little thing in hand is worth more than a great thing in prospect	44-66604-S
worthless wretched	41-34053-S
worthwhile	40-10162-B
worthy	21-27322-S
wotzit	43-19846-B
would be	17-1695-S
would fly	47-46526-S
would ride if pigs had wings they could fly if pigs had wings they would fly	47-46526-S
wound	20-44079-B
wow bowwow	16-43212-S
wrap	20-50139-S
wrap paper wrapping paper	40-46397-S
wrapping	4-45525-S
wrapping paper	40-46397-S
wrath	12-27275-S,40-63789-S
wreck	1-1343-S,6-92900-B
wrench	47-49948-S
wrench adjustable spanner adjustable wrench fit all shifter shifting adjustable shifting spanner	46-38289-S
wrench fit all shifter shifting adjustable shifting spanner	46-38289-S
wrench hex key allen key	46-38905-S
wrestler	28-20376-B
wrestling	28-18829-B
wretched	41-34053-S
wringing wet	36-32559-S
wrist	14-14588-B
wrist fracture	41-39244-S
wrist watch wristwatch	8-69556-S
wristlet	27-41471-S
wristwatch	8-69556-S
write	9-70584-B,21-21979-S
write a program write code	20-41022-S
write code	20-41022-S
write off	6-31235-B
writer	10-81944-S,39-50219-S
writer female author	39-50332-S
writing	2-37039-S,28-67771-S,35-60969-S
writing system writing	28-67771-S
writing table	39-27458-S
written	23-32011-S,23-32576-S,23-35021-S,23-36120-S,23-36388-S,23-37175-S,23-37559-S,23-37712-S,23-38038-S,23-41325-S,23-41436-S,23-41706-S,23-43332-S,23-44888-S,23-51685-S,34-16372-S
written in the	28-48150-S
written language	20-32924-B
wrong	8-34142-S
wrongly	14-48472-S
wtf	20-12531-S
wtf hey what what the fuck wtf	20-12531-B
wu chinese	23-33522-S
wu wu chinese	23-33522-B
wulfenite	40-20722-B
wuntun	33-39855-S
wuss	39-64382-S
www server web server web server	20-62049-B
www world wide web world wide web	7-27059-B
wylie transliteration	31-53314-B
wyoming	14-77323-B
württemberg	11-51404-S
würzburg	47-38268-B
x radiation	6-31545-B
x ray	35-13410-S
x ray x ray	35-13410-S
x ray x ray x ray	35-13410-B
x xtc	22-30373-S
xanthelasma	32-51530-B
xavier	41-47909-B
xenobiology	25-33916-S
xenobiotic	6-31368-B
xenoglossia xenoglossy	44-28741-B
xenoglossy	44-28741-S
xenon	12-78843-B
xenophobia	33-53706-B
xenophobic	12-78431-B
xeric plant	10-58234-S
xerography electrophotography	21-58170-B
xerophilous	39-58132-B
xerophyte xeric plant	10-58234-B
xerostomia	11-57710-S
xhosa	8-85408-B,17-76770-B
xinjiang sinkiang xinjiang uighur autonomous region	33-50574-B
xinjiang uighur autonomous region	33-50574-S
xiphoid ensiform sword shaped	41-47786-B
xml	25-30462-S
xtc	22-30373-S
xylem	39-58606-B
xylography woodcut	42-15106-B
xylophone marimba	10-63683-B
xylotheque	44-29091-B
xòö taa ǃxoon ǃxóõ	23-43676-B
y all you you lot yous	7-48068-B
y chromosomal adam	30-13505-B
yacht	21-65754-B
yak	7-73574-S,31-18461-B
yakut	11-9322-S
yakutia	17-34794-S
yalta	33-14649-B
yam	47-67532-B
yamoussoukro	9-38346-B
yangtze chang jiang	31-70683-B
yangtze dolphin yangtze river dolphin	27-21552-S
yangtze river dolphin	27-21552-S
yankee	39-53693-B
yaoundé	9-37974-B
yard	13-52288-B,13-52407-B
yarn	10-56251-B
yawn	18-54708-B
yaws frambesia tropica parangi pian polypapilloma tropicum thymosis	38-56483-B
ye do	45-19851-S
ye yer you	7-48380-S
yeah yep yes	7-65686-S
year	7-52096-S,7-71029-B,16-74060-S,17-1480-S,17-28998-S,17-82605-S,25-69883-S,30-64020-S,31-21138-S,35-56919-S
year an	7-71223-B
year bissextile year intercalary year	17-82605-S
year intercalary year	17-82605-S
year itch	37-53745-S
year new year s day	16-59973-S
year of manufacture	45-26433-B
year of marriage	26-27247-B
year prior year	35-56919-S
year s day	16-59973-S
year s eve	16-60242-S
year s resolution	17-23051-S
year school year	30-64020-S
year year	7-52096-S
yearbook	39-54426-B
yearlong	37-42482-B
yearly	15-60022-S
yearly per annum	15-59911-S
yearly semestral	15-60882-S
yearly semiannual twice yearly	15-60022-S
yearning	14-11756-S,19-6442-S,31-22725-S
years	18-53712-S
years war dutch war of independence	22-50117-S
yeast	6-32005-B,42-77227-S,42-77405-S,43-75739-S,44-32475-S
yeast dough	31-68374-B
yeast freish yeast	42-77405-S
yeast infection	21-18231-S
yekaterinburg	25-72691-B
yell	8-46389-S,24-36954-B
yell shout out	13-39312-S
yellow	8-45203-B,11-75785-S,12-3512-B,12-4080-S,16-3757-S,28-52827-S,30-56856-B
yellow bellied marmot	43-29730-S
yellow bumblebee	47-29768-S
yellow fever mosquito	43-63200-B
yellow fever yellow jack	44-29184-S
yellow gold	43-5352-B
yellow jack	44-29184-S
yellow journalism	16-0-B
yellow saffron	43-79843-S,43-79991-S
yellow sea	19-53650-B
yellowish yellowy	16-58190-S
yellowy	16-58190-S
yemen	12-13086-S
yemen republic of yemen	12-13086-B
yen	13-56955-S
yen yen	13-56955-S
yeniche of neroth	47-54668-B
yeniche of speicher	47-51891-B
yeniche of stotzheim	47-53938-B
yep yes	7-65686-S
yer you	7-48380-S
yerba mate	30-9811-B
yerevan	9-37836-S
yes	7-65686-S
yes and no	41-74793-B
yes man	40-20416-S
yes man yes man	40-20416-B
yesterday	7-70897-B,22-44545-B
yesterday afternoon	39-56195-B
yesterday ereyesterday	22-54841-S
yesterday evening	39-55949-B
yesterday morning	39-55833-B
yesterday noon	39-56074-B
yesterday s	38-34587-B
yet	8-28496-S,8-28961-S,8-29253-B,8-29426-S,9-21924-S,41-20559-S
yet heretofore hitherto so far thus far yet	8-28496-S
yevanic	23-36647-S
yew	47-24318-B,47-24412-S
yew european yew yew	47-24412-S
yew wood	35-54751-S
yew yew	47-24412-S
yew yew wood	35-54751-B
yi	28-40375-S
yi northern yi nosu nuosu sichuan yi	28-40375-S
yi nosu nuosu sichuan yi	28-40375-S
yid	16-66478-S
yiddish	8-85135-B,25-27927-S,25-27993-S
yiddish sign language	30-47808-B
yield	6-32443-B,7-4185-B,19-41787-S,26-45052-S
yield succumb	17-4316-S
yielding	39-55640-B
yinglish	25-27761-B
yo	13-1973-S
yo yo	13-1973-B
yoghourt yoghurt yogourt	33-50941-S
yoghurt	33-52939-S,33-53189-S
yoghurt yogourt	33-50941-S
yogourt	33-50941-S
yogurt maker	42-39860-B
yogurt yoghourt yoghurt yogourt	33-50941-B
yoke	36-10795-B
yokohama	33-51164-B
yolk	9-10625-S
yolk egg yolk	9-10625-B
yom kippur	33-51469-S
yonaguni	34-37460-B
yonne	24-61041-B
york	15-16534-S,29-21765-S
york city new york the city of new york	29-21765-S
york the city of new york	29-21765-S
yorka okra	47-23568-S
yoruba	15-56204-B
yotvingian	23-34426-S
you	7-47510-S,7-48380-S,7-68726-S,9-22915-S,12-32855-S,12-59895-S,12-60072-S,28-26876-S,45-42412-S,45-42489-S
you are	7-70197-S
you do how s it going how d ye do	45-19851-S
you doing how are you how do you do how s it going how d ye do	45-19851-S
you how do you do how s it going how d ye do	45-19851-S
you lot yous	7-48068-S
you please	7-68474-S
you re welcome	10-85606-S
you you lot yous	7-48068-S
young	6-53681-B,7-46329-B,10-68772-S
young boar	42-68979-B
young chicken	11-54350-B
younger brother	10-31750-S
younger sister	10-31883-S
youngster	39-55597-B
your	7-71785-B,9-35924-B,10-41291-B,18-77867-B
your chickens before they re hatched	47-46246-S
your feet	17-39171-S
your meal have a nice meal	10-89193-S
yourself go to halifax go to jericho go to bath go to hell	41-82720-S
yous	7-48068-S
youth juvenesence	6-32641-B
youth work	6-32737-B
youthful	31-44919-S
yperite	44-70408-S
ytterbium	15-20762-B
yttrium	15-22772-B
yuan	12-74196-B
yuck yuk	10-65727-B
yue	12-52121-S
yugoslavia jugoslavija	15-69403-B
yugoslavian sign language	30-47709-B
yuk	10-65727-S
yuma river	26-31100-S
yuzu	21-16161-B
yuzu peel yuzu zest	21-16590-B
yuzu zest	21-16590-S
yvelines	24-58677-B
zabaglione	19-25574-B
zacchaeus zacheus	18-66911-B
zacheus	18-66911-S
zagreb	9-37773-B
zakho neo aramaic lishan hozaye lishana deni	37-70285-S
zambezi	33-52598-B
zambia	12-19707-S
zambia zambia	12-19707-S
zambian	29-2350-B
zambian sign language	29-2442-B
zander	46-68874-B
zanzibar	15-46430-B
zap	41-32715-S
zapping	39-53048-B
zaragoza saragossa	32-1875-B
zealand	12-24242-S
zealand sign language	28-75295-S
zealous	39-51138-S
zebra	11-20281-B
zebra crossing	11-20475-S
zebra spider	15-28067-B
zebrafish	12-76172-B
zeeland	24-43864-B
zeitgeist	15-6581-S
zemo svaneti	25-11613-S
zen	31-73499-B
zen acid back breaker battery acid dose dot pane superman window pane lucy in the sky with diamonds loony toons	40-77160-S
zenith	25-63465-B
zenithal	41-45907-B
zeolite	39-53190-B
zeppelin	35-13554-B
zero	7-80146-S,25-34819-S,30-27939-B,45-18365-S
zero balance	41-46212-B
zero balance account	41-46048-B
zero growth	47-72428-B
zest	21-15822-B,21-15979-S,21-16069-S,21-16590-S
zest outer rind	16-40960-S
zester	33-11337-S
zeus	31-73105-B
zha cai	19-23467-S
ziggurat	32-19251-B
zigzag	13-54510-S,13-55021-S,13-55313-B,13-55528-B,13-55619-B,13-55774-B
zimbabwe	12-19562-S
zimbabwe republic of zimbabwe	12-19562-B
zimbabwe sign language	30-47617-B
zimbabwean	43-45614-B
zinc	6-32886-B,10-63235-B
zionism	35-47200-B
zionist	42-49984-B
zircon	28-8637-B
zirconium	15-23363-B
zit	14-8979-S
zither	16-64893-S
zodiac	21-58391-B,40-84236-B
zodiac sign planetary house	40-83140-S
zodiac star sign zodiac sign planetary house	40-83140-S
zoetrope	35-13655-B
zoisite	39-53497-B
zombie	35-13921-B
zona zoster	39-37720-S
zonation	41-46657-B
zone	1-52879-S,1-99078-S,3-54743-S,4-875-S,4-49350-S,5-87293-S,5-96769-S,6-97313-S,25-45359-S,37-56959-S
zone car free zone pedestrian area pedestrian zone pedestrianised zone	4-49350-S
zone doldrums	33-31825-S
zone pedestrian area pedestrian zone pedestrianised zone	4-49350-S
zone pedestrianised zone	4-49350-S
zoning	2-49341-S,6-33415-B
zoo zoological garden zoological park	6-33574-S
zoogeography	35-47074-B
zoological	38-54235-B
zoological garden zoological park	6-33574-S
