orgel	16-56198-B
orgie	40-58244-B,40-58585-B
orgie ausschweifung ausgelassene lustbarkeit	40-57912-B
orientales	24-56753-S
orientalische hornisse	44-38892-B
origami	37-53135-B
origanum	24-25278-S
originalsprache	33-66702-S
originaltext	33-65913-S
originell	27-20886-B
orinoco	26-30786-B
oriya	9-63782-B
oriya schrift	24-38275-B
ork	19-38670-B
orléans	20-72546-B
ornament verzierung	16-20309-B
orne	24-55772-B
ornithologe	40-13542-B
ornithologe ornithologin	28-10139-B
ornithologie vogelkunde	4-40730-B
ornithologin	28-10139-S,40-13697-B
orofazial	44-75514-B
orografisch orographisch	25-71543-B
orographie	4-41058-B
orographisch	25-71543-S
oromo	9-63693-B
oronym	40-34328-B
oropharynx	43-56458-S
orrery	39-74424-B
ort	13-42758-S,40-45146-B
orthodontie zahnregulierung	28-10770-S
orthogonal rechtwinklig	19-19346-B
orthographie rechtschreibung	18-62643-B
orthopaede	16-32947-B
orthopaedie kieferorthopaedie orthodontie zahnregulierung	28-10770-S
orthopteren	4-41197-S
orthotop	39-54629-B
ortsadverb	17-59811-B
ortschaft	37-56959-S
ortskrankenkasse	18-33602-B
ortsname	22-11028-S
ortsnamenforschung ortsnamenkunde toponymie	22-3107-S
ortsnamenkunde toponymie	22-3107-S
ortsregister	28-65736-B
orwellsch	14-40314-S
orwellsch orwellsch	14-40314-B
os	20-66265-S
oshivambo	30-36207-B
osker	28-7201-B
oskisch	28-6871-B
oslo	10-29560-B
osmanisch osmanisch tuerkisch	25-52739-B
osmanisch tuerkisch	25-52739-S
osmium	13-58078-B
osmose	4-41370-B
ossetisch	16-34192-B
ost osten	11-54968-B
ost west handel	2-45656-B
ostafrika	2-44758-B,33-8307-S
ostafrikanische riesenschnecke	47-14319-S
ostase	21-7821-S
ostasien	2-45155-B
ostchinesisches meer	31-71023-B
ostdeutsch	39-79580-B
osteitis	35-5135-S
osten	10-75679-S,11-54968-S,47-1358-S
ostensorium	37-58491-S
osteochondritis	41-56686-B
osteolyse	43-28585-B
osteoporose	42-19218-S
osterei	21-60477-B
osterfest ostern	20-15126-B
osterhase	21-47727-B
osterinsel	26-5025-B
ostermontag	31-62890-B
ostern	20-15126-S
ostersamstag stiller samstag	21-60889-S
osteuropa	2-45348-B
ostfraenkisch	28-27366-S
ostindischer archipel suedostasiatischer archipel	36-51356-S
ostjiddisch	25-27993-B
ostothek	43-70888-B
ostroemisches reich	33-4274-S
ostrom ostroemisches reich	33-4274-S
ostschermaus	12-32140-B
ostsee	12-52436-B
osttimor	12-21478-B
ostwaerts	38-50897-B
otalgie	43-43512-S
otitis ohrenentzuendung	41-76307-B
otjiherero	28-28517-S
otologie	42-74567-B
otranto	28-66553-S
ottawa	28-45554-B
otter	36-11217-B
ottomotor benziner benzinmotor vergaser ottomotor vergasermotor	3-7306-B
ottomotor vergasermotor	3-7306-S
ouagadougou wagadugu	24-30633-B
oureblecklesch ourebleklesch unverzueglich	46-24713-S
ourebleklesch unverzueglich	46-24713-S
out	35-995-S
outlying islands	24-41726-S
outsourcing	34-51720-S
ouvertuere	17-22269-B
oval	32-38097-B
ovar	22-62835-S
ovarektomie ovariektomie	45-74021-S
ovarial	41-29615-S
ovarialgraviditaet	41-28823-S
ovariektomie	45-74021-S
ovaritis	45-74326-S
ovation	42-20369-S
overhead projektor overheadprojektor polylux tageslichtprojektor tageslichtschreiber	22-16954-B
overheadprojektor polylux tageslichtprojektor tageslichtschreiber	22-16954-S
overijssel	24-43994-B
overkneestiefel ueberkniestiefel	39-75989-B
ovine	6-46359-B
ovula nabothi	34-54376-B
ovulation	22-13661-S
ovulatorisch	43-44390-B
ovulieren	43-44320-B
ovum	46-28834-S
oxford	11-1103-B
oxid	4-43332-B
oxidation	4-42936-B
oxymoron	36-1354-B
oxytocin	28-14855-B
ozean	3-41352-S,4-25503-S,4-32846-B,11-33864-S,11-34155-S,23-56581-S
ozean nordpolarmeer noerdliches eismeer	1-39222-S
ozean pazifik pazifischer ozean stiller ozean	11-33864-S
ozean see	5-21820-S
ozean stiller ozean	11-33864-S
ozean suedlicher ozean suedliches eismeer suedpolarmeer	1-33675-S
ozean suedliches eismeer suedpolarmeer	1-33675-S
ozeanien	4-33449-B
ozeanischer stroemungsprozess	4-33036-B
ozeanograph	40-9437-B
ozeanograph ozeanographin	28-27565-B
ozeanographie	1-88715-S,2-76264-S,4-33695-B,4-60262-S
ozeanographin	28-27565-S,40-9596-B
ozelot	28-61704-B
ozon	1-45094-S,4-44189-B,5-97294-S
ozonabbau	5-66064-S
ozonabbaupotential	4-44812-B
ozonloch	42-59812-B
ozonschicht	4-45303-B
o’lantern	15-26167-S
p dioxin	4-74943-S
paar	7-58692-S,11-61428-B,35-39297-B
paar wenig	7-55344-S
paarhufer paarzeher paarzehiges huftier paraxonia	19-66606-S
paarungszeit	36-12782-B
paarzeher paarzehiges huftier paraxonia	19-66606-S
paarzehiges huftier paraxonia	19-66606-S
pachten	46-66329-B
pachymeningitis perimeningitis	41-78934-B
packeis	3-36935-B
pad thai	36-62857-B
padua	10-35774-B,10-35863-B
paedagoge	37-68140-B
paedagoge paedagogin	36-40351-B
paedagogik	6-51555-B,27-17387-B
paedagogin	36-40351-S
paedagogisch	39-13470-S
paederast	42-51526-B
paediater paediatrist	15-36673-S
paediatrie	33-32481-S
paediatrisch	45-61821-B
paediatrist	15-36673-S
paedophil	42-7893-B
paedophiler	42-7678-B
paedophilie paedosexualitaet	15-64693-B
paedosexualitaet	15-64693-S
paella	19-52033-B
paepstin	36-61008-B
paepstlich	28-43256-B
paepstlicher als der papst	42-43544-B
page	24-37121-B
pair	31-9691-S
paketbombe	44-31713-B
pakistan	11-12075-B
pakistaner pakistani	44-23382-B
pakistani	44-23382-S
pakistanisch	44-23456-B
paladin	34-67826-B
palaeobiologie	29-63152-B
palaeontologe	29-63804-B
palaeozoikum	34-3810-S
palaestina	11-31007-B
palaestinensische befreiungsorganisation	43-63802-B
palaestinensischer scheibenzuengler schwarzbaeuchiger scheibenzuengler	47-20484-S
palast	34-65828-S,43-71056-S,45-44372-B
palatal	40-93820-B,40-93950-B
palau	11-50857-B
palette	30-54017-S
pali	23-42571-B
palindrom	16-51731-B
palisander palisanderholz	43-69265-B
palisanderholz	43-69265-S
palladium	13-64447-B
palme	22-55248-B
palme bringen provozieren quaelen sticheln aergern	47-65466-S
palmendieb	32-54281-S
palmoel	45-34918-B
palmzucker	47-11168-B
palpation	19-28294-B
pampa	22-52550-B
pampangan	11-62863-S,11-63336-S
panama	11-49855-B
panda	23-27681-S
pandemie	11-65127-B
pandemisch	37-62046-B
pandschab punjab	36-65963-B
pandschabi panjabi punjabi	9-47180-B
panela	47-15065-B
panettone	36-54338-B
panfloete	16-65435-B
pangaea pangaea pangea	45-76077-B
pangaea pangea	45-76077-S
pangea	45-76077-S
panik geraten	35-57266-S
panik verfallen in panik geraten	35-57266-S
panik versetzen	35-57457-S
panikmacher	40-20289-S
panjabi punjabi	9-47180-S
pankarditis	41-71389-B
pankreas	14-13945-S
pankreatitis	41-65808-S
pannikulitis	41-59603-B
pannonien	33-2469-B
panorama panoramabild	22-29906-B
panoramabild	22-29906-S
panschen	22-63411-B
pansen	14-50810-B
panther	21-54113-S,46-55522-B
pantoffel	17-50749-S
pantophage	46-21072-S
pantothensaeure vitamin b5	42-20104-B
panzen ranzen wampe wanst	7-57914-S
panzer	12-55305-B
panzer stoerrisch wie ein esel	41-58710-S
panzerknacker	43-71873-B
panzerkreuzer	21-25298-B
panzerschrank safe	10-80646-B
panzerwagen	20-53877-B
pap test	21-20732-B
papa vater	7-49111-B
papa vati	16-3214-B
papagei	15-36021-B
papaya	35-27783-B
paper rollenspiel rpg rsp rollenspiel	19-29562-S
papiamentu	12-47254-B
papier	4-46694-B,35-61250-S
papier papier papiern	29-9440-S
papier papiern	29-9440-S
papier tissuepapier	46-17623-S
papier und bleistift rollenspiel pen paper rollenspiel rpg rsp rollenspiel	19-29562-B
papieraehnlich	29-9571-S
papierartig papieraehnlich	29-9571-B
papieren papier papier papiern	29-9440-B
papiermesser	24-3917-S
papiern	29-9440-S
papillom	21-20465-B
papilloma virus	21-20555-S
pappel	14-37714-B,16-13198-B,39-43824-S
pappel weiss pappel	39-43824-S
paprika	11-25754-S,16-22209-B
paprika paprikaschote	11-24181-S
paprikaschote	11-24181-S
paprikaschote gemuesepaprika paprika	11-25754-B
papst	42-43544-S
papst pontifex	9-47627-B
papua neuguinea	12-41419-B
papua neuguineer	35-20880-B
papyrologe	44-274-B
papyrologie	44-453-B
papyrus	44-0-B,44-172-B
parabel	15-5054-B
parabelfoermig	34-23126-B
parabolantenne	19-29137-B
parabolisch	34-23213-B
paracetamol	10-2078-B
parachemie	7-5158-B
paradiesvogel	26-26584-B
paradigma	25-57955-S,28-24938-B
paradigmenwechsel	30-60396-B
paradox paradoxie paradoxon widersinnigkeit	16-23427-B
paradoxie paradoxon widersinnigkeit	16-23427-S
paradoxon widersinnigkeit	16-23427-S
paraffin	28-69717-B
paraguay	11-50147-B
paraguayer	43-18100-B
paraguayisch	43-18151-B
parallel	34-12525-B
parallelogramm	16-18229-B
parallelschalten	35-9347-B
paramaribo	19-49948-B
parameter	4-46895-S
parametritis	41-50617-B
paranormal uebernatuerlich	21-2674-B
paraná	26-31451-B
paraphieren unterzeichnen	41-9630-S
paraphilie	15-64486-B
parapluie regenschirm schirm	13-77756-B
parasit schmarotzer	4-47203-B,39-41409-B
parasitaer	46-69803-B
parasitologie	4-47416-B
parasitose	46-69685-B
parasol	37-48108-S
parataktisch	45-23315-B
parataxe	45-23170-B
paraxonia	19-66606-S
parbat	33-55095-S
parboiled reis	44-11951-S
parboiled reis parboiled reis	44-11951-B
pardon sorry es tut mir leid tut mir leid	13-68712-S
pareidolie	47-34089-B
parese	44-72327-S
parfuem	11-78410-S
parfuemieren	16-48373-B
parfum parfuem	11-78410-B
parhelion	13-6821-S
paris	9-50703-B
pariser	42-48334-B,42-48400-B
pariser praeser praeservativ	11-2192-S
pariserin	42-48467-B
pariserisch parisisch	42-48540-B
parisisch	42-48540-S
paritaet	38-17421-S,40-8333-B
park	13-32884-B
parkautomat parkuhr	41-10848-B
parkett	46-48157-B
parkinson krankheit parkinsonsche krankheit parkinson’sche krankheit	28-20578-B
parkinsonsche krankheit parkinson’sche krankheit	28-20578-S
parkinson’sche krankheit	28-20578-S
parkplatz	4-47583-B,45-63251-B
parkuhr	41-10848-S
parlament	2-81073-S,4-47693-B
parlamentarische debatte	6-57849-B
parlamentarischer bericht	6-99830-B
parmesan	45-25354-B
paroemiologie	45-1613-B
parotitis	41-63587-B
parsec	34-62805-B
partei	4-71715-S,20-51431-S
partei an der regierung regierungspartei regierende partei	20-51431-B
partei politische partei	4-71715-B
parteilichkeit	21-53068-B
parteiuebergreifend	24-30357-B
parthenogenese	46-6581-B
partikel	19-59435-B,46-67081-B
partikel der bejahung oder verneinung	20-4029-B
partikel teilchen	4-48011-B
partikelabscheider	4-48223-B
partisan partisanin	20-57969-S
partisanin	20-57969-S
partition	10-52130-B
partitur	10-51966-B
partizip	22-14243-B
partizipation	4-47895-B
partizipatorische demokratie	14-35240-B
partnerschaftsvertrag	34-43646-B
party	8-22826-S,16-70532-B
parvenue	46-61935-S
parzellierung	3-63404-S
parzipan persipan	42-77943-B
pas de calais	24-55938-B
pasaniapilz shii take	41-19793-S
pascal	13-62327-B
paschmina paschminaschal pashmina	34-47805-S
paschminaschal pashmina	34-47805-S
paschto paschtunisch	9-47314-B
paschtunisch	9-47314-S
pashmina	34-47805-S
pashminaschal paschmina paschminaschal pashmina	34-47805-B
pass reisepass	14-22060-B
passe	42-41418-B
passen	13-71295-B
passend	9-41668-S,12-70423-S
passend thematisch thematisch passend	12-70423-B
passieren puerieren	40-88151-B
passieren sein	9-20816-S
passieren sich ereignen	13-65097-S
passieren ueberholen	14-25886-B
passion	30-41223-S,33-75630-B
passioniert	39-51138-S
passionsfrucht maracuja	45-44705-B
passiv	32-19975-B
passiva	19-19728-B
passivhaus	41-14512-B
passivitaet	45-13508-B
passivzinsen	19-17516-B
passwort	34-29931-S
pasta	19-74989-B
pastateller	39-2154-S
pasteurisieren	44-59127-B
pastinake	43-27209-B
pastor pfarrer priester	14-66412-S
pataca	35-20554-B
pate	14-12872-B
pate taufpate	35-45616-B,44-23945-B
patellafraktur	41-40254-S
patent	6-98508-B
pathogen	4-48726-S
pathologe	16-49108-B
pathologie	4-48983-B
pathologisches spielen zwanghaftes spielen	44-77104-S
patiens	46-9414-B
patient	33-76191-B
patient null	45-18365-S
patin taufpatin	23-11866-B
patnareis	44-12042-B
patriarchat	14-36152-B
patrilineal patrilinear	41-26408-B
patrilinear	41-26408-S
patrilinearitaet vaterfolge	41-26573-B
patrizierhaus	25-69798-B
patriziervilla	25-70371-B
patrone	22-3650-B
patrouille	47-42023-B,47-42239-B
patrouille streife wache	47-42411-B
patrouilleren	47-42686-B
patroullieren	47-42550-B
patschnass pitschnass quatschnass triefnass tropfnass	36-32559-S
patschulioel	30-67658-B
patt	44-8050-B
patt setzen in die enge treiben	44-8299-B
pattsituation sackgasse	36-3565-S
pauke	16-59456-B
pauken	15-1613-S
paulo	33-64333-S,33-64486-S
pauperisieren	36-35447-B
pauperismus	35-35213-B
pauschenpferd pferd seitpferd	9-48590-B
pause unterbrechung	41-23346-B
pausenlos permanent staendig unablaessig unausgesetzt ununterbrochen	18-52911-S
pausieren	36-17017-B
pavian	23-22467-B
pavillon	27-21156-B
pazifik pazifischer ozean stiller ozean	11-33864-S
pazifischer nordwesten	15-19039-B
pazifischer ozean stiller ozean	11-33864-S
pazifischer rotfeuerfisch	45-63405-B
pazifismus	25-60026-B
pazifist	22-29999-B
pc kurs pc schulung pc tutorium	20-56643-S
pc personal computer	11-33293-B
pc schulung pc tutorium	20-56643-S
pc tutorium	20-56643-S
pc virus virus	12-52512-S
pcp pneumocystispneumonie	21-19353-B
pechschwarz tiefschwarz	45-29557-S
pechvogel ungluecksbringer	39-11735-B
pechvogel unglueckskind ungluecksrabe unglueckswurm	39-11555-B
pedal	41-31208-B
pedalarm tretkurbel	46-31821-B
pedes	44-13411-S
pedikuere	43-59340-S
pedosphaere	4-49578-B
peilstock	37-7033-B
pein qual schmerz	10-51044-S
peinigen	32-8878-S
peinigen plagen quaelen	47-64588-S
peinigen plagen quaelen unter druck setzen	47-65671-S
peinigen quaelen	32-42824-B
peinlich	37-44137-B
peinlichkeit	22-18744-S
peitsche	18-49604-B
peitsche geben	18-49926-S
peitschen	18-50006-B,22-7883-B
pejorativ	8-40628-B,39-79998-S
peking	10-24655-B
pektine	23-23294-B
pekuniaer	17-40275-S,19-15480-S
pelikan	42-60384-S
pellagra	42-40794-B
pellkartoffel	13-9280-B
peloponnes	28-5351-B
pelotte	28-28798-B
pelz	3-3543-B
pelz pelzmantel	32-10335-B
pelzgefuettert	39-12055-B
pelzmantel	32-10335-S
pelzrobbe seebaer	36-12507-B
pelztier	3-3791-B
pen paper rollenspiel rpg rsp rollenspiel	19-29562-S
pendant zu	29-42710-S
pendelbahn	46-41686-B
pendeln	1-107437-B,46-8906-B
pendelverkehr pendlerverkehr	1-107221-B
pendler	36-36352-B
pendlerverkehr	1-107221-S
penektomie penisamputation penisentfernung	37-16409-B
penetrieren	24-6843-S
penh phnum pénh	22-54376-S
penicillin	39-367-B
penil	39-79440-B
penis piepmatz pipimann luemmel willy zipfel pimmel schwanz	7-50742-S
penisamputation penisentfernung	37-16409-S
penisentfernung	37-16409-S
