derzeit derzeitig instantan momentan	46-25339-S
derzeit ehedem seinerzeit	10-5640-S
derzeit gerade im augenblick im moment in der zeit jetzt momentan nun seinerzeit zu der zeit zur zeit	46-24406-S
derzeit gerade im augenblick im moment jetzt momentan nun zu zeit	9-81168-S
derzeitig gegenwaertig gerade momentan zurzeit	20-2466-S
derzeitig gegenwaertig jetzig momentan	40-24038-S
derzeitig gegenwaertig momentan	41-55131-S
derzeitig heutig jetzig modern modisch momentan up to date	46-25533-S
derzeitig instantan momentan	46-25339-S
des	29-46979-S
des bodens	6-65473-S
des erfolgs	22-19616-S
des gerichts	18-36400-S
des gesetzes polizeivollzugsbeamtin polizeibeamtin	11-56205-S
des guten feind	47-5185-S
des herrn einfuehrung jesu in den tempel lichtmess mariae lichtmess mariae reinigung	46-13183-S
des herrn grossneujahr hochneujahr hohneujahr theophanie	22-41246-S
des johannes	30-29501-S
des krebses	30-22380-S
des salomonischen tempels zu jerusalem tempelherren tempelritter templer templerorden	43-61900-S
des schiffs	29-30059-S
des steinbocks	30-22246-S
des sturmes	7-58537-S
des tages	10-78197-S
des y chromosoms	30-13505-S
deserteur fahnenfluechtige fahnenfluechtiger	36-55702-B
desertifikation wuestenausbreitung	2-24739-B
deshalb deswegen	13-59884-S
design	26-13391-S
designer entwerfer planer	18-47824-B
desillusion desillusionierung	37-28947-B
desillusionieren	37-29127-B
desillusionierung	37-28947-S
desinfektion	2-33959-B
desinfektionsmittel	2-33739-B
desinfizieren	37-29889-B
desktop computer	45-73462-S
desktop desktop computer	45-73462-B
desodorant	32-50692-S
desodorierung geruchsbeseitigung	37-17308-B
desolat oede	36-57138-B
desorption	2-25282-B
desoxyribonukleinsaeure	2-36126-S
despotisch tyrannisch	36-58211-B
despotismus	36-58293-B
dessenungeachtet doch gleichwohl nichtsdestominder nichtsdestoweniger	10-66891-S
dessert nachspeise nachtisch	16-31077-B
dessertwein	46-7948-B
destillat	36-24594-B
destillation destillierung	2-35187-B
destillationsapparat destillierapparat	13-56161-B
destillationsindustrie	2-35377-B
destillierapparat	13-56161-S
destillierung	2-35187-S
destination italien	15-44916-B
deswegen	13-59884-S
deszendenz	38-11936-S
detailhandel	23-8880-S
detaillieren	34-17055-S
detektion aufspueren	40-22032-B
detektor	2-25544-B
detergens	5-72377-S
detergens putzmittel reinigungsmittel waschmittel	9-40519-B
determinativ	17-15980-B
determinismus	22-46692-B,22-46865-B
detonator	36-64813-B
detonieren hochgehen zerbersten	18-77489-S
deus ex machina	43-38579-B
deuten	21-22484-B
deuten zeigen	12-22501-B
deuteranopie gruenblindheit	47-25675-B
deuterium	12-65524-B
deutlich klar	17-68500-B
deutlichkeit	35-10667-B
deutsch	7-87318-B,7-88430-B,15-53885-S,16-51194-S,47-52246-S
deutsch franzoesisch	30-36363-B
deutsch oesterreich	31-1708-B
deutsch ostafrika	33-8307-B
deutsch schweiz	31-1574-B
deutsch suedwest deutsch suedwestafrika	33-8064-S
deutsch suedwestafrika	33-8064-S
deutsche	7-88007-B
deutsche alpen	37-1196-B
deutsche demokratische republik	10-25035-S
deutsche deutscher	7-88845-B
deutsche gebaerdensprache	28-13022-S
deutscher	7-87886-B,7-88845-S
deutschland brd	10-29286-S
deutschland deutschland brd	10-29286-S
deutschschweizer gebaerdensprache	30-49176-S
deutschsprachig	24-917-B
deutschsprachlich	24-1034-B
deux sèvres	24-58825-B
devaluieren	36-67237-S
devanagari	24-17145-B
devastieren in schutt und asche legen verheeren verwuesten veroeden voellig zerstoeren zu grunde richten	40-37073-B
devisenpolitik	7-9863-B
devolution	6-74856-B
devomieren goebeln reihern rueckwaerts essen sich erbrechen sich uebergeben vomieren	7-73574-S
devotion	36-68613-B
dextrose glukose traubenzucker	36-14279-S
dezember	10-1295-B
dezennium jahrzehnt	11-42961-S
dezentralisieren	34-40208-B
dezibel	6-80541-B
dezigramm	44-42477-B
dezimale	36-12453-B
dezimeter	43-20837-B
dezimieren	21-55855-B
dezimieren eliminieren vernichten	41-34545-S
de­i­fi­zie­ren vergotten vergoettlichen	47-4195-B
dgs deutsche gebaerdensprache	28-13022-B
dhabi	19-59265-S
dhaka	17-32629-S
dhea dehydroepiandrosteron prasteron	43-18994-B
dhivehi	26-56409-B
dhu l hiddscha	29-43740-B
dhu l qa da	29-43866-B
di romagna	10-93969-S
dia diapositiv	41-12840-B
diabetes	45-68608-S
diabetes diabetes mellitus zuckerkrankheit	31-38280-B
diabetes mellitus zuckerkrankheit	31-38280-S
diabetiker zuckerkranker	44-35765-B
diabetikerin	44-35971-B
diabetisch	38-52666-B
diabetisch zuckerkrank	44-35877-B
diaboli	16-48213-S
diabolisch teuflisch	27-6224-B
diadrom	27-31487-B
diaet	14-73470-B,42-119-B
diaet machen	46-3627-S
diaetassistent	41-86101-B
diaetetik diaetologie	36-70382-B
diaetist	15-58142-B
diaetologie	36-70382-S
diagnose	18-47337-B
diagonale	36-68715-B
diagramm	18-47673-B,35-31048-S
diakritikum diakritische zeichen	22-37981-B
diakritisch	34-55038-B
diakritische zeichen	22-37981-S
dialekt	17-36190-B
dialekt min nan minnan	11-62312-S
dialektologie sprachgeographie	21-3627-B
dialyse	2-28319-B,43-44782-S
diamant	17-28682-B,17-28830-B
diamantenhaltig	44-46643-B
diamantmine	39-43570-B
diamantring	38-36593-B
diametral	36-68948-B
diamir nanga parbat	33-55095-B
diaphorese schwitzen transpiration	43-54018-B
diapir	45-17533-B
diapirisch	45-17778-B
diapirismus	45-17863-B
diapositiv	41-12840-S
diarist tagebuchschreiber	36-69085-B
diarrhoe diarrhoe durchfall duennpfiff duennschiss	22-51342-B
diarrhoe durchfall duennpfiff duennschiss	22-51342-S
diarthrose	47-23203-B
diaspora	35-21344-B
diastema margo interalveolaris	44-974-B
diatomeen kieselalgen	2-28550-B
dibenzo p dioxin	4-74943-S
dich	12-59895-S,12-60072-S
dich zieh leine	13-5209-S
dichlordiphenyltrichlorethan ddt	2-18126-B
dichotomie	11-17954-B
dichroit iolith luchssaphir polichroit steinheilit wassersaphir	32-29438-S
dichromat	47-25281-B
dichromatisch zweifarbig	39-7135-B
dicht	26-58996-B,26-59021-B
dichte massendichte	6-60933-B
dichter lyriker poet versemacher verseschmied	19-11340-B
dichter poet	19-11468-B
dichter schneesturm im polargebiet	41-53813-S
dichterin poetin	19-11563-B
dichterisch poetisch	20-254-B
dichtung	5-22482-B
dick	7-55817-B
dickbaeuchig	47-23367-B
dickdarm kolon	25-75016-B
dicke	12-34483-B
dickicht	42-20446-B
dickstielige wasserhyazinthe wasserhyazinthe	6-17993-B
diclofenac	36-56795-B
didaktik	2-29597-B
didaktisch	36-69681-B
die	8-83313-S,8-83552-B,21-35212-B,21-35759-B,21-35848-B,21-35961-B
die achseln zucken mit den achseln zucken mit den schultern zucken	20-40084-B
die anderen	22-8245-S
die arme nehmen	16-33176-S
die augen fuer immer schliessen draufgehen entschlafen heimgehen hinscheiden in die ewigen jagdgruende eingehen ins gras beissen krepieren sein leben aushauchen sterben verrecken verscheiden versterben ueber den jordan gehen ueber die klinge springen den geist aufgeben hops gehen	8-79415-S
die beste	14-52295-S
die dieser	10-32011-S
die dunklen kuenste	9-36135-S
die ecke bringen	20-52467-S
die ehe vollziehen ein kind machen	10-53200-B
die einen gegen die anderen	22-8245-B
die enge treiben	44-8299-S
die erste	7-66087-S
die ewigen jagdgruende eingehen ins gras beissen krepieren sein leben aushauchen sterben verrecken verscheiden versterben ueber den jordan gehen ueber die klinge springen den geist aufgeben hops gehen	8-79415-S
die ganze	9-19563-S
die grenadinen	12-37243-S
die hocke gehen sich hinhocken	41-84454-S
die katz fuer nichts fuer nichts und wieder nichts fuer nix und wieder nix umsonst	28-4807-S
die katze aus dem sack lassen	43-47558-B
die katze im sack kaufen	43-46569-B
die katze laesst das mausen nicht ein bauer bleibt immer ein bauer	47-45998-B
die kelle heben	20-30033-B
die kissen steigen in die kiste springen knaeggern miteinander schlafen pimpern roedeln schnackseln sich dem liebesspiel hingeben sich der schoensten nebensache der welt widmen voegeln	10-55072-S
die kiste springen knaeggern miteinander schlafen pimpern roedeln schnackseln sich dem liebesspiel hingeben sich der schoensten nebensache der welt widmen voegeln	10-55072-S
die klinge springen den geist aufgeben hops gehen	8-79415-S
die konformitaet	23-62338-S
die kugel geben	42-14551-S
die nase hoch tragen eingebildet hochnaesig	46-21527-S
die palme bringen provozieren quaelen sticheln aergern	47-65466-S
die peitsche geben	18-49926-B
die platte putzen die szene verlassen in rauch aufgehen sich in luft aufloesen sich in nichts aufloesen	20-5157-S
die runden kommen	43-41256-S
die schule schwaenzen schwaenzen	42-64157-S
die szene verlassen in rauch aufgehen sich in luft aufloesen sich in nichts aufloesen	20-5157-S
die tatsache selbst ipso facto	42-31303-S
die taube auf dem dach	44-66604-S
die taube auf dem dach besser ein spatz in der hand als eine taube auf dem dach der spatz in der hand ist besser als die taube auf dem dach lieber der spatz in der hand als die taube auf dem dach	44-66604-S
die taube auf dem dach lieber der spatz in der hand als die taube auf dem dach	44-66604-S
die verdammten	37-12479-B
die zoll und steuerkontrolle	21-61806-S
dieb	22-23949-B
diebssprache galoschensprache gaunerisch gaunersprache jaunersprache jenisch jenische sprachen jaehnisch jaennisch kaloschensprache kochemer loschen kochemerkohl kochemersprache kochum kokamloschen manisch masematte mengisch plattenkohl plattensprache romanisch rothwaelsch rotwelsch rotwelschdialekte schleifersprache yeniche	37-49353-S
diebstahl pluenderung raub	24-15656-B
diegesis	43-25025-B
dienen	21-15032-B
dienstadel	29-52734-B
dienstag	10-3777-B
dienstagabend	29-53924-B
dienstagabends	29-53821-B
dienstagmittag	29-54060-B
dienstags	29-51458-B
dienstbarkeit	6-71292-B
dienste	4-91660-S,6-10723-S
dienstleistung	19-25802-B,27-8629-B
dienstleistungen	6-54359-S
dienstleistungen dienstleistungsgewerbe dienstleistungsindustrie dienstleistungssektor service industrie	7-41908-B
dienstleistungsgewerbe dienstleistungsindustrie dienstleistungssektor service industrie	7-41908-S
dienstleistungsindustrie dienstleistungssektor service industrie	7-41908-S
dienstleistungssektor service industrie	7-41908-S
dienstleistungssektor tertiaerer sektor	5-79984-B
dienstmaedchenkoelsch familienkoelsch hochdeutsch mit knubbeln rheinisch rheinische sprache rheinischer regiolekt rheinlaendisch rheinische umgangssprache rheinisches deutsch	47-52246-B
dienstreise geschaeftsreise	45-74913-B
diesbezueglich	19-8446-B
diese	13-62896-B
diese dieser dieses	7-48248-B
diesel dieselkraftstoff	2-30026-B
dieselkraftstoff	2-30026-S
dieselmotor selbstzuender	2-29708-B
dieser	10-32011-S
dieser dieses	7-48248-S
dieses	7-48248-S
dieses mal diesmal	41-44390-B
diesmal	41-44390-S
diethylamid dot	40-77160-S
diffamieren verleumden	30-52300-B
diffamierung ehrenkraenkung verleumdung verunglimpfung	36-17492-B
differential	15-4718-S
differentialrechnung	28-35392-B
differentiation differenzierung	15-4860-B
differenz	14-75340-B
differenzierung	2-30142-B,5-41368-S,15-4860-S
diffizil kniffelig knifflig kompliziert schwer schwierig vertrackt verzwickt	12-73855-B
diffundieren	34-23402-B
diffus	34-23543-B
diffusion	2-30330-B
digitale bibliothek	23-3455-B
digitale bildverarbeitung	7-32129-B
digitale kluft	21-34761-B
digitales bildverarbeitungssystem	7-31890-B
digitales gelaendemodell	2-30876-B
digitalformat	7-34336-S
digitalverfahren	7-35797-S
diglossie	39-76763-B
digraph	45-20126-B
dihydrogensulfat schwefelsaeure vitrioloel schweflige saeure	41-42045-B
diisopropylphenol propofol	45-65687-S
dijon	10-62531-B
dikrotismus	42-62645-B
diktat	36-69536-B
diktat gebot	36-69188-B
diktator potentat	31-14179-B
diktatorisch	36-69603-B
diktatur	14-34806-B
diktieren	36-69237-B
diktionaer	2-28748-S
dilemma	39-530-B
dilettantisch	30-10795-B
dilettantismus	40-72222-S
dill dillfenchel gurkenkraut kuemmerlingskraut	32-2204-B
dillfenchel gurkenkraut kuemmerlingskraut	32-2204-S
dimension maβ	12-33874-B
dimensional	41-58176-S
diminutiv diminutivum verkleinerungsform	11-25505-S
diminutivum verkleinerungsform	11-25505-S
dimorphismus	38-48065-B
dinar	13-57104-B,28-71347-S
dinar serbischer dinar	28-71347-B
dinette teewagen	42-14282-S
ding	14-43012-B
ding dings dingsbums dingsda	17-4086-B
ding entitaet gegenstand seiende	13-52960-B
dings dingsbums dingsda	17-4086-S
dingsbums dingsda	17-4086-S
dingsda	17-4086-S
dinieren	37-5514-B
dinka	11-74998-B
dinosaurier	24-25655-B
diné	10-88597-B
dioezese kirchensprengel sprengel	28-14110-S
diola fogny	27-24698-B
dione	46-26477-B,46-26543-B
diorama	25-61838-B
dioxin	2-31146-B,4-74943-S
diphtherie	37-5743-B
diphthong	22-5086-B
diplodocus	24-25512-B
diplom	21-56341-B
diplomat	18-49144-B
diplomatie	37-5846-B
diplomatik urkundenlehre	44-765-B
diplomatisch	37-6011-B,37-20625-B
direkt	31-61103-B,41-9926-B
direkt aufrichtig freimuetig offen	40-76519-B
direkt direkt uebertragen live	41-41497-B
direkt gleich augenblicklich im augenblickl sofort sogleich unverzueglich	32-43336-B
direkt uebertragen live	41-41497-S
direkt unmittelbar	41-9754-B
direkte demokratie	14-35104-B
direkte rede	43-42483-B
direkteinleiter	2-31279-B
direktion	37-65992-B
direktor rektor schuldirektor schulleiter schulrektor	7-66591-B
direktuebertragung livesendung	41-43640-B
dirham	13-57198-B
dirne hure nutte prostituierte freudenmaedchen liebesdienerin	25-19260-B
dis 639 6 codes	23-31311-S
disc	31-35758-S
disco discothek disko diskothek disse tanzlokal tanzschuppen	12-58001-B
discothek disko diskothek disse tanzlokal tanzschuppen	12-58001-S
discount nachlass	18-58133-B
disharmonie uneinigkeit	37-27236-B
disjunktion	34-39474-B
disjunktive normalform	34-39600-B
diskjockey	36-54528-B
disko diskothek disse tanzlokal tanzschuppen	12-58001-S
diskographie schallplattenkunde	31-61247-B
diskothek disse tanzlokal tanzschuppen	12-58001-S
diskredit	37-21640-B
diskrepanz	42-72968-B
diskret	37-21780-B
diskretion	37-21722-B
diskriminierend	18-79103-B
diskriminierung	14-72077-B
diskussion	13-52880-B
disparitaet ungeleicheit unaehnlichkeit verschiedenheit	37-34294-B
dispersion	2-34404-B
disput	24-24428-B
disqualifikation	37-37776-B
disqualifizieren	37-37933-B
disse tanzlokal tanzschuppen	12-58001-S
dissenter	37-42890-B
dissertation doktorarbeit	6-100275-B
dissonanz	37-16896-B
distale radiusfraktur	41-39244-B
disteloel safloroel	45-12322-B
distorsion	28-16952-S
distributiv	37-44201-B
district of columbia	24-39252-B
disyllabisch zweisilbig	37-20962-S
disziplin	37-13293-B
disziplinarisch	37-13218-B
dithyrambus	44-77802-B
dito ebenfalls ebenso geradeso gleichfalls	12-75246-B
ditransitives verb	16-5758-B
diuretikum	29-5446-B
diuretisch	32-28605-B
divergenz	37-47075-B
diversifikation	42-35524-B
diversitaet	26-10271-S
divertikulektomie	44-49944-B
divertikulitis	41-78426-B
dividend	31-44359-B
dividende	31-44077-B
division	15-6417-B
divisionsrest rest	19-41327-B
divisor	37-48983-B
diwan	17-84161-B
dixon linie	25-6178-S,37-11429-S
dna	38-11432-S
dna dns desoxyribonukleinsaeure	2-36126-B
dna polymerase	20-9318-B
dnepr	29-22295-S
dnjepr dnepr	29-22295-B
dns desoxyribonukleinsaeure	2-36126-S
do sul	25-24186-S
doch gleichwohl nichtsdestominder nichtsdestoweniger	10-66891-S
docht kerzendocht lichtgarn	32-61975-B
dock	32-7248-B
doctorat	37-50439-S
dodo dronte doudo dudu	43-36105-B
dodoma	19-47952-B
doesig	47-57969-S
doeskopp einfaltspinsel esel flachwichser gimpel hirni hohlkopf holzkopf honk hornochse idiot kamel kindskopf mondkalb narr rindvieh schafskopf schwachkopf schwachmat simpel spaten spatzengehirn spatzenhirn stiesel strohkopf tor tropf trottel vollhonk vollpfosten	8-49041-S
dogma	35-59185-B
dogmatisch	35-59914-B
doha	9-58611-B
dohle	10-77459-B
doktor	13-12233-S,13-12596-B
doktor doktorat doktorgrad doctorat	37-50439-B
doktorand promovend	44-55499-B
doktorarbeit	6-100275-S
doktorat doktorgrad doctorat	37-50439-S
doktorgrad doctorat	37-50439-S
doktorin medizinerin aerztin	13-12976-B
doktortitel	44-54699-B
doktorvater	44-54819-B
doktrin lehrmeinung	6-69005-B
doktrinaer	37-50668-B
doku dokumentation	12-14376-B
dokument	2-37039-B
dokumenta	40-34674-S
dokumentarfilm	6-99509-B
dokumentation	2-37298-B,12-14376-S
dokumentationssystem	7-16699-B
dokumentieren	34-14927-B
dolch	19-11653-B
doldenbluetlerartige	14-62826-B
doldrums innertropische konvergenzzone intertropische konvergenzzone kalmenzone	33-31825-B
doline karsttrichter	43-596-B
dollar	13-43583-B,18-35780-S
dolmetscher	14-48680-B
dolomitenladinisch	11-8946-S
dom	27-3903-B
dom kathedrale kathedralkirche	9-32383-B
domaene	26-47083-B,32-12691-B
domain	28-61893-S,28-62190-S
domestiziertes tier	2-37862-B
domestizierung	30-25811-B
domini n chr n chr geb n zw n d z nach christi geburt nach christus nach der zeitenwende u z unserer zeitrechnung	31-71599-S
dominica	11-82787-B
dominicaner	38-42872-B
dominikaner	35-22992-B
dominikanische gebaerdensprache	27-4403-B
dominikanische republik	12-28841-B
domino	37-51125-B
dompfaff gimpel	32-55215-B
don	44-36160-B
donald duck	10-61483-B
donau	28-40991-B
donaumonarchie doppelmonarchie oesterreich ungarn oesterreichisch ungarische monarchie	14-46767-B
donauzivilisation	29-3372-S
donez	44-36728-S
donez siwerskyj donez	44-36728-B
dongle hardlock kopierschutzstecker	15-57899-B
donjon	24-3002-S
donner	22-4599-B
donner geruehrt	14-57894-S
donnergrollen donnerrollen	25-73136-B
donnermaschine	25-73272-B
donnerrollen	25-73136-S
donnerschlag	25-73006-B
donnerstag	10-3059-B,31-51598-S
donnerstag hoher donnerstag weisser donnerstag	31-51598-S
donnerstag weisser donnerstag	31-51598-S
donnerstags	29-51836-B
doof dumm	8-89181-S
doofi doofkopf dummbratze dummerchen dummerjan dummkopf dumpfbacke daemlack doeskopp einfaltspinsel esel flachwichser gimpel hirni hohlkopf holzkopf honk hornochse idiot kamel kindskopf mondkalb narr rindvieh schafskopf schwachkopf schwachmat simpel spaten spatzengehirn spatzenhirn stiesel strohkopf tor tropf trottel vollhonk vollpfosten	8-49041-S
doofkopf dummbratze dummerchen dummerjan dummkopf dumpfbacke daemlack doeskopp einfaltspinsel esel flachwichser gimpel hirni hohlkopf holzkopf honk hornochse idiot kamel kindskopf mondkalb narr rindvieh schafskopf schwachkopf schwachmat simpel spaten spatzengehirn spatzenhirn stiesel strohkopf tor tropf trottel vollhonk vollpfosten	8-49041-S
dopen	23-30027-B
doping	9-38972-B
doppelagent maulwurf verraeter	46-70914-B
doppelbett	45-49086-S
doppelblindexperiment doppelblindstudie doppelblindversuch	36-50131-B
doppelblindstudie doppelblindversuch	36-50131-S
doppelblindversuch	36-50131-S
doppelbodig doppelboedig doppeldeutig doppelsinnig zweideutig	17-84313-B
doppelboedig doppeldeutig doppelsinnig zweideutig	17-84313-S
doppelbuchstabe ligatur	28-12302-B
doppeldecker	32-27390-B
doppeldeutig	38-19318-B
doppeldeutig doppelsinnig zweideutig	17-84313-S
doppeldeutigkeit	9-66163-S,38-19373-B
doppelgaenger	41-9411-B
doppelgaenger double	12-10375-B
doppelhaushaelfte	12-79081-B
doppelhelix	24-22848-B
doppelhuellenschiff	5-98830-B
doppelmonarchie oesterreich ungarn oesterreichisch ungarische monarchie	14-46767-S
doppelmoral	34-20166-B
doppelpunkt	34-47092-B
doppelsieg win win zum beiderseitigen vorteil	46-78545-B
