vertrackt verzwickt	12-73855-S
vertrag	1-12536-B,1-55665-S,2-4827-S,5-94406-S
vertraglich	35-23664-B,41-24527-B
vertragsstrafe konventionalstrafe konventionsstrafe	18-63883-B
vertrauen	14-43796-S,21-61666-B
vertrauensunwuerdig	41-60370-B
vertrauenswuerdig	21-61592-B,35-49578-S
vertraulich	12-59295-S
vertraut machen	29-17671-S
vertraute	28-34723-B
vertreiben	37-34467-B,38-28451-B
vertreiben veraeussern	9-16648-S
vertretbar	30-41576-B
vertreter vertreterin stellvertreterin	18-50486-S
vertreterin stellvertreterin	18-50486-S
vertretung	5-3461-B,24-19602-B
vertrieb	18-80294-B,20-67261-B
vertriebener	2-34557-B
vertrimmen	20-61352-S
vertuschen	35-43378-B
verunglimpfung	36-17492-S
verunreinigen	18-21284-S
verunreinigter boden	2-3734-B
verunreinigung	4-73795-B,21-22948-S,46-28370-S
veruntreuen	38-3062-B
verursachen	38-6700-B
verursacher	40-82246-S
verursacherprinzip	4-73541-B
verurteilen	12-38497-B,17-50603-B
verurteilter	17-50426-S
verurteilung	21-22128-B
verurteilung missbilligung	35-14651-B
vervielfaeltigungszahlwort wiederholungszahlwort multiplikativum wiederholungszahl	17-59223-B
vervierfachen	22-16585-B,22-16687-S
verwackelt	23-16029-B
verwahrungsort	8-41097-S
verwaist	34-48427-B
verwalten	29-23518-B,35-2218-B
verwalter	20-43384-B
verwalter verwalterin	29-23571-S
verwalterin	29-23571-S
verwaltet von	29-15447-S
verwaltung	1-8014-S
verwaltungsakt	6-57174-B
verwaltungsbeamter verwaltungsbeamtin	40-16352-B
verwaltungsbeamtin	40-16352-S
verwaltungsbehoerde verwaltungsorgan	1-8320-B
verwaltungserlass	1-8540-B
verwaltungsgenehmigung	46-45885-B
verwaltungsgericht	6-72526-B
verwaltungsgerichtsbarkeit	1-8772-B
verwaltungshoheit verwaltungskompetenz	21-39906-B
verwaltungskompetenz	21-39906-S
verwaltungsorgan	1-8320-S,19-18283-B
verwaltungsrat	18-61694-B
verwaltungsrecht	1-8985-B
verwandeln wandeln	42-47694-S
verwandlung	9-53954-B,27-28470-S,27-28767-S
verwandt	33-54395-B
verwandte	46-54310-S
verwandte verwandter	9-53149-B
verwandter	9-53149-S
verwandter begriff	1-855-B
verwarnend	41-7920-S
verwechseln	17-49233-B
verwechslungskomoedie	17-9934-B
verwegenheit wagemut	15-29794-S
verweht	10-61704-S,10-61840-S
verwehung	25-41231-S
verweiblicht weibisch	37-69718-S
verweichlicht weibisch	41-77329-S
verweigern	38-39621-S
verweis	25-29491-S
verweisen	31-66923-S
verweisinformationssystem	7-29576-B
verwelken welken	21-42794-S,39-74021-B
verwenden einsetzen	10-89342-S
verwendung	18-22891-S,35-43990-B
verwerflich	38-36514-B
verwerfung	6-41879-B
verwest	10-13638-S
verwesung	34-49558-B
verwickeln	18-47081-S,38-3852-B
verwicklung	22-34309-B
verwirken	11-13241-B
verwirren	31-43371-B
verwirrend	37-14164-S
verwirrt	32-17970-S,37-33178-B
verwitwen	36-32773-B
verwitwet	34-48323-B
verwoehnen	28-1066-B,35-35034-B
verwoehnen verziehen	28-933-S
verwuenschen	43-2537-S
verwuenschung	47-61950-S
verwuesten veroeden voellig zerstoeren zu grunde richten	40-37073-S
verwuesting	36-67499-B
verwundbar	34-27844-S
verwurzelt	26-53535-B
verzaubert	18-22040-B
verzehnfachen	44-23732-B
verzehren	8-10990-S
verzeichnis	18-64765-B
verzeichnung optische verzerrung	46-16633-S
verzeihen	9-953-S
verzeihlich	40-51994-S
verzeihung pardon sorry es tut mir leid tut mir leid	13-68712-S
verzerrt	21-43488-B
verzerrung	18-80137-B,46-16633-S
verzerrung verzeichnung optische verzerrung	46-16633-B
verzicht	12-4523-S,26-57332-B
verzichtbar abkoemmlich entbehrlich erlaesslich	37-34508-B
verzichten abdanken	34-57944-S
verzieh dich zieh leine	13-5209-S
verziehen	28-933-S,37-43643-B,46-28166-B
verzierung	16-20309-S,27-23893-S,29-26069-B
verzierung zier	16-20424-B
verzinken	10-63235-B
verzocken	36-7599-S
verzug geraten	36-49049-S
verzweifachen	12-13244-S,22-38375-S
verzweifeln	13-11394-B,23-15184-B
verzweifelt	18-66191-B,37-20720-B
verzweiflung	28-64315-B,36-57265-B
verzweiflung bringen	38-35959-S
verzweigung veraestelung	35-47383-S
verzweigungspunkt	41-2877-S
verzwickt	12-73855-S
vesicovaginale fistel	29-53063-S
vesikal	29-40648-S
vesikel	33-72224-B
vesikovaginalfistel vesicovaginale fistel	29-53063-S
vesuv	28-5623-B
veteran	22-7369-B
veterinaer	22-65883-S
veterinaermedizin	6-6890-S
vetiver	28-2716-B
vetter	9-52605-S
vetternwirtschaft	22-11839-S
vgr volkswirtschaftliche gesamtrechnung	6-58287-B
vhs recorder videorekorder	13-82099-B
via	34-7072-B
viadukt	6-7125-B
vichyssoise	45-39844-B
vicomte	30-41949-B
victoria	32-28719-B
victoria kreuz	32-13379-B
video	6-7560-B
videokamera	16-70084-S
videoprojektor	35-23923-B
videorekorder	13-82099-S
videospiel	25-31498-B
videoueberwachungsanlage	24-23913-B
vieh	2-89818-B
vieh stehlen	35-14373-B
viehbestand	3-77999-B
viehbremse	42-23743-S
viehdiebstahl	35-14320-B
viehseuche	44-33552-S
viehwirtschaft	3-78270-B
viehzucht	1-31172-S,2-86712-S,3-78106-S
viel	12-65083-S,13-65049-B,14-38269-S,20-28165-S
viel erfolg	19-44187-S
viel glueck hals und beinbruch viel erfolg	19-44187-B
viele	7-42621-B
vieleck	21-38357-S
vieleckig	16-12478-S
vielehe	44-20353-S
vielfache	15-10116-S
vielfaeltig	23-15994-B
vielfaeltigkeit	27-18545-B
vielfalt	3-8922-S,28-34192-S
vielfarbig	39-7022-S,40-33890-S
vielflaechner	47-29265-S
vielleicht womoeglich	16-39712-S
vielmaennerei	44-18530-S
vielversprechend	31-11730-S
vielweiberei	44-18645-S
vienne	24-60628-B,24-60790-S
vier	7-46705-B,8-81134-S,23-21725-B,46-18506-B
vier vier	8-81134-B
vierauge	45-31939-B
vieraugen	45-32153-B
vierbeiner vierfuesser vierfuessler	44-15000-B
vierdimensional	41-58037-S
viereck	16-17734-B
viereckig	26-47781-B
vierfach	26-49175-B
vierfuesser vierfuessler	44-15000-S
vierfuessig	44-15079-B
vierfuessler	44-15000-S
vierhundert	45-42835-B
vierjaehrlich	38-26327-B
viertakter	2-107794-S
viertaktmotor viertakter	2-107794-B
viertausend	45-66435-B
vierte	10-5437-B
vierteilen	6-93538-B,39-37106-S
viertel	10-5283-B,21-43831-S
vierteldollar	47-18359-B
vierteljaehrig vierteljaehrlich	20-77-B
vierteljaehrlich	20-77-S
vierteljahr	11-43362-S
vierteln vierteilen	39-37106-B
vierter fall	17-54054-S
vierunddreissig	10-19068-B
vierundfuenfzig	10-28332-B
vierundvierzig	10-26450-B
vierundzwanzig	10-17225-B
vierzehn	10-7747-B
vierzehn tage zwei wochen	33-40644-B
vierzehneck	23-2071-B
vierzehntel	37-19849-B
vierzig	10-10587-B
vier­koep­fig	45-18595-B
vietnam	11-82036-S
vietnam vietnam	11-82036-S
vietnamese vietnamesin	16-23270-B
vietnamesin	16-23270-S
vietnamesisch	8-85700-B,16-23068-B
vigesimal	41-36343-B
vigesimalsystem vigesimalzaehlung zwanzigersystem	41-36093-B
vigesimalzaehlung zwanzigersystem	41-36093-S
vigilant wachsam	18-29090-S
vihear	25-6043-S
vikar	42-21620-B
vilaine	24-51347-S
villamaina	21-68739-B
vinaigrette	17-25310-B
vincent und die grenadinen	12-37243-S
vinylchlorid chlorethylen	1-93085-B
vinča kultur donauzivilisation	29-3372-B
vinča schrift	29-4279-B
viola	14-17782-S
viola da gamba	35-32721-B
violett	12-7942-S
violett violett	12-7942-B
violine	14-17613-S
violinist	22-7076-B
violoncello	14-17920-S
viper	28-9303-S
viraemie	43-33208-B
viral	25-78121-B
virginia	15-18548-B,15-18838-S
virologe	47-12308-B
virologie	6-8326-B
virtuelle realitaet	26-28274-B
virtuose	18-4338-B
virulent	14-64514-S
virulenz	25-78173-B
virunga vulkane	44-77652-B
virus	6-8497-B,12-52512-S,19-70140-S,21-20555-S,21-34437-S,21-34599-S,33-42463-S,44-29616-S
virus menschliches immunschwaeche virus	19-70140-S
virus virus	12-52512-S
viruskrankheit	36-11154-B
vis	8-21450-S
vis a vis vis à vis	8-21450-S
vis vis à vis	8-21450-S
vis à vis	8-21450-S
visage	9-12510-S
visier	42-32986-B
viskos	16-70913-B
viskositaet	6-8850-B
vista	25-24118-S
visualizer	43-20420-B
viszeral	24-39493-B
vitamin	6-8999-B
vitamin a vitamin a1	25-78266-S
vitamin a1	25-78266-S
vitamin b1	42-591-S
vitamin b12	25-78409-S
vitamin b2	42-19596-S
vitamin b5	42-20104-S
vitamin c	25-78617-B
vitamin d vitamin d3	25-78871-S
vitamin d3	25-78871-S
vitamin e α tocopherol	25-79031-B
vitamin k	25-79172-S
vitamin vitamin k	25-79172-S
vitaminmangel	39-30410-S
viterbo	25-15153-B
vitiligo weissfleckenkrankheit	33-18435-S
vitrine	10-65005-S
vitriol behandeln	41-42404-S
vitrioloel schweflige saeure	41-42045-S
vitro fertilisation	9-72908-S
vitro test	3-55597-S
vivisektion	27-19523-B
vivisezieren	43-24761-B
vivo test	3-55689-S
vns vegetativum autonomes nervensystem vegetatives nervensystem	29-57378-S
voegelchen voeglein	39-54926-S
voegeln	10-52226-S,10-55072-S
voeglein	39-54926-S
voelkermord	13-68405-S
voelkername	28-54688-S
voelkerrecht	7-11830-B
voelkerwanderung	27-12612-B
voellig	8-70213-S,31-59270-S
voellig zerstoeren zu grunde richten	40-37073-S
vogel	1-64667-S,9-7441-S
vogel kirsche vogelkirsche	46-47963-B
vogelart	1-65238-B
vogelgesang	20-16598-S
vogelgezwitscher vogelgesang	20-16598-B
vogelhaeuschen	28-63818-S
vogelhaus	31-22402-B
vogeljunges	46-7506-S
vogeljunges pipperl	11-53469-S
vogelkaefig	32-27725-B
vogelkirsche	46-47963-S
vogelkunde	4-40730-S
vogelnest	23-55168-B
vogelschutzgebiet	1-64975-B
vogelspinne	24-27414-S,25-55289-B
vogelzucht	6-63050-B
vogesen	25-7131-B
vogtei guernsey	33-52409-S
vogtei jersey	24-35317-S
vokabular	6-9348-B
vokal	16-61926-S
vokal vokalbuchstabe	16-62244-B
vokalbuchstabe	16-62244-S
vokalisches verb	20-70700-S
vokativ	43-71629-B
volant	13-36723-S
volapuek	20-63337-B
voldemort	24-44061-S
volk	39-55279-B,39-55442-S
volks	26-18515-B
volksbezeichnung voelkername	28-54688-S
volksgesundheit	4-90051-B
volkspark	4-90920-B
volkspartei	39-23646-B
volkspolizist vopo	11-72130-B
volkspolizistin vopo	11-72247-B
volksrepublik algerien	7-95968-S
volksrepublik china	12-28582-S
volksrepublik laos laos	11-40068-S
volksstamm	24-32296-B
volkstradition	6-37456-B
volkswirtschaftliche gesamtrechnung	6-58287-S
volkswirtschaftslehre	3-83319-B
volkswirtschaftstheorie wirtschaftstheorie oekonomische theorie	2-49067-B
volkszaehlung	6-61255-B
volkszaehlung zensus	28-18653-B
voll	25-71060-B,42-12406-S
voll beladen	8-47185-B
voll der gnade	40-45993-B
voll eingezahlt	19-11930-B
voll volltrunken	8-58325-S
vollbart	47-11430-B
vollbeschaeftigung	18-66274-B
vollenden	22-46981-B
vollendete vergangenheit	17-69456-S
vollendete zukunft	17-70594-S
vollends vollstaendig	39-71109-S
vollendung	18-44344-B,26-36865-B
volleyball	15-19533-B
vollhonk vollpfosten	8-49041-S
volljaehrigkeit	35-12344-B
vollkaufmann zuhaelter	39-48445-S
vollkornbrot	33-74240-B
vollkornmehl	33-74359-B
vollkornreis	44-11801-S
vollmilch	39-21493-B
vollmond	31-16142-B
vollmond sitzfleisch kaecker	14-51561-S
vollmundig	21-25338-B
vollnarkose	44-38095-S
vollpfosten	8-49041-S
vollstaendig	39-71109-S
vollstaendig voellig	8-70213-S,31-59270-B
vollstaendigkeit	25-81534-B
volltreffer	21-12062-B
volltrunken	8-58325-S
vollverb	17-58477-B
vollversammlung	18-25058-S
vollziehen ein kind machen	10-53200-S
volt	13-23232-B
voltmeter spannungsmessgeraet	13-23588-B
volturno	29-54933-B
volumen	14-50620-B
vom blitz getroffen wie vom donner geruehrt	14-57894-S
vom donner geruehrt	14-57894-S
vom stamm	11-6208-S
vom stapel lassen	24-37900-B
vom winde verweht	10-61704-B,10-61840-B
vomeronasales organ	44-52841-S
vomieren	7-73574-S
von	1-0-S,13-63639-S,18-1042-S,19-8852-S,19-16170-S,29-699-S,29-15447-S,29-34728-S,29-41861-S,29-42140-S,30-15989-S,30-53033-S,36-34007-S
von amerika	9-34267-S,36-63651-S
von antikythera	25-28746-S
von antikythera mechanismus von antikythera	25-28746-S
von aussen	42-24643-B
von begriff	7-91724-S
von bengalen	28-48044-S
von bogengaengen umgeben	27-25449-B
von bonifacio	45-11817-S
von boyle mariotte	29-57852-S
von commons	44-54565-S
von dafuer statt stattdessen	9-61064-S
von der seite	40-90583-S
von etwas absehen	19-23059-B
von etwas notiz nehmen	18-56490-S
von etwas zeugen	27-21491-B
von ganzem herzen	39-70960-S
von gibraltar	29-14991-S
von guinea	28-47026-S
von ihr	13-67291-B
von ist themenbestandteil von	1-0-S
von jetzt an von nun an	25-76786-S
von korallenriffen	6-42850-S
von mexiko	12-36404-S
von mikronesien mikronesien	12-24405-S
von morbihan	25-7281-S
von nachdem weil	13-65268-S
von nun an	25-76786-S
von oman	28-48849-S
von otranto	28-66553-S
von radioaktivitaet radioaktive emission	4-97626-S
von san marino	35-25103-S
von sekigahara	21-12834-S
von tibet qinghai tibet hochebene	31-52570-S
von tongkin golf von tongking golf von tonkin	28-10646-S
von tongking golf von tonkin	28-10646-S
von tonkin	28-10646-S
von vorschlaegen	46-46293-S
von wo	39-69066-S
vondel	46-77021-S
vopo	11-72130-S,11-72247-S
vor	32-44355-S
vor allem	29-66996-B
vor allem anderen	41-37252-S
vor allem vor allem anderen	41-37252-B
vor christi geburt vor christus vor der zeitenwende vor unserer zeitrechnung	31-72015-S
vor christus vor der zeitenwende vor unserer zeitrechnung	31-72015-S
vor dem abend loben mache keine milchmaedchenrechnung man soll das fell nicht verteilen eh man den baeren erlegt hat	47-46246-S
vor der zeitenwende vor unserer zeitrechnung	31-72015-S
vor einleitend vorbereitend vorlaeufig	47-58143-B
vor gericht	19-8243-B
vor kurzem vor kurzer zeit	22-4825-S
vor kurzer zeit	22-4825-S
vor sehr langer zeit	25-13673-B
vor sich hintraeumen wegschwimmen	11-15211-S
vor unserer zeitrechnung	31-72015-S
vor vorarbeit vorbereitung vorspiel vorbereitende massnahme vorbereitende taetigkeit	47-58336-S
vorabend	37-65779-B
vorahnung	39-57619-S
vorahnung vorgefuehl	22-30948-S
vorangehen vorausgehen	38-23420-B
vorarbeit	47-58706-B
vorarbeit vorbereitung vorspiel vorbereitende massnahme vorbereitende taetigkeit	47-58336-S
vorarlberg	24-41965-S
vorauffuehrung vorpremiere	18-16874-S
voraus	32-9704-S
vorausabteilung vorhut vortrupp	40-29875-B
vorausdatieren	36-25293-S
vorausgehen	38-23420-S
voraussage vorhersage prognose	28-25452-B
voraussagen vorhersagen	38-46868-S
voraussetzen	19-25839-B
voraussetzung	19-25863-B,26-40298-B
voraussicht	2-105157-S
vorbehalt	26-57744-B
vorbehalten	26-57657-B
vorbehaltsklausel	38-21250-B
vorbereitend vorlaeufig	47-58143-S
vorbereitende massnahme vorbereitende taetigkeit	47-58336-S
vorbereitende taetigkeit	47-58336-S
vorbereitung	22-8175-B
vorbereitung vorspiel vorbereitende massnahme vorbereitende taetigkeit	47-58336-S
vorbeugung	23-54743-B
vorbild	11-72557-S,38-38819-B
vorbildlich	38-38753-B
vorbote	16-71347-B
vorbringen	46-26937-B
vordatieren antedatieren vorausdatieren	36-25293-B
vorder und rueckseite	39-62929-S
vorderseite	9-6435-B,16-7593-S
vorderzungenvokal	40-96102-B
vordringlich	31-2417-S
vorehelich	41-35226-B,44-20876-B
voreilig ueberstuerzt	40-41334-S
voreilig vorschnell vorzeitig	39-36220-S
voreingenommen	44-40038-S
voreingenommenheit	19-40329-S
vorerwaehnt vorstehend	41-37983-S
vorfahre	9-67248-B
vorfahrt	23-30656-B
vorfall	14-32188-S
vorfuehrdame	12-78303-S
vorfuehren	18-57897-S
vorgaenger	12-47032-B
vorgang	4-60722-S
vorgeben	22-7497-S,37-39929-B
vorgeburtlich	33-57851-B
vorgefuehl	22-30948-S
vorgehensweise	7-276-S
vorgekocht	45-64107-B
vorgestern	22-54841-S
