blood orange	45-7250-B
blood plasma	21-63419-B
blood plasma plasma	25-74155-B
blood platelet	26-17350-S
blood poisining	32-34748-B
blood poisoning	41-56323-S
blood pressure	21-38956-B
blood pressure meter sphygmomanometer	44-13968-B
blood red	32-35645-B
blood relation blood relative cognate	37-4189-B
blood relative cognate	37-4189-S
blood sausage	32-36054-B
blood sucker	45-39232-S
blood sugar	44-29956-S,44-30057-S
blood sugar blood sugar concentration level of blood sugar	44-30057-S
blood sugar concentration level of blood sugar	44-30057-S
blood sugar hyperglycaemia hyperglycemia	44-30224-S
blood test	21-61249-B,21-64481-S
blood thinner	31-39734-S
blood thinner blood thinner	31-39734-S
blood transfusion	21-72647-B
blood type	9-24634-B
bloodbath bloodshed butchery carnage massacre slaughter	21-28252-S
blooded	45-50624-S
blooded animal	6-11562-S
blooded dispassionate	34-44656-S
blooded poikilotherm poikilothermic	28-6592-S
bloodied gory sanguinolent	46-80188-S
bloodless unbloody	35-36411-B
bloodline descent line line of descent lineage parentage stock	14-26694-S
bloodshed	14-55330-B
bloodshed butchery carnage massacre slaughter	21-28252-S
bloodstain	32-36198-B
bloodstream	21-28090-S
bloodsucker blood sucker	45-39232-B
bloodsucking sanguivorous	45-39459-B
bloodthirsty sanguinary	21-38524-B
bloody	21-25921-B
bloody bloodied gory sanguinolent	46-80188-B
bloom	1-21770-S,2-99273-S
bloom blossom flower	46-14603-B
bloom blossoming efflorescence flowering	39-14063-B
blossom	21-26778-S,37-47838-B
blossom flower	46-14603-S
blossom flower bloom	2-99273-B
blossom water orange flower water	36-24328-S
blossoming efflorescence flowering	39-14063-S
blouse	39-20441-S
blow	8-39157-B,8-39620-B,14-55483-B
blow coke nose candy snow	14-55628-B
blow drier blow dryer blow dryer blowdryer hair dryer hair dryer hairdryer	45-3216-B
blow dryer blow dryer blowdryer hair dryer hair dryer hairdryer	45-3216-S
blow dryer blowdryer hair dryer hair dryer hairdryer	45-3216-S
blow explode	8-39365-B
blow fellate go down on give head	14-55733-B
blow gas bluster boast brag bray gasconade shoot a line swash tout vaunt	41-60758-B
blow one s brains own shoot oneself	42-14551-B
blow up detonate displode	18-77489-S
blowdryer hair dryer hair dryer hairdryer	45-3216-S
blower	32-36344-B
blowjob cock sucking fellatio fellation	39-63050-B
blt	33-19900-S
blt sandwich blt	33-19900-B
bludgeon club baton billy billy club billystick cudgel night stick nightstick truncheon	28-4549-B
bludgeon strike	23-12332-B
blue	9-9562-S,14-55944-B,14-56554-B,22-46003-S,25-16405-S,34-1703-S,34-1834-S,43-62605-S,43-62658-S
blue cerulean sky blue	9-9562-S
blue collar	24-32532-B
blue dark depressing disconsolate dismal dispiriting gloomy grim	37-34851-B
blue down down in the mouth downcast downhearted low low spirited	14-56304-S
blue eyed	22-46122-B
blue green alga cyanobacteria	1-66887-B
blue mountains	26-33010-B
blue mussel	19-50919-B
blue planet	10-67746-S
blue whale sulfur bottom whale sulphur bottom whale	45-14760-B
blueberry huckleberry	23-15528-B
bluebottle cornflower	32-36423-B
bluefin tuna giant bluefin tuna northern bluefin tuna tunny	20-45411-S
bluefin tuna northern bluefin tuna tunny	20-45411-S
bluefin tuna tunny	20-45411-S
blueish	16-57980-S
blueprint	32-36564-B
blues harp	15-12612-S
bluetongue disease catarrhal fever	11-223-B
bluish blueish	16-57980-B
blunderer botcher bungler	32-36642-B
blunt	39-48831-B
blunt candid forthright frank free spoken outspoken plainspoken point blank straight from the shoulder	40-75992-B
blunt weapon	20-65548-B
blurb endorsement indorsement	42-46237-B
blurred unfocused	21-62560-S
blush	12-1991-B,18-36744-S
blush blusher rouge	32-24657-B
blusher rouge	32-24657-S
bluster boast brag bray gasconade shoot a line swash tout vaunt	41-60758-S
blutenburg castle	36-28137-B
bm bowel movement movement shitting	40-79694-S
boa	47-68321-S
boa aboma slender boa	47-68321-S
boa vista	25-24118-B
boar	8-17658-B,42-68979-S,42-69064-S
boar tusker wild boar	42-69064-B
boar wild boar wild hog	19-63387-B
boar wild hog	19-63387-S
board	7-52433-B,7-52765-B,18-15668-S,18-47945-S,19-18283-S,20-69825-S,22-4151-S,46-11305-S
board administrative council	18-61694-S
board board of directors board of governors board of managers board of trustees executive board	19-18283-S
board card circuit board circuit card	14-57247-B
board circuit card	14-57247-S
board control board control panel instrument panel panel	14-57411-B
board control panel instrument panel panel	14-57411-S
board council	18-61367-B
board cutting board	46-11305-S
board display board display panel	14-56954-B
board display panel	14-56954-S
board dry wipe board greaseboard markerboard pen board whiteboard	45-25493-S
board game	13-35622-B
board get on	14-57163-B
board greaseboard markerboard pen board whiteboard	45-25493-S
board mainboard system board	20-69825-S
board man overboard man overbord	39-17190-S
board member	18-16086-S
board nail file	38-4156-S
board of directors board of governors board of managers board of trustees executive board	19-18283-S
board of governors board of managers board of trustees executive board	19-18283-S
board of managers board of trustees executive board	19-18283-S
board of trustees executive board	19-18283-S
board springboard	37-48889-S
board whiteboard	45-25493-S
boarder	32-37116-B
boarding house	32-37218-B
boarding pass	46-33049-B
boarding school	32-38275-B
boardsailing windsurfing	46-64140-B
boast brag bray gasconade shoot a line swash tout vaunt	41-60758-S
boasting brag bragging crow crowing gasconade line shooting swagger vaporing	41-61270-B
boat	11-11468-B,12-57819-S,20-55781-S,22-8297-S,35-49428-S
boat rowboat rowing boat	12-57819-S
boat sail	14-2852-B
boat sauce boat saucière	39-58222-S
boat saucière	39-58222-S
boat submarine	5-67701-S
boat trip	22-37661-B
boater	23-53716-B
boathouse	32-39825-B
boating	1-67161-B
boatswain	32-39927-B
boatyard shipyard	32-7492-B
bobbin	32-40358-B
bobsleigh	22-60279-B
bocage	6-44156-B
bodacious brassy brazen insolent brazen faced	41-8038-S
bode foreshow foretell predict prophesy	47-9907-S
bodied	21-25338-S
bodiless incorporeal	34-29510-S
bodily corporeal	35-31553-B
body	3-60323-S,6-34658-S,12-14333-S,14-8472-B,25-39538-S,33-25543-S,44-42942-S
body administrative organ	1-8320-S
body board board of directors board of governors board of managers board of trustees executive board	19-18283-S
body cadaver clay dead body remains stiff	14-57749-B
body language	22-36450-B
body mass index	30-4387-B
body of water bounding main	4-32846-S
body of water water	6-20744-B
body organic structure physical structure	8-69780-B
body part	36-40946-B
body remains stiff	14-57749-S
body temperature	46-72677-B
bodyguard	32-40419-B
boereg burek börek	33-7078-B
bog	6-88711-B
bog body	44-42942-B
bogotá	19-50544-B
bogus money counterfeit money	33-42240-B
bohemian waxwing	36-14609-B,47-0-B
bohrium	12-53848-B
bohtan neo aramaic	25-63671-B
boil	12-32611-S,14-8755-B
boil bring to a boil bring to the boil	12-32611-B
boil bring to the boil	12-32611-S
boil cook	15-12828-B
boil furuncle pimple zit	14-8979-B
boiled egg	19-36312-B
boiled rice rice	23-13841-B
boiler	1-67236-B,12-26199-S
boiler steam generator	5-63525-S
boiling	20-75347-B
boiling fowl	11-55668-B
boiling heat scorching heat sweltering heat	43-25418-S
boiling point	1-67414-B
boisterous in a rant mischivous ranting wild	11-73307-B
boisterous rumbustious unruly	40-46546-S
bokmål	12-9221-S
bokmål norwegian bokmål	12-9221-B
bolay tea pu er tea pu erh tea puer tea	36-65430-B
bolete	41-16152-B,41-16885-S
bolete penny bun	33-62687-S
bolete pinewood king bolete	41-16885-S
boletus of the steppes king oyster mushroom king trumpet mushroom	46-9692-S
bolide	34-60260-S
bolivia	11-19915-S
bolivia republic of bolivia	11-19915-B
bolivian	32-17802-B,32-17888-B
bolivian sign language	26-16108-B
bollard	32-40826-B
bollock nut orchis testicle testis	14-13540-S
bolshevik revolution great october socialist revolution october uprising red october	46-11682-S
bolt	20-55310-B
bolzano	25-1553-B
bolívar	22-11731-B
bomb	9-59249-S,10-69772-B,10-69969-S,10-70078-B,10-70254-B,10-70345-B,28-29872-S,33-38961-S,34-23606-S,40-56191-S,42-46983-S,44-31713-S,44-31827-S
bomb aerosol can aerosol container aerosol tin spray can	5-60082-S
bomb attack	20-48519-B
bomb bombard	10-70424-B
bomb bombshell sex bomb	10-69969-B
bomb fuel air bomb fuel air explosive thermobaric bomb vacuum bomb volume detonation bomb	40-56191-S
bomb fuel air explosive thermobaric bomb vacuum bomb volume detonation bomb	40-56191-S
bomb guided bomb unit	38-19807-S
bomb mail bomb	44-31827-S
bomb post bomb	44-31713-S
bomb thermobaric device vacuum bomb	28-29872-S
bomb unit	38-19807-S
bomb vacuum bomb volume detonation bomb	40-56191-S
bomb volume detonation bomb	40-56191-S
bombard	10-70424-S
bombardment	32-41691-B
bombardon	42-25826-B
bombay mumbai	19-49623-B
bomber	32-41743-B
bombshell sex bomb	10-69969-S
bona fide in good faith	47-47391-B
bonaire	24-34466-B
bond	21-44363-B,23-23965-S
bond debenture voucher	21-44264-B
bone	8-35702-B,8-36001-B,32-40245-B,41-33047-S,44-67914-S,44-68583-S,46-33310-S,46-33434-S,46-33769-S,46-33879-S,46-34007-S,46-34123-S,46-34236-S,46-34357-S
bone baculum penile bone	44-68583-S
bone bone up cram drum get up grind away mug up swot swot up	15-1613-B
bone butterfly bone	46-34123-S
bone cheekbone malar bone zygoma	28-2401-S
bone clavicle	34-4563-S
bone debone	15-1532-B
bone fibula	33-19391-S
bone fracture fracture	40-64242-S
bone inferior maxillary bone jawbone mandibula submaxilla	46-33526-S
bone jawbone mandibula submaxilla	46-33526-S
bone marrow marrow	23-15210-B
bone shinbone tibia	27-29201-S
bone shoulderblade	46-19687-S
bone thighbone	25-47974-S
bone tired bone tired dead tired dog tired	16-31454-B
bone tired dead tired dog tired	16-31454-S
bone to pick have a crow to pick	26-27666-S
bone ulna	36-42741-S
bone up cram drum get up grind away mug up swot swot up	15-1613-S
bone zygoma	28-2401-S
boner	39-62487-S
bones metatarsus	44-67495-S
bonfire	38-45318-B
bong water pipe	39-49661-B
bongo bongo drum	16-63158-B
bongo drum	16-63158-S
bonifacio	45-11817-S
bonkers illogical	29-49291-S
bonn	10-14642-B
bonobo	30-10725-B
bonsai	16-58298-B
bonus	20-50683-B
boo	10-55646-B,43-11071-B,43-11369-B,43-11648-B,43-11870-B
boob job breast augmentation breast enlargement mammoplasty enlargement	33-13270-S
boob tube google box idiot box television television receiver tv tv set	10-56797-S
booby	8-22335-B
boodle booty spoils	18-35910-S
book	1-67704-B,15-1904-S,15-2108-B,35-26716-S,40-389-S
book abecedary primer	40-62869-S
book audio book audiobook	16-1560-S
book audiobook	16-1560-S
book cookery book	35-26716-S
book guidebook	45-56975-S
book hold reserve	15-2001-B
book number	19-74105-S
book of revelation book of the revelation of john revelation revelation of saint john the divine	30-29501-S
book of the revelation of john revelation revelation of saint john the divine	30-29501-S
book phonebook telephone directory	34-55681-S
book report book review literary review	36-15804-B
book review literary review	36-15804-S
book stall station bookstall	38-34883-S
book volume	14-50368-B
bookbinder	15-48271-B
bookcase bookshelf	15-3430-B
booking reservation	45-60471-B
bookkeeper comptroller controller	18-34329-S
bookkeeping	1-68116-B,19-77353-B
bookmark	16-8852-B
bookmark bookmarker	16-8543-B
bookmarker	16-8543-S
bookshelf	15-3430-S
bookshop	32-41907-B
bookstall	38-34883-S
boom	4-35184-S,5-51646-S,30-53892-S
boomer babyboomer	44-38674-S
boomerang	44-64623-B
booming	22-7632-B
boost encouragement	38-5957-B
boot	12-75812-B,39-75989-S
boot thigh boot thigh high boot thigh length boot	39-75989-S
boot thigh high boot thigh length boot	39-75989-S
boot thigh length boot	39-75989-S
boot trunk	12-68233-B
booth	22-42186-S
booth stall	14-20790-B
booth voting booth	22-42186-S
bootilicious bootylicious callipygian callipygous	43-49120-B
bootlicker brown nose brown noser lickspittle sycophant toady	39-37919-S
boots wellies wellington boots wellingtons	44-55867-S
boots wellingtons	44-55867-S
booty spoils	18-35910-S
bootylicious callipygian callipygous	43-49120-S
booze fuddle	14-27483-S
booze hard liquor liquor spirits strong drink	14-60893-S
boozed up canned drunk drunken ebrious groggy inebriate inebriated intoxicated juiced out of it plastered shit faced sloshed smashed sozzled trashed wasted well oiled	8-58325-S
boozer drunk drunkard	8-65486-B
bordeaux	24-64311-B
bordello whorehouse	39-72629-S
border	1-68213-B,18-52428-B
border edge	15-2326-B
border margin perimeter	15-2214-B
border river	28-66857-B
borders on	28-46240-B
borecole	35-27092-S
bored	36-19960-B
boredom tedium	32-43155-B
borer european high flyer	43-75864-S
boring	38-37026-S
boring deadly boring deathly boring	38-37026-S
boring deathly boring	38-37026-S
boring dull tedious	16-4532-B
born	13-29970-B,20-24586-S,45-3977-S
borna disease	45-64781-B
borne noise	5-67380-S
borneo kalimantan	31-18244-B
boron	1-68378-B
borough	42-71297-B
borrow	10-84589-B
borrow take over take up	10-84823-S
borsch borscht borshch borsht	39-13878-B
borscht borshch borsht	39-13878-S
borshch borsht	39-13878-S
borsht	39-13878-S
bosnia	15-68498-B
bosnia and herzegovina	14-46298-S
bosnia and herzegovina republic of bosnia and herzegovina	14-46298-B
bosniak	15-68215-B
bosnian	8-59776-B
bosom	16-33176-S
boson	43-15272-B
boson higgs particle	46-37018-S
boss chief head leader	7-66348-S
boss line manager manager supervisor	46-14811-B
bossage	16-4328-B
boston	9-70964-B
bostonian	44-40187-S
bostonite bostonian	44-40187-B
botan rice glutinous rice mochi rice pearl rice sticky rice sweet rice waxy rice	36-37774-B
botanic botanical	25-54153-B
botanical	25-54153-S
botanical conservatory	6-49018-B
botanical garden	1-68854-B
botanist	16-44140-B
botany phytology	1-68962-B
botch	18-43861-B
botcher bungler	32-36642-S
botfly	24-16258-B
both	10-35927-B
bother annoyance botheration infliction nuisance pain pain in the ass pain in the neck	30-21604-B
bother devil irritate nettle annoy chafe get at get to gravel nark rag rile vex	30-20847-B
bother disturb gravel irritate mind object to trouble	43-68111-B
bother trouble discommode incommode inconvenience put out	17-11649-B
botheration infliction nuisance pain pain in the ass pain in the neck	30-21604-S
bothersome	32-43283-B
bothersome irritating pesky troublesome vexatious	30-21820-S
bothnia	36-24212-S
botswana	11-81734-S
botswana republic of botswana	11-81734-B
botswanan	45-3718-B,45-3786-B
bottle	8-3844-B,8-4259-S,15-2489-B,20-7506-S
bottle baby s bottle feeding bottle	8-4259-B
bottle bottleful	8-4110-B
bottle cap	7-2311-B
bottle feeding bottle	8-4259-S
bottle green	18-17688-B
bottle opener	32-44974-B
bottle stopper cork stopper	38-51030-B
bottled fruit bottled fruit or vegetables bottled vegetables preserves	47-61542-B
bottled fruit or vegetables bottled vegetables preserves	47-61542-S
bottled vegetables preserves	47-61542-S
bottled water	45-3624-B
bottleful	8-4110-S
bottleneck	32-44877-B,46-78688-S
bottlenose dolphin	42-60543-B
bottom	6-15487-S,13-30003-B,14-46020-S
bottom bum buns butt buttocks derriere fanny fundament hind end hindquarters keister nates posterior prat rear rear end rump seat stern tail end tooshie tush	14-51561-S
bottom line	29-15252-B
bottom sea floor seabed seafloor	5-22044-S
bottom whale	45-14760-S
bottom whale sulphur bottom whale	45-14760-S
bottomless	32-47165-B
bottommost	32-47239-B
botulinum toxin	31-69964-B
botulism	32-47276-B
bouches du rhône	24-47314-B
bougainvillea	23-9660-B
bounce resile	40-36382-S
bouncer	32-29954-B
bound	36-39162-S
bound morpheme	15-40524-B
bound rebound recoil reverberate ricochet spring bounce resile	40-36382-B
boundary	7-36537-S,18-15366-B
boundary layer	1-69245-B
bounding main	4-32846-S
boundless limitless unbounded	40-91160-B
bounty	32-47707-B
bounty generosity	32-47648-B
bounty hunter fugitive recovery agent	39-8370-S
bouquet flower bouquet nosegay posey posie posy tussie mussie	39-51871-B
bouquet nosegay posey posie posy tussie mussie	39-51871-S
bourgeoisie	28-43716-B
bourgogne	25-3258-B
bourguignon beef burgundy	39-8145-S
boutique retail outlet	13-61706-S
bouvet island	23-56484-B
bovid	1-69469-B
bovine	7-20534-S
bovine spongiform enecelophalopathy mad cow disease	25-33010-B
bovines bovine	7-20534-B
bow	16-54559-B,17-76046-B
bow tie	16-68530-B
bow wow bowwow	16-43212-B
bowed instrument bowed string instrument	40-14055-B
bowed string instrument	40-14055-S
bowel movement movement shitting	40-79694-S
bowerbird	43-61676-S
bowl	9-1478-B,15-2561-B
bowl organ glass armonica harmonica hydrocrystalophone	45-11442-S
bowl pasta plate	39-2154-S
bowl stadium sports stadium	15-2622-S
bowler	23-54921-B
bowling pin	11-17000-S
bowman	28-60343-S
bowsprit	32-47945-B
bowwow	16-43212-S
box	8-63898-B,15-2891-B,15-11557-S,18-45768-S,31-38054-S,46-52513-S
box idiot box television television receiver tv tv set	10-56797-S
box penny bank piggybank	42-30563-S
box squeeze box squeezebox	47-41818-S
box squeezebox	47-41818-S
box television television receiver tv tv set	10-56797-S
boxer	25-64134-B
boxer briefs boxerbriefs tight boxers	47-11026-B
boxerbriefs tight boxers	47-11026-S
boxers	47-11026-S
boxing	28-21083-B
boxing glove	28-21322-B
boy	8-23557-B,21-61864-S,36-65130-S,41-83591-S,42-4650-S
boy slave boy	36-65130-S
boycott	25-59839-B
boyfriend	39-30944-S
boyfriend bf	10-92931-B
boyfriend friend girlfriend	8-6357-B
boyle law	29-57852-S
boyle s law mariotte boyle law	29-57852-B
boys	43-71873-S
boys school	45-22138-B
boötes	29-29482-B
bpa bisphenol a	45-5441-B
bra	43-74272-S
bra brassiere	20-27472-B
brabant	24-43637-S
brabant north brabant	24-43637-S
brac	14-61884-S
brac bric à brac	14-61884-S
bracelet wristlet	27-41471-B
brachiation	45-54141-B
brachiator	45-54341-B
brackish briny	39-43996-B
brackish water	1-69536-B
bradyseism	1-69669-B
braeburn	8-34915-B
brag bragging crow crowing gasconade line shooting swagger vaporing	41-61270-S
brag bray gasconade shoot a line swash tout vaunt	41-60758-S
bragging crow crowing gasconade line shooting swagger vaporing	41-61270-S
brahminy kite red backed sea eagle	46-30337-B
brahui brahvi	23-43193-B
brahui spoken	23-43411-B
brahui written	23-43332-B
brahvi	23-43193-S
braid	19-4901-B
braille	17-81920-B
brain	9-23079-B,9-23701-B
brain chump dolt idiot not the sharpest tool in the shed putz simpleton	8-49041-S
