myocardium cardiac muscle	30-66683-B
myopic	20-23826-B
myopic narrow minded narrow of mind narrow minded narrowminded small minded	47-5973-S
myositis	41-57694-B
myriad ten thousand	19-63160-B
myrmecology	46-70699-B
mysteries	9-55048-S
mysterious	10-82484-B
mysteriously	45-55973-B
mystery	10-82393-B,18-17579-B
mystery situation puzzle	18-17530-S
myth	6-56278-B
mythic creature	19-65567-S
mythology	38-23601-B,40-77807-S,40-78181-B
mythology classical mythology	40-77807-S
myxomatosis	42-12841-B
mérida	31-74632-B,31-74725-B,31-74841-B,32-0-B
mêlée weapon	20-64200-S
mòcheno	47-17204-B
möbius syndrome	44-72327-S
möhne reservoir	36-19062-B
n acetyl 5 methoxytryptamine melatonin	47-3336-B
n cheese macaroni and cheese macaroni cheese	38-431-S
n dimensional	41-58176-B
n djamena	28-64682-B
n methyl 1 phenylpropan 2 amine n methyl 1 phenylpropan 2 amine n methylamphetamine crystal crystal meth desoxyephedrine ice metamfetamine meth methylamphetamine tik tina tweak	46-76067-S
n methyl 1 phenylpropan 2 amine n methylamphetamine crystal crystal meth desoxyephedrine ice metamfetamine meth methylamphetamine tik tina tweak	46-76067-S
n methylamphetamine crystal crystal meth desoxyephedrine ice metamfetamine meth methylamphetamine tik tina tweak	46-76067-S
na adjective na type adjective	19-55431-S
na type adjective	19-55431-S
naan	41-82273-B
nabothian cyst nabothian follicle	34-54376-B
nabothian follicle	34-54376-S
nacre	40-51511-B
nadir	13-504-B,13-722-B
naevus nevus nævus	10-72801-S
nag	44-40980-S
nag hen peck peck quibble	40-68944-B
nag nagger scold	40-69121-S
nagger scold	40-69121-S
nagold	31-2807-B,31-2988-B
nagorno karabakh	15-51040-B
nail	7-60488-S,30-56749-B
nail bar pry bar	22-59510-S
nail bed	43-37403-B
nail clippers nail trimmer	23-60237-B
nail file	38-4156-S
nail on the head	9-75311-S
nail polish nail varnish	32-23828-B
nail pulling pliers pincers	28-37813-S
nail shove up the cunt	20-29826-B
nail spike	12-54999-B
nail trimmer	23-60237-S
nail varnish	32-23828-S
naira	28-55506-S
nairobi	19-47762-B
naked	28-41004-S,46-70543-B
naked mole rat desert mole rat sand puppy	45-53337-B
nakedness nudity	44-38305-B
nakh dagestanian nakh daghestanian nakho dagestanian nakho daghestanian northeast caucasian northeast caucasian languages	23-38855-B
nakh daghestanian nakho dagestanian nakho daghestanian northeast caucasian northeast caucasian languages	23-38855-S
nakho dagestanian nakho daghestanian northeast caucasian northeast caucasian languages	23-38855-S
nakho daghestanian northeast caucasian northeast caucasian languages	23-38855-S
name	17-10858-S,17-51384-S,20-58159-S,36-47646-S,43-49782-S,46-69201-S
name christian name forename	16-21251-S
name collective noun	17-51590-S
name forename	16-21251-S
name generic name	17-10858-S
name girl s name	46-69201-S
name given name christian name forename	16-21251-S
name proper name proper noun	8-38063-B
name proper noun	8-38063-S
name refer advert	11-68181-S
name surname	13-36353-S
nameless	30-18463-B,30-18817-B
namesake	41-21349-B
namibia	11-38387-B
nan min nan minnan southern min	11-62312-S
nan minnan southern min	11-62312-S
nana nanna	8-80312-S
nanga parbat	33-55095-B
nanna	8-80312-S
nanosecond	15-60985-B
nanotechnology	33-75487-B
nanterre	32-37582-B
nap	36-18083-S
nap siesta	36-17956-S
nap siesta doze forty winks kip snooze	11-51754-B
napalm	42-35150-B
nape nape of the neck	8-16870-B
nape of the neck	8-16870-S,13-14443-B
naphtha wood spirit	22-47333-S
napkin	22-14708-B
naples	8-72316-B
narcolepsy	45-62832-B
naris nosehole	22-53629-S
nark rag rile vex	30-20847-S
narrate recount	27-4173-S
narrow	7-65588-B
narrow headed ant	44-22200-S
narrow leaved lavender true lavender	46-45186-S
narrow minded narrow of mind narrow minded narrowminded small minded	47-5973-S
narrow minded narrowminded small minded	47-5973-S
narrow of mind narrow minded narrowminded small minded	47-5973-S
narrowminded small minded	47-5973-S
narwal narwhal narwhale	45-6515-B
narwhal narwhale	45-6515-S
narwhale	45-6515-S
nasal	41-30909-B
nasal blockage nasal congestion nasal obstruction stuffed up nose stuffy nose	41-66994-S
nasal bone	46-33879-B
nasal cavity nasal fossa	43-57513-B
nasal congestion nasal obstruction stuffed up nose stuffy nose	41-66994-S
nasal fossa	43-57513-S
nasal obstruction stuffed up nose stuffy nose	41-66994-S
nasal septum	29-55157-B
nascence nascency nativity	8-24381-S
nascency nativity	8-24381-S
nasogastric tube	37-46767-S
nasopharyngitis acute viral rhinopharyngitis viral upper respiratory tract infection	41-66402-S
nasopharynx	43-56213-B
nasta liq script nastaliq script	11-47708-B
nastaliq script	11-47708-S
nasty	35-50161-S
nasty spiteful	14-20355-S
natal cleft	35-36186-S
natal day	14-53251-S
nates posterior prat rear rear end rump seat stern tail end tooshie tush	14-51561-S
nation	19-54881-S
nation sovereign state	7-82832-S
nation state	5-61718-S
national accounting	6-58287-B
national anthem	28-52433-B
national bankruptcy national insolvency	37-2119-B
national boundary	7-36537-B
national debt public debt	7-10022-S
national epic	43-43911-B
national holiday	26-41597-B
national insolvency	37-2119-S
national language	22-6500-B
national legislation	4-13160-B
national library	23-3762-B
national park	4-13396-B
national product	3-19169-S
national service	43-4510-S
national socialism	14-28834-S
national socialist nazi	15-59640-S
nationalism	14-34350-B
nationalist	28-25099-B,40-7247-B,40-7371-B
nationalist nationalistic	40-7111-B
nationalistic	40-7111-S
nationality	46-58267-B
nationalize	23-8509-B
nations	1-42626-S,5-100523-S,45-29197-S
nations axis powers	32-2881-S
nations secretary general	14-27024-S
nations security council	10-60156-S
native land	40-99801-S
native language native tongue	17-3159-S
native native of	34-56780-B
native native species	25-56355-S
native of	34-56780-S
native species	25-56355-S
native tongue	17-3159-S
nativity	8-24381-S
nato north atlantic treaty organization	11-5451-B
natural area	7-40999-B
natural disaster	4-13815-B
natural fertiliser	4-14023-B
natural forest	4-14151-B
natural gas	4-14300-B
natural gas extraction	4-14570-B
natural hazard	4-14890-B
natural heritage	4-15066-B
natural language ordinary language	44-60749-B
natural monument	4-15642-B
natural park	4-16447-B
natural radioactivity	4-16777-B
natural resource	4-17061-B
natural satellite	7-92809-S
natural science	4-17240-B
natural selection	38-33739-B
natural stone	4-17473-B
natural yoghurt	33-52939-B
naturally	34-41105-B
naturally of course	36-41213-B
nature	4-15409-S,6-56789-S,9-3930-S,31-55915-B,42-58200-S,46-20276-S
nature conservation	4-17579-B
nature conservation policy	7-24682-B
nature relationship	3-86150-S
nature reserve	4-17767-B
naumachia	42-66096-B
nauru	12-29526-S
nauru republic of nauru	12-29526-B
nauruan	9-55519-B,11-62759-B,27-38484-B
nausea	4-17972-B
nauseam	30-27559-S
nautical	42-70489-B
nautical chart	7-24479-S
navaho navajo	10-88597-B,10-88696-B
navajo	10-88597-S,10-88696-S
naval power sea power	22-57425-B
navel omphalos omphalus umbilicus	11-4237-S
navigation	3-48490-S,3-90735-S,6-66699-B
navigation shipping	13-17438-B
navvy	27-19478-B
navy	19-53272-B
nay sayer naysayer	12-37005-B
naysayer	12-37005-S
naysayer pessimist worrywart	40-17800-S
nazi	15-59640-S
nazi concentration camp concentration camp	42-59356-B
nazi germany third reich	28-32923-B
nazi national socialist nazi	15-59640-B
nazism national socialism	14-28834-B
ndonga	30-36207-B
neap tide	29-31784-B
neapolitan	8-56544-B
near	8-38373-B,8-54774-S,28-30090-S
near go up near	28-30090-S
nearly almost virtually	11-58940-B
neat tidy	13-61978-B
neb beak rostrum	39-66359-S
nebraska	15-15653-B
nebula	25-79887-B
necessary obligatory required vital	18-55943-S
necessary predetermined inevitable unavoidable	18-56227-S
necessitous	46-63634-S
neck	8-10189-B,8-16870-S,13-14443-S,23-62767-S,30-21604-S,43-2157-S
neck bottleneck	46-78688-B
neck cervical fracture	41-39082-S
neck fracture	33-18771-S
neck shot shot in the neck	43-2157-B
necklace	32-36958-B,33-34323-S
necktie tie	9-26845-B
necrolagnia necrophilia thanatophilia	15-64360-B
necromancy	47-49420-B
necrophage scavenger	43-63563-B
necrophilia thanatophilia	15-64360-S
necrosis	4-18011-B
nectar agave syrup	46-11382-S
nectarine	33-20839-B
need	4-18191-B,12-43214-S,19-2351-B,26-56096-B
need be	24-11184-S
need being short being shy	12-43075-S
needing	20-53836-B
needle	8-31562-B,8-33385-B,8-33520-S,13-43795-B
needle needle	8-33520-S
needles keep on tenderhooks keep on tenterhooks	42-55460-S
needy indigent necessitous	46-63634-B
nefarious	27-347-B
nefarious flagitious iniquitous villainous	19-30585-B
nefertiti	44-46528-B
negara brunei darussalam	11-77275-S
negate	25-28057-B
negation	22-4405-B
negative	22-10763-B,44-30612-S
negative growth	47-72281-B
negative pronoun	23-18868-B
negatively	38-52298-B
negligence	19-15768-B,36-49920-S
negotiate	20-40551-B
negotiation	17-39302-S
negotiator	39-56345-S,39-56544-S
negro negroid blackamoor	14-54521-S
negroid blackamoor	14-54521-S
neigh	45-13926-B,45-14011-B
neighborhood neighbourhood	44-25512-B
neighbour	8-16544-B,8-16663-B
neighbourhood	12-79381-S,44-25512-S
nematode	4-18275-B
nematode roundworm	33-76606-B
nemesis	40-4969-B
nenuphar white lotus	33-25039-S
neo aramaic	25-32730-S,25-63671-S,25-64200-S,26-48530-S,37-54757-S
neo aramaic lishan hozaye lishana deni	37-70285-S
neo latin languages romance languages romanic languages	23-45362-S
neo mandaic	37-70930-S
neo melanesian new guinea pidgin	28-55609-S
neo platonism neoplatonism	42-13960-B
neoclassicism	42-68819-B
neocolonialism	42-52831-B
neodymium	13-47120-B
neoliberalism	42-52989-B
neolithic	23-13659-B
neolithic new stone age	23-13180-B
neolithic revolution	23-17266-B
neologism	14-22893-B
neon	12-72681-B
neonaticide	32-40058-B
neonicotinoid	46-21358-B
neophilia	42-50029-B
neophobia cainophobia cainotophobia	42-50153-B
neoplasm	5-97656-B
neoplatonism	42-13960-S
nepal	12-2499-B
nepal bhasa newah bhaye newari	18-17604-B
nepalese rupee rupee	28-59578-B
nepali	8-76909-B
nephew	9-52256-B,9-53604-B,9-53695-B
nephologist	42-8504-B
nephology	42-8279-B
nephoscope	25-39814-B
nephrectomy	36-30161-B
nephritis	41-49739-S,41-49933-B
nephrolith renal calculus	47-32161-S
nephrologist	16-43722-B
nephrology	16-43298-B
nepotism	22-11839-B
neptune	15-70557-B,45-72704-B
neptune grass	6-48428-S
neptunian transneptunian	43-33283-S
neptunium	15-48293-B
nerd	16-20170-B,42-46024-B
nerd swot wonk	42-45893-S
neroth	47-54668-S
nerve	9-19047-B,11-57814-S,28-31510-S,37-337-S,42-37551-S,44-72965-S
nerve cell neuron neurone neurocyte	9-17841-B
nerve fifth nerve trigeminal nerve	37-337-S
nerve paralysis facial paralysis	44-72711-S
nerve trigeminal nerve	37-337-S
nervosa	30-23435-S,46-17767-S
nervosa anorexia	30-47031-S
nervous	37-26627-B
nervous system	4-18397-B,9-23821-S,29-57378-S
nervous system vegetative nervous system visceral nervous system	29-57378-S
nervous system visceral nervous system	29-57378-S
ness ose osity ous ship th	42-50442-S
nest	14-2437-S,14-2461-S,23-55168-S,30-63997-S
nesting	6-46811-B
nesting area	6-46570-B
nestle	24-11498-B
nestling	46-7506-S
net	21-36071-S,37-6084-S,43-20636-S
net fillet	12-35220-B
net income net profit profit profits	23-8301-S
net net income net profit profit profits	23-8301-S
net network	19-72404-S
net pay	20-63714-B
net profit profit profits	23-8301-S
netbag	47-48383-B
netbook	43-75314-B
netherhair pubes pubic hair	37-60816-B
netherlands	8-7825-S
netherlands antillean gulden	29-32500-B
netherlands antilles dutch antilles	24-35873-B
netherlands holland the netherlands	8-7825-S
netherlands netherlands holland the netherlands	8-7825-S
netting	36-27187-S
nettle	34-19110-S,37-59352-B
nettle annoy chafe get at get to gravel nark rag rile vex	30-20847-S
nettle leaved bellflower	27-36022-B
network	1-64284-S,3-7006-S,6-66470-S,6-66629-S,6-100683-S,7-26842-S,19-21849-S,19-41621-S,19-45942-S,19-71989-B,19-72404-S,20-74801-S
network administration	20-59058-B
network bandwidth	29-11853-S
network installation	20-56937-B
network local network	20-74801-S
network net network	19-72404-S
network public switched telephone network telephone network	19-21849-S
network telephone network	19-21849-S
network water supply system	6-16529-S
neuchâtel	33-45754-S
neuchâtel canton of neuchâtel	33-45754-B
neuritis	41-74325-B
neuroanatomy	13-68863-B
neurocranium	42-70238-B
neurocyte	9-17841-S
neurofibromatosis	30-29233-B
neuroglia	43-1993-S
neurolathyrism	45-75560-S
neurologist	16-32013-B
neurology	27-40146-B
neurolymph	21-6419-S
neuromarketing	41-62858-B
neuron neurone neurocyte	9-17841-S
neurone neurocyte	9-17841-S
neuroscience	37-23114-S
neurotheology spiritual neuroscience	37-23114-S
neurotic obsession	21-71244-B
neurotoxicity	4-18664-B
neurotransmitter	33-58335-B
neustrasia neustria	33-65039-B
neustria	33-65039-S
neuter	40-612-B,40-690-B
neuter gender	17-53032-S
neuter neuter gender	17-53032-B
neutral marriage same sex marriage	38-31242-S
neutralisation neutralization	4-18804-B
neutrality	42-54691-B
neutralization	4-18804-S,35-35964-S
neutrino	29-61547-B
neutron	11-61947-B
nevada	15-15827-B
never	9-62081-B
nevertheless nonetheless still though	10-66891-S
nevis	12-30097-S
nevis st kitts and nevis	12-30097-S
nevus nævus	10-72801-S
new	7-53472-B
new caledonia	24-62783-B
new car	36-38550-B
new community	4-18964-B
new delhi	28-47965-B
new england	45-71431-B
new garden bumblebee tree bumblebee	47-30278-B
new guinea	12-41419-S
new guinea pidgin	28-55609-S
new guinean	35-20880-S
new hampshire	15-15984-B
new high german	27-2695-S
new interpretation	25-70746-S
new jersey	15-16161-B
new mexico	15-16341-B
new money new rich	46-63166-S
new money upstart parvenu	46-61935-S
new moon	39-40560-B
new rich	46-63166-S
new stone age	23-13180-S
new wave van vanguard	40-30091-S
new year	16-74060-S,17-1480-S
new year new year s day	16-59973-B
new year s day	16-59973-S
new year s eve	16-60242-B
new year s resolution	17-23051-B
new york	15-16534-B,29-21765-S
new york city new york the city of new york	29-21765-B
new york the city of new york	29-21765-S
new zealand	12-24242-B
new zealand sign language	28-75295-B
newah bhaye newari	18-17604-S
newari	18-17604-S
newbie	19-9669-B
newly	33-70844-B
news	12-34808-B,12-34847-B,18-8287-S
news conference press conference	27-1321-B
news evil tidings	37-61083-S
news presenter	16-165-B
newsgroup	7-28077-B
newsletter	7-28796-B
newspaper daily	18-62774-S
newspaper evening paper	22-24655-S
newspaper gazette	7-81874-B
newsreader	16-300-B
newsworthy	41-38626-B
newt	45-77851-B
newton	13-38617-B
next following	8-18752-B
next to	29-17907-S
next to last	16-30067-S
nexus	19-77771-S
ney	15-63468-B
ng tube nasogastric tube	37-46767-B
ngo non governmental organisation	9-15977-B
nheengatu	32-8361-S
nhengatu nheengatu	32-8361-B
niacin nicotinic acid vitamin b3	42-19845-B
niamey	28-45464-B
nicaragua	11-32499-B
nice	9-38849-S,20-54872-B,32-34820-B
nice meal	10-89193-S
nice pleasant sweet dashing engaging	12-72283-S
nicely	41-10058-B
niche	2-46977-S,16-7368-B,23-16390-S
niche market	19-16266-B
nicholas day	16-34350-S
nicholas santa santa claus	16-882-S
nickel	4-19201-B
nickname appellation byname cognomen epithet sobriquet	18-58306-S
nicosia	19-60559-B
nicotine	39-77399-B
nicotinic acid vitamin b3	42-19845-S
nidwalden	33-45617-S
nidwalden canton of nidwalden	33-45617-B
niece	9-52362-B,9-62756-B,9-62860-B
niger	12-2420-B
nigeria	11-74775-B
nigerian	28-55429-B,44-37441-B
nigerian naira	28-55506-B
nigerien	44-37296-B,44-37361-B
niggard	33-22186-S
niggardliness parsimony penuriousness stinginess	44-14187-S
nigger	15-24814-S
night	7-84778-S,10-90368-S,21-53796-S,21-53857-S,23-14274-S,25-55199-S,25-59099-S
night air	25-53875-B
night all nighter	44-17367-S
night blindness	27-46695-S
night buck s party bull s party stag do stag night stag party	43-28278-S
night flight night flight red eye red eye flight	41-84957-B
night flight red eye red eye flight	41-84957-S
night heron	29-23102-S
night heron black crowned night heron	29-23102-S
night night time nighttime	7-53692-B
night out hen do kitchen tea stagette	43-28439-S
night owl	25-53978-B
night program	24-29209-B
night shift nightshift	45-8082-B,45-8230-B
night sky	13-44423-B
night stag party	43-28278-S
night stand night table night stand nightstand	17-86156-S
night stand nightstand	17-86156-S
