accommodate adapt adjust arrange conform suit	17-88328-B
accommodating	29-10752-B
accommodation	6-52344-S
accompanist	29-10806-B
accompany escort show usher	24-31260-B
accomplice	15-7658-S
accomplish achieve	25-8605-B
accomplish achieve attain reach	29-16504-B
accomplished competent	29-10878-B
accomplishment achievement	18-44344-B
accomplishment achievement feat	14-1244-B
accomplishment acquirement acquisition attainment	8-26944-S
accomplishment performance	14-76226-B
accord reconcile	28-15766-S
accordance agreement concordance consonance	29-10962-B
according according to	29-12809-B,41-35931-B
according to	29-12809-S,41-35151-B,41-35931-S
accordingly	29-12765-B
accordion piano accordion squeeze box	15-11557-B
accordion squeeze box	15-11557-S
accost	29-13011-S
accostamento approaching	20-49200-S
account	6-58433-S,14-45086-B,18-62408-B,21-3930-S,21-11855-S,31-50873-S,38-50643-S,41-46048-S,47-60953-S
account holder	21-13855-B
account number	21-15764-B
account of	19-6529-S
account report	18-65185-S,19-49348-S
accountability liability	29-13120-B
accountable	29-13225-B
accountancy	29-13325-B
accountant bookkeeper comptroller controller	18-34329-B
accounting	6-34314-B,6-58287-S
accounting report	19-41145-B
accounting system	7-8610-B
accra	29-14287-B
accredit	14-31773-B
accrual	29-13382-B
accrue	29-14371-B
accrue acumulate agglomerate aggregate amass collect cumulate garner	35-58744-S
accumulate amass assemble congregate gather meet foregather forgather	10-91851-B
accumulate amass collect compile hoard pile up roll up	24-63138-B
accumulation	4-72962-S,18-76385-B
accumulator	1-2385-B
accuracy	18-14614-B
accurate exact precise	29-14470-B
accursed	29-14681-B,29-14720-B
accusal accusation	29-14821-B
accusation	29-14821-S
accusative accusative case	17-54054-B
accusative case	17-54054-S
accuse criminate impeach incriminate	29-16002-B
accused defendant	18-64470-B
accustom	20-60293-B
accustomed	29-15848-B
accustomed habitual normal	35-61847-S
ace	44-75747-B
ace best first rate super tiptop topnotch topper tops	14-52295-S
ace dab hand professional	29-21366-S
acephalia acephalism acephaly	39-45855-B
acephalic acephalous	25-16850-S
acephalism acephaly	39-45855-S
acephalous	25-16850-S
acephaly	39-45855-S
acerb acerbic acid acrid blistering caustic sulfurous sulphurous virulent vitriolic	14-64514-S
acerbic acid acrid blistering caustic sulfurous sulphurous virulent vitriolic	14-64514-S
acerno	25-58784-B
acerola acerolla wild crapemyrtle	36-32887-S
acerola juice	36-33347-B
acerolla wild crapemyrtle	36-32887-S
acetaldehyde ethanal	17-47197-B
acetate	25-62912-B,25-63339-B
acetate lead diacetate lead sugar plumbous acetate sugar of lead	44-22884-S
acetate sugar of lead	44-22884-S
acetic	29-16218-B
acetic acid	19-77524-S
acetyl 5 methoxytryptamine melatonin	47-3336-S
acetylene alkyne ethyne	31-5374-B
achaemenid empire achaemenid persian empire	24-9802-B
achaemenid persian empire	24-9802-S
achang	16-30368-B
ache	16-22434-S,29-16305-B,29-16351-B,29-16406-B
ache stomach pain stomachache	31-74125-S
acheiropoietic	47-39836-B
acheiropoieton	47-39948-B
acheless unaching	43-80302-S
achievable	29-16461-B
achieve	25-8605-S
achieve attain reach	29-16504-S
achievement	18-44344-S
achievement feat	14-1244-S
achomawi achumawi pit river language	25-16985-B
achoo atchoo atishoo kerchoo	19-73375-B
achromatic	25-40957-B
achumawi pit river language	25-16985-S
acid	1-3208-B,1-27421-S,2-31081-S,4-29724-S,13-48636-S,17-79385-S,19-77524-S,25-78617-S,31-5650-S,35-44314-S,36-16307-S,36-26347-S,36-26475-S,42-20104-S,42-71481-S,44-65356-S,46-76390-S,47-21754-S
acid acrid blistering caustic sulfurous sulphurous virulent vitriolic	14-64514-S
acid back breaker battery acid dose dot pane superman window pane lucy in the sky with diamonds loony toons	40-77160-S
acid cinnamate	46-36744-S
acid diethylamide lsd elvis zen acid back breaker battery acid dose dot pane superman window pane lucy in the sky with diamonds loony toons	40-77160-S
acid dna	2-36126-S
acid dose dot pane superman window pane lucy in the sky with diamonds loony toons	40-77160-S
acid folacin	31-22495-S
acid free	43-38252-B
acid gas	1-79770-S
acid gastric juice stomach acid	36-16307-S
acid ibuprofen isobutylphenyl propionic acid	44-65356-S
acid indigestion pyrosis	43-7956-S
acid muriatic acid spirit of salt	3-32785-S
acid oil of vitriol sulfuric acid vitriol	41-42045-S
acid rain	1-3099-B
acid salpetre acid	31-5650-S
acid spirit of salt	3-32785-S
acid tauric acid	46-76390-S
acid vitamin b3	42-19845-S
acid vitriol	41-42045-S
acidic acid	42-71481-B
acidification	1-2743-B,5-45149-S
acidity	1-2845-B
acidity degree	1-2994-B
acidophilia	47-2213-B
acidophilic	47-2288-B
acidosis	25-22312-B
acinos	12-37543-B
acireale	21-56886-B
acknowledge admit concede	18-44219-B
acknowledge attest confirm	18-9609-B
acknowledge concede	35-11434-S
acknowledgement	26-56249-B
acme culmination	23-30373-B
acne	15-21463-B
acorn	17-38884-B
acoustic	29-17000-B
acoustic filter audio filter	1-3372-B
acoustic insulation	1-3563-B
acoustic level sound pressure level	1-3703-B
acoustic property	1-3953-B
acoustical quality	6-80741-B
acoustically	12-79281-B
acoustics	1-4149-B
acquaint	29-17671-B
acquaint tell advise apprise inform notify	29-17751-B
acquaintance friend	8-6191-B
acquiesce	17-70401-B
acquiescence	22-37263-B
acquiescent	29-18156-S
acquire get obtain procure	13-31526-B
acquire study larn learn	12-56908-B
acquired immune deficiency syndrome acquired immunodeficiency syndrome	1-16882-S
acquired immunity	21-5370-B
acquired immunodeficiency syndrome	1-16882-S
acquired infection nosocomial infection	36-62250-S
acquirement	17-86349-B
acquirement acquisition attainment	8-26944-S
acquisition	17-85923-B
acquisition attainment	8-26944-S
acquisitive	29-18451-B
acquisitive avaricious cash hungry covetous greedy moneygrubbing	34-60563-B
acquit discharge	17-63746-B
acquittal	15-23074-B
acre	13-8852-B
acre field	2-91149-B
acrid	29-18517-B
acrid blistering caustic sulfurous sulphurous virulent vitriolic	14-64514-S
acrimonious	29-18562-B
acrimony	29-18791-B
acrobat tumbler	14-73346-B
acrobatic	29-18890-B
acrobatics	29-18970-B
acrolect	28-22200-B
acronym	17-66211-B,17-66793-S
acrophobia altophobia fear of heights	15-20060-B
acropolis	31-6217-B
across	8-12224-S
across cut through get across get over pass over track traverse	27-25947-S
across find	13-40979-S
across get over pass over track traverse	27-25947-S
across run across run into	13-75505-S
across run into	13-75505-S
acrostic	43-49877-B
acrylic acrylic resin	31-26098-B
acrylic resin	31-26098-S
act	6-34958-S,10-23942-B,21-61779-S,31-19345-B
act deed doing	1-5991-B
act on	24-65826-B
act play represent do	31-19442-B
acting	18-7095-B,29-19306-B
actinide	31-18987-B
actinides	1-4261-B
actinium	1-4753-B
actinometer	42-13201-B
actinometric	42-13711-B,42-13845-B
actinometry	42-13437-B
action	4-89708-S
action committee action group	1-5203-B
action group	1-5203-S
action lawsuit	18-35009-B
action sue	23-55479-S
actionable	29-19431-B
activate	29-19487-B
activated carbon	1-5364-B
activated sludge	1-5576-B
activation energy	30-26207-B
active	11-43482-B
active agent surfactant	5-69651-S
active compound	7-23956-S
active dynamic	11-43634-B
active immunity	21-6036-B
active in	29-2687-B
active participating	11-43560-B
active population	6-53793-B
active volcano	25-35570-B
actively	29-19553-B
activist	18-32606-B
activity	1-34504-S,5-26534-S,6-60331-S,7-7915-S,8-68721-B
activity relationship	5-67250-S
actor	39-73541-B
actor player	13-11433-B
actress	13-11653-B
actual current	41-55131-B
actual existent	18-81978-B
actual factual	41-54909-B
actual genuine literal real	41-55378-B
actuality reality	29-19774-B
actually as a matter of fact even in fact in truth indeed	29-19847-B
acuity	6-80482-S
acuity acumen	29-20526-S
acumen	29-20526-S
acumulate agglomerate aggregate amass collect cumulate garner	35-58744-S
acupuncture	28-23407-B
acute	21-32270-B,24-63409-B,41-68375-B
acute angled	30-62644-B
acute coryza acute viral nasopharyngitis acute viral rhinopharyngitis viral upper respiratory tract infection	41-66402-S
acute disease acute illness	41-68896-B
acute illness	41-68896-S
acute mountain sickness altitude illness altitude sickness	11-44508-S
acute radiation syndrome creeping dose radiation sickness	4-96714-S
acute urgent	18-32793-B
acute viral nasopharyngitis acute viral rhinopharyngitis viral upper respiratory tract infection	41-66402-S
acute viral rhinopharyngitis viral upper respiratory tract infection	41-66402-S
acuteness acuity acumen	29-20526-B
ad anno domini ce common era	31-71599-S
ad hd add adhd attention deficit hyperactivity disorder	31-32267-S
ad nauseam	30-27559-B
ad supported	39-54288-B
adabtability	26-9235-B
adage	29-20633-B
adagio	15-13220-B
adam	30-13505-S
adam s apple laryngeal prominence	14-15166-B
adamorobe sign language	25-17551-B
adapt	24-11515-B
adapt adjust arrange conform suit	17-88328-S
adaptability flexibility	40-77590-B
adaptable species	1-6284-B
adaptation	2-46405-S,17-87986-B,39-69532-S
adaptedness	26-9614-B
adapter graphics accelerator card graphics card video card	20-69035-S
add add together	22-59957-B
add adhd attention deficit hyperactivity disorder	31-32267-S
add append supply	10-20562-B
add bestow bring contribute impart lend	10-21383-B
add fuel to the fire add fuel to the flames fan the flames throw oil on the fire	41-23748-B
add fuel to the flames fan the flames throw oil on the fire	41-23748-S
add join unite associate combine	10-21033-B
add to	24-64556-B
add together	22-59957-S
add up to amount to come to	43-65153-B
added	20-5739-S
addendum	22-15674-B
adder common viper crossed viper viper	15-21172-S
addict	29-20681-B,32-20771-S
addict drugs addict junkie	14-50174-S
addict junkie	14-50174-S
addicted	24-44410-S
addicting addictive habit forming	44-6748-B
addiction	18-38505-B
addiction dependence	36-42996-B
addiction dependency habit	38-18193-B
addiction pathological gambling problem gambling	44-77104-S
addictive habit forming	44-6748-S
addis ababa addis abeba	17-31167-B
addis abeba	17-31167-S
addition	1-6384-S,12-56208-B
addition polymer	1-6760-B
addition sign plus sign	29-20961-B
addition to together with	9-19844-S
additional extra further	18-5435-B
additional packaging	1-6590-B
additive	1-7013-B,2-102579-S,3-1901-S
additivity	41-1753-B
address	13-3852-B,46-66083-S
address email address	46-66083-S
addressee	29-21010-B
adduce	20-20087-B
adduct cage compound clathrate clathrate compound host guest complex inclusion compound	43-16508-B
adelaide	31-6303-B
adele	25-17325-B
adelie penguin adélie penguin	46-23056-B
adenectomy	44-43526-B
adenitis	41-77548-B
adenocarcinoma	47-1148-B
adenoidectomy	44-43672-B
adenosine	43-0-B
adenous	43-53720-S
adept	29-21445-B
adept ace dab hand professional	29-21366-B
adequacy	29-21494-B
adequate	18-20946-B
adequately satisfactorily sufficiently	18-44106-B
adhd attention deficit hyperactivity disorder	31-32267-S
adhere	20-47343-B,26-53662-B
adherent disciple follower	29-21648-B
adhesion	17-50980-B
adhesive bandage	28-42112-B
adhesive glue	1-7393-B
adhesive tape scotch tape sticky tape tape	45-33394-B
adieu bye cheerio farewell good bye good day goodbye	7-68095-B
adipocere corpse wax grave wax mortuary wax	45-7047-B
adipocyte	33-43220-B
adipose tissue	21-29611-S
adjacent	29-21931-B
adjara	25-10049-B
adjectival	42-78294-B
adjectival noun na adjective na type adjective	19-55431-B
adjectivally	42-78511-B
adjective	8-59501-B,19-55185-S,19-55431-S,19-68420-S
adjective i type adjective	19-55185-S
adjective na type adjective	19-55431-S
adjective possessive article possessive determiner	17-8194-S
adjourn postpone break up recess	22-34594-B
adjournment	29-21987-B
adjudge	29-22096-B
adjudicate	29-22720-B
adjudicate resolve settle	27-19197-S
adjunct	24-65575-B
adjunct assistant	18-26214-B
adjust align aline line up	29-67726-B
adjust arrange conform suit	17-88328-S
adjust correct set	17-88649-B
adjustable	29-23463-B
adjustable angle head wrench adjustable spanner adjustable wrench fit all shifter shifting adjustable shifting spanner	46-38289-S
adjustable pliers groove joint pliers water pump pliers	46-38520-S
adjustable shifting spanner	46-38289-S
adjustable spanner adjustable wrench fit all shifter shifting adjustable shifting spanner	46-38289-S
adjustable wrench fit all shifter shifting adjustable shifting spanner	46-38289-S
adjustment	15-51450-B
adjuvant	47-13067-B
administer	29-23518-B
administer dispense	30-64425-B
administered by	29-15447-S
administered justice vigilante justice	37-45301-S
administration	20-59058-S
administration direction management	1-8014-B
administrative	26-46849-B
administrative authority administrative competence administrative power	21-39906-B
administrative board administrative council	18-61694-B
administrative body administrative organ	1-8320-B
administrative body board board of directors board of governors board of managers board of trustees executive board	19-18283-B
administrative competence administrative power	21-39906-S
administrative council	18-61694-S
administrative court	6-72526-B
administrative deed	6-57174-B
administrative fiat	1-8540-B
administrative jurisdiction	1-8772-B
administrative law	1-8985-B
administrative organ	1-8320-S
administrative power	21-39906-S
administrative sanction	46-45885-B
administrator	29-23571-B,40-16096-B,40-16558-S
administrator executive	40-16352-B
admirable	22-16782-B
admiral	17-46915-B,31-11323-S,42-47268-S
admiral rear admiral	42-47268-S
admiral rear admiral rear admiral	42-47268-S
admiralty	41-1837-B
admiralty law maritime law	41-1907-B
admiration	24-65951-B
admire	24-65860-B
admissible	23-5479-B
admission	18-21028-B
admission charge admission fee admission price entrance fee entrance money	38-14314-B
admission fee admission price entrance fee entrance money	38-14314-S
admission price entrance fee entrance money	38-14314-S
admit acknowledge concede	35-11434-B
admit concede	18-44219-S
admittance	29-23764-B
admittedly	29-24799-B
admonish	29-24851-B
admonisher monitor reminder	31-33822-B
admonishment	27-18619-B
admonition	29-24903-B
admonitory cautionary exemplary monitory warning	41-7920-B
adnominal prenominal adjective	19-68420-B
adobe	15-78645-B
adobe adobe brick	15-78403-B
adobe brick	15-78403-S
adolescence teenhood	13-69985-B
adolescent teen teenager	28-10989-B,40-12782-B,40-13161-B
adopt adoption	18-239-B
adopt borrow take over take up	10-84823-B
adoption	15-36156-B,18-239-S,20-20926-B
adoptive parents	44-3650-B
adorable	29-25949-B
adore	29-26025-B
adorn embellish decorate emblazon garnish grace ornament	27-20914-B
adornment decoration	29-26069-B
adposition	15-65979-B
adrenal gland suprarenal gland	27-45238-B
adrenalectomy	44-43816-B
adrenaline epinephrine	29-26152-B
adrenalitis adrenitis	41-54267-B
adrenitis	41-54267-S
adriatic sea	19-53454-B
adrift	29-26322-B
adroit dexterous	29-26372-B
adroitness deftness dexterity	29-26694-B
adsl asymmetric digital subscriber line asymmetric digital subscriber loop	20-60915-B
adsl modem	19-55696-B
adsorb	41-85578-B
adsorption	1-9206-B
adstringent	28-33583-S
adulate flatter blandish blarney	29-26784-B
adulation	22-16308-B
adulation blandishment cajolery flattery sweet talk	40-47817-B
adult	1-9437-B
adult education	1-9621-B
adult senior citizen	13-45156-S
adulter	44-78549-B
adulterate	22-63411-B
adulterer	29-26879-B
adulteress	44-78673-B
adulterine	29-26979-S
adulterous adulterine	29-26979-B
adultery	26-58182-S
adultery philandery advowtry	15-78663-B
adulthood	29-27083-B
advance	22-17797-B,24-66229-S
advance guard van vanguard	40-29875-B
advanced	29-27193-B
advancement	29-27263-B
advantage	18-31956-B
advantage behoof profit	27-26511-S
advantaged	29-30393-B
advantageous	29-30467-B
advantageous beneficial profitable	21-44829-S
advent	29-30535-B
advent calendar	16-36121-B
adventure	29-32277-B
adventure if	11-66711-S
adventurer	29-32351-B
adventuresome	29-32671-S
adventurous adventuresome	29-32671-B
adverb	7-72935-B,17-59679-S,17-60259-S,17-60537-S,17-60781-S,17-61206-S,17-61735-S,17-65458-S,17-65622-S
adverb of direction	17-60020-B
adverb of place	17-59811-B
adversarial	29-33071-B
adversary antagonist enemy foe opposer predator	17-17620-B
adverse unfavourable	18-67726-B
adversity tribulation	28-35895-B
advert	11-68181-S
advert give ear hang pay heed	30-68257-S
advertise	29-33166-B
advertise a vacancy	22-14642-B
advertisement advertising	1-9911-S
advertisement commercial	18-69624-S
advertiser	29-33251-B
advertising	1-9911-S,1-10137-S,31-44644-B
advice	1-10371-B
advise	30-70031-B
advise against dismay	13-11861-S
advise apprise inform notify	29-17751-S
advisedly	29-33977-B
advisedly by choice by design deliberately designedly on purpose purposely willentlich	38-60892-S
adviser	29-34070-B
advisor	44-54819-S
advisor dissertation advisor	44-54819-S
advocacy	29-34507-B
advocate	16-48213-S
advocate preach	18-6067-B
advocate proponent advocator exponent	18-20149-B
advocator exponent	18-20149-S
advowtry	15-78663-S
adygea	17-32889-B
adyghe northwest caucasian pontic	23-38475-S
adze	47-48211-B
adélie penguin	46-23056-S
aegean sea	28-65026-B
aegis breastplate egis	42-11215-B
aegis protection auspices	42-11058-B
aeolian islands lipari islands	31-64875-B
aeolic	23-35186-B
aerate air air out	14-38489-S
aeration	1-10504-B,6-91295-S
aerial	29-34623-B,31-30090-B
aerial indoor antenna internal aerial internal antenna	42-9689-S
aerial internal antenna	42-9689-S
aerial perspective	24-64521-B
aerial photograph	1-10571-B
aerial photography	7-21906-B
aerial tram aerial tramway cable car cable car cablecar ropeway	46-41686-B
