allegorical	29-71254-B
allegretto	40-77673-B
allele	22-53843-B
allen key	46-38905-S
allen wrench hex key allen key	46-38905-B
allergen	1-24201-B
allergic	30-344-B
allergology	44-76043-B
allergy	1-24490-B,34-1989-S,34-2274-S,34-2848-S
alleviate ease facilitate make easier make easy	38-24873-B
alleviate relieve assuage palliate	30-422-B
alleviation	30-795-B
alley	18-20287-B
alley cat	30-977-B
alliance	9-69993-B
alliance axis countries axis nations axis powers	32-2881-S
allied	30-3507-B
allier	24-45525-B
alligator	25-2774-B
alligator pear avocado pear butter pear	15-13334-S
alliteration	40-31435-B
allocate	18-23487-B
allocation	6-53948-S
allocation allotment resource allotment	1-24821-B
allopathy	34-62960-B
allotment	1-24821-S,3-63404-B
allotment resource allotment	1-24821-S
allotrope	30-53195-B
allotrope of	30-53033-S
allotropy	30-52705-B
allow let permit	18-7181-B
allowance	7-19151-B
allowance lead	22-19714-S
alloy	1-25008-B
allude	20-28051-B
allure entice tempt	38-13032-S
allurement enticement	38-13386-B
alluring	30-3995-B
alluring attracting enticing	38-13463-B
allusion	30-4606-B
alluvion inundation flood overflowing	1-25243-B
ally	18-25578-B
ally friend	8-6087-B
almanac	30-4679-B
almería	31-29413-B,31-29555-B
almighty omnipotent all powerful	13-48829-B
almond	14-68797-B
almond shaped amygdaloid	30-51072-B
almond tree	18-12487-B
almoner chaplain	14-54033-B
almost	14-6336-B
almost virtually	11-58940-S
alms	14-51548-B
aloe	31-7173-B
alone	9-79827-B
alone singular	9-80017-S
along	13-26166-B,41-18747-S,42-31112-S,43-73981-S
along proceed	10-41345-S
along step on it	47-46847-S
along with and as well as in addition to together with	9-19844-B
alongside amongst with	8-14437-B
aloof	30-7895-B,30-7967-B
alopecia hair loss	43-75561-B
aloud read out loud	47-13467-S
alpaca	25-42052-B
alpenhorn alpine horn	16-56460-S
alpes	24-45935-S,25-3490-S
alpes de haute provence	24-45695-B
alpes maritimes	24-46131-B
alpha and omega	15-29148-B,15-29316-B
alpha male	28-30794-B
alpha process	45-10236-S
alpha process triple alpha process	45-10236-S
alpha radiation	1-25435-B
alphabet	11-65451-B,12-65122-S,13-40011-S,17-44971-S,17-62360-S,22-6031-S,24-17979-S,24-19161-S,24-23964-S,25-51568-S,37-47324-S,38-1240-S
alphabet cyrillic script	24-18463-S
alphabet ethiopic script ge ez	25-51701-S
alphabet roman roman alphabet	24-17979-S
alphabet soup	12-47447-B,12-47621-B
alphabet vinča script vinča turdaş script	29-4279-S
alphabetic alphabetical abecedarian abecedary	22-2342-B
alphabetical abecedarian abecedary	22-2342-S
alphabetisation alphabetization	45-3049-B
alphabetization	45-3049-S
alphasyllabary	25-51858-S
alphorn alpenhorn alpine horn	16-56460-B
alpine horn	16-56460-S
alpine strawberry european strawberry wild strawberry	34-26248-S
alps	25-4308-B,37-475-S,37-657-S,37-828-S,37-1007-S,37-1196-S
already	9-80229-B,9-80514-B
already at last at long last finally	9-80582-B
alsace	25-0-B
alsatian	30-8128-B
also	19-67878-B
also as well too	7-92005-S
altai altai republic	17-32970-B
altai krai	17-36881-B
altai republic	17-32970-S
altaic tiger amur tiger korean tiger manchurian tiger north china tiger siberian tiger ussuri tiger	22-27672-B
altar	14-68196-B
alter modify	7-63251-S
alterable	30-8306-B
alteration	1-98452-S,7-26251-S,21-22948-B,23-62270-B
alteration modification	7-63382-S,18-34615-B
alternate	18-67163-B
alternate intermittent	31-32709-B
alternating current	26-6661-B
alternating group	27-45987-B
alternation	47-39049-S
alternative	18-32525-B
alternative technology	1-25857-B
alternator	42-71635-B
although	47-3470-S
although despite notwithstanding	36-57722-B
although though in spite of	13-59005-B
altimeter	30-8595-B
altitude	6-40248-B,19-29176-B,19-29322-B
altitude illness altitude sickness	11-44508-S
altitude sickness	11-44508-S
alto	7-63796-B
altophobia fear of heights	15-20060-S
altruism	15-7986-B
altruistic selfless unselfish	15-8142-B
alumina aluminium oxide aluminium trioxide	1-26000-B
aluminium oxide aluminium trioxide	1-26000-S
aluminium trioxide	1-26000-S
alveolar lateral approximant	40-80488-S
alveolitis	41-77706-B
alveolitis odontobothritis	41-77854-B
alveolus	1-26285-S
always constantly	9-72254-B
always constantly continually perpetually	9-72054-B
alzheimer s disease alzheimers	30-10036-B
alzheimers	30-10036-S
am	10-48247-B
am staffelsee	39-1910-S
amagasaki	33-29989-B
amalfi	20-43661-B
amalfi coast	16-14125-B
amalgam	1-26438-B
amalgamate blend coalesce combine commingle conflate flux fuse immix meld	34-58922-S
amalgamation conflation fusing	35-17043-B
amanita fly agaric	44-47262-S
amarillic typhus black vomit yellow fever yellow jack	44-29184-B
amarula	37-36122-B
amass assemble congregate gather meet foregather forgather	10-91851-S
amass collect compile hoard pile up roll up	24-63138-S
amass collect cumulate garner	35-58744-S
amaterasu	44-53132-B
amateur	12-14214-B
amateurish	30-10795-B
amateurism dilettanteism dilettantism	40-72222-B
amazake	45-40745-B
amaze bewilder marvel wonder	30-11239-B
amazed	30-11339-B
amazement	30-11393-B
amazement bafflement bewildement daze perplexity	36-3321-B
amazing	30-11469-B
amazing astonishing awesome fab fabulous fantastic marvelous wonderful wondrous	12-44610-B
amazon amazon river	26-30547-B
amazon river	26-30547-S
amazonian	34-578-B
ambassador	18-14053-B
amber	30-11791-B,47-32571-S
amber grey amber	47-32571-S
amber rum gold rum	44-59837-B
ambergris gray amber grey amber	47-32571-B
ambiance ambience	30-12011-B
ambiance entourage environment environs locality	2-73817-B
ambience	30-12011-S
ambiguity	9-66163-B
ambiguity equivacation	38-19373-B
ambiguous	17-84313-B
ambiguous unclear	46-56985-S
ambit	30-12129-B
ambition	29-28061-B
ambitious	18-23593-B
ambitransitive	37-3437-B
ambitransitive verb	37-3690-B
amble	30-12226-B
ambrette seeds annual hibiscus bamia moschata galu gasturi musk mallow musk okra musk seeds muskdana ornamental okra rose mallow seeds tropical jewel hibiscus yorka okra	47-23568-S
ambulance	14-72316-B
ame american english u s english united states english	15-54460-B
ameliorate better improve amend meliorate	12-19247-B
ameliorate better improve meliorate	14-52738-B
ameliorate enhance improve	16-19895-B
amen	30-12461-B
amenable	30-12702-B
amend meliorate	12-19247-S
amend remediate remedy	25-22525-S
amendment	3-67369-S,18-67566-B
amenity	30-12788-B
amenorrhœa	32-28427-B
ament	47-4866-S
america	1-26502-S,1-85651-S,4-24697-S,5-53429-S,31-7371-S,36-63651-S
america states u s u s of a u s a united states united states of america usa	9-34267-B
america usa	9-34267-S
american	15-76969-B,16-66087-B,17-60408-B,20-17488-B,38-23894-S,40-30702-S,41-11936-S
american bison american buffalo north american bison bison buffalo	16-45761-B
american bison bison buffalo	16-45761-S
american black nigger	15-24814-S
american buffalo north american bison bison buffalo	16-45761-S
american civil war civil war war between the states	31-8202-B
american dollar us dollar	13-43583-S
american eagle bald eagle bald erne	45-16503-B
american english u s english united states english	15-54460-S
american lion florida panther indian devil mexican lion brown tiger catamount cougar deer tiger ghost cat king cat mountain lion mountain screamer painted cat painter panther puma red lion red panther red tiger silver lion sneak cat	11-65609-B
american raccoon common raccoon coon northern raccoon	14-43926-S
american river turtle mesoamerican river turtle	45-33227-S
american samoa	23-55849-B
american sign language asl	22-13811-B
americas america	1-26502-B
americium	12-44962-B
ames test	1-27058-B
amethyst	25-18040-B
amharic	9-50191-B
ami	12-1611-S
amiability	30-12880-B
amiable	30-12956-B
amiable likeable	19-66466-B
amicable	22-17911-B
amicable friendly nice	9-38849-B
amicalibility	30-13078-B
amide	17-80611-B
amine	1-27233-B
amine n methyl 1 phenylpropan 2 amine n methylamphetamine crystal crystal meth desoxyephedrine ice metamfetamine meth methylamphetamine tik tina tweak	46-76067-S
amine n methylamphetamine crystal crystal meth desoxyephedrine ice metamfetamine meth methylamphetamine tik tina tweak	46-76067-S
amino 1 phenyl 1 propanone benzoylethanamine cathinone	46-44797-S
amino acid	1-27421-B
aminoethanesulfonic acid tauric acid	46-76390-S
amman	17-31274-B
ammeter	13-23852-B
ammonia	1-28120-B
ammonia salt of hartshorn	35-29831-S
ammonification	1-28362-B
ammonium	1-28472-B
ammonium carbonate baker s ammonia salt of hartshorn	35-29831-B
ammunition	18-28269-B
amnesia	30-13674-B
amnesiac amnesic	35-56424-B
amnesic	35-56424-S
amnesty	12-9945-B
amniocentesis aft amniotic fluid test	30-13899-B
amniotic fluid	33-56821-B
amniotic fluid test	30-13899-S
among between	14-48109-B
among other things	42-32605-B
amongst other things especially in particular	47-27909-S
amongst with	8-14437-S
amoral	30-14144-B
amorousness	23-30234-B
amorphous	30-14220-B
amount	18-16239-B,18-83613-B,22-19602-B,23-29642-S
amount of substance	29-47348-B
amount quantity	10-86626-B
amount sum	10-83629-B
amount to come to	43-65153-S
amp	13-22801-S
ampere amp	13-22801-B
ampersand	30-14295-B
amphetamine	30-14514-B
amphibian	1-28686-B
amphibious	30-14671-B
amphitheatre	30-14775-B,45-5922-S
amphora	32-28818-B
ample rich abundant copious plenteous plentiful	30-15067-B
amplification by stimulated emission of radiation	3-67006-S
amplifier	18-16302-B
amplify	17-85416-B
amplitude	17-64565-B
ampoule ampul ampule phial	29-810-B
ampul ampule phial	29-810-S
ampule phial	29-810-S
amputate	24-6633-B
amputation	13-31674-B,46-11585-S
ams acute mountain sickness altitude illness altitude sickness	11-44508-B
amsl above mean sea level	47-17693-B
amstel	28-54620-B
amsterdam	10-15135-B
amsterdamer	28-55104-S
amsterdammer amsterdamer	28-55104-B
amulet talisman	18-15544-B
amur tiger korean tiger manchurian tiger north china tiger siberian tiger ussuri tiger	22-27672-S
amuse	30-15295-B
amusement fun	9-2161-B
amusement hilarity	22-18690-B
amusement park	1-28934-B
amusia	44-32906-B
amusing	30-15384-B
amusing diverting entertaining	38-10321-B
amusing funny humorous	9-44477-B
amygdala	30-51195-B
amygdaloid	30-51072-S
an	7-71223-S,7-75751-S
an account of	19-6529-S
an account report	19-49348-S
an alcoran koran quran	30-2208-S
an allotrope of	30-53033-S
an appointment to set up	43-66806-S
an emergency solution	24-23567-S
an ingredient of	36-34007-S
an understatement	40-28944-S
anabolism	21-11621-B
anachronism	14-74404-B
anaconda	15-56449-B
anadromous	27-31722-B
anaemia	21-8651-S
anaemia sickle cell anemia	38-34135-S
anaemia sickle cell anemia sickle cell anaemia sickle cell anemia	38-34135-S
anaemic	36-28033-B
anaesthesia general anesthesia	44-38095-S
anaesthesiologist anesthesiologist anesthesist	15-63262-S
anaesthesiology anesthesiology anæsthesiology	38-62207-B
anaesthesist anaesthesiologist anesthesiologist anesthesist	15-63262-B
anaesthetic	30-15447-B
anaesthetise anesthetise anesthetize	30-16309-S
anaesthetize anaesthetise anesthetise anesthetize	30-16309-B
anagram	18-28506-B
anal	38-24483-B
anal cleft butt crack butt crack buttcrack crack natal cleft	35-36186-S
anal intercourse anal sex	15-29383-B
anal sex	15-29383-S
analemma	31-26281-B
analgesic analgetic anodyne	25-25502-B
analgesic painkiller	28-14678-B
analgetic anodyne	25-25502-S
analogous	23-24349-B
analogue cheese artificial cheese	37-55806-B
analogy	23-24435-B
analysis	1-88419-S,2-9271-S,2-16336-S,2-47602-S,3-93251-S,3-98251-S,4-21403-S,5-9474-S,5-9939-S,5-28363-S,5-63002-S,5-72719-S,6-59636-S,29-70194-B,31-14328-S
analyst	18-13620-B
analytical chemistry	1-29051-B
analytical method	1-29228-B
anamnesis	25-52259-B,25-52403-B,25-52504-B
anamnesis medical history medical record	25-52040-B
anaphylactic shock	21-8264-S
anaphylaxis anaphylactic shock	21-8264-B
anaplasty plastic surgery	44-16412-B
anarchism	9-59391-B
anarchist	17-3431-B
anarchy	23-24536-B
anathema	13-72237-B,20-30332-B
anatids	1-29359-B
anatolia asia minor	47-9193-B
anatomical	30-17576-B
anatomist	16-1046-B
anatomy	1-29560-B
ancestor forefather progenitor	9-67248-B
ancestry	30-17646-B
anchor	30-17992-B
anchorage	30-18138-B
anchorite	14-73199-B
anchovy	23-58158-B
ancient	18-9314-B
ancient aramaic old aramaic	37-51744-B
ancient egyptian	23-37381-B
ancient greek old greek	23-34918-B
ancient greek spoken	23-35093-B
ancient greek written	23-35021-B
ancient macedonian	39-32365-B
ancient roman culture	26-59287-B
and	9-20058-B,9-20189-B
and a half	26-44100-S
and a happy new year	17-1480-S
and antarctic lands	23-61110-S
and antarctic lands territory of the french southern and antarctic lands	23-61110-S
and as well as in addition to together with	9-19844-S
and barbuda	7-96188-S
and bear it put a good face on the matter put a good face on things put on a brave face put up a brave front take up arms against a sea of sorrows	44-27409-S
and burn culture	6-63547-S
and by by degrees gradually little by little step by step	41-18803-S
and caicos islands	24-37406-S
and cats	11-61587-S
and cheese macaroni cheese	38-431-S
and child madonna with child	37-14610-S
and coming	18-82863-S
and computer engineering	31-68563-S
and crossbones	24-29237-S
and demand	6-55446-S
and dixon s line mason dixon line	37-11429-S
and dogs rain dogs and cats	11-61587-S
and dragons	19-24820-S
and earth pull out all the stops	45-3377-S
and eggs fry up	43-12063-S
and entering	30-16865-S
and equipment	46-66841-S
and for all once for all	32-44163-S
and futuna	24-37140-S
and futuna islands wallis and futuna	24-37140-S
and groove pliers channellocks multi grips adjustable pliers groove joint pliers water pump pliers	46-38520-S
and herzegovina	14-46298-S
and herzegovina republic of bosnia and herzegovina	14-46298-S
and industry	6-36210-S
and kin	46-54310-S
and kvemo svaneti	25-11962-S
and large generally more often than not mostly	31-40333-S
and let die no good deed goes unpunished	39-41553-S
and let live	39-42238-S
and limb	47-43144-S
and louie	10-61372-S
and miquelon	24-62952-S
and montenegro	14-46571-S
and more	21-46472-B
and mouth disease	27-17570-S
and mouth disease hoof and mouth disease	27-17570-S
and needles keep on tenderhooks keep on tenterhooks	42-55460-S
and nevis	12-30097-S
and nevis st kitts and nevis	12-30097-S
and no	41-74793-S
and northern ireland	11-76645-S
and oeno islands	24-36194-S
and of the temple of solomon templars	43-61900-S
and omega	15-29148-S,15-29316-S
and one	10-12497-S
and one one hundred and one	10-12497-S
and outside	39-62929-S
and paper roleplaying game role playing game tabletop role playing game	19-29562-S
and proper	24-11544-S
and property register	3-63528-S
and príncipe	12-29965-S
and rehabilitation	33-36230-S
and relatives kith and kin	46-54310-S
and services	6-54359-S
and so forth and so on et cetera etc etcetera c c et caetera et cætera etc	31-49844-B
and so on et cetera etc etcetera c c et caetera et cætera etc	31-49844-S
and the grenadines	12-37243-S
and then	32-45301-S
and tobago	12-29803-S
and twenty twenty three	10-16996-S
andalusia	20-13842-B
andes	12-37607-B
andorra	7-96357-S
andorra la vella	14-58948-B
andorra principality of andorra	7-96357-B
andorran	33-42064-B,43-55080-B,43-55224-B
andragogy	22-42818-B
android droid	22-20417-B
andrologist	15-49335-B
andrology	33-35979-B
andromeda	26-14796-B,26-14936-B
andromeda galaxy	12-19349-B
ane	42-28419-B,42-28487-B
anecdotal anecdotic anecdotical	39-6106-B
anecdote	11-40635-B
anecdotic anecdotical	39-6106-S
anecdotical	39-6106-S
anemia	38-34135-S
anemia anaemia	21-8651-B
anemia sickle cell anaemia sickle cell anemia	38-34135-S
anemoclinometer	26-51391-B
anemometer	16-73407-B
anemone	30-18226-B
anencephaly	41-30112-B
anesthesia	44-38095-S
anesthesiologist anesthesist	15-63262-S
anesthesiology anæsthesiology	38-62207-S
anesthesist	15-63262-S
anesthetise anesthetize	30-16309-S
anesthetize	30-16309-S
aneurism	39-8642-S
aneurysm aneurism	39-8642-B
anew	30-18296-B
angel	15-78953-B,15-79053-B
angel of death	37-72611-B
angeles	14-5899-S
angelic	30-18366-B
angelic choir	7-63012-S
angels los angeles	14-5899-S
anger ira ire wrath	40-63789-B
anger wrath	12-27275-B
angevin	39-24905-B
angiogenesis	46-56701-B
angioplasty	31-38480-B
angiosperm flowering plant magnoliophyta	1-29762-B
anglais	26-53310-S
angle	15-72051-B
angle blind area blind spot	44-71611-S
angle corner	46-43000-B
angle head wrench adjustable spanner adjustable wrench fit all shifter shifting adjustable shifting spanner	46-38289-S
angled	30-62644-S
angled cross crooked cross cross gammadion gammadion hook cross swastika tetragammadion tetraskelion	46-29832-B
angler	30-18659-B
anglesey	45-7421-B
anglican	30-18993-B,33-33207-B
anglicism	17-42465-S
anglicism anglicism	17-42465-B
angling line fishing fishing	1-30210-B
anglo norman	23-47192-B
anglo saxon old english	9-63862-B
anglophile	30-19531-B
angola	8-1507-S
angola republic of angola	8-1507-B
angoulême	32-37936-B
angouma gaboon okoumé	38-56864-B
angrily	38-60728-B
angry mad	10-88860-B
angstrom angström ångström	23-25280-B
angström ångström	23-25280-S
anguilla	23-57542-B
anhalt	17-20052-S
