entwicklung	2-22597-S,4-79172-S,5-41243-S,5-71467-S,19-15066-S
entwicklung performance	19-23233-B
entwicklungsgebiet	2-27329-B
entwicklungshilfe	2-26987-B
entwicklungsland	2-26776-B
entwicklungsplan	2-27784-B
entwicklungsplanung	2-27492-B
entwicklungsstand	5-63296-B
entwurmen	44-24806-B
entwurmung	44-24950-B
entwurzeln	44-9620-B
entziehen	27-11699-S
entzuecken	38-7435-B
entzueckend gefaellig lieblich nett	12-72283-S
entzueckung	37-73854-B
entzuendbar entflammbar	22-42572-S
entzuendlich	42-46516-S
entzuendung	31-39057-B,33-5873-S
entzuendungshemmend antiinflammatorisch	25-26056-S
entzuendungshemmeron	38-51392-B
entzug	36-45040-B
entzugserscheinung	15-46099-B
enzephalitis	44-29346-S
enzephalitis gehirnentzuendung	29-1291-B
enzephalopathie rinderwahn	25-33010-S
enzuecken	38-5692-B
enzyklopaedisch	38-6017-B
enzym	2-74048-B,23-23500-S
eonismus transvestitismus	43-31939-B
eosin	39-23202-B
ephemer eintags eintaegig ephemerisch	29-13433-B
ephemer fluechtig kurzlebig vergaenglich voruebergehend ephemerisch	29-13592-B
ephemeride	28-28916-B
ephemerisch	29-13433-S,29-13592-S
epicondylitis	41-59464-B
epidemie	2-74265-B
epidemiologe epidemiologin	30-7217-B
epidemiologie	2-74429-B
epidemiologin	30-7217-S
epidemiologisch	45-25117-B
epidemisch	38-15450-B
epididymitis	41-51676-B
epigastrium	39-24621-B
epigramm	22-34533-B
epigraphik	39-24690-B
epikanthus medialis mongolenfalte	39-23548-B
epikureismus	38-42145-B,39-24111-B
epilation	37-60451-B
epilepsie fallsucht krampfleiden	22-40975-B
epilepsie west syndrom maligne saeuglingsepilepsie	45-46780-S
epileptiker	38-15884-B
epileptisch fallsuechtig	38-16005-B
epilieren	36-43136-S
epilierer epiliergeraet	37-60283-B
epiliergeraet	37-60283-S
epilog nachwort	22-42089-B
epiphania epiphanie	36-30881-B
epiphanias epiphanie epiphanienfest erscheinung des herrn grossneujahr hochneujahr hohneujahr theophanie	22-41246-S
epiphanie	36-30881-S
epiphanie epiphanienfest erscheinung des herrn grossneujahr hochneujahr hohneujahr theophanie	22-41246-S
epiphanienfest erscheinung des herrn grossneujahr hochneujahr hohneujahr theophanie	22-41246-S
epipharynx nasenrachen nasenrachenraum nasopharynx	43-56213-B
epiphyse	44-3051-B
epiphyt	47-19073-S
epiphytisch	47-19317-B
episiotomie	29-8473-S
episkopat	38-16205-B
episode folge	22-56992-B
episodenhaft	38-16277-B
epistaxis nasenbluten	21-45744-B
epistel	22-57062-B
epizykloide	39-24224-B
epoche zeitalter aera	13-72768-B
eponym	40-35725-B
eponym namensgeber	17-14837-B
epos	38-15412-B
epotoponym	22-5485-B
er	7-47638-B,16-9855-B,26-55298-B
erbaermlich	23-29445-B
erbaermlich mies scheiss 	41-37338-S
erbarmen mitgefuehl mitleid	21-54717-B
erbauen	26-55209-B
erbauung	41-55639-S
erbe	26-55434-B,34-5583-B
erbe erbschaft	23-22190-B
erben	26-55670-B
erbeuten	40-63693-B
erbgut	17-42069-S
erbgutveraendernd mutagen	38-7494-B
erbin	43-14276-B
erbittert heftig scharf virulent	14-64514-S
erbitterung	29-18791-S
erbium	12-65291-B
erblich	46-58679-B,47-14789-B
erblich vererblich	38-47822-B
erblicken sehen	32-14145-B
erblinden	36-18356-B
erbluehen	21-42953-S,46-14603-S
erbosen in wut bringen wuetend machen zur weissglut bringen	42-29315-B
erbost fuchsig fuchtig grimmig sauer ungehalten veraergert wuetend aergerlich	10-88860-S
erbrechen	44-29184-S
erbrechen bis zum gehtnichtmehr bis zum ueberdruss	30-27559-S
erbrechen kotzen brechen devomieren goebeln reihern rueckwaerts essen sich erbrechen sich uebergeben vomieren	7-73574-B
erbrechen sich uebergeben vomieren	7-73574-S
erbrochenes kotze	7-76040-B
erbschaft	23-22190-S
erbse	28-46381-B
erbtochtermann	46-54792-B
erdachse	17-87964-B
erdaehnlich	36-43253-B
erdalkalimetall	2-56264-B
erdaltertum palaeozoikum	34-3810-B
erdapfel grundbirne kartoffel krumenbeere speisekartoffel tartuffel haerdoepfel	13-8283-B
erdarbeiten erdbewegung grabung grabungsarbeiten	2-83496-S
erdarbeiter	27-19478-B
erdatmosphaere	1-44046-S,17-88233-B
erdbeben	2-43437-B
erdbebensicher	41-71140-B
erdbebenwelle seismische welle	32-320-B
erdbeer fingerkraut falsche erdbeere indische erdbeere indische scheinerdbeere scheinerdbeere	34-25875-B
erdbeere	13-10914-B,34-28535-S,34-28715-S
erdbeere gartenerdbeere kulturerdbeere	34-28173-S
erdbeere indische erdbeere indische scheinerdbeere scheinerdbeere	34-25875-S
erdbeere indische scheinerdbeere scheinerdbeere	34-25875-S
erdbeerfeld erdbeerplantage	36-49210-B
erdbeerpflanze erdbeerstrauch	34-29034-B
erdbeerplantage	36-49210-S
erdbeerstrauch	34-29034-S
erdbewegung grabung grabungsarbeiten	2-83496-S
erdbewohner erdling	16-58649-B
erde	7-52937-S,13-14092-S
erde erdkugel welt weltkugel blauer planet	10-67746-B
erde erdung	10-68149-S
erde mutter natur	42-58200-S,46-20276-S
erde sonne beziehung	2-43874-B
erdenjahr erdjahr jahr	7-52096-B
erderwaermung globale erwaermung	3-14420-B
erdferkel	36-10981-B
erdferne	25-32105-S
erdgas	4-14300-B
erdgasfoerderung	4-14570-B
erdglobus erdkugel globus weltkugel	40-88373-B
erdjahr jahr	7-52096-S
erdkruste	2-43236-B
erdkugel globus weltkugel	40-88373-S
erdkugel welt weltkugel blauer planet	10-67746-S
erdkunde geografie geographie	3-11513-B
erdling	16-58649-S
erdmantel mantel	25-37205-B
erdmetall	2-56484-B
erdmond frau luna luna	7-92978-S
erdnaehe perigaeum	25-32416-B
erdneuzeit kaenozoikum	34-3560-B
erdnuss	13-10068-B
erdnuss kamerunnuss	45-54785-S
erdnussallergie	34-1989-B
erdnussbutter erdnussmus	13-10630-B
erdnussmus	13-10630-S
erdnussoel	34-2550-B
erdoel schwarzes gold	4-53377-B
erdoelbohrung	4-34857-S
erdoelgeologie	4-54746-B
erdoelindustrie	4-55106-B
erdoelraffination	4-36131-B
erdoelverbrauch	4-54191-B
erdoelverschmutzung oelverschmutzung	4-35696-B
erdolchen	43-50441-B
erdrutsch	3-66718-B
erdstammblock stockholz stubben stuken wurzelstock	47-29466-S
erdung	10-68149-S
erdwaerme	3-12519-B
erdwolf	47-22018-B
erebos	34-30951-B
ereignen	13-65097-S
ereignis	9-6358-B
ereignis vorfall	14-32188-B
ereignislos	11-8521-B
erektil	45-52563-B
erektile dysfunktion	32-48837-S
erektion steifer	39-62487-S
erektionsstoerung impotenz potenzstoerung erektile dysfunktion	32-48837-S
eremit	14-73199-S
eremit klausner	32-35393-S
erfahren	14-17007-B,18-31333-B,19-73693-B
erfahrung	18-30800-B
erfahrung erlebnis	18-31056-B
erfassen verstehen checken kapieren raffen schnallen	35-9545-S
erfinden	8-64719-S
erfinder	42-77579-B
erfindung	18-49410-B
erfindungs	27-12793-B
erfindungsreichtum genie kreativitaet schaffenskraft	18-33075-B
erfolg	19-44187-S,21-26607-B,25-70977-S
erfolglosigkeit	37-42808-B
erfolgreich	13-64054-B,13-64398-B
erfolgs	22-19616-S
erforschen	33-71343-B
erfreulich	38-6922-B
erfreulicherweise gottlob zum glueck	16-3603-S
erfrieren	41-5905-B
erfrischungsgetraenk kaltgetraenk	43-54384-B
erfuellen	18-0-S,25-8605-B
erfuellung	19-71344-B
erfunden erlogen	36-18498-B
erg	19-30463-B
ergaenzend hilfs stuetzend unterstuetzend	47-48907-S
ergaenzung	16-71563-B,16-71644-B
ergaenzungs	19-11181-B
ergativ	44-19527-B
ergeben	29-18156-B,43-65153-S
ergeben getreu treu	41-60260-B
ergebnis resultat	13-14297-B
ergebnis resultat konsequenz	34-39903-S
ergluehen erroeten rot werden	12-1991-B
ergonomie	2-75196-B
ergotherapie	22-57152-B
ergotismus kriebelkrankheit	44-41935-S
ergrauen	45-55493-B
ergraut silberhaarig	45-55354-S
ergreifen nehmen	10-22112-S
ergreifend ruehrend	28-50085-B
erh tee	36-65430-S
erhaengen	20-28582-S
erhaengen sich aufhaengen sich aufknuepfen sich den strick nehmen	42-14815-S
erhaengen strangulation	15-48576-B
erhaengen tod durch erhaengen	20-28582-B
erhaengter	27-8718-B
erhaerten untermauern	28-17772-S
erhalten	12-15455-S
erhalten konservieren	34-12760-S
erheben	24-14732-S,36-39945-S
erheblich	30-37680-S
erhebung	22-22706-B,23-62164-B
erhitzen	8-14527-B,23-25169-S
erhitzen in der mikrowelle kochen	41-32715-S
erhoehung zunahme zuwachs	9-33055-B
erholen	33-33336-S,40-36612-B
erholung	4-102236-B,40-36016-B
erindyah	43-19758-B
erinnern	8-71914-B,13-35703-S
eritrea	11-82501-B
eritreisch	39-25605-B
eriwan jerewan	9-37836-B
erkaelten	43-47900-S
erkaeltung grippaler infekt	41-66402-B
erkennen	22-22353-B
erkennen flachlegen knallen nageln nehmen rannehmen	20-29826-S
erkenntnistheoretisch	42-26902-B
erklaerbar	38-54186-B,39-5233-B
erklaeren	18-75686-B
erklaeren erlaeutern	9-42957-B
erklaeren verdeutlichen	13-34913-B
erklaerung	30-27747-S
erklaerung erlaeuterung	12-13988-B
erkrankung	34-38673-S
erkrankung leiden	9-67558-B
erkrankung morbus cushing	27-45073-S
erkrankungsrate krankheitsrate morbiditaet morbiditaetsrate	43-77987-B
erkunden rekognoszieren	12-71076-S
erlaesslich	37-34508-S
erlaeutern	9-42957-S
erlaeuterung	12-13988-S
erlang	39-25666-B
erlangen schoepfen	13-31526-B
erlauben	18-7181-B
erle	36-26851-B
erlebnis	18-31056-S
erlebte rede freie indirekte rede	43-42775-B
erlegt hat	47-46246-S
erleichtern	38-24873-B
erleichtern lindern	30-422-B
erleichtern lindern stillen	13-27247-S
erlernen erwerb erwerbung	17-86349-B
erlesen exquisit	8-16236-S
erleuchtet	28-66281-S
erleuchtung	36-31074-B
erloes	19-41787-B
erloeschen	14-76519-B
erloeschen verfallen	14-76627-S
erloeschen verloeschen	14-76301-S
erloesung	21-50162-B
erlogen	36-18498-S
erloschener vulkan	25-36030-B
ermaessigung minderung rabatt reduktion	28-54510-B
ermahnen	29-24851-B
ermahnend mahnend verwarnend	41-7920-B
ermahnung	29-24903-B
ermittelbar feststellbar	30-46924-S
ermitteln	43-67665-S
ermittlung nachweis	2-25396-B
ermittlungsbescheid	20-49310-B
ermoeglichen	18-61234-B
ermorden liquidieren morden umbringen um die ecke bringen	20-52467-B
ermorden toeten	10-53830-B
ermordung	16-12612-B
ermueden	34-11454-B,34-11788-B
ermuedend	25-1618-S
ermuedung erschoepfung lethargie muedigkeit	21-54270-B
ermutigen	31-8661-B
ermutigung	38-5957-B
ernaehren naehren fuettern	13-54262-B
ernaehrer	32-49334-S
ernaehrung	4-31044-B,41-86018-S
ernaehrungssicherung	42-55258-B
ernennen	19-16417-B
erneuerbare ressource	5-3117-B
erneuerbare rohstoffe	5-1690-B
erneuerbarer rohstoff	31-37560-B
erneuern	26-57317-B,28-34632-B
erneut nochmals wieder wiederholt wiederum	9-79449-S
erneutes auftreten	42-37310-S
erniedrigung	28-53147-B
ernst ernsthaft serioes	17-47872-B
ernsthaft	37-54116-B
ernsthaft serioes	17-47872-S
ernsthaft von ganzem herzen	39-70960-B
ernsthaftigkeit seriositaet	17-47970-B
ernte ernteertrag	3-22414-B
ernte ernten	44-9734-B
ernteabfall	2-12145-B
erntedankfest	35-4989-B
ernteertrag	3-22414-S
erntemonat messidor	26-39620-B
ernten	29-37620-B,44-9734-S
ernuechtern	39-40008-B
eroberer	35-18809-B
erobern	14-72590-S
erobern nehmen	10-22422-S
eroberung	12-38878-S
erogeen	38-20324-B
eros opfern sex haben bumsen einen wegstecken ficken koitieren voegeln	10-52226-B
erosion	2-75475-B
erosionsschutz	2-75810-B
erotik	38-20483-B
erotisch	38-20421-B,38-46618-B
erotomanie liebeswahn	43-34909-S
erpel	23-24087-S
erpressen	23-58294-B
erpressen abpressen	39-1195-B
erpresser	32-30976-B,39-1022-B
erpressung	39-1109-B
erratum	38-20713-B
erregend	20-68977-S,41-45664-B
erregung	20-43305-B
erreichbar	29-16461-B,30-67969-B
erreichen	29-16504-B,30-66981-B
erreichung	18-61115-B
errgend	38-37685-B
errichten	11-19825-S,21-49203-B,38-19550-B
errinnern sich erinnern	13-35703-B
erroeten rot werden	12-1991-S
errungenschaft	14-76226-B,21-22152-B
ersaeufen ertraenken	43-34723-B
ersatz	9-44392-S
ersaufen	30-68751-S
erschaffen erstellen kreieren schaffen	17-71022-B
erscheinen	14-39312-B,31-976-S,40-52270-B
erscheinung	31-871-B,41-33301-B
erscheinung des herrn grossneujahr hochneujahr hohneujahr theophanie	22-41246-S
erscheinung erscheinungsbild	18-24054-S
erscheinung spuk	41-33524-B
erscheinungsbild	18-24054-S
erscheinungsbild phaenotyp	23-23092-B
erschiessen sich die kugel geben	42-14551-S
erschiessen totschiessen	22-40487-S
erschiessungskommando exekutionskommando	14-1917-B
erschoepft	26-45708-B
erschoepfung	38-39291-B
erschoepfung lethargie muedigkeit	21-54270-S
erschuettern	24-5540-B,27-449-B
erschuetterung	6-7439-B,36-3321-S
erschwinglich leistbar	32-7755-S
ersisch	28-7368-S
ersparnis	5-19825-B
erst	13-47700-B
erstarken	36-10620-B
erstarren	8-61432-B
erstarren versteinern	22-33735-B
erstarrungsgestein magmatit magmatisches gestein	11-21032-B
erstauffuehrung premiere urauffuehrung	39-71299-B
erstaunen	30-61150-B,30-62152-B
erstaunlich	30-61414-B
erstaunt	30-11339-B
erstausbildung	6-51403-B
erste	7-66087-S
erste die erste	7-66087-S
erste klasse	46-0-B
erste person	17-77958-B
erstehen kaufen	11-47192-B
erstellen kreieren schaffen	17-71022-S
erstellung	20-58254-S
erster fall	17-53565-S
erster form	47-25494-S
erster gang	25-71196-B,46-7172-B
erster mai kampftag der arbeiterbewegung tag der arbeit	23-14733-S
erstere ersterer ersteres	20-12733-B
ersterer ersteres	20-12733-S
ersteres	20-12733-S
erstgebaerend	46-75062-B
ersticken	19-50043-B
ersticken erwuergen	30-52919-B,47-59815-B
erstmilch kolostralmilch kolostrum vormilch	22-22148-S
erstwaehler	21-49310-B
ertauben	36-18184-B
ertraenken	43-34723-S
ertraenken ins wasser gehen	42-14978-S
ertrag	7-4185-B
ertrag rendite	6-32443-B
ertragen	10-83391-S
ertragen hinnehmen leiden schlucken sich schicken tolerieren	14-49571-S
ertragreich fruchtbar	15-43520-B
ertragreich gewinnbringend lohnend lukrativ profitabel rentabel	20-42627-S
ertrinken	28-26311-B
ertrinken ersaufen	30-68751-B
eruption	21-70367-S,22-57234-S
eruption santorin eruption thera eruption	21-70367-S
eruption thera eruption	21-70367-S
erwachen	26-58597-B
erwachen wach werden	9-31309-S
erwachsenenbildung	1-9621-B
erwachsener	1-9437-B
erwachsenheit	29-27083-B
erwaehnen	11-68181-B
erwaehnt oben genannt obenerwaehnt obengenannt vorerwaehnt vorstehend	41-37983-S
erwaermen	23-25057-S
erwaermen waermen	23-24947-B
erwaermung	3-14420-S
erwarten	9-33421-S
erwartung	18-28866-B,38-42485-B
erwartungsvoll	38-42545-B
erweisen	19-67365-S
erweiterbar	39-4029-B
erweitern	24-31597-B
erweiterte realitaet	44-49785-B
erweiterte stichprobe	18-84623-B
erweiterung	17-42888-S,20-36405-B,24-65983-B,38-42259-B
erweiterungsfaehig	39-5700-B
erwerb	17-85923-B
erwerb erwerbung	17-86349-S
erwerbslos	40-65022-S
erwerbstaetige bevoelkerung	6-53793-B
erwerbung	17-86349-S
erwogen wohl bedacht	35-20011-S
erworbene immunitaet	21-5370-B
erwuergen	30-52919-S,44-4662-B,47-59815-S
erwuergung	44-4787-B
erythema	21-23971-B
erythema exsudativum multiforme erythema multiforme	21-24091-B
erythema multiforme	21-24091-S
erythropoese erythropoiese	37-62955-B
erythropoiese	37-62955-S
erythrozyt rotes blutkoerperchen	37-62617-B
erz	4-37940-B
erzaehl mir was neues wem sagen sie das wem sagst du das	40-28944-S
erzaehlen	27-4173-B
erzaehlung geschichte	12-31530-B
erzbischof	30-39521-B
erzbistum	20-56299-B
erzengel	30-39203-B
erzeugen herstellen machen produzieren	13-50055-B
erzeugerin	26-59771-B
erzeugnis produkt ware	34-10915-S
erzeugung	19-6127-B
erzgebirge	17-19163-B
erzherzog	30-40232-B
erzherzogtum oesterreich unter der enns niederoesterreich	24-42776-B
erziehend	25-73723-S
erzieher	39-66489-B
erzieher erzieherin	37-68284-B
erzieherin	37-68284-S,39-66625-B
erzieherisch	37-68236-B
erzieherisch paedagogisch	39-13470-B
erziehung	5-101180-B
erzuernt veraergert wuetend aergerlich	38-60728-B
es	45-57098-S
es gibt nichts umsonst	43-57775-B
es jemandem besorgen	21-27107-B
es lohnt sich	40-10162-B
es sich gehoert	24-11544-S
es treiben es tun ficken in die kissen steigen in die kiste springen knaeggern miteinander schlafen pimpern roedeln schnackseln sich dem liebesspiel hingeben sich der schoensten nebensache der welt widmen voegeln	10-55072-S
es tun ficken in die kissen steigen in die kiste springen knaeggern miteinander schlafen pimpern roedeln schnackseln sich dem liebesspiel hingeben sich der schoensten nebensache der welt widmen voegeln	10-55072-S
es tut mir leid tut mir leid	13-68712-S
es wieviel uhr ist es	45-57098-S
eschatologie	39-26953-B
esche	20-23970-B
esche eschenholz	35-53806-B
eschenholz	35-53806-S
escudo	28-72966-S
esel	11-44217-B,41-58710-S
esel flachwichser gimpel hirni hohlkopf holzkopf honk hornochse idiot kamel kindskopf mondkalb narr rindvieh schafskopf schwachkopf schwachmat simpel spaten spatzengehirn spatzenhirn stiesel strohkopf tor tropf trottel vollhonk vollpfosten	8-49041-S
esel stur wie ein esel stur wie ein panzer stoerrisch wie ein esel	41-58710-S
esel stur wie ein panzer stoerrisch wie ein esel	41-58710-S
eselsohr	31-57104-B
eselsohr machen	11-8106-B
eskalation	38-21083-B
eskalieren	38-21016-B
eskapade	38-21154-B
eskimo	38-21793-B
eskorte	38-21493-B
eskortieren	38-21623-B
