zoological park	6-33574-S
zoological science	6-33783-S
zoologist	30-903-B
zoology zoological science	6-33783-B
zoonosis	6-34103-B
zoophilia zoophily	41-47030-B
zoophilia zoosexuality	15-30542-S
zoophilic	41-46893-S
zoophilous	41-46775-B
zoophilous zoophilic	41-46893-B
zoophily	41-47030-S
zoosexuality	15-30542-S
zootechnics zootechny	30-69282-B
zootechny	30-69282-S
zoster	39-37720-S
zoster shingles zona zoster	39-37720-S
zounds gadzooks swounds	16-48478-B
zug	33-44098-S
zug canton of zug	33-44098-B
zulia	31-73358-B
zulu	8-84739-B
zurich zürich	13-42032-B
zweifelhaft	10-87342-S
zwitterion	39-53342-B
zygoma	28-2401-S
zygomatic	28-2150-B
zygomatic bone cheekbone malar bone zygoma	28-2401-B
zygote	22-55581-B
zymosis	2-90835-S
zürich	13-42032-S,33-43967-S
zürich canton of zürich	33-43967-B
à brac	14-61884-S
ávila	31-29721-B,31-29857-B
åland islands	23-55703-B
ångström	23-25280-S
återställande	5-2101-S
æsthetic inversion transvestism	43-31939-S
éclair	20-53570-B
élysée palace	34-65828-B
épée	35-19449-B
état putsch	12-72983-S
île de france	25-2324-B
ü tsang	47-15831-S
ü ü tsang	47-15831-S
čakavian	15-67610-S
štokavian	15-67238-S
ǀxam kaǃkʼe	23-43850-S
ǀxam ǀxam kaǃkʼe	23-43850-B
ǃxoon ǃxóõ	23-43676-S
ǃxóõ	23-43676-S
ḥijāb	44-17153-S
… each	11-25890-S
… each each each at each for for … each	11-25890-S
