ehemals einst einstens einstmals vormals vorzeiten weiland	22-3938-S
ehemann ehepartner gatte gemahl mann	7-43543-S
ehemann ex mann	39-30765-S
ehemuendig heiratsfaehig	30-37784-B
ehepartner	12-59550-S
ehepartner gatte gemahl mann	7-43543-S
ehepartnerin eheweib frau gattin gemahlin weib	7-43383-S
eher	27-24883-B
ehering trauring	7-84326-B
ehern fest hart starr steif steinern unnachgiebig	11-59813-B
ehescheidung	21-43563-S
eheschliessung heirat hochzeit trauung verehelichung verheiratung vermaehlung	7-61095-B
ehestand	43-6453-S
ehevertrag	41-35374-B
eheweib frau gattin gemahlin weib	7-43383-S
ehren	27-20425-B,37-4785-B
ehrenkraenkung verleumdung verunglimpfung	36-17492-S
ehrenmaennisch kavalierhaft ritterlich weltmaennisch	38-61349-B
ehrenmann gentleman herr kavalier	8-67167-B
ehrenzeichen orden	40-37646-B
ehrerbietig ehrfurchtvoll	36-23279-B
ehrerbietung	23-16946-B,31-2202-B
ehrfurcht	31-26704-B
ehrfurchtvoll	36-23279-S
ehrgeizig	18-23593-B
ehrlich	20-62818-S,24-13439-B,43-39708-B
ehrlichkeit geradheit offenheit rechtschaffenheit redlichkeit wahrhaftigkeit	13-61130-S
ehrlichkeitshalber	41-53759-B
ehrlosigkeit infamie	40-99211-B
ehrung	27-20441-B
ei	2-52660-B,13-59615-B,14-13540-S,19-36312-S,42-37703-S
ei russisches ei	42-37703-S
ei teeei teeloeffel teezange	35-51591-S
eibe	35-54751-S,47-24318-B,47-24412-S
eibe europaeische eibe gemeine eibe	47-24412-B
eibe gemeine eibe	47-24412-S
eibenholz eibe	35-54751-B
eiche eichenbaum	4-31398-B
eiche eichenholz	35-53632-B
eichel	17-38884-B
eichel glans	34-16451-B
eichelentzuendung	41-51401-S
eichenbaum	4-31398-S
eichenholz	35-53632-S
eichhoernchen hoernchen	25-41742-B
eidam	19-34931-S
eide	45-1116-S
eidechse	3-78517-B,24-33920-S
eiderdaunen	37-73077-B
eiderente	37-72841-B
eidesstattliche erklaerung	30-27747-S
eidetisch	42-66184-B
eidetisches gedaechtnis fotografisches gedaechtnis photographisches gedaechtnis	36-56378-B
eidotter eigelb	9-10625-S
eier	26-53204-S
eierbecher	19-36525-B
eierfrucht eierpflanze melanzani	21-69835-S
eierfrucht melanzani	17-44303-S
eierkognak eierlikoer	16-21526-B
eierkopf schafskopf strohkopf	47-49348-S
eierlikoer	16-21526-S
eierloeffel	32-21759-B
eierpflanze melanzani	21-69835-S
eiersalat	45-28871-B
eierschale	37-71443-B
eierschneider	33-12302-B
eierschwamm	41-17144-S
eierstock oophoron ovar	22-62835-B
eierstock ovarial	41-29615-B
eierstockentzuendung oophoritis	41-51067-B
eierstockentzuendung oophoritis ovaritis	45-74326-B
eierstockschwangerschaft ovarialgraviditaet	41-28823-B
eifernd eifrig enthusiastisch leidenschaftlich passioniert	39-51138-B
eifersucht	34-56600-B
eifersuechtig	16-40161-B
eifersuechtig neiderfuellt neidisch scheel scheelsuechtig	16-39935-B
eiffelturm	25-7973-B
eifoermig	42-17291-B
eifrig enthusiastisch leidenschaftlich passioniert	39-51138-S
eigelb	9-10625-S
eigen geben	26-55759-S
eigenartig fremdartig sonderbar ungewoehnlich	39-67395-S
eigenen bild	44-63567-S
eigenen namen	19-8631-S
eigenhaendig geschrieben autografisch	43-9154-S
eigenkapital	20-24408-B
eigenname name proprium	8-38063-B
eigenschaft	4-60874-S,6-79397-S,7-35227-B,15-20278-B,15-70814-S,28-12220-B,36-40042-S
eigenschaft akustische kenngroesse	1-3953-S
eigenschaft chemische kenngroesse	1-88961-S
eigenschaft markow eigenschaft	15-70814-S
eigenschaft merkmal unterscheidungsmerkmal	7-81403-B
eigenschaftswort	8-59501-S
eigentlich tatsaechlich wahr wirklich	41-55378-B
eigentor selbsttor	43-17200-B
eigentuemer	18-68782-S
eigentum	18-28192-B,44-56750-S
eigentumsrecht	38-49141-B
eigentumswohnung	11-56736-B
eigenwillig kurios	11-8252-S
eiklar eiweiss	29-55925-B
eiland insel	3-58449-B
eilbote kurier	35-39605-B
eileiter	22-63476-B
eileiter tubar	41-29780-B
eileiterentzuendung salpingitis	41-50908-B
eileiterschwangerschaft tubargraviditaet	41-28379-B
eilen	13-62524-B,13-62623-B
eimer	11-14807-B
eimern	11-61587-S
ein	7-75751-B
ein allotrop von	30-53033-S
ein auf	28-70748-S
ein bad nehmen	45-9142-B
ein bauer	47-45998-S
ein bauer bleibt immer ein bauer	47-45998-S
ein bisschen wenig	14-19274-B
ein esel	41-58710-S
ein esel stur wie ein esel stur wie ein panzer stoerrisch wie ein esel	41-58710-S
ein esel stur wie ein panzer stoerrisch wie ein esel	41-58710-S
ein fuer allemal	32-44163-S
ein honigkuchenpferd	42-56246-S
ein honigkuchenpferd lachen wie ein honigkuchenpferd strahlen wie ein honigkuchenpferd	42-56246-S
ein honigkuchenpferd strahlen wie ein honigkuchenpferd	42-56246-S
ein huehnchen mit jemandem zu rupfen haben	26-27666-S
ein huehnchen mit jemandem zu rupfen haben mit jemandem noch ein huehnchen zu rupfen haben noch ein huehnchen mit jemandem zu rupfen haben	26-27666-S
ein huehnchen zu rupfen haben ein huehnchen mit jemandem zu rupfen haben mit jemandem noch ein huehnchen zu rupfen haben noch ein huehnchen mit jemandem zu rupfen haben	26-27666-S
ein huehnchen zu rupfen haben noch ein huehnchen mit jemandem zu rupfen haben	26-27666-S
ein katzensprung	25-1701-S
ein kind machen	10-53200-S
ein paar	7-58692-S
ein paar wenig	7-55344-B
ein panzer stoerrisch wie ein esel	41-58710-S
ein schlot	46-9986-S
ein schlot qualmen wie ein schlot	46-9986-S
ein schoenes neues jahr	17-1480-S
ein solches	19-77096-B
ein spatz in der hand als eine taube auf dem dach der spatz in der hand ist besser als die taube auf dem dach lieber der spatz in der hand als die taube auf dem dach	44-66604-S
ein turnschuh	47-43144-S
ein urtteil faellen	29-22096-B
ein wolf im schafspelz	11-6439-B
einaeschern kremieren	35-50271-B
einaescherung kremation	35-50369-B
einaeugig	28-38922-B
einander gegenseitig wechselseitig	17-83399-B
einarmig	36-43058-B
einatmen einatmung inhalation	31-11928-B
einatmen inhalieren	13-76850-B
einatmung inhalation	31-11928-S
einbahnstrasse	45-77621-B
einbalsamieren	38-2963-B
einbeinig	18-21724-B
einberufen	18-72697-B
einbeziehen verwickeln	18-47081-S
einbeziehung	43-18012-B
einbilden vorstellen	43-1805-B
einbildung	16-40673-B
einblaeuen einhaemmern	10-47306-S
einbleuen einblaeuen einhaemmern	10-47306-B
einbrecher	32-55540-B
einbringen	18-60944-B
einbruch	32-49452-B
einbruch bruch	30-16865-B
einbuchtung	6-40353-B
eincentmuenze eincentstueck	25-69354-S
eincentstueck	25-69354-S
einchecken	46-11129-B
eindeutig fraglos zweifellos zweifelsfrei zweifelsohne	38-44170-B
eindeutig unzweideutig	17-84584-B
eindringen penetrieren	24-6843-S
eindringling	43-13257-B
eindruck	28-15437-B
eindrucksvoll	43-1081-S
eine	20-11050-B
eine diaet machen	46-3627-B
eine notloesung finden	24-23567-B
eine rasse von	30-15989-S
eine taube auf dem dach der spatz in der hand ist besser als die taube auf dem dach lieber der spatz in der hand als die taube auf dem dach	44-66604-S
eine weiche birne haben eine weiche waffel haben einen an der waffel haben einen weichen keks haben weich in der birne sein	47-49149-B
eine weiche waffel haben einen an der waffel haben einen weichen keks haben weich in der birne sein	47-49149-S
eine weile eine zeitlang	31-26814-B
eine zaehlung durchfuehren	20-67941-B
eine zeitlang	31-26814-S
eine zutat von	36-34007-S
einehe monogamie	44-20459-B
eineiiger zwilling	18-9030-B
eineinhalb	26-44100-S
einem durchgang zusammen in einem rutsch	47-56821-S
einem in einem durchgang zusammen in einem rutsch	47-56821-S
einem rutsch	47-56821-S
einen an der waffel haben einen weichen keks haben weich in der birne sein	47-49149-S
einen fahren lassen flatulieren furzen pupen pupsen	22-23210-B
einen gegen die anderen	22-8245-S
einen heiratsantrag machen	42-16010-B
einen kotau machen katzbuckeln	36-52858-B
einen orgasmus haben kommen	8-75023-B
einen stich ins herz geben	21-12085-B
einen wegstecken ficken koitieren voegeln	10-52226-S
einen weichen keks haben weich in der birne sein	47-49149-S
einer schlangenlinie zickzackig	13-55313-S,13-55619-S
einerseits	41-61820-B
eineuromuenze eineurostueck	25-68554-S
eineurostueck	25-68554-S
einfach	8-35094-B,41-44759-B
einfach leicht	13-28867-B
einfach schlechterdings schlichtweg glattweg	32-19728-B
einfache zukunft futurum	17-70198-S
einfachheit leichtigkeit	23-9468-B
einfaerben faerben	45-65107-B
einfall	20-55806-B,29-41540-S
einfaltspinsel esel flachwichser gimpel hirni hohlkopf holzkopf honk hornochse idiot kamel kindskopf mondkalb narr rindvieh schafskopf schwachkopf schwachmat simpel spaten spatzengehirn spatzenhirn stiesel strohkopf tor tropf trottel vollhonk vollpfosten	8-49041-S
einfaltspinsel trottel leichtglaeubiges opfer	41-9181-B
einfamilienhaus	6-67471-S
einfangen	5-94015-B
einfangen in den bienenstock bringen	40-94252-B
einfarbig monochrom monochromatisch uni unifarben	39-6828-B
einfassen	27-8911-B
einfluss	20-46023-B
einflussfaktor faktor	31-61488-B
einflussreich	43-2672-B
einfrieden	26-55278-B
einfrieren	8-61222-B,9-62576-B
einfrieren frieren gefrieren	8-47660-B
einfuegen	19-11041-B,27-10243-S
einfuehlsam sensibel	14-77172-B
einfuehlungsvermoegen empathie	10-34091-B
einfuehren	8-66577-B
einfuehren importieren	34-8911-B
einfuehrung	20-60658-S
einfuehrung jesu in den tempel lichtmess mariae lichtmess mariae reinigung	46-13183-S
einfuhr	3-39957-B
eingabe	34-14236-B
eingaengig glaubhaft plausibel	33-71019-B
eingang	13-17270-B,38-14686-B
eingang zugang	18-33852-B
eingangsreim	41-0-S
eingebaut	22-21561-B
eingeben	22-19035-B,46-15226-B
eingebildet	27-6758-S
eingebildet hochnaesig	46-21527-S
eingebildet hybrid vermessen ueberheblich	16-17060-S
eingehen ins gras beissen krepieren sein leben aushauchen sterben verrecken verscheiden versterben ueber den jordan gehen ueber die klinge springen den geist aufgeben hops gehen	8-79415-S
eingeknastet eingesperrt in haft inhaftiert	41-82567-B
eingelegtes gemuese	17-55001-B
eingemachtes	47-61542-B
eingemeisselt	27-365-B
eingeplante obsoleszenz geplante obsoleszenz	45-4777-B
eingeschlechtig	24-21515-B
eingeschneit schneebedeckt schneegekroent schneeig verschneit zugeschneit	35-368-S
eingeschriebene	27-13677-B
eingesottene butter geklaerte butter gelaeuterte butter	45-61066-S
eingesperrt in haft inhaftiert	41-82567-S
eingestehen einraeumen zugeben	18-44219-S
eingestraendnis gestaendnis	18-21028-B
eingeweide	8-10436-B
eingezahlt	19-11930-S
eingliedern	19-8986-B
eingliederung	19-10877-B
eingravieren	27-9002-B
eingreifen intervenieren	43-3677-B
einhaemmern	10-47306-S
einheimisches wissen	7-25629-B
einheit	8-25116-B,25-34087-S,28-71782-S
einheit der des	29-46979-B
einheitlich	26-45416-B,27-26359-B
einheitlichkeit	27-26406-B
einhellig einmuetig einstimmig zustimmend	21-60277-B
einhellig einmuetig geschlossen	42-25910-B
einhergehen mit sich bringen zur folge haben	38-7873-S
einhorn	19-18638-B,19-64497-S
einhuellen	38-14773-B
einhufer	2-74757-S
einhundert hundert	9-45633-B
einhunderteins einhundertundeins hunderteins hundertundeins	10-12497-B
einhunderteuroschein 100 euro schein hunderteuroschein	25-67358-B
einhundertundeins hunderteins hundertundeins	10-12497-S
einig	26-43317-B
einige ein paar	7-58692-B
einigen	28-15766-S
einigen uebereinkommen uebereinstimmen	10-21798-B
einigermassen	32-44401-B
einjaehrig	37-42482-B
einkaeufe	46-37200-S
einkalkulieren einpreisen	47-60953-B
einkapseln kapseln verkapseln	34-16277-B
einkaufen einkaeufe	46-37200-B
einkaufen gehen	43-77260-B
einkaufswagen	16-71975-B
einkaufszentrum	5-33035-B
einkerkern einsperren	43-1885-B
einklang sein	19-69312-S
einkommen	3-40875-B,21-49024-B,28-19098-S
einkommenssteuer einkommensteuer	7-10767-B
einkommensteuer	7-10767-S
einladen	9-35457-B
einladung	9-34962-B
einlaufen	33-15298-B
einleitend	34-17994-S
einleitend vorbereitend vorlaeufig	47-58143-S
einleitung exposition introduktion praeambel	47-58966-B
einleitung praeliminar vor vorarbeit vorbereitung vorspiel vorbereitende massnahme vorbereitende taetigkeit	47-58336-B
einmal	20-23775-B,29-40603-S,30-18296-S
einmal aus heiterem himmel jaeh schlagartig unvermittelt unversehens urploetzlich	25-16405-S
einmalig einzigartig unikal	19-77649-B
einmischen	40-44815-B
einmonatig	37-40523-B
einmuetig einstimmig zustimmend	21-60277-S
einmuetig geschlossen	42-25910-S
einnahme eroberung	12-38878-B
einnehmen erobern	14-72590-B
einnehmen erobern nehmen	10-22422-S
einnehmen nehmen	10-23370-B
einnisten	20-30417-B,24-11498-B
einoelen oelen	34-30501-B
einordnen	42-42293-B
einpersonenhaushalt	44-4981-B
einpflanzen	23-61757-S
einpoekeln poekeln	37-72997-B
einpreisen	47-60953-S
einquartieren	44-70961-B
einrad	19-11778-B
einraeumen zugeben	18-44219-S
einrahmen	22-22890-B,27-9481-B
einreduzieren	28-13799-B
einreduzierung	28-13573-B
einreichung von vorschlaegen	46-46293-S
einrichtung	2-13898-S,18-83374-S
einrichtung oeffentliche institution	6-98317-S
einrichtung vorrichtung	23-9330-B
eins	7-43736-B,8-79121-S,47-68741-S
eins eins	8-79121-B,47-68741-B
eins unitaerer ring	15-79147-S
einsam	9-31633-B
einsatzkommando	20-59417-B,20-67799-B
einschalten	13-65522-S,28-50663-S
einschienenbahn	45-1736-B
einschiffen	39-16357-B
einschlaefernd	42-32851-B
einschlafen einschlummern	20-41571-B
einschlafen im sande verlaufen versanden	37-43789-B
einschlagen	24-11288-B
einschlagkrater	25-35233-B
einschliessen	31-31412-S,38-5753-B
einschliessen implizieren	40-82027-B
einschliesslich inklusive	38-47659-B
einschlummern	20-41571-S
einschraenken	19-46652-B
einschreiben	23-55526-B,25-69666-B,27-11550-B,39-22554-S
einschuechtern	18-11323-B,22-34051-B
einschuechternd furchteinfloessend	17-17939-B
einschuechterung	43-13150-B
einschuss einschussloch einschussstelle	34-45130-B
einschussloch einschussstelle	34-45130-S
einschussstelle	34-45130-S
einsetzen	10-89342-S
einsicht	33-74563-B,42-21061-S
einsiedler eremit	14-73199-S
einsiedler eremit klausner	32-35393-B
einsiedlerkrebs	23-18632-B
einsilbig maulfaul mundfaul redescheu sprechfaul	18-81142-S
einsilbig monosyllabisch	37-21136-B
einsilbige sprache monosyllabische sprache	37-21438-B
einsperren	43-1885-S
einsprachig	42-11734-B
einspruch erheben	36-39945-B
einspurig	27-15366-B
einst einstens einstmals vormals vorzeiten weiland	22-3938-S
einstecken	11-16057-B
einsteigen	14-57163-B
einstein	40-5634-B
einstein intelligenzbestie leuchte genie schlauberger	9-23413-B
einsteinium	12-61682-B
einstellen	20-24647-S,34-7606-B
einstellung	19-21260-B
einstellung neigung	15-31577-B
einstellung uebernahme	18-27696-B
einstens einstmals vormals vorzeiten weiland	22-3938-S
einstiegsschacht kontrollschacht revisionsschacht	40-38333-B
einstimmig	27-26226-B
einstimmig zustimmend	21-60277-S
einstmals vormals vorzeiten weiland	22-3938-S
einstufiges verb vokalisches verb	20-70700-S
einsturz	21-25903-B
einstweilig	18-7095-B
eintaegig ephemerisch	29-13433-S
eintags eintaegig ephemerisch	29-13433-S
eintauchen	42-76994-B,43-16274-B
eintauchen immersion	42-76883-B
eintauschen tauschen	21-66112-S
einteilen	22-22805-B
einteilung gliederung	47-4324-B
eintracht	31-10988-B
eintraechtig	35-12416-B
eintraeglich ertragreich gewinnbringend lohnend lukrativ profitabel rentabel	20-42627-B
eintragen	47-20046-S
eintreten	19-71493-S
eintreten hereingehen	13-60970-B
eintreten sich anschliessen	16-40411-S
eintritt	38-14633-B
eintrittsgeld	38-14314-B
eintrittskarte karte	18-12141-B
eintrocknen trocknen	34-56237-S
einunddreissig	10-18430-B
einundfuenfzig	10-28840-B
einundvierzig	10-25902-B
einundzwanzig	10-16570-B
einundzwanzigeck	16-15257-B
einverleiben	27-11335-B
einverstanden sein zustimmen uebereinstimmen	10-21495-B
einwand einwendung	23-16798-B
einwanderer einwanderin immigrant immigrantin zuwanderer zuwanderin	11-28780-B
einwanderin immigrant immigrantin zuwanderer zuwanderin	11-28780-S
einwandfrei fehlerfrei fehlerlos	19-25994-B
einwandfrei fehlerlos	32-63015-B
einwandfrei makellos perfekt	14-3188-B
einwandfrei unbedenklich	40-58972-S
einweg …	37-37026-B
einwegverpackung	4-24155-B
einwenden	23-16664-B
einwendung	23-16798-S
einwendung protest	4-31711-B
einwilligung	35-18920-B
einwilligung zustimmung	22-37263-S
einwohner	12-19807-S,12-20005-S
einwohnerschaft	12-20550-B
einzaeunen	26-54123-B
einzahl singular	17-62485-B
einzahlung	20-15711-B
einzelgaengerisch unsozial	40-55322-S
einzelhandel detailhandel	23-8880-B
einzelhandelsgeschaeft geschaeft laden	5-32803-B
einzelkind	11-52410-S
einzeln	9-80017-B,36-61990-B
einzelsprache sprache	28-45251-B
einzelteil komponente	31-58551-S
einziehen	41-54076-B
einzig	14-745-B
einzig einzigartig	12-38970-B
einzigartig	12-38970-S
einzigartig unikal	19-77649-S
einzug	19-49605-B,23-62467-B
einzugsgebiet	10-39414-B
einzugsgebiet gewaessereinzugsgebiet	1-82666-B
eipulver trockenei	43-13632-B
eis	3-36401-B
eis brechen	41-17779-S
eis eiscreme eiskrem eiskreme speiseeis	7-66895-B
eisbaer polarbaer	16-45292-B
eisbaerfell	39-48119-B
eisberg	3-36706-B
eisblau	22-46003-B
eisbock	41-16507-S
eisbrecher eisbock	41-16507-B
eiscreme eiskrem eiskreme speiseeis	7-66895-S
eisen	3-57363-B
eisenbahnbruecke	17-80728-B
eisenbahnfahrzeugfuehrer lokfuehrer lokomotivfuehrer triebfahrzeugfuehrer	26-29547-B
eisenbahngleis	17-80005-S
eisenbahnhof	9-74957-S
eisenbahnnetz schienennetz	6-66470-B
eisenbahntransport	4-100047-B
eisenbahnwagen waggon	4-99753-B
eisenbergwerk eisenmine	39-43705-B
eisenbeton stahlbeton armierter beton bewehrter beton	16-4347-B
eisenkraut eisenkraut katzenblutkraut sagenkraut taubenkraut wunschkraut	45-68942-S
eisenkraut katzenblutkraut sagenkraut taubenkraut wunschkraut	45-68942-S
eisenmine	39-43705-S
eisenoxiduloxid magneteisenstein magnetit	45-58838-S
eisenstange	20-48498-B
eisenzeit	31-12428-B
eisern	33-54253-B
eisessig	19-77524-B
eisgekuehlt	26-43180-B
eishockey	27-44596-B
eiskaffee	22-45413-B
eiskrem eiskreme speiseeis	7-66895-S
eiskreme speiseeis	7-66895-S
eiskugel	34-11991-B
eiskunstlauf	30-19839-B
eislaufen schlittschuhlaufen	15-65354-B
eismeer	1-39222-S
eismeer suedpolarmeer	1-33675-S
eisnebel	15-37302-B
eisprung follikelsprung ovulation	22-13661-B
eisschild inlandeis	45-27733-B
eistee	33-6890-B
eisvogel	25-14215-B
eiswein	46-7745-B
eiswuerfel	22-45629-B
eiszapfen	40-24914-B
eiszeit	33-26338-B
eitelkeit	40-25166-B
eiter	29-5852-B
eiterbildend pyogen	29-4020-B
eitrig	39-61742-B
eiweiss	29-55925-S
eiweiss protein	4-88350-B
eizelle ovum	46-28834-B
ejakularche	37-38744-B
ejakulat samen sperma	15-29656-B
