0 neunte	45-71296-S
0 zehnte	46-5467-S
1	18-4918-S
1 april	31-72433-B
1 cent muenze 1 cent stueck centmuenze centstueck eincentmuenze eincentstueck	25-69354-B
1 cent stueck centmuenze centstueck eincentmuenze eincentstueck	25-69354-S
1 codes	17-23476-S,19-20969-S
1 euro muenze 1 euro stueck eineuromuenze eineurostueck	25-68554-B
1 euro stueck eineuromuenze eineurostueck	25-68554-S
1 stufiges verb einstufiges verb vokalisches verb	20-70700-B
10	8-88405-S
10 0 zehnte	46-5467-B
10 cent muenze 10 cent stueck zehncentmuenze zehncentstueck	25-68873-B
10 cent stueck zehncentmuenze zehncentstueck	25-68873-S
100 euro schein hunderteuroschein	25-67358-S
15924	23-56841-S
17 jahrhundert 17 jh	28-8732-B
17 jh	28-8732-S
18 jahrhundert 18 jh	28-11601-B
18 jh	28-11601-S
19 jahrhundert	28-21671-B
2 6 diisopropylphenol propofol	45-65687-B
2 cent muenze 2 cent stueck zweicentmuenze zweicentstueck	25-69195-B
2 cent stueck zweicentmuenze zweicentstueck	25-69195-S
2 euro muenze 2 euro stueck zweieuromuenze zweieurostueck	25-68404-B
2 euro stueck zweieuromuenze zweieurostueck	25-68404-S
2 sprachcodes	17-24098-S,17-24301-S
20 cent muenze 20 cent stueck zwanzigcentmuenze zwanzigcentstueck	25-68703-B
20 cent stueck zwanzigcentmuenze zwanzigcentstueck	25-68703-S
21	28-73441-S
2d zweidimensional	34-16667-B
3 codes	11-58214-S
3d dreidimensional	34-16522-B
3α prozess drei alpha prozess heliumbrennen salpeter prozess	45-10236-B
4 diabetes	45-68608-S
4217 code	28-54205-S
4d vierdimensional	41-58037-B
5	7-46821-S,12-47137-S
5 cent muenze 5 cent stueck fuenfcentstueck	25-69025-S
5 cent stueck fuenfcentstueck	25-69025-S
5 fuenf fuenf	8-81553-B
5 stufiges verb fuenfstufiges verb konsonantisches verb	20-70106-B
50 cent muenze 50 cent stueck fuenfzigcentmuenze fuenfzigcentstueck	25-68234-B
50 cent stueck fuenfzigcentmuenze fuenfzigcentstueck	25-68234-S
6	10-5918-S
6 codes	23-31311-S
6 diisopropylphenol propofol	45-65687-S
6 sechs	30-30366-S,47-68800-B
639	47-74806-S
639 1 codes	17-23476-S,19-20969-S
639 2 sprachcodes	17-24098-S,17-24301-S
639 3 codes	11-58214-S
639 6 codes	23-31311-S
7	10-6196-S
7 sieben	11-43946-S,47-68899-B
8	10-6493-S
8 acht	11-44042-S
9	8-72733-S
9 0 neunte	45-71296-B
9 neun	11-44130-S
9 neun neun	8-71254-B
a	31-3286-S,36-54872-B,45-5441-S
a cappella	18-12356-B
a fuer fuer … jeweils je per pro um á	11-25890-B
a h5n1	18-51737-S
a linearschrift a	31-3286-S
a posteriori	40-74865-B
a priori	40-73825-B
a und das o	15-29148-S
a und o	15-29316-B
a und o alpha und omega das a und das o	15-29148-B
a unter anderem	42-32605-S
a vis vis à vis	8-21450-S
a vitamin a1	25-78266-S
a1	25-78266-S
aa exkrement faezes kacka kot stuhl kacke	13-18386-S
aa machen stuhlgang haben defaekieren defaezieren kacken koten scheissen	13-18862-B
aabenraa apenrade åbenrå	8-71380-B
aachen	21-54568-B
aal	18-19114-B
aalborg alborg ålborg	8-71105-B
aalmutter	18-19294-B
aargau	33-43835-S
aargau kanton aargau	33-43835-B
aaron	28-5261-B
aas	44-20228-S
aasfresser	43-63563-B
ab jetzt los nun	46-25936-B
ab raus verzieh dich zieh leine	13-5209-S
ab und zu bisweilen dann und wann gelegentlich manchmal mitunter zuweilen zuzeiten	9-7896-B
abaccá manilahanf	47-23064-B
abacá manilahanf	47-22939-B
abaendern modifizieren umaendern veraendern aendern	7-63251-B
abakus	15-50454-B,18-19603-B,18-19759-B
abalone meerohr seeohr	41-4352-B
abampere	39-33378-B
abartig anomal atypisch unnormal	14-77994-B
abasie	28-58554-B
abbaggern abgrabung abtragung ausbaggern ausgrabung aushebung erdarbeiten erdbewegung grabung grabungsarbeiten	2-83496-B
abbau	1-57873-S,28-36715-S
abbaubar	29-57725-S
abbaubarkeit	1-57739-S,2-20884-B
abbeissen	8-37709-B
abbiegen wenden	9-26600-B
abbild darstellung	8-26205-B
abbildung	25-49362-B
abbildung linearer operator	34-23793-S
abbildung zeichnung	18-19903-B
abbinden abziehen andicken binden legieren	47-27540-B
abblendlicht	42-37956-B
abbluehen verbluehen verwelken welken	21-42794-B
abbrechen	23-25683-B,24-27841-B
abbremsen bremsen	17-36743-B,43-16920-B
abbremsen verlangsamen	16-69638-B
abbrennen	2-5623-S
abbreviatur abkuerzung kuerzel	13-71951-B
abbringen	13-11861-B
abbruch abriss	17-73926-S
abc	40-63015-S
abc buch abcbuch	40-62869-B
abcbuch	40-62869-S
abchasen	9-26766-B
abchasien	17-30767-B
abchasisch	8-73630-B
abchasisch adygisch nordwestkaukasisch	23-38475-B
abdanken	24-61737-B,34-57944-S
abdankung abdikation renunziation thronverzicht verzicht	12-4523-B
abdecken einschliessen	31-31412-B
abdeckung	34-25462-B
abdeckung deckung	2-10594-B
abdikation renunziation thronverzicht verzicht	12-4523-S
abdomen bauch plauze unterleib panzen ranzen wampe wanst	7-57914-B
abdominal	25-16326-B
abdominalgraviditaet bauchhoehlenschwangerschaft peritonealgraviditaet	41-29076-B
abdominoplastik bauchdeckenplastik bauchdeckenstraffung	44-73486-B
abdrehen ausschalten	38-46207-S
abdruck	7-44000-S
abduktor abziehmuskel	41-61661-B
abeba	17-31167-S
abelmoschus	47-23568-B
abend	8-68430-S,9-43942-B,9-44282-B,10-91396-S,16-64152-S,39-55949-S
abend loben mache keine milchmaedchenrechnung man soll das fell nicht verteilen eh man den baeren erlegt hat	47-46246-S
abendbrot nachtessen	10-93283-S
abenddaemmerung	13-48006-B
abendessen abendbrot nachtessen	10-93283-B
abendglocke zapfenstreich	41-27037-B
abendkleid	34-63867-B
abendlich	43-17848-B
abends	10-73140-B
abendzeitung	22-24655-B
abenteuer	29-32277-B
abenteuerlustig	29-32671-B
abenteurer gluecksritter	29-32351-B
aber dagegen jedoch sondern	9-21924-B
aber nun	11-50430-S
aberdeen	32-34087-B
aberglaube	27-20234-B
abermals erneut nochmals wieder wiederholt wiederum	9-79449-B
aberration	31-25374-B,31-25563-B,31-25784-B
abessinien	33-23560-B
abfackelung	2-96839-B
abfahrt	36-42525-B
abfall	4-98580-S,5-70886-S,20-13214-B
abfall apostasie	22-40154-B
abfall muell	16-10142-B
abfallbehaelter	6-12160-B
abfallbehaelter abfallkorb	17-39523-S
abfallbehandlung	6-14768-B
abfallbilanz	6-12001-B
abfallboerse	6-12643-B
abfalleimer muelleimer abfallbehaelter abfallkorb	17-39523-B
abfallentgasung	6-12555-B
abfallgips	6-13269-B
abfallkorb	17-39523-S
abfallrecycling	6-14379-B
abfallsortierung	6-14631-B
abfallverbrennung	3-40351-B
abfangen	22-26677-B
abfaulen	37-26394-B
abfliegen	46-3547-B
abfluss	5-14096-B,28-44672-B
abflussregime	2-33348-B
abflussrohr	12-57921-B
abfrage	34-10098-B
abfragesprache	25-25302-B
abfuehrmittel laxans laxativum	38-31957-B
abfuellen	15-2489-S
abgabe	1-79909-S,3-72446-B
abgas abluft	6-12937-B
abgas auspuffgas	2-84226-B
abgaskatalysator katalysator	1-82384-B
abgeben den weg alles irdischen gehen die augen fuer immer schliessen draufgehen entschlafen heimgehen hinscheiden in die ewigen jagdgruende eingehen ins gras beissen krepieren sein leben aushauchen sterben verrecken verscheiden versterben ueber den jordan gehen ueber die klinge springen den geist aufgeben hops gehen	8-79415-S
abgebrannt blank mittellos pleite	32-53203-B
abgedroschen ausgelutscht	17-61421-S
abgedroschen gefuehlsduselig ruehrselig schmalzig schnulzig	41-72700-S
abgehen scheiden weggehen	36-42429-B
abgeneigt	31-21094-B,37-29798-B
abgenutzt banal abgedroschen ausgelutscht	17-61421-B
abgeordnete abgeordneter	31-60385-B
abgeordneter	31-60385-S
abgesandte	12-56738-B
abgesandter emissaer gesandter sendbote	34-56324-S
abgeschwaecht	21-10098-B
abgespannt abgezehrt ausgezehrt	28-25312-B
abgestelltes fahrzeug verlassenes fahrzeug	1-1343-S
abgewetzt durchgescheuert fadenscheinig	46-74700-B
abgezehrt ausgezehrt	28-25312-S
abgrabung abtragung ausbaggern ausgrabung aushebung erdarbeiten erdbewegung grabung grabungsarbeiten	2-83496-S
abgrenzbar	37-15928-B
abgrenzen	27-37787-B
abgrenzung	26-46980-B
abgrenzung absonderung segregation trennung	42-5875-B
abgrenzung demarkation	22-58571-B
abgrund	20-50429-B,26-37081-B
abgrund kluft schlucht	9-57995-B
abhaengen von	13-63639-B
abhaengig	34-16117-B
abhaengigkeit	34-14523-B,36-42628-B,38-17721-B
abhaengigkeit sucht	18-38505-B
abhaeuten enthaeuten haeuten schinden	37-11886-B
abhaken	34-52121-B
abhandlung	27-25482-B
abhandlung traktat	22-64085-B
abhang	23-28905-B
abhauen	10-24153-S
abheben	24-13403-S
abholzung entwaldung	2-20529-B
abidjan	23-25760-B
abiogenese	35-44101-S
abiotisch	25-54295-B
abiotischer faktor	1-1593-B
abipon	25-49461-B
abissio abscisio abscissio absissio apokope	16-52510-B
abkanten	27-11993-B
abkanzeln anherrschen ausschimpfen	10-87080-B
abkaufen fuer bare muenze nehmen glauben	11-47085-B
abklemmen abschalten abtrennen trennen	37-14519-B
abknallen erschiessen totschiessen	22-40487-B
abkoemmlich entbehrlich erlaesslich	37-34508-S
abkoemmling nachfahr nachfahre nachkomme nachkoemmling	12-43853-S
abkoemmlinge nachfahren nachkommen	42-9844-S
abkomme abkoemmling nachfahr nachfahre nachkomme nachkoemmling	12-43853-B
abkommen	4-10133-S
abkommen abkoemmlinge nachfahren nachkommen	42-9844-B
abkommen konvention	2-5990-B
abkommen vertrag	5-94406-B
abkoten exkrementieren koten scheissen	47-57330-B
abkratzen abnippeln dahinscheiden das zeitliche segnen den arsch zukneifen den loeffel abgeben den weg alles irdischen gehen die augen fuer immer schliessen draufgehen entschlafen heimgehen hinscheiden in die ewigen jagdgruende eingehen ins gras beissen krepieren sein leben aushauchen sterben verrecken verscheiden versterben ueber den jordan gehen ueber die klinge springen den geist aufgeben hops gehen	8-79415-B
abkuehlen	26-42899-S
abkuehlen herunterkuehlen kuehlen	7-89453-B
abkuehlen sich abkuehlen	26-42899-B
abkuehlung	31-34571-S
abkuehlung temperatursenkung	34-10543-B
abkuerzen	28-58370-B
abkuerzen kuerzen	15-46611-B
abkuerzung	16-70994-B
abkuerzung kuerzel	13-71951-S
abkuerzungsdschungel	12-47621-B
ablagerung	2-23818-B
ablammen lammen	47-10185-B
ablassen	10-54753-B
ablatio amputation	13-31674-B
ablatio mammae brustamputation brustentfernung mastektomie	36-69832-B
ablation	28-66159-B
ablativ	39-34510-B
ablativisch	47-38921-B
ablauf	18-74441-B,38-53534-B
ablaufen	26-13291-S
ablaufen auslaufen erloeschen verfallen	14-76627-B
ablaut	47-39049-B
ablehnen nicht moegen	37-30452-B
ablehnung	20-53914-B
ableiten folgern	13-53905-B
ableitung deduktive methode deduktiver schluss	40-56772-S
ableitung derivat derivativum	38-56990-B
ableitung differential	15-4718-B
ablenken	34-56865-B
ablenkung	43-16730-B
ablenkungsmanoever finte roter hering falsche spur	15-43076-B
ablichten fotografieren knipsen photographieren	13-13310-B
abliefern liefern	34-25292-B
abluft	6-12937-S
abmachen	27-19327-B
abmachung vereinbarung	23-30520-B
abmagern abnehmen abspecken	10-65541-B
abnagen	47-41636-B
abnahme rueckgang verminderung verringerung	14-13052-B
abnahme verringerung	41-4438-B
abnegation	28-66322-B
abnehmen abspecken	10-65541-S
abnehmen sich verkleinern sich vermindern sich verringern zurueckgehen	11-60621-B
abnehmend	34-57467-B
abneigung	37-1738-S,37-29187-S,37-30384-B
abnippeln dahinscheiden das zeitliche segnen den arsch zukneifen den loeffel abgeben den weg alles irdischen gehen die augen fuer immer schliessen draufgehen entschlafen heimgehen hinscheiden in die ewigen jagdgruende eingehen ins gras beissen krepieren sein leben aushauchen sterben verrecken verscheiden versterben ueber den jordan gehen ueber die klinge springen den geist aufgeben hops gehen	8-79415-S
abnorm	39-35156-B
abnorm anomal	30-22787-S
abnormitaet	28-66430-B
abolitionismus	39-35254-B
abolitionist	22-56091-B
abonnement	34-55151-B
abonnent	34-54910-B
aborigine	28-57382-B
aborigine gebaerdensprache	25-46797-B
abort	20-19705-B
abort abtritt klo klosett lokus toilette wc stilles oertchen oertchen	8-25208-B
abort fehlgeburt spontanabort	31-63110-B
abortiv abtreibend	33-77216-B
abortivum abtreibungsmittel	33-77066-B
abprall rueckprall rueckschlag	40-35841-B
abprallen zurueckfedern zurueckprallen zurueckschnellen zurueckspringen	40-36382-B
abpressen	39-1195-S
abraham lincoln	31-14991-B
abraum	4-41685-B
abraumhalde	5-59434-B
abrechnung rechnung	20-54429-B
abreissen	24-16589-B,26-47163-B,27-19932-B
abreissen niederreissen abbruch abriss	17-73926-B
abrichten dressieren	34-57641-B
abriss	17-73926-S
abriss gebaeudeabriss	6-67785-B
abruesten	21-40331-B
abrupt auf einmal aus heiterem himmel jaeh schlagartig unvermittelt unversehens urploetzlich	25-16405-S
abrupt schlagartig unvermittelt urploetzlich	9-2943-S
abruzzen	34-44244-B
abruzzesisch	23-50992-B
abs antiblockier bremssystem antiblockiersystem	42-51164-B
absatteln	43-60933-B
absatz	20-5792-B
absatznetz	19-41621-B
abschaffen	10-94053-B,28-68064-B
abschaffung aufhebung beseitigung	24-62236-B
abschalten abtrennen trennen	37-14519-S
abscheider	5-29226-B
abscheu ekel	14-78192-B
abscheulich schaendlich suendhaft	38-12497-B
abscheulich schmaehlich schaendlich skandaloes unerhoert ungeheuerlich	37-71816-B
abscheulich verabscheuenswert verabscheuenswuerdig	13-65918-B
abschicken absenden aufgeben entsendung versand versenden	34-6651-S
abschiednehmend	36-2098-B
abschiedsbrief	25-47295-B,25-47502-B
abschirmeinrichtung	5-31622-B
abschirmen	27-175-B
abschirmung	5-21691-B
abschirmung mantel reaktormantel	2-3524-B
abschleifend	14-78759-B
abschlieβen	34-57835-B
abschluss	45-73704-B
abschlusspruefung	45-43355-B
abschmecken wuerzen	36-12370-B
abschneiden abtrennen aufbrechen aufschneiden aufteilen durchschneiden schneiden schnitzen teilen unterbrechen zerlegen zerschneiden zerteilen zertrennen	8-47846-B
abschneiden abtrennen aufschneiden aufteilen durchschneiden zerschneiden zerteilen zertrennen	8-60015-B
abschnitt	19-78371-B
abschnitt etappe teilstrecke	7-81698-B
abschrecken	36-64318-B
abschreckend	36-64379-B
abschreckung	7-37846-B
abschreckungsmittel	2-26106-B
abschreibung	6-31235-B
abschweifen	20-27820-B
abschwoerung	20-19672-B
abscisio abscissio absissio apokope	16-52510-S
abscissio absissio apokope	16-52510-S
absehen	19-23059-S
abseilen	40-70305-B,40-70457-B
absenden aufgeben entsendung versand versenden	34-6651-S
absendung abschicken absenden aufgeben entsendung versand versenden	34-6651-B
absentismus	29-4129-B,40-81341-B
absenz	22-25619-B
absicht	18-56980-S,22-26385-B
absichtlich	38-60892-B
absichtlich bewusst mit absicht	18-56980-B
absinken	5-67832-B
absinth absinthe gruene fee	31-4606-B
absinthe gruene fee	31-4606-S
absissio apokope	16-52510-S
absolut	10-80811-B,18-28942-B,30-69498-B
absolute helligkeit	35-31275-B
absolute monarchie	26-35798-S
absolute temperatur thermodynamische temperatur	38-52528-B
absoluter fehler	26-10882-B
absoluter nullpunkt	25-34819-B
absolutes gehoer	28-16021-B
absolution	29-5792-B
absolutismus absolute monarchie	26-35798-B
absolutistisch	26-36197-B
absolutiv	44-18789-B
absonderung segregation trennung	42-5875-S
absorbieren	30-69634-B
absorbierend absorptiv	29-7336-B
absorption	1-1695-B,33-26238-B
absorptionsfaehigkeit	40-73613-B
absorptiv	29-7336-S
abspecken	10-65541-S
absperrung barriere	11-44310-B
abstammung	30-17646-B
abstauben entstauben	14-26461-S
abstecher	46-10141-B
abstehende ohren	45-14935-S
abstillen	47-28555-B
abstimmdiode kapazitaetsdiode varaktor varicap	40-27004-B
abstimmen	17-39171-S
abstinenz enthaltsamkeit	22-29689-B
abstinenzler	15-662-B
abstrakt	25-62514-B,28-4356-B,28-16816-B,28-16881-B
abstrakte kunst	24-36629-B
abstraktionismus	39-45748-B
abstraktum	17-51866-B
absurd	11-72369-B
abszess	15-0-B
abt	12-4913-B
abtastrate	28-59751-B
abtauen	36-24872-B
abtausch abwaegung kompromiss tausch	38-45762-B
abtei	15-50326-B
abtei kloster konvent	11-69282-B
abteilich	40-40915-B
abteilich aebtlich	40-39504-B
abteilung	20-67003-B,32-6882-B
abtoenen	26-47909-B
abtraeglich feindlich feindlich gesinnt feindselig nachteilig schaedlich unfreundlich unhold	42-36558-B
abtraeglich schaedlich	36-65236-B
abtragung ausbaggern ausgrabung aushebung erdarbeiten erdbewegung grabung grabungsarbeiten	2-83496-S
abtreiben	30-69378-B
abtreiben treiben	34-56107-B
abtreibend	33-77216-S
abtreiber	39-35341-B
abtreibung interruptio schwangerschaftsabbruch	31-63442-B
abtreibungsarzt	39-35482-B
abtreibungsmittel	33-77066-S
abtrennen aufbrechen aufschneiden aufteilen durchschneiden schneiden schnitzen teilen unterbrechen zerlegen zerschneiden zerteilen zertrennen	8-47846-S
abtrennen aufschneiden aufteilen durchschneiden zerschneiden zerteilen zertrennen	8-60015-S
abtrennen trennen	37-14519-S
abtreten die platte putzen die szene verlassen in rauch aufgehen sich in luft aufloesen sich in nichts aufloesen	20-5157-B
abtritt klo klosett lokus toilette wc stilles oertchen oertchen	8-25208-S
abtrockentuch geschirrtuch	37-27429-B
abtrocknen eintrocknen trocknen	34-56237-B
abtruennige	28-28837-B
abu dhabi	19-59265-B
abugida	25-51858-B
abuja	12-42790-B
abulie	39-46654-B
abwaegen	27-26734-B
abwaegung kompromiss tausch	38-45762-S
abwaerme	6-13382-B
abwaermeabgabe	6-13559-B
abwaerts herab hernieder herunter hinab hinunter runter	8-6508-B
abwaschbecken	14-20518-B
abwaschtuch spuellappen spueltuch	37-27301-B
abwasser	6-15024-B,21-71530-B
abwasserabgabe	6-15269-B
abwasserreinigung	6-94914-S
abwassertank	5-29343-B
abwechseln	18-67163-B
abwechselnd	31-32709-B
abwegig	42-25161-B
abweichen	34-58481-B
abweichend variiert veraendert	40-42947-B
abweichung	36-67573-B,47-23880-B
abwenden	31-22097-B,31-22343-B
abwerfen	43-61479-B
abwerten devaluieren	36-67237-B
abwertend pejorativ	39-79998-B
abwertung	18-65986-B
abwertung entwertung	18-64313-B
abwesend geistesabwesend zerfahren zerstreut	15-406-B
abwesend nicht da weg	13-30632-B
abwesenheit	15-168-B
abzeichnen	19-68671-S,27-10056-S
abzeichnen paraphieren unterzeichnen	41-9630-B
abziehen	18-75173-B,19-71812-B,20-48661-B
abziehen andicken binden legieren	47-27540-S
abziehmuskel	41-61661-S
abzug	34-15011-B,34-58192-B
abzugsfaehig	36-16595-B
abzugsposten	36-16698-B
abzym	21-41078-B
abé	25-16062-B
accelerometer beschleunigungsmesser beschleunigungssensor	37-35155-B
accio	9-45206-B
accra	29-14287-B
acephal azephal	25-16850-S
acephalie azephalie	39-45855-B
acerno	25-58784-B
acerola acerolakirsche ahornkirsche antillenkirsche azerola jamaika kirsche kirsche der antillen puerto rico kirsche westindische kirsche	36-32887-B
acerolakirsche ahornkirsche antillenkirsche azerola jamaika kirsche kirsche der antillen puerto rico kirsche westindische kirsche	36-32887-S
acerolakirsche ahornkirsche antillenkirsche jamaika kirsche puerto rico kirsche westindische kirsche	36-33466-B
acerolasaft	36-33347-B
acetaldehyd essigsaeurealdehyd ethanal ethylaldehyd	17-47197-B
acetat	25-63339-B
acetat azetat	25-62912-B
acetat bleiessig bleizucker essigsaures blei essigsaures bleioxyd	44-22884-S
acetylenkohlenwasserstoff alkin	17-81027-B
ach was	23-11603-B
achaemenidenreich altpersisches reich	24-9802-B
achang	16-30368-B
achat	39-7668-B
achatschnecke ostafrikanische riesenschnecke	47-14319-S
acheiropoietisch	47-39836-B
acheiropoieton	47-39948-B
achomawi achumawi	25-16985-B
