sessel stuhl	8-67584-B
setswana	9-74050-B
setzen	45-3377-S,47-65671-S
setzen alle hebel in bewegung setzen	45-3377-S
setzen in die enge treiben	44-8299-S
setzen sich hinsetzen	9-58338-S
setzen zurueckstellen uebergehen	47-72548-S
setzung	10-38925-B
seufzen	19-32566-B
sevilla	20-13951-B
sex	14-5855-B
sex haben bumsen einen wegstecken ficken koitieren voegeln	10-52226-S
sex haben es treiben es tun ficken in die kissen steigen in die kiste springen knaeggern miteinander schlafen pimpern roedeln schnackseln sich dem liebesspiel hingeben sich der schoensten nebensache der welt widmen voegeln	10-55072-S
sexbombe	10-69969-S
sexismus	45-18724-B
sexist	45-18991-B
sexistisch	45-19123-B
sexologe	16-35505-B
sexpartner	31-66149-S
sextant	28-2228-B
sexualdimorphismus	38-34420-S
sexualforschung	16-35240-B
sexualitaet	36-17723-B
sexualorgan aeusseres geschlechtsorgan	40-43087-B
sexuell	32-11928-B,38-46546-B
sexuell uebertragbare krankheit	21-30280-S
sexuelle selektion	38-32885-B
sexueller hoehepunkt	19-25376-S
sexy	7-77903-B
seychellen	12-26792-S
seychellen republik der seychellen	12-26792-B
seychellenkreol	23-49308-S
seychellenpalme	46-43208-B
sezessionskrieg	31-8202-S
sezuan sichuan	31-67236-S
shaanxi	31-67085-S
shaker	33-20369-S
shaker salat dressing shaker	33-20369-S
shampoo	15-62364-S
shangaan thonga tsonga xitsonga	30-37277-B
sharonfrucht	39-69669-S
shaw alphabet	12-65122-B
shf schenkelhalsbruch schenkelhalsfraktur	33-18771-S
shigellendysenterie shigellenruhr shigellose	47-16584-S
shigellenruhr shigellose	47-16584-S
shigellose	47-16584-S
shii take	41-19793-S
shiitake pasaniapilz shii take	41-19793-B
shinto shintoismus	33-61390-B
shintoismus	33-61390-S
shirt	11-42542-S
shiso	33-61656-S
shit	13-16886-S
shona	16-24332-S
shooter	46-43897-S
shoppen	26-28436-S
shoshone	27-38438-B
show vorstellung	5-33235-B
shredder	5-33457-B
shunt	29-22-B
sialadenitis sialoadenitis	41-63292-B
sialagogisch speichelanregend	22-38815-B
sialoadenitis	41-63292-S
siano	11-28768-B
sibilant	44-26637-S
sibilantisch	44-26839-B
sibirischer tiger	22-27672-S
sicca	41-77854-S
sich	40-10162-S
sich abheben	24-13403-B
sich abkuehlen	26-42899-S
sich abzeichnen	19-68671-B,27-10056-B
sich aendern	7-63105-S
sich amuesieren sich vergnuegen	28-38183-S
sich ankleiden sich anziehen sich kleiden	14-27336-B
sich anpassen	24-11515-B
sich anschliessen	16-40411-S,29-38587-B,29-67809-B
sich anschnallen	26-33881-B
sich anziehen sich kleiden	14-27336-S
sich aufhaengen sich aufknuepfen sich den strick nehmen	42-14815-S
sich aufknuepfen sich den strick nehmen	42-14815-S
sich aus etwas herauswinden	21-43507-B
sich auskleiden sich entkleiden	27-41597-S
sich ausziehen sich auskleiden sich entkleiden	27-41597-B
sich beanspruchen	23-62626-S
sich beherrschen	27-27861-B
sich bekreuzigen	27-1107-B
sich bemerkbar machen	19-68737-B
sich benehmen sich gut betragen	13-29602-B
sich beruhigen	8-557-B
sich beschaffen	19-31294-B
sich beschimpfen	22-26166-B
sich beschweren	10-85477-B,46-58540-B
sich betrueben	34-34772-B
sich bewerben um	21-25361-B
sich bewoelken sich zuziehen	23-61632-B
sich bilden	26-59234-B
sich binden	24-16561-B
sich bringen zur folge haben	38-7873-S
sich bruesten sich ruehmen	22-7831-B
sich darstellen	24-13262-B,27-10326-B
sich das leben nehmen sich entleiben sich toeten sich umbringen	37-65010-S
sich dem liebesspiel hingeben sich der schoensten nebensache der welt widmen voegeln	10-55072-S
sich demokratisieren	37-26859-B
sich den strick nehmen	42-14815-S
sich der schoensten nebensache der welt widmen voegeln	10-55072-S
sich die kugel geben	42-14551-S
sich durchbringen ueber die runden kommen	43-41256-B
sich durchsetzen	20-21035-B,22-19567-B,26-44686-B
sich durchsetzten	27-8743-B
sich duschen	45-40313-S
sich einfuegen	27-10243-B
sich einigen	28-15766-S
sich einschreiben	39-22554-B
sich entkleiden	27-41597-S
sich entleiben sich toeten sich umbringen	37-65010-S
sich entschuldigen	30-31535-B
sich entspannen	37-36934-B
sich entziehen	27-11699-B
sich erbrechen sich uebergeben vomieren	7-73574-S
sich ereignen	13-65097-S
sich erhaengen sich aufhaengen sich aufknuepfen sich den strick nehmen	42-14815-B
sich erheben	24-14732-B
sich erhitzen	23-25169-B
sich erholen	33-33336-S
sich erinnern	13-35703-S
sich erkaelten	43-47900-B
sich erschiessen sich die kugel geben	42-14551-B
sich ertraenken ins wasser gehen	42-14978-B
sich erwaermen	23-25057-B
sich erweisen	19-67365-B
sich etablieren	20-20992-B
sich etwas vornehmen	19-69283-B
sich festlaufen	20-31286-S
sich fetzen sich streiten sich zanken sich zoffen	43-29963-B
sich fuehlen	19-74593-B
sich gegenseitig durchdringen	26-36814-B
sich gegenueberstellen	19-68630-B
sich gehoert	24-11544-S
sich gestalten	27-9816-B
sich gliedern	27-9795-B
sich gut betragen	13-29602-S
sich hinhocken	41-84454-S
sich hinknien sich niederknien	39-6352-S
sich hinsetzen	9-58338-S
sich hintraeumen wegschwimmen	11-15211-S
sich hocken in die hocke gehen sich hinhocken	41-84454-B
sich hueten	32-25601-B,40-5197-S
sich in luft aufloesen sich in nichts aufloesen	20-5157-S
sich in nichts aufloesen	20-5157-S
sich irren	14-59028-S
sich kleiden	14-27336-S
sich knien sich hinknien sich niederknien	39-6352-B
sich kuemmern	30-68556-B
sich kuemmern um	26-46755-B
sich leisten	29-40285-B
sich neigen	14-43718-B
sich niederknien	39-6352-S
sich oeffnen	40-67655-B
sich prostituieren	41-83871-B
sich roeten	12-3170-S
sich ruehmen	22-7831-S
sich ruesten	14-39669-B
sich satt essen	42-12721-B
sich scheiden lassen	29-6573-B
sich schicken	27-9633-B
sich schicken tolerieren	14-49571-S
sich schlaengeln	13-55774-S
sich schneiden	27-10264-B
sich selbst befriedigen	47-62106-S
sich selbst bestimmen	25-16241-B
sich selbst preisen	25-16203-B
sich setzen sich hinsetzen	9-58338-B
sich sorgen machen	45-42995-S
sich spannen	27-11778-B
sich stauen	23-62539-B
sich stoeren an stoeren aergern	43-68111-S
sich stoff beschaffen	10-51835-B
sich streiten sich zanken sich zoffen	43-29963-S
sich streiten sich zanken streiten zanken	47-55915-B
sich toeten sich umbringen	37-65010-S
sich ueberessen sich ueberfressen	41-38492-B
sich ueberfressen	41-38492-S
sich uebergeben vomieren	7-73574-S
sich umbringen	37-65010-S
sich umkehren	24-11691-B
sich umziehen	7-68611-B
sich unterhalten	33-21615-S
sich unterhalten sprechen	9-42184-S
sich unters messer legen	43-3309-B
sich unterwerfen	47-62026-B
sich veraendern sich wandeln sich aendern	7-63105-B
sich verbilligen	20-39832-B
sich verbruehen	29-56629-B
sich verdichten	27-9851-B
sich verdoppeln sich verzweifachen	22-38375-B
sich verdreifachen	22-38266-B
sich verdunkeln	37-25651-S
sich verflechten	27-10289-B
sich verfluessigen	22-15501-B
sich verfuenffachen	22-15842-B
sich vergiften	42-14711-B
sich vergnuegen	28-38183-S
sich verheiraten	46-53497-B
sich verkleinern sich vermindern sich verringern zurueckgehen	11-60621-S
sich verlangsamen	43-78541-B
sich verlassen	27-9764-B
sich verlesen	37-33298-B
sich verloben	17-39883-B
sich vermindern sich verringern zurueckgehen	11-60621-S
sich verpflichten	19-68780-B
sich verringern zurueckgehen	11-60621-S
sich versammeln	10-91851-B
sich verschanzen	20-39270-B
sich verschreiben	34-35825-B
sich versechsfachen	44-28646-B
sich verstaerken verstaerken	17-85416-B
sich vertippen	34-35929-B
sich vertraut machen	29-17671-B
sich vervierfachen	22-16687-B
sich verzweifachen	22-38375-S
sich vornehmen	24-13292-B
sich wandeln sich aendern	7-63105-S
sich weigern verweigern	38-39621-B
sich weiten	44-21795-B
sich widersetzen	24-13315-B
sich wieder durchsetzen	27-11636-B
sich wiederverheiraten	31-65207-B
sich zanken sich zoffen	43-29963-S
sich zanken streiten zanken	47-55915-S
sich zeigen	27-16535-B
sich zoffen	43-29963-S
sich zu helfen wissen	20-39010-B
sich zulegen	27-10026-B
sich zuziehen	23-61632-S
sichelzellanaemie sichelzellenanaemie	38-34135-S
sichelzellenanaemie	38-34135-S
sicher	10-80537-B,14-55252-S
sicher sicherlich	32-45479-S
sicher unzweifelhaft	12-58332-S
sicherheit	3-54186-S,4-29148-S,5-14672-B,6-96308-S,36-44669-B
sicherheit in der informationstechnik	20-72926-S
sicherheit sicherheit in der informationstechnik	20-72926-S
sicherheitsarrest sicherheitsverwahrung	45-6799-S
sicherheitsgurt	20-68807-B
sicherheitsmassnahme	5-14774-B
sicherheitsrat der vereinten nationen un sicherheitsrat weltsicherheitsrat	10-60156-S
sicherheitsrat sicherheitsrat der vereinten nationen un sicherheitsrat weltsicherheitsrat	10-60156-B
sicherheitsrat weltsicherheitsrat	10-60156-S
sicherheitsstandard	5-15217-B
sicherheitsstudie	5-15452-B
sicherheitssystem	6-35719-B
sicherheitstechnik	18-4034-B
sicherheitsverwahrung	45-6799-S
sicherheitsvorschrift	5-14981-B
sicherlich	32-45479-S
sicherungsverwahrung sicherheitsarrest sicherheitsverwahrung	45-6799-B
sicht	25-21166-B,27-29603-B
sichtbar	11-47031-B,38-44508-B
sichtbarkeit	27-27326-B
sichtweise standpunkt	40-16840-S
sichuan	31-67236-S
sichuan yi	28-40375-B
sick building syndrom	5-33735-B
sidama	16-25469-B
siderophil	45-39073-B
sie	7-48132-B,11-515-B,11-8424-B,11-9822-B,11-10151-B,12-50994-B,14-31986-B,45-42489-S
sie das wem sagst du das	40-28944-S
sie laut sagen erzaehl mir was neues wem sagen sie das wem sagst du das	40-28944-S
sieb	34-44535-S,44-34807-B
siebbein	46-34007-B
sieben	11-43946-S,40-86705-S,47-68899-S
sieben 7	10-6196-B
sieben 7 sieben	11-43946-B
siebeneck	16-17344-S,32-38186-B
siebeneckig	16-12157-S
siebenhundert	46-55360-B
siebenjaehrlich	38-26729-B
siebentausend	46-27147-B
siebente siebte	45-44286-B
siebenunddreissig	10-19719-B
siebenundfuenfzig	10-27821-B
siebenundsiebzig	45-63132-B
siebenundvierzig	10-26958-B
siebenundzwanzig	10-17783-B
siebte	45-44286-S
siebtel	37-19212-B
siebung	5-34231-B
siebzehn	10-8669-B
siebzehneck	16-15596-S
siebzig	10-11536-B
siedekessel	1-67236-S
sieden	12-32611-B,20-75347-B
sieden kochen	14-8755-B
siedepunkt	1-67414-B
siedlung	3-31491-B,22-22982-B,36-34855-S
siedlungsverdichtung	5-30294-B
sieg	13-40820-B,14-1727-B
siegelring	43-5834-B
siegen	15-7090-S
sieger	31-40434-S,31-52306-S
siegestrunken	41-46404-B
siegeszeichen trophaee	14-12148-B
sieghaft siegreich	41-45152-B
siegreich	41-45152-S
siehe oben	43-29405-S
siehe unten	43-29219-S
siem reap	25-6837-B
siemens	14-5071-B
sierra leone	12-23404-B
sierra leonische gebaerdensprache	30-49816-B
siesta	11-51754-S,36-17956-S
sievert	14-5244-B
signal	9-42126-B
signifikant	28-14997-S
silbe	9-73570-B
silbenschrift	9-73335-B
silbentrennung	23-6813-B
silber	5-35988-B
silber pappel weiss pappel	39-43824-B
silberbergwerk silbermine	33-55485-B
silberfarben silberfarbig silberglaenzend silberig silbern silbrig	16-59684-B
silberfarbig silberglaenzend silberig silbern silbrig	16-59684-S
silberglaenzend silberig silbern silbrig	16-59684-S
silberhaarig	45-55354-S
silberhell silberig silbern silbrig	16-59851-B
silberig silbern silbrig	16-59684-S,16-59851-S
silberloewe kuguar	11-65609-S
silbermedaille	34-34363-B
silbermine	33-55485-S
silbern	16-61873-B
silbern silbrig	16-59684-S,16-59851-S
silberring	36-45671-B
silbrig	16-59684-S,16-59851-S
silicium silizium	5-34520-B
silikonverbindung	4-40272-S
silizium	5-34520-S
silo	5-35535-B
silvester	16-60242-B
simbabwe	12-19562-B
simbabwische gebaerdensprache	30-47617-B
simpel spaten spatzengehirn spatzenhirn stiesel strohkopf tor tropf trottel vollhonk vollpfosten	8-49041-S
simsen	42-14156-S
simulation	5-36565-B
sind	9-20365-B,9-20439-B
sind sie	45-42489-S
sindarin	35-43001-B
sindhi	9-47097-B
sines	25-74394-B
sinfonie	14-33235-B
sinfonisch symphonisch	46-79415-B
singapur	12-21675-B,28-52172-B
singapurische gebaerdensprache	30-49731-B
singen	7-62286-B
singhalesisch sinhala	16-24128-B
singhalesische schrift	22-61174-B
single	41-26042-S
single mutter	43-31164-S
singular	17-62485-S
singularetantum	29-38959-B
singvogel	5-51489-B
sinhala	16-24128-S
sinisierung	31-64168-B,31-64334-B
sinken	14-20449-B,24-11477-B
sinkiang uigurisches autonomes gebiet xinjiang xinjiang	33-50574-B
sinkkasten strassenablauf	40-37809-S
sinn	21-68400-B,40-45477-S,40-46270-B
sinn gespuer	34-51202-S
sinn wortsinn	21-68186-S
sinnen	8-42461-S
sinnieren ueberlegen sinnen	8-42461-S
sinnliche ausschweifung	36-6548-S
sinnvoll	8-34250-B,8-34391-B
sino tibetische sprache	15-25268-B
sintflutartig	25-55032-B,44-38592-B
sinusitis	36-25607-S
sip telefon	45-66900-S
siphon	29-52373-B
sirene maennermordender vamp	39-40136-S
sirup	31-7047-B
sisal	25-9645-S
sisal agave sisal	25-9645-B
siswati	28-72884-B
sit up	18-25911-S
sitcom situationskomik	44-76738-B
sitte	27-30483-S
sittich	15-39268-B
sittsamkeit	26-33507-B
situ	3-50373-S
situation	38-59804-B
situationskomik	44-76738-S
sitz	10-45013-B
sitz sitzgelegenheit	8-67421-B
sitzbank	10-75118-S
sitzen	8-42676-B
sitzflaeche	10-44888-B
sitzfleisch kaecker	14-51561-S
sitzgelegenheit	8-67421-S
sitzrohr	46-32647-B
sitzstrebe	46-31031-B
sitzung	27-8200-B
siwerskyj donez	44-36728-S
siwuri tuwili tuwuli	25-72893-S
sixpack waschbrettbauch	43-17636-B
sizilianisch	11-58676-B,23-51055-S
sizilien	21-57437-B
skala	26-28643-B
skalierbarkeit	34-22721-B
skandal	18-83927-S
skandaloes unerhoert ungeheuerlich	37-71816-S
skandinavisch	13-74534-S,43-48868-B
skandium	14-59118-S
skelett gerippe	15-47865-B
skeptisch	46-72071-B
ski fahren ski laufen	19-32388-S
ski laufen	19-32388-S
skifahren skilaufen	5-36826-S
skifahrer	19-31449-B
skilanglauf	30-17843-B
skilaufen	5-36826-S
skipiste	6-51768-B
skizze	14-72419-B
skizzieren	23-7339-B
sklave	14-23915-B
sklavenaufstand	40-48148-B
sklavenbesitzer	21-1820-S
sklavenhalter sklavenbesitzer	21-1820-B
sklavenhaltung	21-1685-S
sklavenjunge	36-65130-B
sklavenmaedchen	36-65015-B
sklavenschiff	46-3128-B
sklavenstaat	36-69375-B
sklaventum sklaverei	21-1426-B
sklaverei	21-1426-S
sklaverei sklavenhaltung	21-1685-B
sklavisch	27-8597-B,40-45891-B,40-61489-B
skleritis	41-74911-B
sklerose	36-20343-S,45-48189-S
sklerotherapie	27-45542-B
skopje	14-70672-B
skorbut	41-86164-B
skorpion	24-27730-B,26-24893-B
skorzenerwurzel spanische schwarzwurzel winterspargel	34-24533-S
skript	45-67221-S
skrotal	25-45805-B
skrotum	14-15270-S
skrupellos	36-62036-B
skulptur	34-18347-B
skunk stinktier	43-64113-B
skypen	11-21739-B
skyper	11-23053-B
slang	9-65577-S
slawische sprache	14-11210-B
slip unterhose	39-23378-S
slonzakisch wasserpolnisch	32-9838-S
slowake	14-47837-B,14-47934-B
slowakei slowakische republik	12-20281-B
slowakin	14-46465-B
slowakisch	8-80824-B,10-65629-B
slowakische gebaerdensprache	30-49649-B
slowakische republik	12-20281-S
slowene slowenin	15-68966-B
slowenien	11-41702-B
slowenin	15-68966-S
slowenisch	8-81387-B,15-69101-B
slum	36-34372-B
slytherin	9-56901-B
smaragd	38-3902-B,41-7042-B
smaragden smaragdgruen	28-56420-B
smaragdgruen	28-56420-S,38-4040-B,41-7246-B
smartcard	25-64949-S
smartphone	37-35038-B
smiley	15-57352-S
smoergåsbord	12-30353-S
smog	4-59128-S,5-39065-B
smogwarnung	5-39186-B
smoking	22-51095-B
smoothie	44-35670-B
sms nachricht textnachricht	45-43069-S
sms sms nachricht textnachricht	45-43069-B
smsen simsen	42-14156-B
snacken	19-60932-S
snooker	24-239-B
snowboarden	30-16621-B
so	46-24883-S
so bald wie moeglich	41-2053-S
so jetzt so nun	9-81294-S
so nun	9-81294-S
so so jetzt so nun	9-81294-S
so stur wie ein esel stur wie ein esel stur wie ein panzer stoerrisch wie ein esel	41-58710-B
so tun als ob vorgeben	22-7497-B
so weil	46-25109-S
so weit kommen	27-3765-B
so weiter usw	31-49844-S
soap	24-4854-S
soba	33-49508-B
sobald	19-27554-B,19-27612-B
socke strumpf	8-89600-B
sockel	25-16672-B
sockenpuppe	30-25098-B
