penultimate next to last	16-30067-B
penumbra	25-79675-B
penurious stingy	28-25612-S
penuriousness stinginess	44-14187-S
penury poverty privation	36-61156-S
people	14-3315-B,14-3554-B,39-55279-S,43-48579-S
people pastoral tribe	31-47763-S
people s democratic republic laos	11-40068-S
people s democratic republic of algeria	7-95968-S
people s libyan arab jamahiriya libya	11-75105-S
people s republic of bangladesh	11-19480-S
people s republic of china	12-28582-S,12-40229-S
people s republic of korea north korea	12-31196-S
people the great unwashed	39-55442-B
peparatory measure preliminary preparatory work spadework	47-58706-S
pepper	8-32865-B,11-24181-B,11-25754-S,16-22030-S,26-2311-S,31-62780-B,35-52613-S
pepper bell pepper capsicum sweet pepper	11-25754-B
pepper capsicum sweet pepper	11-25754-S
pepper chile pepper pepper	16-22030-S
pepper cress pepper grass pepperwort poor man s pepper	26-2311-S
pepper grass pepperwort poor man s pepper	26-2311-S
pepper mill	33-10916-B
pepper pepper	16-22030-S
pepper sauce	35-52751-S
pepper shaker	40-65365-B
peppermint	36-66940-B
peppermint tea	22-43533-S
pepperwort poor man s pepper	26-2311-S
peptidase protease	23-23500-B
peptide	23-23669-B
peptide bond	23-23965-B
peptide protein	4-88350-S
per annum	15-59911-S
per capita income	28-19098-B
per fess	32-47133-S
per fess per fess	32-47133-S
per pale	32-47114-B
per second	29-11602-S
per second symbols per second	29-11602-S
peradventure perchance perhaps possibly	16-39712-S
perceive	19-20591-B,36-53802-S
percent	15-10969-B
percentage	15-10816-B
perception	5-10315-S,17-57207-B
perception threshold	29-50399-B
perceptive perspicacious	37-13113-S
perchance perhaps possibly	16-39712-S
perchlorinate	37-31170-B
perchlorinated	37-31655-B
perchloroethylene tetrachloroethene	4-49871-B
percolation	3-45502-S
percolator	12-75052-S
peregrine	42-3956-B
perennial	23-24169-B
perfect	17-70594-S
perfect flawless	14-3188-B
perfect is the enemy of good perfection is the enemy of good perfection is the enemy of the good the perfect is the enemy of the good	47-5185-B
perfect is the enemy of the good	47-5185-S
perfect pitch	28-16021-S
perfection is the enemy of good perfection is the enemy of the good the perfect is the enemy of the good	47-5185-S
perfection is the enemy of the good the perfect is the enemy of the good	47-5185-S
perfectionism	46-18536-B
perfectionist	46-18735-B
perfectionistic	46-18944-B
perfectly	32-44552-B
perfidy treachery	10-62906-S
perforate	24-6843-S
perforation	12-56632-B
perform	18-0-B
performance	14-76059-S,14-76226-S,19-23091-S,19-23116-B,19-23233-B,23-54900-B,26-54639-B
perfume	16-48373-B
perfume essence	11-78410-B
pergalo	46-68243-B
perhaps possibly	16-39712-S
periastron	26-24277-B
pericarditis	31-38878-B
perigee	25-32416-B
perihelion	25-55709-B
perilla	33-61656-B
perilous risky	8-68617-S
perimeningitis	41-78934-S
perimeter	15-2214-S,27-23414-B
perineal	42-27940-B
perineal laceration perineal rupture perineal tear	42-27688-B
perineal rupture perineal tear	42-27688-S
perineal tear	42-27688-S
perineum	29-8730-B
period	13-72768-S,14-39090-S,24-5570-B
period menorrhea menorrhoea menses menstrual period menstruation monthlies	13-72892-B
period menstruation monthlies	13-72892-S
period puerperium	38-54568-S
periodic	26-21068-B
periodic table	12-3567-B
periodical	17-15439-S,34-64662-S
periodical publication periodical	34-64662-B
periostitis	41-57356-B
peripapillary	45-13605-B
periphyton	4-50201-B
perish pop off snuff it	8-79415-S
perish with cold	41-5905-S
peritoneum	42-35256-B
peritonitis	41-65984-B
periurban space	6-67345-B
perjury	10-60785-S
permafrost	12-19063-B
permanent	28-50471-S
permeability	4-50357-B
permeameter	47-31669-B
permeating pervading	38-54469-S
permissible exposure limit	4-50476-B
permission	4-63996-S
permission willingness	35-18920-S
permit	6-70048-S,11-763-S,18-7181-S,23-29216-S
permit construction permit	6-70048-S
pernicious pestilent	42-11415-S
pernicious subtle	28-22730-S
peronism	46-21908-S
peroxyacetylnitrate	4-50786-B
perpendicular upright	20-63426-S
perpendicular vertical	27-23431-B
perpendicularly	27-23535-B
perpetually	9-72054-S
perplexity	36-3321-S
persecution	23-29254-B
perseids	27-36522-B
perseverance	10-66177-S
perseverant perseverent persevering	37-50741-S
perseverent persevering	37-50741-S
persevering	37-50741-S
perseveringly	43-14210-B
persian	16-66173-S,16-66276-S
persian calendar	29-42408-S
persian empire	24-9802-S
persian gulf	28-48636-B
persian perso arabic	24-17794-S
persian walnut common walnut walnut walnut tree	29-9719-S
persian western farsi	8-78287-S
persimmon	39-69669-S
persimmon japanese persimmon kaki persimmon	39-69669-S
persimmon kaki persimmon	39-69669-S
persipan	42-77943-S
persistence	4-50947-B,19-21112-B
persistence of pesticides	4-51377-B
perso arabic	24-17794-S
person	2-31831-S,2-34557-S,13-21389-S,13-21473-S,13-21646-S,16-11017-S,17-77958-S,17-78182-S,17-78448-S,23-58064-S,27-8718-S,37-42322-S,39-22239-S,39-49170-S,41-26042-S,46-71558-S
person household	44-5132-S
person individual somebody someone	13-27957-B
person negro negroid blackamoor	14-54521-S
person severely handicapped person	37-42322-S
person shooter	46-43897-S
personal computer	11-33293-S
personal flotation device	45-58054-S
personal physician	45-57273-B
personal pronoun	14-65666-B
personality	19-22113-S,34-36445-B
personality juridical personality juristic personality legal personality	19-22113-S
personality juristic personality legal personality	19-22113-S
personality legal personality	19-22113-S
personnel department	20-66682-S
perspective	24-64521-S
perspicacious	37-13113-S
perspiration sudor	43-52703-S
perspiration transpiration	43-54018-S
perspiratory gland sudoriferous gland	43-52117-S
perspire sweat	43-52956-B
persuade	16-52024-B,20-20298-S
persuasion	4-7019-S,16-52248-B
pertain	12-15538-B
pertinence relevance remarkableness significance	20-12119-S
perturb unhinge	27-26084-S
pertussis whooping cough	39-3744-S
peru	11-50778-S
peru republic of peru	11-50778-B
perugia	9-25177-B
peruvian	12-37573-B
peruvian cherry peruvian groundcherry cape gooseberry golden berry goldenberry ground cherry ground cherry haranksh horse tomato physalis poha berry	34-47210-S
peruvian groundcherry cape gooseberry golden berry goldenberry ground cherry ground cherry haranksh horse tomato physalis poha berry	34-47210-S
pervading	38-54469-S
pervasive penetrating permeating pervading	38-54469-B
pervert	32-13980-S
pescetarianism	33-39412-B
pesky troublesome vexatious	30-21820-S
peso	31-55116-S,31-55167-S,31-56057-S
peso peso	31-55116-S,31-55167-S,31-56057-S
pessimist worrywart	40-17800-S
pessimistic gloomy	39-32701-B
pessimum	44-24350-B
pessmism	28-58826-B
pest	1-15044-S,2-106336-S,4-51689-B
pest blighter cuss gadfly pesterer	42-23597-B
pest control	1-60234-S,4-51989-B
pest infestation	4-52455-B
pester plague	47-65671-S
pester press push	47-65912-S
pester trouble	47-64588-B
pesterer	42-23597-S
pesticide	4-52114-B,4-52291-S
pesticides	3-51855-S,4-51377-S
pestilent	42-11415-S
pestle	47-1685-B
pesto	47-57102-B
pet	4-52848-B
pet shelter	21-39292-S
petal	22-33399-B
peter	16-41278-S
peter out taper off	37-43789-S
petersburg	9-36959-S
petersburg st petersburg	9-36959-S
petite	23-26178-S
petition	19-12780-B,21-53308-B
petition right	5-8550-B
petrifaction silicification	42-69781-S
petrification petrifaction silicification	42-69781-B
petrify	22-33491-B,22-33735-B,42-70061-B
petrochemical	7-4944-B
petrochemical industry	4-53067-B
petrodollar	39-55176-B
petroglyph	32-22692-B
petrol	4-53202-S
petrol engine otto engine otto cycle engine otto engine	3-7306-S
petrol garage petrol kiosk	38-62013-S
petrol kiosk	38-62013-S
petrol unleaded gasoline	5-100836-S
petroleum	4-53377-B
petroleum consumption	4-54191-B
petroleum geology	4-54746-B
petroleum industry	4-55106-B
petroleum mineral oil	6-93064-S
pettish touchy	23-29185-B
pfaelzisch	25-53096-S
pfeiffer s disease glandular fever infectious mononucleosis mononucleosis	20-34439-B
ph d student doctoral student	44-55499-S
ph value	7-24238-B
phad thai	36-62857-S
phage therapy	47-24011-B
phagocyte	29-7539-B
phallus stiffy man reaction boner	39-62487-S
phanerogam	4-55414-S
phantasm phantasma phantom	41-33730-S
phantasm phantasma phantom shadow	41-33879-S
phantasma phantom	41-33730-S
phantasma phantom shadow	41-33879-S
phantasy	46-75435-S
phantom	41-33730-S
phantom shadow	41-33879-S
pharaoh	14-67808-B
pharaonic	41-45801-S
pharaonic pharaonic	41-45801-B
pharmaceutical industry	4-55619-B
pharmacist	16-7381-S
pharmacokinetics	4-55760-B
pharmacologist	30-7447-B
pharmacology	4-55906-B
pharyngal	43-56884-S
pharyngal pharyngeal	40-92008-B,40-92133-B
pharyngeal	40-92008-S,40-92133-S
pharyngeal pharyngal	43-56884-B
pharyngitis	41-67552-B
pharynx	43-55969-B
phase	31-61357-B
pheasant	22-34701-B
phenol	3-22237-S,4-56051-B
phenomenon	22-20833-B
phenotype	23-23092-B
phenyl 1 propanone benzoylethanamine cathinone	46-44797-S
phenyl propanoic acid ibuprofen isobutylphenyl propionic acid	44-65356-S
phenylpropan 2 amine n methyl 1 phenylpropan 2 amine n methylamphetamine crystal crystal meth desoxyephedrine ice metamfetamine meth methylamphetamine tik tina tweak	46-76067-S
phenylpropan 2 amine n methylamphetamine crystal crystal meth desoxyephedrine ice metamfetamine meth methylamphetamine tik tina tweak	46-76067-S
pheromone	4-56271-B
phial	29-810-S
phial vial	39-68573-B
philadelphia	19-41418-B
philandery advowtry	15-78663-S
philia	15-65758-B
philippine sea	19-62322-B
philippines	12-21737-B
philistine	39-46183-S,42-27092-B
philistine anti intellectual	39-46374-B
philistine philistine	39-46183-B
phillips screwdriver	46-37861-B
philologic	41-48079-S
philological philologic	41-48079-B
philology	26-45937-B
philosopher	29-65370-B
philosophical untouchable	28-4356-S
philosophy	4-56420-B
phishing	15-56815-B
phlebitis	26-17615-B
phlebology	38-20129-B
phlilistinism	23-29093-B
phlogistic antiinflammatory antiphlogistic	25-26056-S,38-51392-S
phlogiston	45-72853-B
phnom penh	22-54376-B
phobia	13-28663-B
phobos	31-16309-B
phoenix	15-3935-B
phoetal phœtal	43-79240-S
phone	37-35542-S,45-66900-S
phone book phonebook telephone directory	34-55681-B
phone call telephone call	16-8198-S
phone mobile telephone	8-31669-S
phone number telephone number	46-14255-S
phone ring ring up telephone	13-15266-S
phone satellite telephone satphone	33-54822-S
phone telephone	8-29941-B,13-15441-S
phone voip phone	45-66900-S
phonebook telephone directory	34-55681-S
phoneme	15-41265-B
phonemic notation phonemic transcription	40-80162-B
phonemic transcription	40-80162-S
phonetic alphabet	17-62360-B,22-6031-S
phonetic notation phonetic transcription	40-79917-B
phonetic transcription	40-79917-S
phonetics	17-26001-B,40-95899-S
phoney phony pretender	37-40629-S
phonograph turntable	47-14535-S
phonology	15-34184-B
phonotactical	43-24028-B
phonotactics	43-23705-B
phony pretender	37-40629-S
phor phore	41-13995-B
phore	41-13995-S
phosphatase	21-7821-S
phosphate	4-56994-B
phosphate removal	4-57103-B
phosphate substitute	4-57439-B
phosphorus	4-57684-B
photo album	24-8347-B
photo photograph	4-59530-B
photochemical	25-50421-B
photochemical effect	4-58349-B
photochemical oxidant	4-58615-B
photochemical product	4-58766-B
photochemical reaction	4-58909-B
photochemical smog	4-59128-B
photochemistry	38-62447-B
photocopier	35-27892-S
photodegradation	6-78618-B
photoelectric	38-58008-B
photoelectric cell	38-58240-B
photoelectric effect	38-57617-B
photoelectron	38-57491-B
photogenic	25-50282-B
photogrammetry	4-59300-B
photograph	1-10571-S,4-59530-S,40-76745-S
photograph take a picture	13-13310-B
photographer	34-18801-B
photographic	27-3787-B
photographic memory total recall	36-56378-S
photography	7-1890-B,7-21906-S,14-28504-S,34-18928-B
photojournalism	44-2810-B
photokeratitis	45-45706-B
photon	11-76341-B
photonic	38-57387-B
photopollution luminous pollution	30-43397-S
photosynthesis	4-59788-B
phrase	13-50940-B
phrase strain	17-30013-S
phyletic phylogenetic	41-73045-B
phylogenetic	41-73045-S
phylogenetics	25-65859-B
phylum	30-3585-B
physalis poha berry	34-47210-S
physalis winter cherry	34-47605-S
physiatry physical medicine and rehabilitation	33-36230-B
physic finger physical finger physician finger ring finger ring man wedding finger	10-49861-S
physical	12-16210-B,12-16339-B
physical alteration	7-26251-B
physical chemistry	6-35037-B
physical cosmology	29-62538-B
physical education pe	14-28261-S
physical finger physician finger ring finger ring man wedding finger	10-49861-S
physical geography geosystems physiography	4-60037-B
physical medicine and rehabilitation	33-36230-S
physical oceanography	4-60262-B
physical planning	4-60495-B
physical process	4-60722-B
physical property	4-60874-B,23-54274-B
physical quantity	16-35305-B
physical science	4-61178-B
physical structure	8-69780-S
physical therapy	27-40811-S
physicalism	42-47436-S
physician	45-57273-S
physician finger ring finger ring man wedding finger	10-49861-S
physician medical doctor	13-12233-S
physicist	13-32773-B
physics	1-45875-S,4-28008-S,4-61378-B,4-96416-S,11-67759-S,29-66116-S,29-66320-S,29-68564-S,29-68894-S,29-69148-S,29-69582-S
physiognomy	44-1053-B
physiography	4-60037-S
physiologic	26-17796-B
physiologist	29-64808-B
physiology	1-31698-S,3-31210-S,4-61563-B,4-65683-S
physiotherapy physical therapy	27-40811-B
phytocenosis phytocoenosis	4-64501-S
phytocoenosis	4-64501-S
phytology	1-68962-S
phytopathology	4-61675-B
phytoplankton	4-61776-B
phytosociology	4-61856-B
phytotoxicity	4-62054-B
phœtal	43-79240-S
pian polypapilloma tropicum thymosis	38-56483-S
pianist	12-48218-B
piano	33-52320-S
piano accordion squeeze box	15-11557-S
piano pianoforte	13-79071-B
piano sonata	12-23027-B
pianoforte	13-79071-S
picard	23-47560-B
picard spoken	23-47756-B
pick	26-27666-S
pick choice	8-16030-S
pick have a crow to pick	26-27666-S
pick out select	10-23231-S
pick pluck cull	41-11264-B
pick pocket pickpocket	19-69340-B
pickle	17-55001-B
pickle dick dong member pecker penis prick putz	7-50742-B
pickpocket	19-69340-S
pickpocketing	45-78928-B
picogram	44-42702-B
pictogram	35-18287-B
pictonium lead poisoning painter s colic plumbism saturnism	42-73925-S
picture	8-26205-S,13-13310-S,44-67085-S
picture biopic	33-30179-S
picture design portraiture	18-19903-S
picture frame frame	43-36465-B
picture gallery	31-47367-S
picture grok savvy	35-9545-S
picture movie	2-92329-S
picture photography	14-28504-S
picture render	26-53895-S
pidgin	28-55609-S,29-3830-B
pidgin english neo melanesian new guinea pidgin	28-55609-S
pidgin motu police motu	28-31631-S
pie	14-10308-B,23-25593-S,44-604-S
pie cherry sour cherry	37-1642-S
pie proto indo european	27-7818-B
piece	12-72526-S,25-68234-S,25-68404-S,25-68554-S,25-68703-S,25-68873-S,25-69025-S,25-69195-S,25-69354-S
piece of furniture	14-11480-S
piece of information	20-11910-S
piece of news	18-8287-B
piece of work	19-17770-S
piedmontese piemontese	11-64905-B
piemontese	11-64905-S
pierre and miquelon	24-62952-S
pig	8-13015-B,12-74077-S
pig in a poke	43-46569-S
pig out	41-38492-S
pig podge porker pudge salad dodger	47-42835-S
pigeon	11-24456-S,11-24918-S
pigeon homing pigeon	11-24456-S
piggery pigpen pigsty	6-93725-B
piggy bank money box penny bank piggybank	42-30563-B
piggybank	42-30563-S
piglet	9-50087-B
pigpen pigsty	6-93725-S
pigs had wings they could fly if pigs had wings they would fly	47-46526-S
pigs had wings they would fly	47-46526-S
pigsty	6-93725-S
pike	8-71038-B
pike spear	17-4043-B
pile nuclear reactor	4-28948-S
pile stack heap pile up	38-30315-B
pile up	38-30315-S
pile up roll up	24-63138-S
pilgrim	17-21914-B
pilgrimage	11-7753-B
pill	11-41287-S,44-9339-S
pill birth control pill combined oral contraceptive pill contraceptive pill	44-9339-S
pill bug potato bug roll up bug roly poly slater sow bug woodlouse	17-64594-S
pill combined oral contraceptive pill contraceptive pill	44-9339-S
pill contraceptive pill	44-9339-S
pill morning after pill	11-41287-S
pillage loot plunder	35-14253-B
pillage plunder	26-59888-B
pillage plunder rob	36-58125-S
pillbox ring	40-68110-S
pillow	19-4912-B
pilot	15-55166-S
pilot light	13-12788-B
pilot plant	4-62541-B
pilot project	4-62675-B
pilot whale	45-69603-B
pilotage	4-62397-B
pimp	39-48445-S
pimple	29-6117-B
pimple zit	14-8979-S
pimpled	41-47970-S
pimply pimpled	41-47970-B
pin	11-16771-B,11-17000-S,11-17304-B,11-17666-B,29-35617-S,35-35734-S
pin bowling pin	11-17000-B
pin push pin tack	16-48616-S
pin spit pin	35-35734-S
pin tack	16-48616-S
pinacotheca	31-69796-B
pincer nail pulling pliers pincers	28-37813-S
pincers	28-37813-S
pincers pincer nail pulling pliers pincers	28-37813-S
