1	44-9221-S
1 codes	17-23476-S,19-20969-S
1 phenyl 1 propanone benzoylethanamine cathinone	46-44797-S
1 phenylpropan 2 amine n methyl 1 phenylpropan 2 amine n methylamphetamine crystal crystal meth desoxyephedrine ice metamfetamine meth methylamphetamine tik tina tweak	46-76067-S
1 phenylpropan 2 amine n methylamphetamine crystal crystal meth desoxyephedrine ice metamfetamine meth methylamphetamine tik tina tweak	46-76067-S
1 propanone benzoylethanamine cathinone	46-44797-S
10th tenth	46-5467-B
12	25-78409-S
12 dozenal duodecimal duodecimal system	37-18410-S
15924	23-56841-S
17 gon heptadecagon	16-15596-B
17th century	28-8732-B
18th century	28-11601-B
19th century	28-21671-B
1st	13-47700-S
2 4 2 methylpropyl phenyl propanoic acid ibuprofen isobutylphenyl propionic acid	44-65356-S
2 6 diisopropylphenol propofol	45-65687-B
2 amine n methyl 1 phenylpropan 2 amine n methylamphetamine crystal crystal meth desoxyephedrine ice metamfetamine meth methylamphetamine tik tina tweak	46-76067-S
2 amine n methylamphetamine crystal crystal meth desoxyephedrine ice metamfetamine meth methylamphetamine tik tina tweak	46-76067-S
2 amino 1 phenyl 1 propanone benzoylethanamine cathinone	46-44797-S
2 aminoethanesulfonic acid tauric acid	46-76390-S
2 bibliographic codes	17-24098-S
2 methylpropyl phenyl propanoic acid ibuprofen isobutylphenyl propionic acid	44-65356-S
2 terminologic codes	17-24301-S
20 system vigesimal system	41-36093-S
2d	34-16667-S
2nd second	8-32503-B
3 codes	11-58214-S
3 d 3 dimensional 3d	34-16522-S
3 dimensional 3d	34-16522-S
3d	34-16522-S
4 2 methylpropyl phenyl propanoic acid ibuprofen isobutylphenyl propionic acid	44-65356-S
4 dimensional 4d	41-58037-S
4217 code	28-54205-S
4d	41-58037-S
5 methoxytryptamine melatonin	47-3336-S
6 codes	23-31311-S
6 diisopropylphenol propofol	45-65687-S
639	47-74806-S
639 1 codes	17-23476-S,19-20969-S
639 2 bibliographic codes	17-24098-S
639 2 terminologic codes	17-24301-S
639 3 codes	11-58214-S
639 6 codes	23-31311-S
69 69 position	15-29912-B
69 position	15-29912-S
7th seventh	45-44286-B
9th ninth	37-19420-B,45-71296-B
a	17-12346-S,19-77096-S,20-11050-B,25-78266-S,29-21100-S,29-63651-S,31-3286-S,36-54872-B,45-5441-S
a an	7-75751-B
a bath	45-9142-S
a bell fit as a fiddle fit as a flea in rude health right as rain sound as a bell sound in wind and limb	47-43144-S
a bell sound in wind and limb	47-43144-S
a big spread	38-54355-S
a bird in the hand is worth two in the bush a little thing in hand is worth more than a great thing in prospect	44-66604-B
a bit a little a trifle	32-44401-S
a boil bring to the boil	12-32611-S
a bone to pick have a crow to pick	26-27666-S
a bottle	20-7506-S
a brac bric à brac	14-61884-S
a brave face put up a brave front take up arms against a sea of sorrows	44-27409-S
a brave front take up arms against a sea of sorrows	44-27409-S
a breed of	30-15989-S
a butcher s dog as fit as a fiddle as sound as a bell fit as a fiddle fit as a flea in rude health right as rain sound as a bell sound in wind and limb	47-43144-S
a cappella	18-12356-B
a census	20-67941-S
a cheshire cat smile from ear to ear	42-56246-S
a chimney	46-9986-S
a clam at high tide happy as a king happy as a lark happy as a sandboy happy as can be over the moon overhappy overjoyed	39-65963-S
a clam happy as a clam at high tide happy as a king happy as a lark happy as a sandboy happy as can be over the moon overhappy overjoyed	39-65963-S
a cold	43-47900-S
a court	19-8243-S
a crap take a shit	13-18862-S
a crow to pick	26-27666-S
a d ad anno domini ce common era	31-71599-B
a difference touch	43-67383-S
a divorce get divorced	29-6573-S
a drum drum	42-38529-S
a dying condition lie dying moribund to be in extremis	47-56479-S
a e ed er ew accident emergency casualty department emergency department emergency room emergency ward	45-70197-B
a fiddle as sound as a bell fit as a fiddle fit as a flea in rude health right as rain sound as a bell sound in wind and limb	47-43144-S
a fiddle fit as a flea in rude health right as rain sound as a bell sound in wind and limb	47-43144-S
a flea in rude health right as rain sound as a bell sound in wind and limb	47-43144-S
a free lunch	43-57775-S
a free lunch tinstaafl there ain’t no such thing as a free lunch	43-57775-S
a good face on the matter put a good face on things put on a brave face put up a brave front take up arms against a sea of sorrows	44-27409-S
a good face on things put on a brave face put up a brave front take up arms against a sea of sorrows	44-27409-S
a great thing in prospect	44-66604-S
a h5n1 h5n1 influenza a virus subtype h5n1	18-51737-B
a half	26-44100-S
a happy new year	17-1480-S
a king happy as a lark happy as a sandboy happy as can be over the moon overhappy overjoyed	39-65963-S
a lark happy as a sandboy happy as can be over the moon overhappy overjoyed	39-65963-S
a leg good luck	19-44187-S
a leopard can t change its spots a leopard doesn t change its spots	47-45998-S
a leopard cannot change its spots a leopard can t change its spots a leopard doesn t change its spots	47-45998-B
a leopard doesn t change its spots	47-45998-S
a line swash tout vaunt	41-60758-S
a little a trifle	32-44401-S
a little thing in hand is worth more than a great thing in prospect	44-66604-S
a matter of fact even in fact in truth indeed	29-19847-S
a meal	39-10686-S
a meal go out for a meal	39-10686-S
a million bucks feel like a million dollars	44-76240-S
a million dollars	44-76240-S
a mule	41-58710-S
a mule stubborn as a mule	41-58710-S
a new interpretation	25-70746-S
a nice meal	10-89193-S
a one ace best first rate super tiptop topnotch topper tops	14-52295-B
a picture	13-13310-S
a pig in a poke	43-46569-S
a poke	43-46569-S
a posteriori	40-74865-B,40-75489-B,40-75793-B
a priori	40-73029-B,40-73825-B,40-74508-B
a program write code	20-41022-S
a pulp	47-55439-S
a rant mischivous ranting wild	11-73307-S
a rat	36-10340-S
a result by consequence consequently hence so therefore	13-59884-S
a result consequently in consequence	17-84248-S
a sandboy happy as can be over the moon overhappy overjoyed	39-65963-S
a sea of sorrows	44-27409-S
a seat	9-58338-S
a share of the capital	19-36737-B
a shit	13-18862-S
a shot right away straight off straightaway	32-43336-S
a stir	20-68977-S
a stone s throw	25-1701-S
a stretch on end	41-8670-S
a stroll go for a walk take a walk	10-24398-S
a sudden out of the blue	25-16405-S
a temperature	43-71275-S
a third party	19-20176-S
a thousand million	12-1398-B
a trifle	32-44401-S
a u s a united states united states of america usa	9-34267-S
a united states united states of america usa	9-34267-S
a vacancy	22-14642-S
a very long time ago	25-13673-B
a virus subtype h5n1	18-51737-S
a walk	10-24398-S
a walk take a walk	10-24398-S
a wave	22-19616-S
a way	20-39010-S
a wheelchair wheelchair bound	36-39162-S
a wolf in sheep s clothing	11-6439-B
aabenraa	8-71380-B
aachen	21-54568-B
aalborg	8-71105-B
aardvark	36-10981-B
aardwolf	47-22018-B
aargau	33-43835-S
aargau canton of aargau	33-43835-B
aaron aaron the priest	28-5261-B
aaron s rod common mullein flannelleaf flannelplant great mullein hag taper	47-22142-B
aaron s rod frog s stomach harping johnny life everlasting live forever livelong midsummer men orphan john orpine witch s moneybags	47-22556-B
aaron s rod goldenrod	47-22489-B
aaron the priest	28-5261-S
ab av	47-22801-B
ababa addis abeba	17-31167-S
abaca abacá	47-22939-B
abaca fiber abacá abacá fiber	47-23064-S
abaca manila hemp abaca fiber abacá abacá fiber	47-23064-B
aback	15-7008-S,28-63462-B
abacus	15-50454-B,18-19603-B,18-19759-B
abacá	47-22939-S
abacá abacá fiber	47-23064-S
abacá fiber	47-23064-S
abalone	41-4352-B
abamp abampere	39-33378-B
abampere	39-33378-S
aban	29-44099-S
abandon	22-39812-B
abandon desert forsake	36-54258-B
abandoned debauched dissipated dissolute libertine profligate unchaste	36-6360-S
abandoned forsaken desert deserted	17-85670-B
abandoned industrial site	1-1086-B
abandoned vehicle car wreck	1-1343-B
abandonment forsaking	39-34392-S
abarticulation diarthrosis synovial joint	47-23203-B
abase	26-36917-B
abasement debasement degradation	28-53147-B
abash	28-54387-B
abasia	28-58554-B
abat son	40-28715-B
abat voix abatvoix	40-39408-B
abatable deductable deductible subtractable	36-16595-B
abatage	17-73926-S
abatage building destruction	6-67785-S
abate subtract	18-75173-S
abatement	28-54510-B
abatement decline decrease diminution discount lessening reduction	41-4438-B
abatement hiatus reprieve respite suspension	40-70112-B
abatis abattis abbattis	40-32859-B
abattis abbattis	40-32859-S
abattoir butchery shambles slaughter house	5-37405-S
abatvoix	40-39408-S
abbacy	15-50326-B
abbatial	40-39504-B,40-40777-B,40-40915-B
abbattis	40-32859-S
abbess	14-74430-B
abbey abbé abi	25-16062-S
abbey monastery nunnery	11-69282-B
abbot archimandrite	12-4913-B
abbreviate shorten	13-63839-B
abbreviation	13-71951-B
abbruch abatage building destruction	6-67785-S
abbé abi	25-16062-S
abc abc book abecedary primer	40-62869-S
abc basics fundamentals rudiments	40-63015-B
abc book abecedary primer	40-62869-S
abdicate renounce	34-57944-B
abdication	12-4523-B
abdomen abdominal cavity	41-4648-B
abdomen belly stomach venter	7-57914-B
abdominal cavity	41-4648-S
abdominal pregnancy	41-29076-B
abdominal ventral	25-16326-B
abdominoplasty tummy tuck	44-73486-B
abdominous pot bellied	47-23367-S
abduct kidnap	28-55200-B
abduction kidnapping	14-74602-B
abductor abductor muscle	41-61661-B
abductor kidnapper	28-56552-B
abductor muscle	41-61661-S
abeba	17-31167-S
abecedarian abecedary	22-2342-S
abecedarium abc abc book abecedary primer	40-62869-B
abecedary	22-2342-S
abecedary primer	40-62869-S
abed bedfast bedridden	35-7069-B
abelmosk abelmusk ambrette seeds annual hibiscus bamia moschata galu gasturi musk mallow musk okra musk seeds muskdana ornamental okra rose mallow seeds tropical jewel hibiscus yorka okra	47-23568-B
abelmusk ambrette seeds annual hibiscus bamia moschata galu gasturi musk mallow musk okra musk seeds muskdana ornamental okra rose mallow seeds tropical jewel hibiscus yorka okra	47-23568-S
aberdeen	32-34087-B
aberrance aberrancy	47-23880-B
aberrancy	47-23880-S
aberrant abnormal abnormous exceptional	14-77994-B
aberration	22-8468-S,31-25374-S,31-25563-B,31-25784-B
aberration optical aberration	31-25374-B
abet	28-64776-B
abhor detest loathe	18-47445-B
abhor execrate loathe	26-40863-S
abhorrence abomination aversion detestation disgust	14-78192-B
abhorrent disgusting	28-56637-B
abi	25-16062-S
abide bear brook digest endure stand stick out stomach suffer support take tolerate bear with	14-49571-B
abide by comply	35-8685-S
abiding	28-56718-B,35-53105-S,35-53226-S
abidjan	23-25760-B
abigeat	35-14320-B
ability ality hood ia icity itas itia itude ity ivity ness ose osity ous ship th	42-50442-S
abiogenesis abiogeny biopoiesis	35-44101-B
abiogeny biopoiesis	35-44101-S
abiotic	25-54295-B
abiotic factor	1-1593-B
abipon abipón	25-49461-B
abipón	25-49461-S
abjuration	20-19672-B
abjure abnegate deny disclaim disown reject disavow	13-63507-B
abkhaz	8-73630-S
abkhaz abkhazians	9-26766-B
abkhaz adyghe northwest caucasian pontic	23-38475-B
abkhazia	17-30767-B
abkhazian abkhaz	8-73630-B
abkhazians	9-26766-S
ablactate wean	47-28555-B
ablation	28-66159-B
ablative	39-34510-B,47-38921-B
ablaut alternation	47-39049-B
ablaze	28-66240-B,28-66281-B
able	15-24024-B,47-39254-B
able to	17-40495-S
able to can	9-22150-S
ablen bleak common bleak	47-39304-S
ablepsia ablepsy blindness cecity sightlessness	40-2936-B
ablepsy blindness cecity sightlessness	40-2936-S
ablet ablen bleak common bleak	47-39304-B
ablins aiblins maybe mayhap peradventure perchance perhaps possibly	16-39712-B
ablution	21-67682-B
ably	47-39421-B
abnegate deny disclaim disown reject disavow	13-63507-S
abnegation	28-66322-B
abnormal abnormous exceptional	14-77994-S
abnormality	28-66430-S
abnormally unusually	39-35156-B
abnormity abnormality	28-66430-B
abnormous exceptional	14-77994-S
aboard	28-67385-B
abodance abode abodement aboding augury forboding foreboding portending portent	42-21792-S
abode abodement aboding augury forboding foreboding portending portent	42-21792-S
abode augur bode foreshow foretell predict prophesy	47-9907-B
abode residence	40-66744-B
abode stay sojourn	27-10866-B
abodement aboding augury forboding foreboding portending portent	42-21792-S
aboding augury forboding foreboding portending portent	42-21792-S
abolish abrogate	28-68064-B
abolish annul revoke suppress	10-94053-B
abolishment abolition	24-62236-B
abolition	24-62236-S
abolitionism	39-35254-B
abolitionist	22-56091-B
aboma slender boa	47-68321-S
abominate abhor execrate loathe	26-40863-B
abomination aversion detestation disgust	14-78192-S
aboon above	10-20374-B
abord accost	29-13011-B
aboriginal aborigine	28-57382-B
aboriginal native native species	25-56355-B
aboriginal primaeval primal primeval primordial	41-6545-B
aborigine	28-57382-S
aborigines sign language	25-46797-S
aborsement abortment	20-19705-S
abort	23-25683-B,30-69378-B
abortifacient	33-77066-B,33-77216-B
abortion	31-63110-S,31-63442-B,39-4322-S,41-28635-S
abortion aborsement abortment	20-19705-B
abortion doctor	39-35482-B
abortionist	39-35341-B,39-35593-S,39-35852-S
abortive	28-67529-B
abortment	20-19705-S
aboulia abulia	39-46654-B
abound	28-67447-B
about	9-13202-B,9-13529-B,24-65361-S,26-46755-S
about around	9-13786-B
about around approximately close to just about roughly	9-14203-B
about be all about be the essence of	43-65652-S
about be the essence of	43-65652-S
about drift away moon	11-15211-S
about face about turn	40-67450-B
about it it was nothing no problem you re welcome	10-85606-S
about it tell me something i don t know that s an understatement	40-28944-S
about roughly	9-14203-S
about set about	24-65361-S
about set out start out	14-51293-S
about turn	19-12507-B,40-67450-S
above	10-20374-S,41-37222-B,41-38324-B,43-29405-S
above above mentioned foregoing	41-37983-B
above all	41-37252-B
above mean sea level	47-17693-S
above mentioned foregoing	41-37983-S
above supra	41-37848-B
aboveground overground	35-266-B
abrade erode	21-49262-B,26-48857-B
abraham lincoln	31-14991-B
abrasion scrape	27-44027-B
abrasive	14-78759-B
abreast side by side	28-67603-B
abreviate	28-58370-B
abridge	28-67991-B
abridgement abridgment condensation	40-69619-S
abridgment condensation	40-69619-S
abroad	18-29035-B
abrogate	28-68064-S
abrogation	22-56546-B
abrupt	9-2943-S
abruptly suddenly all of a sudden out of the blue	25-16405-B
abruzzese	23-50992-B
abruzzo	34-44244-B
abs abs brake anti lock anti lock brake system anti lock braking system anti skid system antiblocking system antilock brake antilock brake system antilock braking system wheel lock control	42-51164-S
abs brake anti lock anti lock brake system anti lock braking system anti skid system antiblocking system antilock brake antilock brake system antilock braking system wheel lock control	42-51164-S
abscess	15-0-B
abscond	28-68118-B
abseil	40-70305-B,40-70457-B
absence	15-168-B,22-25619-B
absence rate absenteeism	40-81341-B
absent	15-406-S
absent gone	13-30632-S
absent minded absent	15-406-B
absenteeism	29-4129-B,40-81341-S
absinth absinthe	31-4606-B
absinthe	31-4606-S
absolute	30-69498-B
absolute error	26-10882-B
absolute magnitude	35-31275-B
absolute monarchy	26-35798-S
absolute pitch perfect pitch	28-16021-B
absolute zero	25-34819-B
absolutely unconditionally	18-28942-B
absolution	29-5792-B
absolutism absolute monarchy	26-35798-B
absolutist absolutistic	26-36197-B
absolutistic	26-36197-S
absolutive absolutive case	44-18789-B
absolutive case	44-18789-S
absorb	23-58038-B,30-69634-B
absorbent	29-7336-B
absorbent paper tissue tissue paper	46-17623-B
absorber	46-31620-S
absorption	1-1695-B,33-26238-B
absorptiveness absorptivity	40-73613-B
absorptivity	40-73613-S
abstain	27-26897-B
abstain oneself control oneself curb oneself moderate oneself refrain oneself repress oneself restrain oneself	27-27861-B
abstainer teetotaller	15-662-B
abstemious	28-58136-B
abstention	29-7438-B
abstinence	22-29689-B
abstract	28-16816-B
abstract abstruse	28-16881-B
abstract academic impalpable intangible philosophical untouchable	28-4356-B
abstract art	24-36629-B
abstract inconcrete nonconcrete not concrete	25-62514-B
abstract noun	17-51866-B
abstract summary	18-5793-B
abstractionism	39-45748-B
abstruse	28-16881-S
absurd ludicrous	11-72369-B
absurdity vacuity vanity	40-25225-B
absurdly	39-45811-B
abu dhabi	19-59265-B
abugida alphasyllabary	25-51858-B
abuja	12-42790-B
abulia	39-46654-S
abundance copiousness exuberance galore plenty	15-7146-S
abundant copious plenteous plentiful	30-15067-S
abuse	18-14405-S,32-13833-B,42-2812-S,46-4485-B
abuse domestic violence	42-2498-S
abuse insult revilement verbal abuse	18-14405-B
abuse misuse pervert	32-13980-B
abusive	29-7488-B
abusive defamatory derogatory injurious invidious libelous opprobrious	36-17830-B
abut	35-42922-B
abysmal	29-7655-B
abyss fissure gap gorge chasm precipice	9-57995-B
abyssinia	33-23560-B
abzyme catmab	21-41078-B
abé abbey abbé abi	25-16062-B
ac	1-17315-S
acacia	15-7475-B
academic academical	22-64904-B
academic impalpable intangible philosophical untouchable	28-4356-S
academic library	33-53481-B
academic year school year	30-64020-B
academical	22-64904-S
academician	39-46703-B
academism	39-48209-B
academy university	14-48896-B
acadian french	23-47967-S
acadjin acadian french	23-47967-B
acajou cashew	45-43774-B
acalculia	36-70295-B
acaracide acaricide	45-6104-B
acaricide	45-6104-S
acatec acateco akatek akateko conob western kanjobal	30-23006-B
acateco akatek akateko conob western kanjobal	30-23006-S
accede	29-7846-B
accelerate speed up	16-69730-B,16-69832-B
accelerated	17-77379-B
acceleration	25-58312-B,43-78855-B,43-78948-B
acceleration lane	29-9126-B
acceleration slip regulation	11-7031-S
acceleration speedup	15-7566-B
accelerator	18-37361-B,25-22760-S,29-61772-S
accelerator accelerator pedal	41-71277-B
accelerator atom smasher particle accelerator	25-22760-B
accelerator card graphics card video card	20-69035-S
accelerator catalyst	18-37080-B
accelerator pedal	41-71277-S
accelerometer	37-35155-B
accent	10-73895-B,10-74076-B,10-74216-B
accent emphasise emphasize punctuate	27-14374-S
accent syndrome	42-62216-S
accentual	40-72972-B
accentuate stress accent emphasise emphasize punctuate	27-14374-B
accentuation	28-53061-B
accept consent	32-10584-B
accept take	21-22187-B
acceptable	15-11382-B
acceptable daily intake	1-7586-B
acceptance credence	18-44568-B
acceptant acceptor	40-73746-B
acceptation sense word meaning word sense	21-68186-B
acceptor	40-73746-S
access	24-62918-S
access code	29-9301-B
access entrance passage	18-33852-B
access provider internet service provider	7-26644-S
access road	1-1796-S
access to information	2-108310-B
access to the sea	1-2116-B
accessible	29-10272-B
accessory	18-34785-B,33-72088-B
accessory accomplice	15-7658-B
accident	1-2241-B,4-26403-S,5-32268-S,5-90435-S,6-30046-S,11-16248-S,39-26334-S
accident bike accident	39-26334-S
accident car accident car crash	39-26154-S
accident car crash	39-26154-S
accident emergency casualty department emergency department emergency room emergency ward	45-70197-S
accident stroke	11-58351-S
accident worst case scenario worst case scenario	44-7069-S
accidental	25-16695-B
accidentology	44-22404-B
accio	9-45206-B
acclaim	29-10341-B,29-10412-B
acclaim acclamation	29-10514-B
acclaim clap	30-35399-S
acclamation	29-10514-S
acclimatize	29-10688-B
accolade honor honour laurels	18-8331-S
