mutterkuchen plazenta	11-4825-B
mutterkuemmel roemischer kuemmel weisser kuemmel welscher kuemmel	36-54625-S
mutterlos	33-68336-B
muttermilch	1-69855-B
muttermoerder	40-4557-B
muttermord	40-4457-S
mutterschaf zibbe	8-16470-S
mutterschaft	22-53446-B
muttersprache	17-3159-B
mutze	17-27240-B
myanmar	12-2802-S
myanmar burma union myanmar	12-2802-S
mydriasis	47-16080-B
myelitis	41-72049-B
myelom	25-76170-S
myelom plasmozytom multiples myelom	25-76170-B
mykenisch mykenisches griechisch	23-34848-B,30-43725-B
mykenisches griechisch	23-34848-S,30-43725-S
mykologe	47-136-B
mykologie	4-12915-B
mykorrhiza	4-13062-B
mykose pilzinfektion	21-13343-B
myokard	30-66683-B
myokardinfarkt	13-5895-S
myokarditis	41-70355-S
myon	35-37110-B
myop myopisch	20-23826-S
myopisch	20-23826-S
myositis	41-57694-B
myrmekologie	46-70699-B
mysterioes	10-82484-S,45-55973-S
mysterium	10-82393-S
mysteriumsabteilung	9-55048-B
mythische kreatur	19-65567-S
mythologie	38-23601-B,40-77807-S,40-78181-B
mythos	6-56278-B
mytilus pfahlmuschel	19-50919-S
myxomatose	42-12841-B
myzeten pilze	3-3143-B
mzcheta mtianetien	25-12529-B
mérida	31-74632-B,31-74725-B,31-74841-B,32-0-B
n chr geb n zw n d z nach christi geburt nach christus nach der zeitenwende u z unserer zeitrechnung	31-71599-S
n chr n chr geb n zw n d z nach christi geburt nach christus nach der zeitenwende u z unserer zeitrechnung	31-71599-S
n d z nach christi geburt nach christus nach der zeitenwende u z unserer zeitrechnung	31-71599-S
n dimensional	41-58176-B
n zw n d z nach christi geburt nach christus nach der zeitenwende u z unserer zeitrechnung	31-71599-S
na adjektiv	19-55431-B
nabel	11-4237-S
nabelschnur	11-4490-B
nabelschnurentzuendung omphalitis	41-52083-B
nabothi	34-54376-S
nach	9-79103-B,16-16496-S,22-14684-S
nach christi geburt nach christus nach der zeitenwende u z unserer zeitrechnung	31-71599-S
nach christus nach der zeitenwende u z unserer zeitrechnung	31-71599-S
nach der zeitenwende u z unserer zeitrechnung	31-71599-S
nach hause nachhause	21-51607-B
nach rom	39-13663-S
nach uebereinstimmend	29-12809-S
nach unten treppab treppabwaerts unten	47-20291-B
nach wylie wylie transliteration	31-53314-S
nachaeffer	37-52793-S
nachahmen nacheifern	39-40801-B
nachahmend	41-85193-B
nachahmer nachaeffer	37-52793-B
nachbar nachbarsmann	8-16544-B
nachbarin nachbarsfrau	8-16663-B
nachbarsfrau	8-16663-S
nachbarsmann	8-16544-S
nachbeben	44-70236-B
nachbilden	42-32347-S
nachbildung	35-36700-S
nachbrenner	21-41471-B
nachdatieren zurueckdatieren	36-25092-S
nachdem weil	13-65268-S
nachdenken nachsinnen reflektieren sinnieren ueberlegen sinnen	8-42461-S
nachdruecklich	38-4654-B
nachdrueklich	39-17028-B
nachehelich	44-20672-B,44-20799-B
nacheifern	39-40801-S
nacheinander	41-13502-S
nachfahr nachfahre nachkomme nachkoemmling	12-43853-S
nachfahre nachkomme nachkoemmling	12-43853-S
nachfahren nachkommen	42-9844-S
nachfolgend posterior spaeter	41-40870-S
nachfolger	27-20032-B
nachfrage	2-22276-B,6-55446-S
nachfrage anfrage	18-22796-B
nachgeben	17-4316-S
nachgebend nachgiebig weichend	39-55640-S
nachgeburt	39-45978-B
nachgemacht unecht	42-53928-S
nachgeschmack	29-41425-B
nachgiebig weichend	39-55640-S
nachgiebig willensschwach	26-54954-S
nachhaltige entwicklung	5-71467-B
nachhause	21-51607-S
nachher spaeter	29-41629-S
nachhinein nachsicht rueckblick spaete einsicht	42-21061-B
nachindustriell postindustriell	38-48508-B
nachjagen	19-10700-B
nachkoemmling	12-43853-S
nachkomme nachkoemmling	12-43853-S
nachkommen	18-27080-B,18-27172-B,42-9844-S
nachkommenschaft	14-26694-B
nachlaessigkeit	19-15768-B,23-16525-B
nachlass	18-58133-S
nachmachen	42-54216-S
nachmittag	10-72087-B,10-91281-S,39-56195-S
nachmittags	41-8614-B
nachmittagsschlaf	36-18083-B
nachmittagstee	10-93591-B
nachname zuname	13-36353-S
nachricht	20-11910-B
nachricht nachrichten	12-34847-B
nachricht textnachricht	45-43069-S
nachrichten	12-34847-S
nachrichtensprecher	16-300-B
nachrichtensprecher nachrichtensprecherin	16-165-B
nachrichtensprecherin	16-165-S
nachruf nekrolog	11-64427-B
nachschluessel	32-47765-B
nachschub versorgung	18-23274-S
nachsicht rueckblick spaete einsicht	42-21061-S
nachsichtig	34-6590-B
nachsilbe postfix	11-29736-S
nachsinnen	34-41870-B
nachsinnen reflektieren sinnieren ueberlegen sinnen	8-42461-S
nachsorge	29-41175-B
nachspeise nachtisch	16-31077-S
nacht	7-53692-B,8-68508-S,10-90368-S,44-17367-S
nacht schlaflose nacht	44-17367-S
nachtblindheit nyctalopie	27-46695-S
nachtclub nachtlokal nightclub	25-70457-B
nachteil	18-54504-B,28-36644-B
nachteilig schaedlich unfreundlich unhold	42-36558-S
nachteinbruch	25-53616-B
nachtessen	10-93283-S
nachteule nachtmensch nachtschwaermer	25-53978-B
nachtflug	41-84957-B
nachtgewand nachthemd nachtkleid	13-44238-B
nachthemd nachtkleid	13-44238-S
nachthimmel	13-44423-B
nachtigall	25-15263-B
nachtisch	16-31077-S
nachtkaestchen nachtschraenkchen nachttisch	17-86156-B
nachtkleid	13-44238-S
nachtklub	14-34905-B
nachtlokal nightclub	25-70457-S
nachtluft	25-53875-B
nachtmahr nachtschaden	12-8654-S
nachtmensch nachtschwaermer	25-53978-S
nachtmuetze schlafmuetze	25-59198-B
nachtprogramm	24-29209-B
nachtraeglicher einfall	29-41540-B
nachtreiher	29-23102-B
nachts	21-53796-B
nachtschaden	12-8654-S
nachtschattenartige	14-61213-B
nachtschicht	45-8082-B,45-8230-B
nachtschraenkchen nachttisch	17-86156-S
nachtschwaermer	25-53978-S
nachttisch	17-86156-S
nachttischlampe	30-66347-B
nachtwolke	43-14582-S
nachunternehmer	28-72196-B
nachverbrennung	1-12075-B
nachverhuetung notfallverhuetung pille danach	11-41287-B
nachwachsender rohstoff	31-36910-B
nachwehen	29-41323-B
nachweis	2-25396-S
nachweis der machbarkeit proof of concept proof of concept	17-65079-S
nachweisbar	30-57958-B
nachwelt	14-23061-B
nachwirkung	29-41255-B
nachwort	22-42089-S
nackedei nackte nackter	46-70543-B
nacken	8-10189-S,8-16870-B,13-14443-B
nackt unbekleidet	13-3470-S
nackte nackter	46-70543-S
nackter	46-70543-S
nacktheit	44-38305-B
nacktmull	45-53337-B
nacktsamer	3-20205-B
nadel	8-31562-B,8-33385-B,13-43795-B
nadelbaum	2-1319-B,7-21804-B
nadelwald	7-23293-B
nadir	13-504-B
nadir tiefpunkt	13-722-B
naechste	8-18752-S
naechsten augenblick im naechsten moment instantan postwendend sofort sogleich unmittelbar	46-24019-S
naechsten moment instantan postwendend sofort sogleich unmittelbar	46-24019-S
naehen	8-54063-B
naehren fuettern	13-54262-S
naehrmedium	4-30046-B
naehrstoff	4-30696-B
naehrstoffelimination	4-30539-B
naehrstoffgehalt	4-30197-B
naehrstoffreich	42-2407-S
naehrstoffzyklus	4-30368-B
naehrwert	4-31209-B
nagel	12-54999-B,30-56749-B
nagel auf den kopf treffen	9-75311-S
nagelbett	43-37403-B
nageleisen	22-59510-S
nagelfeile	38-4156-B
nagelknipser	23-60237-B
nagellack	32-23828-B
nageln nehmen rannehmen	20-29826-S
nager nagetier	5-12623-B
nagetier	5-12623-S
nagold	31-2807-B,31-2988-B
nah	13-33967-B
nah nahe	8-38373-B
nahaufnahme	34-11864-B
nahe	8-38373-S
nahe neben	8-54774-S
naher osten	10-75679-B
naherholung	4-41511-B
nahezu	11-58940-S,14-6336-S
nahkampfwaffe	20-64200-S
nahrhaft naehrstoffreich	42-2407-B
nahrung speise	2-102095-S
nahrungskette	2-102814-B
nahrungsmittelallergie	34-2274-S
nahrungsmittelproduktion	2-104144-S
naht	29-8347-B
nahverkehr	3-79083-B
nahwaermeversorgung	7-38773-B
naira	28-55506-S
naira nigerianischer naira	28-55506-B
nairobi	19-47762-B
naive	40-17345-B
naives maedchen	40-17147-S
name	36-47646-S
name proprium	8-38063-S
namen	19-8631-S
namenforschung onomastik	17-35558-B
namenlos	30-18463-B,30-18817-B
namensbruder	41-21349-S
namensgeber	17-14837-S
namensnennung	15-42394-B
namensvetter namensbruder	41-21349-B
namibia	11-38387-B
nan	41-82273-B
nan minnan	11-62312-S
nanga parbat	33-55095-S
nanosekunde	15-60985-B
nanotechnologie	33-75487-B
nanterre	32-37582-B
nanu	20-12531-B
napalm	42-35150-B
napfkuchen rodonkuchen	42-74220-S
napfkuchenform gugelhupfform	39-33508-B
narbe	12-50061-B
narbig	44-28210-B
narkolepsie schlafkrankheit schlummersucht	45-62832-B
narkosearzt	15-63262-S
narkotisieren	30-16309-S
narr	11-39537-S
narr rindvieh schafskopf schwachkopf schwachmat simpel spaten spatzengehirn spatzenhirn stiesel strohkopf tor tropf trottel vollhonk vollpfosten	8-49041-S
narrheit	32-42045-B
narwal	45-6515-B
narzisse	16-42835-B
nasal	41-30909-B
naschen snacken	19-60932-B
nase	7-50172-B
nase hoch tragen eingebildet hochnaesig	46-21527-S
nasenbein	46-33879-B
nasenbluten	21-45744-S
nasenfahrrad	11-78806-S
nasenhoehle	43-57513-B
nasenkatarrh rhinitis schnupfen	41-66140-S
nasenlaufen rhinorrhoe rhinorrhoe	41-67355-B
nasenloch nuester	22-53629-B
nasennebenhoehlenentzuendung sinusitis	36-25607-B
nasenrachen nasenrachenraum nasopharynx	43-56213-S
nasenrachenraum nasopharynx	43-56213-S
nasenruecken	26-42682-B
nasenscheidewand	29-55157-B
nasenverstopfung	41-66994-B
naseweis	46-70334-S
naseweis schnueffelnase schnueffler topfgucker naseweis	46-70334-B
nashorn rhinozeros	11-80823-B
nasogastrale sonde	37-46767-S
nasopharynx	43-56213-S
nass triefnass	10-13159-S
nassabscheider	6-26399-B
nastaliq	11-47708-B
nation nationalstaat staat	7-82832-S
nationalbibliothek	23-3762-B
nationale gesetzgebung	4-13160-B
nationalepos	43-43911-B
nationalfeiertag	26-41597-B
nationalhymne	28-52433-B
nationalismus	14-34350-B
nationalist	40-7247-B
nationalist nationalistin	28-25099-B
nationalistin	28-25099-S,40-7371-B
nationalistisch	40-7111-B
nationalitaet	46-58267-B
nationalpark	4-13396-B
nationalsozialismus	14-28834-B
nationalsozialist nazi	15-59640-B
nationalsprache	22-6500-B
nationalstaat staat	7-82832-S
nationen	5-100523-S
nationen un generalsekretaer	14-27024-S
nationen un sicherheitsrat weltsicherheitsrat	10-60156-S
nato nordatlantikvertrag organisation	11-5451-B
natrium	10-48784-B
nattern	5-39852-B
natuerlich	34-41105-B,36-41213-B
natuerlich ungestellt	40-76301-B
natuerliche auslese	38-33739-B
natuerliche radioaktivitaet	4-16777-B
natuerliche ressource	4-17061-B
natuerliche sprache	44-60749-B
natuerlicher lebensraum	7-40999-B
natur	9-3930-B,31-55915-B,42-58200-S,46-20276-S
natur verhaeltnis	3-86150-S
naturdenkmal	4-15642-B
naturduenger	4-14023-B
naturerbe	4-15066-B
naturgefahr	4-14890-B
naturgefuehl	6-56789-B
naturgesetz	4-15409-B
naturjoghurt	33-52939-B
naturkatastrophe	4-13815-B,26-14605-S
naturpark	4-16447-B
naturreis braunreis vollkornreis	44-11801-B
naturschutz	4-17579-B
naturschutzgebiet	4-17767-B
naturschutzpolitik	7-24682-B
naturstein	4-17473-B
naturwald	3-42047-B,4-14151-B
naturwissenschaft	4-17240-B,4-61178-B
naumachie	42-66096-B
nauru	12-29526-B
nauruer nauruerin	9-55519-B
nauruerin	9-55519-S
nauruisch	11-62759-B,27-38484-B
nauseam bis zum erbrechen bis zum gehtnichtmehr bis zum ueberdruss	30-27559-S
nautisch	42-70489-B
navaho navajo	10-88696-B
navajo	10-88696-S
navigation	6-66699-B
nay ney	15-63468-B
nazi	15-59640-S
nazideutschland	28-32923-S
ne metall	4-23080-B
neapel	8-72316-B
neapolitanisch	8-56544-B
nebel	2-101411-B,2-101711-B,25-79887-B
nebelfrei klar	17-87732-B
nebelhaft nebelverhangen vernebelt	17-87201-S
nebelhaft undeutlich wolkig	11-23414-B
nebelhorn	46-35234-B
nebelig neblig nebelhaft nebelverhangen vernebelt	17-87201-B
nebelmonat	26-38250-S
nebelscheinwerfer nebelscheinwerferlampe	42-38241-B
nebelscheinwerferlampe	42-38241-S
nebelverhangen vernebelt	17-87201-S
neben	8-54774-S
neben bei	29-17907-B
nebenabsicht nebensinn	21-27920-S
nebeneinander	28-67603-S
nebeneinander stellen	42-70671-B
nebeneinanderstellung	36-1899-S
nebenfluss zufluss	31-30324-B
nebenfrau	39-19791-S
nebenkonto	6-58433-B
nebenniere	27-45238-B
nebennierenentzuendung	41-54267-S
nebenprodukt	1-75814-B
nebensache der welt widmen voegeln	10-55072-S
nebenschilddruesenentzuendung	41-54437-B
nebensinn	21-27920-S
nebensonne parhelion	13-6821-B
nebenwirkung	5-34070-B
nebenwort	7-72935-S
neblig nebelhaft nebelverhangen vernebelt	17-87201-S
nebraska	15-15653-B
nebst sowie	9-19844-S
nee	7-65865-S
neffe	9-52256-B
negaives wachstum	47-72281-S
negation verneinung	22-4405-B
negativ	22-10763-B,38-52298-B
negatives pronomen	23-18868-B
negativwachstum negaives wachstum	47-72281-B
neger schwarzer	15-24814-S
negieren	25-28057-B,37-38222-B
negro	29-45153-S
nehmen	10-22112-S,10-22223-B,10-22330-B,10-22422-S,10-23370-S,16-33176-S,18-56490-S,19-2945-S,24-3152-S,27-26758-S,35-17670-S,42-14815-S,45-9142-S
nehmen glauben	11-47085-S
nehmen in die arme nehmen	16-33176-S
nehmen rannehmen	20-29826-S
nehmen sich entleiben sich toeten sich umbringen	37-65010-S
nehmen waehlen	10-23231-B
neid	38-15095-B
neiderfuellt neidisch scheel scheelsuechtig	16-39935-S
neidisch scheel scheelsuechtig	16-39935-S
neigen	14-43718-S,24-24196-B
neigung	15-31577-S,22-21370-B,22-21484-B
nein	7-67222-B
nein jein	41-74793-S
nein nee	7-65865-B
nein sager neinsager	12-37005-B
neinsager	12-37005-S
nekrolog	11-64427-S
nekromantie totenorakel	47-49420-B
nekrophilie	15-64360-B
nekrose	4-18011-B
nektarine	33-20839-B
nelke	27-16562-B
nematode	33-76606-S
nematoden	4-18275-B
nemesis	40-4969-B
nennen	20-58159-S
nenner	15-10319-S,36-40726-B
neodym	13-47120-B
neoklassizismus	42-68819-B
neokolonialismus	42-52831-B
neoliberalismus	42-52989-B
neolithikum	23-13180-S
neolithisch	23-13659-S
neolithische revolution	23-17266-B
neologismus	14-22893-B
neomelanesisch neuguinea pidgin pidgin englisch tok pisin	28-55609-S
neon	12-72681-B
neonatizid neugeborenentoetung	32-40058-B
neonicotinoide	46-21358-B
neophilie	42-50029-B
neophobie	42-50153-S
nepal	12-2499-B
nepal bhasa	18-17604-B
nepalesisch nepali	8-76909-B
nepalesische rupie rupie	28-59578-B
nepali	8-76909-S
nephologe wolkenkundler	42-8504-B
nephologie wolkenkunde	42-8279-B
nephoskop	25-39814-B
nephrektomie nierenentfernung	36-30161-B
nephritis nierenentzuendung	41-49933-B
nephrologe	16-43722-B
nephrologie	16-43298-B
nepotismus vetternwirtschaft	22-11839-S
neppen uebervorteilen	17-28407-S
neptun	15-70557-B,45-72704-B
neptungras	6-48428-B
neptunium	15-48293-B
nerd	16-20170-B,42-46024-S
nerother jenisch	47-54668-B
nerv	9-19047-B
nerven veraergern aergern	30-20847-B
nervenarzt neurologe	16-32013-B
nervennahrung	44-25301-B
nervensaege	23-62767-B
nervensystem	4-18397-B,29-57378-S
nervensystem vegetatives nervensystem	29-57378-S
nervenzelle neuron	9-17841-B
nervoes	37-26627-B
nervosa	30-23435-S
nervosa magersucht anorexia mentalis anorexie	30-47031-S
nervus trigeminus trigeminus	37-337-B
nerz nerzmantel	32-11162-B
nerzmantel	32-11162-S
nesselblaettrige glockenblume	27-36022-B
nesselsucht	33-69644-B
netbook	43-75314-B
nett	12-72283-S,40-42405-S,41-10058-B
nettoeinkommen	23-8301-B
nettogehalt nettolohn nettoverdienst	20-63714-B
nettolohn nettoverdienst	20-63714-S
nettoverdienst	20-63714-S
netz	12-35220-S,20-74801-S
netzen	37-23975-S
netzhaut	28-37226-B
netzhaut retina	11-36853-B
netzhautentzuendung retinitis	31-41564-B
netztasche	47-48383-B
netzuebergang schnittstelle	20-63883-S
netzwerk	19-71989-B
netzwerk rechnernetz	19-72404-S
netzwerkadministration	20-59058-B
netzwerkaufbau netzwerkeinrichtung netzwerkinstallation	20-56937-B
netzwerkeinrichtung netzwerkinstallation	20-56937-S
netzwerkinstallation	20-56937-S
neu	7-53472-B,10-72689-S
neu aramaeisch	25-63671-S,25-64200-S
neu auslegen neu interpretieren	25-70746-B
neu delhi	28-47965-B
neu interpretieren	25-70746-S
neu schreiben	34-35754-B
neuaramaeisch	26-48530-S,37-54757-S
neue gemeinschaft	4-18964-B
neue noch einmal	29-40603-S
neuenburg	33-45754-S
neuenburg neuenburg	33-45754-S
neuengland	45-71431-B
