achse	10-37049-B,25-4164-B
achselhoehle	30-44369-B
achseln zucken mit den achseln zucken mit den schultern zucken	20-40084-S
achseln zucken mit den schultern zucken	20-40084-S
achselzucken schulterzucken	20-39916-B
achsenmaechte	32-2881-B
acht	11-44042-S,47-68952-B
acht 8	10-6493-B
acht 8 acht	11-44042-B
achtbar respektabel	34-55270-B
achtbeinig	18-21545-B
achteck oktogon	16-16369-B
achteckig achtkantig oktagonal oktogonal	16-12028-B
achtel	37-19318-B
achten	30-68257-B,38-22248-B
achterbahn	8-62910-B
achtjaehrlich	38-26830-B
achtkantig oktagonal oktogonal	16-12028-S
achtundachtzig	46-40295-B
achtunddreissig	10-19943-B
achtundfuenfzig	10-27634-B
achtundvierzig	10-27131-B
achtundzwanzig	10-18004-B
achtzehn	10-9297-B
achtzehneck	23-2200-B
achtzig	10-11857-B
achtzigjaehriger krieg	22-50117-B
achumawi	25-16985-S
aciditaet aziditaet	1-2845-B
acidophil	47-2288-B
acidophilie	47-2213-B
acireale	21-56886-B
acker ackergrund anbauflaeche feld	2-91149-B
ackerbau	1-37935-B
ackergrund anbauflaeche feld	2-91149-S
ackerrandstreifen	3-22871-B
ackersalat gewoehnlicher feldsalat rapunzel	35-28621-B
acre	13-8852-B
actinium	1-4753-B
actinoid	31-18987-B
actinoide	1-4261-B
ad anno domini n chr n chr geb n zw n d z nach christi geburt nach christus nach der zeitenwende u z unserer zeitrechnung	31-71599-B
ad nauseam bis zum erbrechen bis zum gehtnichtmehr bis zum ueberdruss	30-27559-B
adaequanz adaequatheit angemessenheit	29-21494-B
adaequat	18-20946-B
adaequatheit angemessenheit	29-21494-S
adagio	15-13220-B
adam des y chromosoms	30-13505-B
adamorobe gebaerdensprache	25-17551-B
adamsapfel	14-15166-B
addendum	22-15674-B
addieren	22-59957-B
addis abeba	17-31167-B
addition	1-6384-B,12-56208-B
additionspolymer	1-6760-B
additivitaet	41-1753-B
adel	27-20131-B
adelaide	31-6303-B
adele bidire gidire	25-17325-B
adeliepinguin	46-23056-B
adeln	23-16415-B
adeln nobilitieren	23-53732-B
adenektomie	44-43526-B
adenitis	41-77548-B
adenokarzinom	47-1148-B
adenosin	43-0-B
adenotomie	44-43672-B
ader vene	12-13811-B
adh aldehydreduktase alkoholdehydrogenase	20-8852-B
adhaesion	17-50980-B
adhaesionsfolie	34-6209-B
adhs aufmerksamkeitsdefizit und hyperaktivitaetsyndrom aufmerksamkeitsdefizit hyperaktivitaetsstoerung aufmerksamkeitsdefizit hyperaktivitaetssyndrom hks hyperkinetische stoerung	31-32267-B
adi wert	1-7586-B
adieu auf wiedersehen tschues tschuess	7-68095-B
adieu guten tag hallo moin moin	7-67915-S
adipocire fettwachs leichenwachs	45-7047-B
adipositas fettleibigkeit fettsucht obesitas	22-13360-B
adipozyt	33-43220-B
adjektiv	19-55185-S,19-55431-S
adjektiv beiwort eigenschaftswort	8-59501-B
adjektivisch	42-78294-B,42-78511-B
adjuvans	47-13067-B
adler	26-26684-B,30-69045-B
adlerfisch umberfisch	38-63231-B
adlerjunges	46-72877-B
adlig edel	32-42228-B
adliger aristokrat	12-35105-B
administration verwaltung	1-8014-B
administrativ	26-46849-B
administrator	40-16558-B
administrator administratorin	40-16096-B
administrator administratorin verwalter verwalterin	29-23571-B
administratorin	40-16096-S
administratorin verwalter verwalterin	29-23571-S
admirabel bewundernswert bewunderungswuerdig	22-16782-B
admiral	17-46915-B,31-11323-B
admiralitaet	41-1837-B
adnomen	19-68420-B
adobe lehmstein ungebrannter lehmziegel	15-78403-B
adoleszent adoleszentin halbwuechsige halbwuechsiger heranwachsende heranwachsender jugendliche jugendlicher teenager teenagerin junge frau junger mann	28-10989-B
adoleszent halbwuechsiger heranwachsender jugendlicher teenager junger mann	40-12782-B
adoleszentin halbwuechsige halbwuechsiger heranwachsende heranwachsender jugendliche jugendlicher teenager teenagerin junge frau junger mann	28-10989-S
adoleszentin halbwuechsige heranwachsende jugendliche teenagerin junge frau	40-13161-B
adoleszenz juenglingsalter knabenalter	13-69985-B
adoptieren anwenden	18-239-B
adoption	15-36156-B
adoptiveltern	44-3650-B
adposition	15-65979-B
adrenalektomie	44-43816-B
adrenalin	29-26152-B
adrenalitis nebennierenentzuendung	41-54267-B
adressat empfaenger	28-57937-B,29-21010-B
adressbuch	18-64636-B
adresse	46-66083-S
adresse anschrift	13-3852-B
adressenliste	3-83876-B
adria adriatisches meer	19-53454-B
adriatisches meer	19-53454-S
adscharien	25-10049-B
adsl	20-60915-B
adsl modem dsl modem	19-55696-B
adsorbieren	41-85578-B
adsorption	1-9206-B
adstringens	28-33583-B
adstringierend	35-48309-B
advent	29-30535-B
adventmarkt christkindlemarkt christkindlesmarkt christkindlmarkt weihnachtsmarkt	16-33940-B
adventskalender	16-36121-B
adventsstern christstern poinsettie	10-14346-S
adventure adventurespiel textadventure textadventurespiel	11-66711-B
adventurespiel textadventure textadventurespiel	11-66711-S
adverb umstandswort nebenwort	7-72935-B
advocatus diaboli	16-48213-B
advokat anwalt	14-24350-S
adygeja	17-32889-B
adygisch nordwestkaukasisch	23-38475-S
ae astronomische einheit	25-34087-B
aebtin aebtissin	14-74430-B
aebtissin	14-74430-S
aebtlich	40-39504-S,40-40777-B
aechten	36-17141-S
aechzen	13-39423-S
aegaeis aegaeisches meer	28-65026-B
aegaeisches meer	28-65026-S
aegide	42-11058-S
aegypten	11-82369-S
aegypten aegypten	11-82369-S
aegypter	16-64442-B
aegypterin	43-48995-B
aegyptisch	16-64577-B
aegyptisch arabisch	25-45919-B
aegyptische gebaerdensprache	27-34033-B
aegyptische tigermuecke	43-63200-S
aegyptisches pfund	28-65621-S
aegyptologe	38-41855-B
aegyptologie	34-3060-B
aehnlich	9-10928-B
aehre	7-57308-B
aehrige minze	46-44488-S
aelter	10-33698-B
aeltere schwester	10-31458-S
aeltere schwester aelterer bruder	47-67035-B
aelterer bruder	10-31601-S,47-67035-S
aelteres fraeulein	40-17516-S
aelteres futhark	17-44536-B
aenderbar	30-8306-S
aendern	7-63105-S,7-63251-S
aenderung	7-63382-S,18-34615-S,18-36964-S
aengstlich	10-86925-S,16-3757-S
aeolisch	23-35186-S
aeolische inseln	31-64875-S
aequator	22-37084-B
aequatoriales klima	6-85325-B
aequatorialguinea	12-29012-B
aequinoktium	20-17130-S
aequivalent	39-24847-B
aequivalentdosis	2-75029-B
aera	13-72768-S
aerger	21-40239-B
aergerlich	10-88860-S,30-21764-B,30-21820-B,38-60728-S
aergern	17-11649-B,30-20847-S,43-68111-S,47-65466-S
aergernis	30-21604-B
aermel	46-55298-B
aermelkanal	25-5021-B
aermelloch	30-44088-S
aermellos	36-30017-B
aerobe behandlung	6-94742-B
aerober prozess	1-10753-B
aerobic	29-34929-B
aerobiologie	1-10874-B
aerodynamik	17-57661-B
aerodynamisch	29-35132-B
aerodynamisches geraeusch	1-11185-B
aeronautisch	29-35264-B
aeronomie physik der atmosphaere	1-45875-B
aerophon	16-52802-B
aerosol	1-11305-B,6-83919-S
aerosolbombe	28-29872-B
aerosolbombe vakuumbombe	40-56191-B
aerztin	13-12976-S
aesthet	29-35462-B
aesthetisch	29-35553-B,38-22344-B
aesthetizist	42-71169-S
aestuar	2-76569-B
aestuarbiologie	2-75952-B
aestuare ozeanographie	2-76264-B
aethan	32-56340-S
aethanol aethylalkohol	6-84354-S,32-20154-S
aetherisches oel	41-20202-S
aethiopien	12-113-B
aethiopier	35-23267-B
aethiopische gebaerdensprache	27-34412-B
aethiopische schrift	25-51701-B
aethylalkohol	6-84354-S,32-20154-S
aetiologie	33-58921-B
aetzen	38-22509-B
aetzmittel	2-76895-B
aeusseres geschlechtsorgan	40-43087-S
aeusserst	13-49040-S
aeusserst links	16-10809-S
aeusserst ungewoehnlich	38-36440-B
afar	8-73124-B,29-33670-B
affaere	22-50611-S
affaere angelegenheit	29-37200-B
affaere liebschaft verhaeltnis	29-37529-B
affe	8-17760-B,43-78159-S
affe dandy geck gent laffe schoenling stutzer	14-12735-B
affektiert	24-13618-B
affektiv	29-38535-B
affektive stoerung manisch depressive erkrankung	34-38673-S
affenbrotbaeume baobab	17-83649-B
affenhitze bullenhitze	43-25418-B
affidavit eidesstattliche erklaerung	30-27747-B
affinitaet	29-39831-B
affirmativ	29-40224-B
affix	41-13673-B
afghane	18-76490-B,46-68588-B
afghani	13-43212-B
afghanin	43-44487-B
afghanisch	43-44628-B
afghanistan	7-95573-S
afghanistan islamische republik afghanistan	7-95573-B
afrihili	25-18126-B
afrika	1-11697-B,5-54616-S
afrikaans	8-56332-B
afrikanisch	34-411-B
afrikanischer elefant	44-30731-B,44-30828-B
afrikanischer strauss	22-63610-S
afro amerikanerin afroamerikanerin	15-25158-B
afroamerikaner neger schwarzer	15-24814-B
afroamerikanerin	15-25158-S
afroasiatisch	9-64402-B
after anus arschloch	31-20856-B
agammaglobulinaemie	21-9027-B
agave	31-28824-B
agave sisal	25-9645-S
agavendicksaft agavensirup	46-11382-B
agavensirup	46-11382-S
agentur	18-7011-B
agglomeration ballungsgebiet ballungsraum stadtregion	16-50864-B
aggregator	47-71938-B
aggregatzustand	5-50857-S,5-62668-B
aggression angriff	18-31719-B,29-43039-B
aggressiv angriffslustig kampfbegierig kampfesfreudig kampfeslustig kaempferisch	18-37464-B
aggressivitaet	29-43246-B
aggressor angreifer	25-18467-B
agieren	31-19345-S
agil behend behende	34-42276-B
agilolfinger agilulfinger	37-32469-B
agilolfingisch	37-32691-B
agilulfinger	37-32469-S
agitator hetzer	21-71562-B
agitieren	29-47579-B
agnat	37-4065-B
agnes	34-35557-B
agnosie	33-32912-B
agnostiker agnostikerin	41-85639-B
agnostikerin	41-85639-S
agnostizismus	14-52579-B
agora	21-35325-B
agoraphobie	28-75111-B
agram zagreb	9-37773-B
agrarbiotechnologie	1-13346-B
agrarchemikalie agrochemikalie	1-15829-B
agrarier bauer landwirt	17-47646-B
agrarindustrie	1-16479-B
agraringenieurwesen	1-14021-B
agrarmanagement	1-14938-B
agraroekologie landwirtschaftsoekologie	1-13659-B
agraroekonomie	1-13843-B
agrarpolitik landwirtschaftspolitik	1-15361-B
agrarproduktion	1-15674-B
agrarschaedling schaedling	1-15044-B
agrarsystem	6-62811-B
agrartourismus	5-14478-B
agrarumweltrecht	2-68955-B
agrarwissenschaft	6-62636-B
agrigent	24-63483-B,24-65464-B
agrobiodiversitaet	26-9973-B
agrobiologie	44-5291-B
agrobiologisch	44-5418-B,44-5565-B
agrochemikalie	1-15829-S
agroforstwirtschaft	1-16164-B
agrometeorologie	1-16616-B
agrotreibstoff biokraftstoff biosprit biotreibstoff	6-84190-B
ahd althochdeutsche	27-3046-S
ahmet moschee	16-21899-S
ahnen lassen hellsehen verheissen wahrsagen	47-9907-B
ahnenforscher genealoge stammbaumforscher	44-1529-B
ahnung gefuehl verdacht vorahnung	39-57619-B
ahnung vorahnung vorgefuehl	22-30948-B
ahorn	46-39673-S
ahorn ahornholz	35-53888-B
ahornholz	35-53888-S
ahornkirsche antillenkirsche azerola jamaika kirsche kirsche der antillen puerto rico kirsche westindische kirsche	36-32887-S
ahornkirsche antillenkirsche jamaika kirsche puerto rico kirsche westindische kirsche	36-33466-S
ahornsirup	20-5881-B
ahtena ahtna	25-18618-B
ahtna	25-18618-S
aids	1-16882-B
ain	24-45110-B,25-3790-B
ainu	8-73726-B,10-30737-B,10-31137-B,23-32733-B,23-32769-S
aioli allioli	32-58277-B
aiolisch aeolisch	23-35186-B
airbag luftkissen luftsack prallkissen prallsack	12-78001-B
aires	17-32379-S
aisne	24-45339-B
ajax	19-63296-B
ajvar ajwar	45-38161-B
ajwar	45-38161-S
aka kede kede	23-33389-B
akademie uni universitaet	14-48896-B
akademiker	39-46703-B
akademisch	22-64904-B
akademismus	39-48209-B
akadisch akadisches franzoesisch	23-47967-B
akadisches franzoesisch	23-47967-S
akalkulie	36-70295-B
akan	8-73935-B,8-74004-B
akarizid	45-6104-B
akateko	30-23006-B
akazie	15-7475-B
akhir dschumada ath thani	29-44321-S
akhir rabi ath thani	29-44677-S
akkadisch	16-26277-B
akklimatisieren	29-10688-B
akkord	31-6003-B
akkordeon	15-11557-B
akkreditieren gutschreiben	14-31773-B
akku akkumulator	1-2385-B
akkumulation	29-13382-B
akkumulator	1-2385-S
akkurat exakt genau praezise richtig vorschriftsmaessig	8-64212-B
akkuratesse genauigkeit praezision	18-14614-B
akkusativ wenfall vierter fall	17-54054-B
akme gipfel hoehepunkt zenit	23-30373-B
akne	15-21463-B
akrobat	14-73346-B
akrobatik	29-18970-B
akrobatisch	29-18890-B
akrolekt	28-22200-B
akronym	17-66211-B,17-66793-S
akrophobie hypsiphobie hoehenangst	15-20060-B
akropolis	31-6217-B
akrostichon	43-49877-B
akryl	31-26098-B
akte	10-23942-B
akte datei kartei	47-16943-B
aktenkoffer	30-66146-B
aktenkoffer aktentasche	32-52343-B
aktentasche	32-52343-S
aktie	15-36462-B
aktien	19-71233-S
aktienblock aktienpaket	19-67795-B
aktienoption option	12-77213-B
aktienpaket	19-67795-S
aktinometer	42-13201-B
aktinometrie	42-13437-B
aktinometrisch	42-13711-B,42-13845-B
aktionskomitee buergerinitiative	1-5203-B
aktionsradius	19-36832-B
aktionsturbine gleichdruckturbine	35-61954-B
aktiv	11-43482-B,11-43560-B,11-43634-B,29-19553-B
aktive immunitaet	21-6036-B
aktiver vulkan	25-35570-B
aktivieren	29-19487-B
aktivierungsenergie	30-26207-B
aktivist	18-32606-B
aktivitaet	1-34504-S,5-26534-S,8-68721-B
aktivkohle	1-5364-B
aktivvermoegen	18-30057-B
aktualisierung	18-361-B
aktuell	12-70337-B
aktuell augenblicklich derzeitig heutig jetzig modern modisch momentan up to date	46-25533-B
aktuell derzeitig gegenwaertig jetzig momentan	40-24038-B
akupunktur	28-23407-B
akustik	1-4149-B,6-80741-B
akustikfilter akustischer filter	1-3372-B
akustisch	12-79281-B,29-17000-B
akustische eigenschaft akustische kenngroesse	1-3953-B
akustische kenngroesse	1-3953-S
akustischer filter	1-3372-S
akut	41-68375-B
akute beckenentzuendung	21-31833-B
akute krankheit	41-68896-B
akute stenosierende laryngotracheitis	5-56745-S
akw atomkraftwerk kkw kernkraftwerk	4-28414-B
akzent	10-74076-B,10-74216-B
akzent akzentzeichen	10-73895-B
akzent betonung	17-35770-B
akzent syndrom	42-62216-S
akzentuierend	40-72972-B
akzentuierung	28-53061-B
akzentzeichen	10-73895-S
akzeptabel annehmbar	15-11382-B
akzeptabel einwandfrei unbedenklich	40-58972-B
akzeptant empfaenger	40-73746-B
akzeptieren	32-10584-B
akzeptierung annahme	18-44568-B
al	42-27404-B
al akhir dschumada ath thani	29-44321-S
al akhir rabi ath thani	29-44677-S
al auwal dschumada al ula	29-44517-S
al auwal rabi al awwal	29-44843-S
al awwal	29-44843-S
al ula	29-44517-S
alabama	13-45275-B,25-24500-B
alabastern	36-46049-B,36-46137-B
alagoas	33-64609-B
alarm alarmsignal	9-75411-B
alarmierung	1-20714-B
alarmsignal	9-75411-S
alaska	9-35053-B
alb	39-64061-S
albaner	15-68671-B
albanien	7-95787-S
albanien republik albanien	7-95787-B
albanisch	8-56771-B,15-68777-B
albatros	39-47836-B
albedo	33-27765-B
albern ausgelassen bekifft	11-26875-B
albernheit	12-7804-B
albinismus	29-56272-B
albino	29-55364-B
alborg ålborg	8-71105-S
albtraeume haben schlecht traeumen	44-36073-B
albtraum alpdruck angsttraum nachtmahr nachtschaden	12-8654-S
albtraumhaft alptraumhaft	12-9123-B
album	18-4472-B
album musikalbum	18-4710-B
albuminurie	19-42480-B
alchemie alchimie alchymie	15-50507-B
alchemist alchimist	29-56059-B
alchimie alchymie	15-50507-S
alchimist	29-56059-S
alchymie	15-50507-S
alcotest	43-35731-B
aldehyd	17-79073-B
aldehydreduktase alkoholdehydrogenase	20-8852-S
alemannisch	15-53535-B
alexandria	31-30520-B
alexithymie gefuehlsblindheit	44-22032-B
alfalfa luzerne	15-78872-B
algebra	14-25131-B,26-12946-S
algebraisch	20-34358-B
algen	1-21526-B
algenbluete wasserbluete	1-21770-B
algerien	7-95968-S
algerien demokratische volksrepublik algerien	7-95968-B
algerier	43-54803-B
algerierin	43-54942-B
algerisch	43-54644-B
algerische gebaerdensprache	25-46487-B
algier	22-19389-B
algizid	1-22245-B
algorithmus	14-65411-B
alibi	29-56504-B
alicante	22-16112-B
alicyclische verbindung alizyklische verbindung	1-22353-B
alicyclischer kohlenwasserstoff	1-22574-B
alimente ehegattenunterhalt unterhalt	19-26075-B
aliphatische verbindung	1-22826-B
aliphatischer kohlenwasserstoff	1-22988-B
alizyklische verbindung	1-22353-S
alkali batterie alkalische batterie	6-92191-B
alkalimetall	2-56083-B
alkaliphil	47-2468-B
alkaliphilie	47-2359-B
alkalisch	29-67930-B
alkalische batterie	6-92191-S
alkalische phosphatase alkalische phosphomonoesterase ostase	21-7821-S
alkalische phosphomonoesterase ostase	21-7821-S
alkalischer boden	1-23371-B
alkaloide	22-1883-B
alkan	1-23590-B,31-19670-B
alken	17-80760-B
alki alkoholabhaengiger alkoholiker gewohnheitstrinker saufaus saufbold saeufer trinker trunkenbold	32-20771-B
alkin	17-81027-S,31-5374-B
alkohol	1-20951-B
alkohol ethanol ethylalkohol spiritus weingeist aethanol aethylalkohol	32-20154-B
