zuseher	43-27911-S
zusprechen zuweisen	25-8863-B
zustaendigkeit	5-6825-S
zustand	1-104621-S,3-6491-S,3-76506-S,20-46713-B,21-26298-B,21-26409-B,21-26504-B
zustandsverb statisches verb statives verb	47-34896-B
zustehen	11-68394-B
zustimmen	29-7846-B,30-56698-B,35-13341-B
zustimmen uebereinstimmen	10-21495-S
zustimmend	21-60277-S
zustimmung	7-20749-S,22-37263-S,26-45798-B,30-56610-B
zustrom	24-65346-B
zutat	20-38179-S,36-34101-B
zutat von	36-34007-S
zuteilen	18-23487-B,30-58028-B
zuteilung	1-24821-S,1-46390-B
zutraeglich	12-8589-B
zutreter	14-33042-S
zutritt	29-23764-B
zuvor	11-58856-S
zuvorkommend	35-19910-S
zuwachs	9-33055-S
zuwanderer zuwanderin	11-28780-S
zuwanderin	11-28780-S
zuweilen zuzeiten	9-7896-S
zuweisbar	31-14899-S
zuweisen	25-8863-S
zuweisung	30-58131-B
zuwendung	7-19151-S,14-24521-S
zuwiderhandlung uebertretung	3-47033-S
zuzeiten	9-7896-S
zuziehen	23-61632-S
zuzug	28-14967-S
zw n d z nach christi geburt nach christus nach der zeitenwende u z unserer zeitrechnung	31-71599-S
zw v d z v u z vor christi geburt vor christus vor der zeitenwende vor unserer zeitrechnung	31-72015-S
zwang	34-37589-S
zwanghaft	30-26716-B
zwanghaftes spielen	44-77104-S
zwangsabtreibung	39-4322-B
zwangsehe zwangsheirat	39-4684-B
zwangsernaehren	36-68210-B
zwangsernaehrung	36-67966-B
zwangsheirat	39-4684-S
zwangsjacke	43-39265-B
zwangslaeufig	18-56227-S
zwangssterilisation	39-4496-B
zwangsstoerung	12-48704-B
zwangsvorstellung	21-71244-S
zwanzig	10-8979-B
zwanzigcentmuenze zwanzigcentstueck	25-68703-S
zwanzigcentstueck	25-68703-S
zwanzigeck	16-15354-B
zwanzigersystem	41-36093-S
zwanzigjaehrlich	38-27476-B
zwanzigstel	37-23291-B
zweck	18-1076-S
zweck von	18-1042-S
zwei	7-42969-S,8-80471-S,30-28273-S,44-54164-B
zwei wochen	33-40644-S
zwei zwei	7-42969-B,8-80471-B,30-28273-B
zweibeinig	18-21643-B
zweicentmuenze zweicentstueck	25-69195-S
zweicentstueck	25-69195-S
zweideutig	17-84313-S
zweidimensional	34-16667-S
zweieuromuenze zweieurostueck	25-68404-S
zweieurostueck	25-68404-S
zweifach	9-27831-S
zweifarbig	39-7135-S
zweifellos gewiss sicher unzweifelhaft	12-58332-B
zweifellos zweifelsfrei zweifelsohne	38-44170-S
zweifeln	9-61824-B
zweifelsfrei zweifelsohne	38-44170-S
zweifelsohne	38-44170-S
zweifluegler	7-23145-B
zweifuessig	41-31364-S
zweifuessler	32-27009-B
zweig	9-1958-S
zweihundert	32-118-B
zweihundertjahrfeier	15-60295-B,35-13262-B
zweijaehrig	37-42561-B
zweijaehrlich	15-60785-B
zweikoepfig	39-39778-B
zweimal	9-8211-B
zweimonatlich	37-41253-B,37-41518-B
zweimonatsschrift zweimonatszeitschrift	37-42007-B
zweimonatszeitschrift	37-42007-S
zweischneidiges schwert	20-31327-B
zweisilbig	37-20962-S
zweisprachig	19-42573-S,19-42762-S
zweispurig	27-15196-B
zweitakter zweitaktmotor	5-98982-B
zweitaktmotor	5-98982-S
zweite person	17-78182-B
zweiteilen	18-14731-S
zweiteilig	32-26928-B
zweiter	8-32503-B
zweiter fall	17-55141-S
zweiunddreissig	10-18636-B
zweiunddreissigstel	37-23449-B
zweiundfuenfzig	10-28672-B
zweiundvierzig	10-26062-B
zweiundzwanzig	10-16784-B
zweizahl	17-62670-S
zwerchfell	33-16395-B
zwerg	12-26069-B,19-33909-B,45-30970-S
zwergdommel	29-22811-B
zwergorange	13-25857-S
zwergplanet	11-31799-B
zwergseeschwalbe	42-60079-S
zwergstaat	19-57129-S
zwetsche	36-2280-S
zwiebel	13-75324-B,44-65176-B
zwielichtig	42-25424-S
zwietracht	37-16796-B
zwille	42-48604-S
zwilling	18-9030-S,18-9187-B,40-86017-B
zwillinge	26-25705-B,40-85640-B
zwingen	35-4447-B
zwingend	35-4502-B
zwinkern	39-79223-S
zwischen	13-29751-B,14-48109-B
zwischen den zeilen anspielung stichelei versteckte andeutung versteckte anspielung	17-67629-S
zwischendeck tanker	5-98628-B
zwischenhaendler	19-12083-S
zwischenprodukt	7-22781-B
zwischenraum	34-6077-S
zwischenregierung	41-23150-S
zwischentitel	44-67635-B
zwischenzeitlich	19-22915-S
zwist	11-14198-S
zwitter	38-31477-S
zwitterion	39-53342-B
zwoelf	10-7050-B
zwoelfeck	16-16082-B
zwoelfeckig	16-12374-B
zwoelfersystem	37-18410-S
zwoelffingerdarm	47-27084-S
zwoelfjaehrlich	38-27246-B
zwoelftel	37-18582-B
zyanid	2-15053-S
zyankali	32-5711-S
zyanose	31-39367-S
zygomatisch	28-2150-B
zygote	22-55581-B
zykloide	39-25852-B
zyklon	2-15195-B
zyklotron	29-59043-B
zylinder	26-11425-B
zylinder kreiszylinder	26-49647-B
zylinder zylinderhut	23-56019-B
zylinderfoermig zylindrisch	36-45229-B
zylinderhut	23-56019-S
zylindrisch	21-4537-B,36-45229-S
zyniker	35-62695-B
zynisch	10-76987-S,35-62818-B
zynismus	35-62764-B
zypern	11-40970-S,47-8133-B
zypern zypern	11-40970-S
zyprer	36-0-S
zypriot zyprer	36-0-B
zypriotisch zyprisch	36-125-B
zyprisch	36-125-S
zyste	36-206-B
zystektomie	44-44511-B
zystische fibrose	45-35084-S
zystitis	41-48699-S
zytologie	2-15403-B
zytomykose	21-18868-S
zytotoxisch	44-9569-B
zytotoxizitaet	2-15614-B
à vis	8-21450-S
á	11-25890-S
ávila	31-29721-B,31-29857-B
åbenrå	8-71380-S
åland inseln	23-55703-B
ålborg	8-71105-S
ångstroem	23-25280-B
élysée palast	34-65828-B
île de france	25-2324-B
čakavisch	15-67610-B
ō mi kami	44-53132-S
štokavisch	15-67238-S
ǀxam	23-43850-B
ǃxóõ	23-43676-B
α strahlung	1-25435-S
α tocopherol	25-79031-S
β strahlung	1-54458-S
γ strahlung	34-60801-S
…	37-37026-S
… jeweils je per pro um á	11-25890-S
