smartphone	37-35038-B
smashed sozzled trashed wasted well oiled	8-58325-S
smasher particle accelerator	25-22760-S
smear pap test papanicolaou test papanikolaou test cervical smear smear test	21-20732-S
smear smear test	21-20732-S
smear test	21-20732-S
smell	7-70348-B,9-25695-B,9-25920-B,17-85210-S
smell a rat	36-10340-B
smelling funky noisome putrid smelly stinking	38-19638-S
smelly foot	44-13304-B
smelly stinking	38-19638-S
smelt	35-16279-B
smile	8-53083-B
smile from ear to ear	42-56246-S
smile grin smiling	8-52837-B
smiley	15-57352-S
smiling	8-52837-S
smithy	29-46695-S
smitten	11-13031-S
smog	4-59128-S,5-39065-B
smog warning	5-39186-B
smoke	5-39368-B,5-86187-S,9-81741-B,17-38977-S,22-40487-S,32-35172-B,43-5470-B
smoke detector	43-47030-B
smoke like a chimney	46-9986-B
smoke point	34-2681-B
smoke producing round	22-7921-B
smoker	33-15728-S,44-74375-S,47-66404-S,47-66638-S,47-66832-S
smoking	5-39733-B,32-34840-B,45-55912-S
smoking ban	30-19191-B
smoking pipe	21-1952-S
smooth	7-54019-B,27-16036-B
smoothie smoothy	44-35670-B
smoothy	44-35670-S
smorgasbord	12-30353-B
smothering	19-50043-B
sms text message	45-43069-B
smug complacent self satisfied	27-22457-B
smuggle	15-41895-B,21-25195-B
smuggler	40-10261-S,40-10531-S
smuggler contrabandist moon curser moon curser runner	28-46734-B
snack	14-33162-B,19-60932-B
snail	24-31466-B,47-14319-S
snail bait snail pellet	44-47956-S
snail cinnamon swirl	45-12085-S
snail fever	5-20078-S
snail giant african land snail	47-14319-S
snail kite	46-30152-B
snail pellet	44-47956-S
snake	5-30081-B,20-53585-S
snake charmer	40-60818-B
snake pit snakepit	28-36808-B
snakepit	28-36808-S
snapper	39-70809-S
snarl up traffic congestion traffic jam	5-91273-S
snatch twat	41-44819-S
sneak cat	11-65609-S
sneaker	9-6608-B,9-6742-B
sneering remarks snide	47-65466-S
sneeze sternutate	25-34239-B
snide	47-65466-S
sniggering titter	33-54063-S
sniper	15-27727-B
snooker	24-239-B
snooze	11-51754-S
snore	33-56250-B,33-56452-B
snow	5-40006-B,7-59587-B,11-45999-B,14-55628-S,17-23613-S,21-480-S,31-43371-S
snow bank snow drift snowbank snowdrift	25-41231-B
snow blind	45-45534-S
snow blindness	45-45935-B
snow clad snow covered snowy	35-368-B
snow cover snow mantle	31-7837-B
snow covered snowy	35-368-S
snow crocus woodland crocus	46-47562-S
snow drift snowbank snowdrift	25-41231-S
snow free snowfree	18-29428-B
snow globe	15-33178-B
snow in the mountain	47-18453-S
snow leopard	31-20582-S
snow leopard ounce snow leopard	31-20582-B
snow line snowline	25-36965-B
snow mantle	31-7837-S
snow monkey	47-43851-S
snow white snowy	35-1717-B
snowball	16-16872-B
snowbank snowdrift	25-41231-S
snowblind snow blind	45-45534-B
snowboarding	30-16621-B
snowdrift	25-41231-S
snowdrop	44-62814-B
snowfall	18-29495-B
snowflake	10-48062-B
snowfree	18-29428-S
snowline	25-36965-S
snowman	16-16756-B
snowslide	5-40293-B
snowy	35-368-S,35-1717-S
snowy mespil snowy mespilus	46-74137-S
snowy mespilus	46-74137-S
snuff	17-41747-B,39-76999-B
snuff it	8-79415-S
snuggle	10-86433-S
so	9-62175-S,41-41425-B
so far thus far yet	8-28496-S
so forth and so on et cetera etc etcetera c c et caetera et cætera etc	31-49844-S
so long	7-67915-S
so on et cetera etc etcetera c c et caetera et cætera etc	31-49844-S
so owe so sth	21-46309-S
so sth	21-46309-S
so therefore	13-59884-S
soaked	10-13159-S,22-34513-B
soaked soaking wet sopping sopping wet soppy wringing wet	36-32559-S
soaking	5-40506-B
soaking wet sopping sopping wet soppy wringing wet	36-32559-S
soap	5-40685-B,24-4854-S,30-58303-S,33-35542-S
soap opera soap	24-4854-S
sob	17-47517-B
soba	33-49508-B
sober	39-39865-B
sober sober up	39-40008-B
sober up	39-40008-S
sobriquet	18-58306-S,21-49153-S
soccer	46-67939-S
soccerball	7-89878-S
sochi	26-15905-B
social antisocial	40-55492-S
social binding agent	21-11910-B
social class	20-67985-S
social condition	5-41071-B
social dance	36-8133-S
social democracy	14-35576-B
social development	5-41243-B
social differentiation	5-41368-B
social dynamics	5-41642-B
social economics socio economics socioeconomics	6-56948-B
social exclusion	21-52272-B
social facility	5-41768-B
social group	5-41938-B
social housing subsidized housing	3-81048-S
social inequality	6-55971-B
social medicine	5-42082-B
social movement	5-42200-B
social participation	5-42364-B
social policy	5-42535-B
social problem	5-42879-B
social psychology	6-56598-B
social relief	5-43120-B
social science	6-35963-B
social security	5-43247-B
social societal	42-41919-B
social structure	5-43471-B
social system	5-43718-B
socialism	11-19058-B,14-28834-S
socialist	11-18900-B,22-42233-B,40-7486-B,40-7617-B
socialist nazi	15-59640-S
socialist people s libyan arab jamahiriya libya	11-75105-S
socialist republics	14-44293-S
socialist revolution october uprising red october	46-11682-S
socialite	24-2115-B
societal	42-41919-S
society	3-43696-S,5-44069-B,7-25894-S
society association brotherhood fraternity	31-54809-S
socio cultural group	7-18105-B
socio economic socioeconomic	38-49234-B
socio economics socioeconomics	6-56948-S
sociobiology	32-22464-B
socioeconomic	38-49234-S
socioeconomics	6-56948-S
sociolect	21-2430-B
sociolinguistics sociology of language	20-23045-B
sociological	41-44268-B
sociologist	44-17085-B
sociology	5-44256-B
sociology of language	20-23045-S
sock	8-89600-B
socket	35-44933-S,45-74466-S
socket orbit orbital cavity	40-31941-S
socket socket	35-44933-S
sockpuppet	30-25098-B,30-25215-B
sod off	13-5209-S
soda soda water sparkling water	10-64083-S
soda water sparkling water	10-64083-S
sodium	10-48784-B
sofa	7-76714-S
sofia	14-71302-B
soft	11-27970-B,47-13580-B
soft as butter buttery	38-34759-S
soft ice cream	12-26224-B
soft in the head	47-49149-S
soft spot	21-27229-B
soft tofu	36-24295-S
soft touch sucker	41-9181-S
softener	23-6988-S
softener fabric conditioner	46-53845-S
softening	5-44497-S
software	5-44606-B,22-59101-S
software application	18-17237-S
software applications software software application	18-17237-S
software configuration management	38-12224-B
software developer	14-73804-S
software development	7-31008-B
software driver	20-73722-S
software engineering	25-24606-B
software font manager	47-73488-S
software license	34-50300-B
software program	20-40755-S
software software application	18-17237-S
soil	1-23371-S,2-3734-S,5-44879-B,13-14092-S,18-21457-B
soil acidification	5-45149-B
soil air soil gas	5-45378-B
soil biology	5-45566-B
soil chemistry	5-45797-B
soil compaction	5-45912-B
soil condition	5-46087-B
soil decontamination	5-46281-B
soil erosion	5-46499-B
soil fertility	5-46771-B
soil formation	5-46925-S
soil gas	5-45378-S
soil improvement	5-47034-B
soil layer	5-47190-B
soil map	5-47764-B
soil mechanics	5-47930-B
soil mineralogy	5-48139-B
soil moisture	5-48312-B
soil organism	5-48372-B
soil pipe	12-57921-B
soil pollutant	5-48441-B
soil profile	5-48574-B
soil quality	5-48672-B
soil salination	5-48797-B
soil salinity	6-65473-B
soil science	5-48985-B
soil subsidence	5-49101-B
soil sully	18-21284-S
soil surface sealing	5-49233-B
soil type	5-49402-B
soil use	5-49585-B
soil water	5-49722-B
sojourn	27-10866-S
soju	33-39613-B
solanales	14-61213-B
solar cell	5-49790-B
solar collector	5-49946-B
solar eclipse	44-34339-B
solar energy	5-50044-B
solar flare	25-80613-B
solar heating	5-50343-B
solar panel	13-42328-B
solar power station	5-50454-B
solar radiation	5-50565-B
solar system	25-49589-S
solar system solar system	25-49589-B
solar wind	25-81193-B
solar year year	7-52096-B
soldier	9-7250-S,25-81977-S,31-49620-S,42-4934-S
soldier of the red army	42-6629-B
soldiers of christ and of the temple of solomon templars	43-61900-S
sole	16-73298-B,38-63624-B,39-58997-S
sole common sole	39-58997-S
sole of foot	26-42399-S
sole sole of foot	26-42399-B
solemn	24-14373-B
solemnity	27-11101-B
solid	11-59813-S
solid matter	5-50674-B
solid particle	6-75615-B
solid state	5-50857-B
solid state physics	29-69582-B
solid unanimous whole	42-25910-B
soliloquy	26-20171-B
solitary	9-31702-S
solitary alone singular	9-80017-B
solomon islands	12-27508-B
solomon templars	43-61900-S
solothurn	33-44922-S
solothurn canton of solothurn	33-44922-B
solstice	16-61439-B
solubility	5-51100-B
soluble	26-48947-S,26-49059-B
soluble lipophilic	26-50146-S
solution	24-23567-S,24-28415-B
solution result solvent	13-14297-S
solve	34-36362-B
solvent	4-38697-S,5-51300-B,13-14297-S
solving troubleshooting	20-57148-S
soma	13-69015-B
somali	16-23914-B
somalia	12-23499-B
somaliland	10-78912-B
some	7-55215-B,7-58692-B,7-58928-B
some one somebody someone	9-883-B
somebody someone	9-883-S,13-27957-S
someone	9-883-S,13-27957-S
something	8-69503-B,21-25361-S
something i don t know that s an understatement	40-28944-S
sometimes	9-7896-B
somewhat a bit a little a trifle	32-44401-S
somme	24-59146-B
sommelier wine waiter	25-28099-B
somnambulism	30-34361-S
somnambulist	40-49035-S
somniferously soporifically	42-32851-B
somnipathy	5-38425-S
somotic south omotic	23-45211-B
son	9-40312-B,40-28715-S
son in law	19-34931-B
sonata	12-23027-S,14-4364-S
song	20-16598-S,20-29154-B
song of roland	45-27434-B
song strain	40-87627-B
songbird	5-51489-B
sonic boom	5-51646-B
sonneberg	47-38378-B
sonoluminescence	47-31297-B
soon as	19-27554-S
soon as once soon the minute when	19-27612-S
soon as possible asap earliest possible	41-2053-S
soon speedily	13-34500-S
soon the minute when	19-27612-S
soonest possible as soon as possible asap earliest possible	41-2053-S
soot	5-51795-B
soothe	13-27066-S
soother	44-68106-S
soothsayer	37-47970-S
sophism	32-16860-B
sophistication	41-55639-S
soporific	33-66945-B
soporifically	42-32851-S
sopping sopping wet soppy wringing wet	36-32559-S
sopping wet soppy wringing wet	36-32559-S
soppy wringing wet	36-32559-S
soprano	7-63542-B
sorani	26-44525-S
sorbet	12-26405-B
sorbian	9-46396-S,9-46525-S
sorbian spoken	23-52894-S
sorbian wendish	8-87027-B
sorcerer warlock wizard	26-40653-S
sorcerer wizard	14-38317-S
sore throat throat pain	45-55730-B
sorority	22-37418-S
sorption	5-51960-B
sorrel sorrel spinach dock	34-52338-S
sorrel spinach dock	34-52338-S
sorrow	32-25514-S
sorrow grief	9-66989-B
sorrows	44-27409-S
sorry	13-68712-B
sort out	43-66424-S
sort out try to settle try to sort out	43-66424-S
sorting	6-14631-S
sorting algorithm	34-10203-B
sotho	16-28857-S
sotho southern sotho	16-28857-S
sou east south southeast	32-4407-S
sou sou east south southeast	32-4407-B
soul	14-21144-B,14-21699-B
sound	3-75526-S,5-52086-B,10-73404-B
sound as a bell fit as a fiddle fit as a flea in rude health right as rain sound as a bell sound in wind and limb	47-43144-S
sound as a bell sound in wind and limb	47-43144-S
sound emission	5-52340-B
sound immission	5-52455-B
sound in wind and limb	47-43144-S
sound insulation material	3-50936-B
sound level	5-52687-B
sound off	10-85477-S
sound pressure level	1-3703-S
sound propagation	5-53025-B
sound transmission	5-53322-B
soundboard	21-47618-S
soundness	42-67844-B
soundproofing	5-52867-B
soup	9-8241-B,12-47447-S,12-47621-S,24-37925-S,25-23099-S,29-20787-S,29-20882-S,33-25797-S,33-50301-S,45-49216-S
soup kitchen	12-13340-B
soup up supe up	43-17002-B
soupy	41-72700-S
sour	30-69214-B
sour cherry	37-1450-B,37-1642-S
sour cream	46-4998-B
source	2-63662-S,3-75709-S,4-68637-S,14-73011-S,19-31740-S,21-71671-B
source control version control	34-57190-S
source language	33-66702-B
source of sound	3-75526-S
source spring	9-5000-B
source text	33-65913-B
sourdough	39-34692-B
soursop	47-9466-B
soused herring	32-63397-B
south	9-28768-B
south africa	11-31182-B
south african sign language	29-33882-B
south america	5-53429-B
south asia	5-54931-S
south atlantic ocean	5-53901-B
south azerbaijan southern azerbaijan	25-50829-B
south carolina	15-17970-B
south caucasian	23-39586-S
south china sea	19-54365-B
south dakota	15-18179-B
south german southern german	39-78420-B
south holland	24-43793-B
south korea	12-27610-S
south korean	27-22671-B,38-36940-B
south omotic	23-45211-S
south ossetia	17-14590-B
south pacific ocean	5-55279-B
south polar ocean southern ocean	1-33675-S
south southeast	32-4407-S
south west africa	33-8064-S
southeast	32-4407-S
southeast asia	5-54169-B,36-51356-S
southeast asian nations	1-42626-S
southern africa	5-54616-B
southern and antarctic lands	23-61110-S
southern and antarctic lands territory of the french southern and antarctic lands	23-61110-S
southern asia south asia	5-54931-B
southern azerbaijan	25-50829-S
southern bai	25-61361-B
southern balochi	25-54353-B
southern elephant seal	12-16496-B
southern france	24-34679-B
southern german	39-78420-S
southern luri	47-48443-B
southern min	11-62312-S
southern ocean	1-33675-S
southern ocean south polar ocean southern ocean	1-33675-S
southern sierra miwok	27-35690-S
southern sotho	16-28857-S
southern territories french southern and antarctic lands territory of the french southern and antarctic lands	23-61110-S
southern uzbek	23-32319-B
southern vietnamese	23-34035-B
southwest asia	6-25656-S
souvenir	24-7972-S
sovereign	16-51868-B
sovereign state	7-82832-S
soviet	32-38911-B
soviet socialist republics	14-44293-S
soviet union ussr union of soviet socialist republics	14-44293-B
sow	8-18005-B,13-60908-B,42-69204-S
sow bug woodlouse	17-64594-S
soy bean	42-28986-B
soy beverage soy drink soy juice soybean milk soymilk	42-29166-B
soy drink soy juice soybean milk soymilk	42-29166-S
soy greater bean	42-28724-B
soy juice soybean milk soymilk	42-29166-S
soya bean sprout soybean sprout	47-21026-B
soybean milk soymilk	42-29166-S
soybean sprout	47-21026-S
soymilk	42-29166-S
sozzled trashed wasted well oiled	8-58325-S
spa gardens	28-63130-B
space	3-18755-S,3-78356-S,5-55662-S,6-67345-S,20-30074-B,21-14241-S,45-63251-S
space debris space junk space waste	5-56449-S
space dot	41-4731-S
space hopper	46-49358-S
space index floor space ratio	46-16820-S
space junk space waste	5-56449-S
space policy	7-14695-B
space ratio	46-16820-S
space research	7-39769-B
space space	5-55662-S,21-14241-S
space telescope	34-50946-S
space travel	5-56313-B
space waste	5-56449-S
spacecraft spaceship	12-25910-B
spaceman spationaut taikonaut	17-1039-S
spaceport	44-15805-S
spaceship	12-25910-S
spacious wide	34-983-S
spade	22-45288-B
spadework	47-58706-S
spaghetti	10-79827-B,45-43176-S
spaghetti marrow squaghetti vegetable spaghetti	45-43176-S
spaghetti squash noodle squash spaghetti marrow squaghetti vegetable spaghetti	45-43176-B
spaghetti with tomato sauce	15-75842-B
spain	11-36364-B
spallation	30-57359-B,30-61491-S
spam	13-46662-S
spam email spam	13-46662-B
span roof	46-39943-S
spaniard	8-17122-B,8-17243-B,8-17380-B
spanish	7-88128-S,15-74753-B,23-51334-S
spanish fighting bull fighting bull	39-49113-B
spanish judæo spanish	23-51334-S
spanish salsify black oyster plant black salsify scorzonera serpent root viper s grass viper s herb	34-24533-B
spanish sign language	30-49477-B
spanner	46-38289-S
spanner adjustable wrench fit all shifter shifting adjustable shifting spanner	46-38289-S
spare rib sparerib	39-73014-B
sparerib	39-73014-S
spark plug	13-17962-B
sparkling water	10-64083-S
sparkling wine	17-29249-B
sparrow	11-25063-B,45-29257-S
sparrow sparrow	45-29257-S
sparrowhawk	16-53916-S
sparrowhawk sparrowhawk	16-53916-S
spasm	35-46213-S
spasmodic croup	5-56745-S
spasmolytic	45-51270-S
