formation	5-46925-S,44-61777-S,45-1468-S
formation complexation complexing	1-109235-S
former	20-12733-B
former name	36-47646-B
former previous	20-12874-B
former times in the past	22-3938-S
formerly in former times in the past	22-3938-B
formerly known as	29-1822-S
forming	44-6748-S
formula	31-50934-B,35-30455-S
formula one	18-4918-B
formula pattern rule	32-3863-B
formula symbol	40-27270-B
formulate invent	8-64719-S
formwork	27-21127-S
fornicate	41-84036-B
forrest wood woods	9-76584-B
forsake	36-54258-S
forsaken desert deserted	17-85670-S
forsaking	39-34392-S
forswearing perjury	10-60785-B
forsythia	46-79153-B
forth	13-70201-S
forth and so on et cetera etc etcetera c c et caetera et cætera etc	31-49844-S
forth give birth	23-21933-S
forthright frank free spoken outspoken plainspoken point blank straight from the shoulder	40-75992-S
forthwith immediately now at once directly instantly like a shot right away straight off straightaway	32-43336-B
fortification	26-59561-B
fortified	25-3402-B,26-59515-B
fortified church	46-39498-B
fortify gird	14-39669-S
fortnightly semi monthly semimonthly	37-41724-S
fortress	31-31132-B
fortunately luckily serendipitously	16-3603-B
fortune good luck	13-41230-B
fortune teller fortune teller fortuneteller	47-2077-B
fortune teller fortuneteller	47-2077-S
fortuneteller	47-2077-S
forty	10-10587-B
forty eight	10-27131-B
forty five	10-26620-B
forty four	10-26450-B
forty nine	10-27304-B
forty one	10-25902-B
forty seven	10-26958-B
forty six	10-26788-B
forty three	10-26280-B
forty two	10-26062-B
forty winks kip snooze	11-51754-S
forum	22-3677-B
forward	21-45094-B,30-57153-S,46-26937-S
forward allowance lead	22-19714-B
forwarding agent	7-38981-B
fossa	43-57513-S
fossil	2-107417-B
fossil fuel	2-107579-B
foul breath halitosis oral malodor	25-47730-S
foul smelling funky noisome putrid smelly stinking	38-19638-S
foulmart foumart	43-64256-S
foumart	43-64256-S
found institute	25-46179-S
foundation	9-74742-B
foundation fundament	9-74654-B
foundation fundament groundwork substructure understructure	14-48780-S
founder	7-49889-S
foundling	36-27978-B
foundry	35-41647-B
fountain	6-90720-B,10-59058-S
fountain pen	36-6047-B
four	7-46705-B,8-81134-B,10-17225-S,10-19068-S,10-26450-S,10-28332-S,23-21725-B,46-18506-B
four cycle engine four stroke cycle engine four stroke engine	2-107794-B
four dimensional 4 dimensional 4d	41-58037-B
four eyed fish	45-31939-B
four eyed fishes	45-32153-B
four footed quadruped quadrupedal	44-15079-B
four headed	45-18595-B
four hundred	45-42835-B
four stroke cycle engine four stroke engine	2-107794-S
four stroke engine	2-107794-S
four thousand	45-66435-B
fourteen	10-7747-B
fourteen days two weeks	33-40644-B
fourteenth	37-19849-B
fourth	10-5437-B
fourth digit gold finger leech finger marriage finger medical finger medicinable finger medicinal finger physic finger physical finger physician finger ring finger ring man wedding finger	10-49861-S
fourth quarter	10-5283-B
fowl	11-55668-S
fox	7-92235-S,38-13300-B
fox cub	39-20856-B
fox red fox	7-92235-B
foxily knavishly slyly trickily	40-41849-S
fps doomlike first person shooter	46-43897-B
fractal	22-64377-B
fraction	33-52340-B
fractional number fractional numeral	17-59056-B
fractional numeral	17-59056-S
fracture	20-47742-B,33-18771-S,40-64033-S,40-64242-S,41-39082-S,41-39244-S,41-39485-S,41-39677-S,41-39862-S,41-40045-S,41-40254-S
fracture basal skull fracture	41-40045-S
fracture fracture	40-64242-S
fracture open fracture	40-64033-S
fracture wrist fracture	41-39244-S
fragance aroma	9-26089-B
fragile	18-67042-S
fragment	24-6727-B
fragment scrap	14-53400-S
fragmentary	26-59596-B
fragrant rice jasmine rice	44-11673-S
frambesia tropica parangi pian polypapilloma tropicum thymosis	38-56483-S
frame	16-4715-B,24-2136-S,27-94-B,27-21278-B,43-36465-S,44-17707-B
frame door case doorcase doorframe	45-8973-S
frame frame	43-36465-S
frame monkey bars	46-48751-S
frame of reference	46-54487-B
framework legislation	2-108064-B
franc	26-56868-S,32-31662-S,32-31818-S,32-31906-S,32-31998-S
franc franc	26-56868-S,32-31662-S,32-31818-S,32-31906-S,32-31998-S
franca nova	32-6548-S
france	11-34379-B,24-34679-S,25-2324-S,31-1907-S
franchise	20-48001-B
francium	12-71408-B
franco german	30-36363-B
franco provençal patois	9-16324-S
franconian	28-27366-S
franconian main franconian	28-27366-S
francophile	28-7847-S
francophile francophile	28-7847-B
francophobe	28-8065-B
frank free spoken outspoken plainspoken point blank straight from the shoulder	40-75992-S
frankfurt	12-5728-B,12-5818-B
frankish	27-47758-S
frantically franticly frenetically	44-1752-B
franticly frenetically	44-1752-S
fraternity	31-54809-S,35-17865-S
fratricidal	44-2416-B
fratricide	44-2160-B,44-2260-B
frau	10-68868-S
fraud cheater deceiver impostor slicker swindler trickster	33-22945-S
fraud cheating	18-17794-B
fraudulent	36-743-S
free	9-4351-B,33-49175-S,35-3721-S,43-21907-S,43-38252-S,44-10554-S,45-62193-S
free complimentary	9-4173-B
free indirect discourse free indirect style	43-42775-S
free indirect speech free indirect discourse free indirect style	43-42775-B
free indirect style	43-42775-S
free innocent devoid	40-100797-S
free loose release let go let loose set free set loose turn loose unleash	20-28414-B
free lunch	43-57775-S
free lunch tinstaafl there ain’t no such thing as a free lunch	43-57775-S
free morpheme	15-40388-B
free movement of capital	7-3227-B
free non leaded unleaded	44-66056-S
free nonfat	31-68146-S
free set loose turn loose unleash	20-28414-S
free snowfree	18-29428-S
free software	22-59101-B
free speech	12-79668-S
free spoken outspoken plainspoken point blank straight from the shoulder	40-75992-S
free telephone	24-38594-S
free trade	6-60491-B
free zone car free zone pedestrian area pedestrian zone pedestrianised zone	4-49350-S
free zone pedestrian area pedestrian zone pedestrianised zone	4-49350-S
freedman	36-64578-B
freedom	7-4061-B,21-51239-S
freedom of speech free speech	12-79668-B
freedwoman	36-64694-B
freelancer	21-63047-B
freemason	43-51760-B
freemasonry masonry	16-38672-B
freetown	30-31704-B
freeze	8-47660-B,8-60778-B,8-61222-B,8-61432-B,9-62576-B
freeze to death perish with cold	41-5905-B
freezer	14-60652-B
freezing rain	46-5558-B
freight	32-42765-S,45-69719-B
freight train	32-42986-B
freight transport	2-108477-B
freighter	13-29224-S
freish yeast	42-77405-S
french	7-87159-B,7-88606-B,7-88714-B,15-42299-B,15-54219-S,15-54366-S,23-47967-S,23-48390-S,23-48740-S,23-48954-S,23-52142-S,27-6984-S,27-7277-S,31-1982-S,45-73804-S
french alps	37-475-B
french canada	31-2131-B
french formal garden	6-44678-B
french france	31-1907-B
french fried potatoes french fries	14-36333-B
french fries	14-36333-S
french guiana	23-60706-B
french harp blues harp	15-12612-S
french horn	16-54757-S
french horn mushroom boletus of the steppes king oyster mushroom king trumpet mushroom	46-9692-B
french kiss tongue kiss	17-43207-B
french language	24-1633-B
french louisiana regional french	23-48390-S
french polynesia	23-60857-B
french republican calendar french revolutionary calendar	26-37669-B
french revolution	26-34869-B
french revolutionary calendar	26-37669-S
french sign language	28-377-B,30-49284-S
french southern and antarctic lands	23-61110-S
french southern and antarctic lands territory of the french southern and antarctic lands	23-61110-S
french southern territories french southern and antarctic lands territory of the french southern and antarctic lands	23-61110-B
french speaking	24-1506-B
french spoken	23-48616-B
french swiss	15-54089-B
french switzerland	31-1825-B
french toast gypsy toast eggy bread	47-13943-B
frenchman	28-55033-B
frenchwoman	35-47894-B
frenectomy	44-50882-S,44-51082-S
frenectomy frenotomy frenulectomy	44-50691-B
frenetically	44-1752-S
frenotomy frenulectomy	44-50691-S
frenulectomy	44-50691-S
frenuloplasty	45-51969-B
freon	2-108652-B
frequency	11-18454-B,28-59751-S
frequent	15-32118-B
frequently asked questions	47-11978-S
frequently often oftentimes	11-18161-B
fresco	26-369-B,26-1212-B,26-1488-S,26-1586-S
fresh	10-73222-B
fresh impertinent impudent overbold sassy saucy smart wise	11-75894-S
fresh snow	21-480-B
fresh water	2-108796-S
freshly caught	39-50923-B
freshwater biology	3-0-B
freshwater ecosystem	3-255-B
freshwater fresh water	2-108796-B
freshwater organism	3-382-B
fretsaw	10-88371-B
friable	26-59706-B
fribourg	33-46588-S
fribourg canton of fribourg	33-46588-B
fricassee	36-855-B
friction match match	21-40566-B
friday	10-2707-B,21-60564-S
friday great friday holy friday	21-60564-S
friday holy friday	21-60564-S
fridays	29-51919-S
fridge	14-60418-S
fridge magnet refrigerator magnet	46-28494-B
fried	42-49045-B
fried potatoes french fries	14-36333-S
friedelehe	47-71125-B
friend	8-5888-B,8-6087-S,8-6191-S
friend faux ami	12-1611-S
friend girlfriend	8-6357-S
friendly	33-37455-S,44-23334-B
friendly ecological environment friendly environmentally friendly	33-37455-S
friendly environmentally friendly	33-37455-S
friendly nice	9-38849-S
friends and relatives kith and kin	46-54310-B
friendship	31-7215-B
fries	14-36333-S,33-19630-S
fries home fries	33-19630-S
friesland	24-43306-B
fright	35-20414-S
frighten	22-34051-S
frightening horrendous horrific terrible awful direful scary	13-58321-S
frigidarium	16-6812-B
frigophobia	43-59485-B
frigorific refrigerant refrigerating refrigerative	34-10771-S
frimaire	26-38406-B
frisian	15-266-S,28-0-S
frisian saterfriesisch	29-40911-S
frisian western frisian	15-266-B
frisky kittenish	41-27580-B
friulan	12-43323-S
friuli	21-57057-S
friulian friulan	12-43323-B
frog	3-482-B,9-54348-S,24-28222-S,47-20484-S
frog s stomach harping johnny life everlasting live forever livelong midsummer men orphan john orpine witch s moneybags	47-22556-S
frogs legs	33-62057-B
from	19-23059-S,19-74910-S,23-31146-S,24-11444-S
from commons	44-54565-S
from ear to ear	42-56246-S
from ear to ear grin like a cheshire cat smile from ear to ear	42-56246-S
from now on henceforward	25-76786-S
from starvation	25-67245-S
from sth	21-43507-S
from the penalty mark penalty shootout	43-20972-S
from the shoulder	40-75992-S
from the tree	11-6208-S
from wherefrom	39-69066-S
front	9-6435-B,9-6810-B,9-16877-B
front room living room lounge lounge room sitting room	8-55260-B
front take up arms against a sea of sorrows	44-27409-S
front vowel bright vowel	40-96102-B
frontage road access road	1-1796-B
frontal	41-32893-B
frontal bone	41-33047-B
frosinone	11-68114-B
frost	3-750-B
froth steamed milk	35-51429-S
frozen pizza	40-59464-B
fructarian	44-41608-S
fructidor	26-39939-B
frugality	44-14423-B
frugivore	44-75870-B
fruit	3-1263-B,8-84532-S,21-17390-S,30-60213-S
fruit bottled fruit or vegetables bottled vegetables preserves	47-61542-S
fruit cultivation	3-1381-B
fruit fly	44-66359-S,44-66493-B
fruit fly peacock fly tephritid fruit fly	44-66359-B
fruit fruit	8-84532-S
fruit infusion fruit tea	35-56187-B
fruit juice	9-40762-S
fruit juice shake fruit shake	28-51871-S
fruit low hanging fruit	30-60213-S
fruit or vegetables bottled vegetables preserves	47-61542-S
fruit passionfruit	45-44705-S
fruit pitahaya pitaya strawberry pear	28-49716-S
fruit product	31-37704-B
fruit red date	39-45201-S
fruit salad macedonia	13-70973-B
fruit shake	28-51871-S
fruit tea	35-56187-S
fruit tree	3-1486-B
fruit yoghurt	33-53189-B
fruitarian fructarian	44-41608-B
fruitarianism	44-41259-S
fruitful advantageous beneficial profitable	21-44829-B
frustrate queer scotch thwart	41-13236-S
frustration	37-33052-B,46-8257-B
frutarianism fruitarianism	44-41259-B
fry	17-70921-B,45-72171-S
fry cook	33-48333-B
fry pan fry pan frying pan frying pan skillet	37-55224-S
fry pan frying pan frying pan skillet	37-55224-S
fry up	43-12063-S
fryer	33-10706-S
frying pan frying pan skillet	37-55224-S
frying pan skillet	37-55224-S
frypan fry pan fry pan frying pan frying pan skillet	37-55224-B
fsi fsr floor area ratio floor space index floor space ratio	46-16820-S
fsr floor area ratio floor space index floor space ratio	46-16820-S
fuck finger long finger middle finger tall finger tall man	10-49677-B
fuck off get fucked get lost go fuck yourself go to halifax go to jericho go to bath go to hell	41-82720-B
fuck off go away piss off sod off	13-5209-S
fuck shag get laid have sex	10-52226-S
fuck wtf	20-12531-S
fuck yourself go to halifax go to jericho go to bath go to hell	41-82720-S
fucked get lost go fuck yourself go to halifax go to jericho go to bath go to hell	41-82720-S
fuddle	14-27483-S
fuego	27-42837-S
fuel	2-30026-S,2-107579-S,3-1613-B,4-7787-S,4-23647-S,4-27496-S
fuel additive	3-1901-B
fuel air bomb fuel air explosive thermobaric bomb vacuum bomb volume detonation bomb	40-56191-S
fuel air bomb thermobaric device vacuum bomb	28-29872-B
fuel air explosive thermobaric bomb vacuum bomb volume detonation bomb	40-56191-S
fuel alcohol	3-2028-B
fuel cell	13-35341-B
fuel consumption	3-2216-B
fuel element	4-27722-S
fuel oil	3-2303-B
fuel tank gasoline tank	36-21807-B
fuel to the fire add fuel to the flames fan the flames throw oil on the fire	41-23748-S
fuel to the flames fan the flames throw oil on the fire	41-23748-S
fuel wood	3-2499-B
fueling station gasbar petrol garage petrol kiosk	38-62013-S
fugacious passing short lived transient transitory	29-13592-S
fugitive	36-964-B
fugitive investigator bounty hunter fugitive recovery agent	39-8370-S
fugitive recovery agent	39-8370-S
fuji	20-18096-S
fujian dialect min nan min nan minnan southern min	11-62312-B
fula fulani fulfulde	30-28883-S
fulah fula fulani fulfulde	30-28883-B
fulani fulfulde	30-28883-S
fulfilling prophecy	46-122-S
fulfulde	30-28883-S
fulgent glaring glary	36-3485-S
full	8-47185-B,25-71060-B
full beard	47-11430-B
full bodied	21-25338-B
full breakfast bacon and eggs fry up	43-12063-B
full cream milk full fat milk unskimmed milk whole milk	39-21493-B
full employment	18-66274-B
full fat milk unskimmed milk whole milk	39-21493-S
full moon	31-16142-B
full of grace	40-45993-B
full sated satiated	42-12406-B
full verb	17-58477-B
fullerene	30-55016-B
fulliautomatix	35-4783-B
fully paid	19-11930-B
fume	3-2599-B
fumigation	3-2899-B
fun	9-2161-S,28-38183-S
function	8-22826-S,31-40754-B,31-40919-B,31-40987-B
function officiate serve	31-61932-B
function work work well	8-5673-B
functional group moiety	17-78844-B
functional requirement	34-51589-B
functional verb	17-58916-S
functionality	12-57029-B
fund	6-58824-S,6-59000-S,6-59078-S
fundament	9-74654-S
fundament groundwork substructure understructure	14-48780-S
fundament hind end hindquarters keister nates posterior prat rear rear end rump seat stern tail end tooshie tush	14-51561-S
fundamental particle	11-66411-S
fundamental underlying	20-47453-B
fundamentalist	36-1162-B
fundamentally	32-32457-S
fundamentals rudiments	40-63015-S
fundraising	26-50822-B
fundus	47-16178-S
fundus ocular fundus	47-16178-B
funeral	12-73615-B
funeral director mortician undertaker	16-25848-B
funerary urn	22-6867-S
fungi	46-75849-S
fungicide	3-3436-B
fungus	3-3308-B
funky noisome putrid smelly stinking	38-19638-S
funnel	9-61267-B
funny humorous	9-44477-S
funny odd strange unusual	35-60212-S
fur	3-3543-B
fur animal	3-3791-B
fur coat	32-10335-B
fur lined	39-12055-B
fur seal	36-12507-B
furan	3-3922-B
furcate ramify	27-9888-S
furious savage	32-16237-S
furnace	1-66027-S,3-4045-B,5-12959-S
furnish render supply	15-35807-S
furnished	45-52113-B
furniture	3-4247-B,14-11480-S,46-45744-B
furniture piece of furniture	14-11480-S
furrier	36-1042-B
furriery	3-4469-B
furrow	10-63053-B
further	18-5435-S
further furthermore moreover besides	10-46207-B
further notice	42-62497-S
further notice until further notice	42-62497-S
furthermore moreover besides	10-46207-S
furtive surreptitious	17-83042-B
furuncle pimple zit	14-8979-S
fuse immix meld	34-58922-S
fuselage	9-18356-B
fusing	35-17043-S
fusing point melting point	36-70627-B
fusion	3-95134-S,4-27882-S,17-75186-S
fusspot	46-70816-B
futhark	17-44536-S
futhark old futhark older futhark	17-44536-S
futhark older futhark	17-44536-S
futuna	24-37140-S
futuna islands wallis and futuna	24-37140-S
future	17-70198-S,40-27674-S
future in the future	40-27674-S
future perfect	17-70594-B
future prospective	40-23518-B
future tense	17-69891-B
future time to come	8-24754-B
futurology	21-44121-B
fuzzy blurred unfocused	21-62560-B
fuzzy logic	25-27566-B
fyodor	31-6966-B
fæces poo poop	13-18386-S
fārs pars	25-51196-S
g	14-19542-S,36-55172-B
g strophanthin ouabain	45-36742-B
gable roof	26-57886-B
gable roof pitched roof saddle roof span roof	46-39943-B
gabon gabonese republic	12-2161-B
gabonese republic	12-2161-S
gaboon okoumé	38-56864-S
gaborone	17-32572-B
gadfly	42-23743-B
gadfly pesterer	42-23597-S
gadolinium	12-52811-B
gadzooks swounds	16-48478-S
gaelic	8-72481-S,16-2961-S,28-7368-S
gaelic football gah	39-42415-S
gaelic gaelic football gah	39-42415-S
gaelicisation	43-41904-S
gaelicization gaelicisation	43-41904-B
gage plum	33-62982-B
gah	39-42415-S
gain	13-49971-S
gain advantage behoof profit	27-26511-S
gain increment increase	9-33055-B
gain obtain	18-27595-B
gain weight put on weight	31-8014-B
gainful lucrative profitable	20-42627-B
galatian	23-40817-B
galaxy	12-19349-S
galaxy cluster	24-32562-B
galaxy milky way	19-38444-B
galaxy star system	11-79394-B
gale	36-4133-B
galicia galiza	19-64044-B
galician	7-86952-B,31-47197-B
galigalu kurdit lishanid noshan	37-54960-B
galiza	19-64044-S
gall	28-39015-S
gallbladder	28-47513-B
