rosary	17-74372-B,17-74726-B
rose	19-24416-B
rose field poppy red poppy red weed	42-61146-S
rose gold russian gold pink gold red gold	43-5090-B
rose hip	33-0-S
rose mallow seeds tropical jewel hibiscus yorka okra	47-23568-S
rose window catherine window	45-41273-B
roseau	35-22721-B
rosebud	39-26452-B
rosemary	32-2545-B
roseola skin rash	33-32800-S
rosery	23-57385-S
rosewood	43-69265-B
rostra	27-18062-B
rostrum	39-66359-S
rosy	26-59327-B
rot	6-0-S,37-26076-S
rot away	37-26394-S
rot off rot away	37-26394-B
rotary furnace	5-12959-B
rotary roundabout traffic circle	17-38102-B
rotate spin turn gyrate	8-50770-S
rotation	2-11933-S,25-39211-B,25-40385-B
rotational molding rotational moulding rotocasting rotomolding rotomoulding spin casting	45-56684-B
rotational moulding rotocasting rotomolding rotomoulding spin casting	45-56684-S
rote	39-58693-S
rotifer wheel animal	47-32043-B
rotocasting rotomolding rotomoulding spin casting	45-56684-S
rotomolding rotomoulding spin casting	45-56684-S
rotomoulding spin casting	45-56684-S
rotten	8-10683-B
rotten bad spoiled spoilt	10-13638-B
rotterdam	25-22235-B
rotulla	40-49145-S
rotwelsch	37-49353-B
rouble ruble	13-44048-B
rouge	32-24657-S,37-30674-S
rough	44-66217-S
rough diamond diamond in the rough	44-66217-B
rough rough textured	31-12825-B
rough textured	31-12825-S
roughage	11-24790-B,11-27811-S
roughly	9-14203-S
rouille	47-32278-B
round	8-36221-B,9-58526-B,22-7921-S,26-59338-B,29-45624-S,46-48619-S
round robin test	3-52794-S
round sardinella	22-55014-B
round trip	46-29696-S
roundabout	42-25161-S
roundabout traffic circle	17-38102-S
roundback	41-58275-S
roundtrip round trip	46-29696-B
roundworm	33-76606-S,47-25980-S
rouse wake arouse awaken wake up waken	9-31474-S
rouse wake wake up waken	9-31309-S
rousing seditious	42-46796-S
route planner	39-29061-B
routine unremarkable workaday	29-46068-S
routinely	38-53322-B
roux	35-12234-B
row	11-14069-S,11-14198-S,11-14476-B,11-14592-B,11-14691-S
row boat rowboat rowing boat	12-57819-B
rowboat rowing boat	12-57819-S
rowdniness	23-62519-B
rowing boat	12-57819-S
royalism	43-39913-S
royalist	22-53336-S
royalty	7-19009-B
rpg pen and paper roleplaying game role playing game tabletop role playing game	19-29562-S
rpm gauge rev counter revolution counter tachometer	40-61971-B
rs 2 4 2 methylpropyl phenyl propanoic acid ibuprofen isobutylphenyl propionic acid	44-65356-B
rub	8-52008-B
rubber	5-13189-B
rubber boots wellies wellington boots wellingtons	44-55867-S
rubber caoutchouc	33-72599-S
rubber duck	46-48954-B
rubber processing	5-13349-B
rubber processing industry	5-13724-B
rubber safety	11-2192-S
rubber waste	5-13943-B
rubbish dump tip	3-64268-S
rubbish shit	13-19674-S
rubbish waste	16-10142-S
rubidium	12-66051-B
ruble	13-44048-S
rubus	32-31115-B
ruby	24-0-B,34-27984-S
ruby ruby	34-27984-B
rucksack	40-99025-S
rudd	42-41172-S
rudder	42-22678-B
rude	8-40889-B
rude health right as rain sound as a bell sound in wind and limb	47-43144-S
rudimentary	42-17988-B
rudiments	40-63015-S
ruffe	15-58587-B
rugby	28-15504-B
rugged tousled unruly	11-73612-B
rule	5-14981-S,21-26752-S,32-3863-S,41-34260-S
rule ethic of reciprocity	29-19028-S
rule guideline	8-67303-S
rule reign	26-40501-S
ruler	8-70005-B
ruling	7-13302-B
ruling party	20-51431-S
rum	44-59570-B,44-59725-S,44-59837-S,44-59945-S
rum brown rum dark rum red rum	44-59945-S
rum dark rum red rum	44-59945-S
rum gold rum	44-59837-S
rum red rum	44-59945-S
rum silver rum white rum	44-59725-S
rum white rum	44-59725-S
rumantsch grischun	23-49676-S
rumbustious unruly	40-46546-S
rumen	14-50810-S
rummage	14-63295-B
rumour	38-60246-B
rump seat stern tail end tooshie tush	14-51561-S
run	6-51768-S,8-89280-B,22-43693-S,27-30963-B
run across run into	13-75505-S
run away take flight	17-19381-S
run for something	21-25361-B
run into	13-75505-S
run out	47-44394-B
run over	30-46725-B
run time runtime	34-7129-B,34-7206-B
run up	34-52205-B
rundi	30-37207-S
runic alphabet	17-44971-B
runner	28-46734-S
runner smuggler	40-10261-S,40-10531-S
running	47-15402-B
runny nose	41-66140-S,41-67355-S
runoff	5-14096-B,5-69798-S
runtime	34-7129-S,34-7206-S
runway	12-62958-B
rupee	28-59578-S,29-5739-S,31-56856-S
rupee rupee	28-59578-S,29-5739-S,31-56856-S
rupiah	28-67250-S
rupiah rupiah	28-67250-S
rupture perineal tear	42-27688-S
rural	24-1320-B
rural exodus	19-5765-S
rural population	5-14342-B
ruse artifice	31-0-B
rush	14-35006-S
rush along step on it	47-46847-S
rush festinate hasten look sharp	13-62524-S
rush speed hasten hotfoot rush along step on it	47-46847-S
russell diagram	35-31048-S
russia russian federation	12-11809-B
russian	8-56935-B,10-5551-B,15-66750-B,15-66847-B,41-79132-S,41-79181-S
russian federation	12-11809-S
russian gold pink gold red gold	43-5090-S
russian oirat	23-33008-S
russian sign language	28-50168-B
russian spoken	23-52986-B
russian white ruthenian	13-44511-S
russification	42-63027-B
russophile	41-79245-B,41-79340-B
russophilia	41-79633-B
russophobe	41-79441-B
russophobia	41-79541-B
rust	12-44028-B,22-37771-S
rust bucket rustbucket	44-39382-S
rustbucket	44-39382-S
rustle	35-14373-B,35-14443-B
rustproof	47-11571-B
rusty	20-39296-B
rutabaga	35-29361-S
ruthenian	13-44511-S
ruthenium	14-30681-B
rutherfordium	14-37795-B
rvf rift valley fever rift valley fever	43-14773-B
rwanda	29-33555-S
rwanda rwandese republic	12-19381-B
rwandese republic	12-19381-S
rye	36-63406-B
rye bread	36-63551-B
réunion	47-74972-B
réunion creole	23-49198-S
rôtânôkiri	25-6685-S
s	27-20279-S,38-34587-S
s 2 amino 1 phenyl 1 propanone benzoylethanamine cathinone	46-44797-B
s a united states united states of america usa	9-34267-S
s advocate	16-48213-S
s ammonia salt of hartshorn	35-29831-S
s an understatement	40-28944-S
s apple laryngeal prominence	14-15166-S
s asperger s disorder asperger s syndrome	28-74177-S
s atmosphere	17-88233-S
s axis	17-87964-S
s best do one s utmost try one s utmost	43-18809-S
s book	40-389-S
s bottle feeding bottle	8-4259-S
s brains own shoot oneself	42-14551-S
s breadth hairbreadth hairsbreadth	40-48611-S
s breadth hairsbreadth	22-34148-S
s calorie	47-28076-S
s chips choke conk croak drop dead give up the ghost go perish pop off snuff it	8-79415-S
s clothing	11-6439-S
s colic plumbism saturnism	42-73925-S
s cookies yak	7-73574-S
s corpse	36-37679-S
s crocus snow crocus woodland crocus	46-47562-S
s crust crust	2-43236-S
s day	16-59973-S,39-55034-S,46-73021-S
s day feast of saint valentine saint valentine s day	46-73021-S
s deathbed in a dying condition lie dying moribund to be in extremis	47-56479-S
s degree doctorate	37-50439-S
s democratic republic laos	11-40068-S
s democratic republic of algeria	7-95968-S
s dictionary	15-44789-S
s disease	21-18868-S
s disease alzheimers	30-10036-S
s disease glandular fever infectious mononucleosis mononucleosis	20-34439-S
s disease hemophilia hæmophilia	21-40855-S
s disease idiopathic parkinsonism paralysis agitans primary parkinsonism	28-20578-S
s disease leprosy	39-28460-S
s disease mm multiple myeloma plasma cell myeloma	25-76170-S
s disease regional enteritis	44-72071-S
s disorder asperger s syndrome	28-74177-S
s dog as fit as a fiddle as sound as a bell fit as a fiddle fit as a flea in rude health right as rain sound as a bell sound in wind and limb	47-43144-S
s dollar	18-35780-S
s echidna barton s long beaked echidna eastern long beaked echidna	39-57785-S
s egg	19-37274-S
s egg hen s egg	19-37274-S
s english united states english	15-54460-S
s eve	16-60242-S
s eye	21-12062-S
s fill	42-12721-S
s film	40-502-S
s fire ergot poisoning ergotoxicosis	44-41935-S
s garlic broad leaved garlic buckrams wild garlic wood garlic	34-19493-S
s grains brewers grains spent grain	41-64280-S
s grass viper s herb	34-24533-S
s grief lovesickness	40-79194-S
s hardest do one s best do one s utmost try one s utmost	43-18809-S
s harp jew s trump ozark harp guimbarde jaw harp juice harp mouth harp trump	24-39895-S
s head skull and crossbones	24-29237-S
s herb	34-24533-S
s home	28-38293-S
s home orphanage	42-15658-S
s hypothesis	40-1593-S
s it going how d ye do	45-19851-S
s joke april fool	21-38561-S
s law mariotte boyle law	29-57852-S
s laws of robotics three laws three laws of robotics	34-42409-S
s lettuce rapunzel	35-28621-S
s libyan arab jamahiriya libya	11-75105-S
s line mason dixon line	37-11429-S
s long beaked echidna eastern long beaked echidna	39-57785-S
s milk	26-2935-S,26-5809-S
s moneybags	47-22556-S
s muscular dystrophy benign pseudohypertrophic muscular dystrophy	29-2776-S
s n methyl 1 phenylpropan 2 amine n methyl 1 phenylpropan 2 amine n methylamphetamine crystal crystal meth desoxyephedrine ice metamfetamine meth methylamphetamine tik tina tweak	46-76067-S
s name	46-69201-S
s nest	14-2437-S,14-2461-S,23-55168-S
s news evil tidings	37-61083-S
s night buck s party bull s party stag do stag night stag party	43-28278-S
s number	29-58088-S
s of a u s a united states united states of america usa	9-34267-S
s organ vno vomeronasal organ	44-52841-S
s own behalf	19-8631-S
s own image	44-63567-S
s own life	37-65010-S
s palms	22-28730-S
s parkinson s disease idiopathic parkinsonism paralysis agitans primary parkinsonism	28-20578-S
s party bull s party stag do stag night stag party	43-28278-S
s party stag do stag night stag party	43-28278-S
s pepper	26-2311-S
s pliers	46-37665-S
s razor	42-42369-S
s razor ockham s razor	42-42369-S
s republic of bangladesh	11-19480-S
s republic of china	12-28582-S,12-40229-S
s republic of korea north korea	12-31196-S
s resolution	17-23051-S
s rod common mullein flannelleaf flannelplant great mullein hag taper	47-22142-S
s rod frog s stomach harping johnny life everlasting live forever livelong midsummer men orphan john orpine witch s moneybags	47-22556-S
s rod goldenrod	47-22489-S
s safety belt	26-33881-S
s sarcoma	21-19187-S
s screwdriver precision screwdriver	46-39042-S
s shop butchery	29-21184-S
s speech	20-10782-S
s star	29-4759-S
s status	6-28946-S
s stomach harping johnny life everlasting live forever livelong midsummer men orphan john orpine witch s moneybags	47-22556-S
s sugar icing sugar	19-6249-S
s syndrome	28-74177-S,45-46780-S
s syndrome erotomania	43-34909-S
s syndrome hypercortisolism	27-45073-S
s the time	45-57098-S
s thirst	33-169-S
s throw	25-1701-S
s tongue keep quiet keep silent remain silent	38-39498-S
s trump ozark harp guimbarde jaw harp juice harp mouth harp trump	24-39895-S
s u s of a u s a united states united states of america usa	9-34267-S
s ulcer	44-28900-S
s utmost	43-18809-S
s utmost try one s utmost	43-18809-S
s velvet dust bunny dust kitten dust kitty dust mouse slut s wool	47-4962-S
s viper	28-9303-S
s voice	32-4631-S,32-4723-S
s weed goutweed ground elder herb gerard snow in the mountain	47-18453-S
s well that ends well	47-12745-S
s wool	47-4962-S
s yeast	43-75739-S,44-32475-S
saami	30-27242-S
saarland	24-41396-B
saba	24-35539-B
sabaean himyarite himyaritic sabaic sabean sabæan	45-29704-B
sabaic sabean sabæan	45-29704-S
sabbath	47-61935-B
sabbatical	38-9944-B
sabean sabæan	45-29704-S
sable	47-12249-B
sabotage	22-47729-B
sabotage counteract subvert undermine weaken	42-54481-S
sabæan	45-29704-S
sac alveolus	1-26285-S
sack	11-7379-S
sack gunnysack jute bag	44-11234-S
sacrament	35-49192-B
sacramento	15-4070-B
sacred language	37-72312-B
sacred trinity	16-5111-S
sacrifice	10-79212-S,20-40309-B,24-1910-B,26-59998-B
sacrifice holocaust	44-26992-S
sacrilege	35-49326-S
sacrum	25-20047-B
sad unhappy doleful dolorous	13-32440-B
sadden	34-34684-B,34-34772-B
saddle	22-47874-B,43-61209-B
saddle flower	44-29770-S
saddle roof span roof	46-39943-S
saddle seat	46-30795-B
saddler	35-50035-B
sadist	38-10143-B
sadly unfortunately regrettably unluckily	16-3457-B
safar	29-44991-B
safe	10-80537-B,10-80646-B
safe condom prophylactic rubber safety	11-2192-B
safe conduct safeguard	24-2274-B
safe deposit box	18-45768-B
safeguard	24-2274-S
safety	1-19828-S,3-54186-S,4-29148-S,4-101979-S,5-11486-S,5-14672-S,6-96308-S,6-96513-S,11-2192-S
safety bag	12-78001-S
safety belt	26-33881-S
safety belt seat belt seatbelt	20-68807-B
safety engineering	18-4034-B
safety measure	5-14774-B
safety regulation	4-32665-S
safety requirement	2-94528-S
safety rule	5-14981-B
safety standard	5-15217-B
safety study	5-15452-B
safety system	6-35719-B
saffian	42-39523-S
safflower oil	45-12322-B
saffron	31-14519-B,43-79843-S,43-79991-S
saffron yellow saffron	43-79843-B,43-79991-B
sage	43-74436-S
sage common sage culinary sage dalmatian sage garden sage kitchen sage meadow sage ramona sage true sage	43-74436-S
sage culinary sage dalmatian sage garden sage kitchen sage meadow sage ramona sage true sage	43-74436-S
sage dalmatian sage garden sage kitchen sage meadow sage ramona sage true sage	43-74436-S
sage garden sage kitchen sage meadow sage ramona sage true sage	43-74436-S
sage kitchen sage meadow sage ramona sage true sage	43-74436-S
sage meadow sage ramona sage true sage	43-74436-S
sage ramona sage true sage	43-74436-S
sage tea	43-77464-B
sage true sage	43-74436-S
saghalien sakhalin	24-511-B
sagittarius	26-26142-B
sahara	21-826-B,29-15141-S
sahel	32-1298-B
sahidic thebaic	23-37827-B
sahrawi	46-17172-B
saidhic written	23-38038-B
sail	14-2741-B,14-2852-S,14-3016-B
sail sailing ship sailing vessel	13-29417-B
sailboat sailing boat	35-49428-B
sailing boat	35-49428-S
sailing ship sailing vessel	13-29417-S
sailing vessel	13-29417-S
sailplane	8-84642-S
saint anthony s fire ergot poisoning ergotoxicosis	44-41935-S
saint brieuc	32-37668-B
saint denis	24-61762-S
saint gallen	33-45329-S
saint gallen st gallen canton of saint gallen	33-45329-B
saint helena	38-17988-B
saint john the divine	30-29501-S
saint kitts and nevis st kitts and nevis	12-30097-B
saint lucia	12-27411-B,31-9435-B
saint lucian	35-26197-B
saint mary virgin mary	12-50710-S
saint nicholas santa santa claus	16-882-S
saint petersburg st petersburg	9-36959-B
saint pierre and miquelon	24-62952-B
saint tropez	32-37710-B
saint valentine s day	46-73021-S
saint valentine saint valentine s day	46-73021-S
saint vincent and the grenadines	12-37243-B
saintliness sanctity	43-63718-S
sake	31-69079-S,45-39980-S
sake japanese sake	31-69079-B
sakha republic yakutia	17-34794-S
sakha sakha republic yakutia	17-34794-B
sakha yakut	11-9322-B
sakhalin	24-511-S
salaam	28-71445-S
salacious	35-12796-S
salad	13-70542-B,26-2664-S,31-68249-S,33-23232-S,45-28871-S,45-29072-S
salad dodger	47-42835-S
salad dressing shaker	33-20369-S
salad lamb s lettuce rapunzel	35-28621-S
salad macedonia	13-70973-S
salad onion scallion spring onion	33-24114-S
salad spinner	33-11098-B
salamanca	32-3395-B,32-3667-B
salamander	5-15719-B,15-32676-S,42-61846-S,42-62060-B
salary	20-63574-S
salary emolument remuneration wages	20-64054-B
sale	15-62947-B,15-63050-B
salentino	23-51137-B
salerno	16-14328-B
sales	20-5792-B,20-67261-B
sales network	19-41621-B
sales proceeds	19-2707-B
sales service	18-26760-S
salesman	46-10872-B
salient remarkable	10-54130-S
salina	7-19322-B
salination	5-15988-B,5-48797-S,6-20382-S
saline water salt water saltwater	5-17184-B
salinisation salinization	44-68030-B
salinity	6-65473-S,6-90532-S,21-49595-B
salinization	44-68030-S
salish	31-55526-S
salish salishan	31-55658-B
salishan	31-55658-S
saliva	8-82130-S
salivary	41-63451-B
salivary gland	11-57634-B
salmon	17-3837-B
salmonella	5-16156-B,22-66844-B
salon	32-4253-S
salpetre acid	31-5650-S
salpingitis	41-50908-B
salsify	30-42700-S,30-42918-B
salsify black oyster plant black salsify scorzonera serpent root viper s grass viper s herb	34-24533-S
salsify scorzonera serpent root viper s grass viper s herb	34-24533-S
salt	3-32785-S,5-11814-S,5-17003-B,7-70420-B,20-24925-S,29-4946-B,37-72997-B,41-14974-B
salt cedar tamarisk	39-45570-B
salt content	5-16583-B
salt marsh	5-16693-B
salt meadow	5-16797-B
salt mine	33-55723-B
salt mining	4-79586-S
salt of hartshorn	35-29831-S
salt plug	5-16953-B
salt salty	20-24852-B
salt shaker	40-65154-B
salt steppe	1-23165-S
salt water saltwater	5-17184-S
salted butter	45-24817-B
salts	41-81845-S
saltwater	5-17184-S
salty	20-24852-S,46-28131-B
salvador	11-22005-S,19-52292-S
salvador republic of el salvador	11-22005-S
salvadoran sign language	27-34174-B
salvage	5-17313-B
salvation redemption	21-50162-B
salzburg	24-42564-B
samaritan aramaic	38-1478-S
samaritan hebrew	38-2353-S
samaritan samaritan aramaic	38-1478-B
samaritan samaritan hebrew	38-2353-B
samarium	14-50952-B
same	9-10928-S,9-16232-S
same however just the same nevertheless nonetheless still though	10-66891-S
same name	43-49782-S
same nevertheless nonetheless still though	10-66891-S
same sex marriage	15-77360-S,38-31242-S
samegrelo zemo svaneti	25-11613-B
sami	35-50869-B
sami north saami	30-27242-S
samoa	12-20233-B,23-55849-S
samoan	30-66485-B
samphire	45-8343-S
samphire samphire	45-8343-S
sample	18-36075-B,18-84623-S,33-28481-S
sample specimen	45-65190-B
sampling	5-17419-B
sampling frequency	28-59751-B
sampling technique	5-17534-B
samtskhe javakheti	25-13073-B
