night stick nightstick truncheon	28-4549-S
night table night stand nightstand	17-86156-S
night time nighttime	7-53692-S
nightcap	25-59198-B
nightclub	14-34905-B,25-70457-B
nightdress nightgown	13-44238-B
nighter	44-17367-S
nightfall	25-53616-B
nightgown	13-44238-S
nightingale	25-15263-B
nightly	44-31334-B,44-31439-B
nightmare	12-8654-B
nightmares	44-36073-S
nightmarish	12-9123-B
nightshift	45-8082-S,45-8230-S
nightstand	17-86156-S
nightstick truncheon	28-4549-S
nighttime	7-53692-S
nightwalker sleepwalker somnambulist	40-49035-B
nigori nigori sake	45-39980-B
nigori sake	45-39980-S
nile delta	45-67943-B
nile nile river	45-67865-B
nile river	45-67865-S
nile virus	44-29616-S
nilly	38-51815-S
nine	8-71254-B,8-72733-B,10-18221-S,10-20163-S,10-27304-S,10-27469-S,11-44130-B,13-4281-S
nine tails	11-51153-S
nineteen	10-9610-B
ninety	10-12179-B
ninety nine	13-4281-B
ninth	37-19420-S,45-71296-S
niobium	13-49731-B
nipple papilla	14-13297-B
nisus pains strain striving	40-87366-B
nitrate	4-19664-B,28-69132-S
nitric acid salpetre acid	31-5650-B
nitrification	4-19751-B
nitrite	4-20018-B
nitro compound	4-20153-B
nitrogen	6-76722-S
nitrogen azote	4-20332-B
nitrogen cycle	4-20572-B
nitrogen dioxide	4-20843-B
nitrogen fixation	1-60052-S,4-21021-B
nitrogen monoxide	4-21187-B
nitrogen oxide	7-20212-B
nitrosamine	4-21283-B
niue	24-16133-B,29-34582-B
nivose nivôse	26-38582-B
nivôse	26-38582-S
nix prohibit proscribe veto	40-68427-S
nizhny novgorod	25-72439-B
nièvre	24-55447-B,25-3437-B
no	7-67222-B,41-74793-S
no avail to no purpose vainly	28-4807-S
no change there then tell me about it tell me something i don t know that s an understatement	40-28944-B
no good deed goes unpunished	39-41553-S
no nope	7-65865-B
no one nobody	34-32458-B
no problem you re welcome	10-85606-S
no purpose vainly	28-4807-S
no see	45-66237-S
no stone unturned move heaven and earth pull out all the stops	45-3377-S
no such thing as a free lunch	43-57775-S
no such thing as a free lunch tinstaafl there ain’t no such thing as a free lunch	43-57775-S
nobel laureate nobel prize laureate nobelist	23-54513-B
nobel prize	29-147-B
nobel prize laureate nobelist	23-54513-S
nobelist	23-54513-S
nobelium	13-53183-B
nobiin mahan	23-44621-B
nobiin spoken	23-44971-B
nobiin written	23-44888-B
nobility	27-20131-B
noble	12-34959-B,12-35105-S,32-42228-B
noble gas	2-55836-B
nobles of the gown nobles of the robe	29-52734-B
nobles of the robe	29-52734-S
nobody	34-32458-S
noctilucent cloud polar mesospheric cloud	43-14582-B
nocturnal enuresis sleepwetting	43-15993-S
nocturne	42-70345-B
nod off	20-41571-S
node	20-67469-B,21-24318-S,41-2441-B,41-2600-S,41-2877-B,41-3077-S,41-3201-B,41-3392-S,41-3549-B,41-3636-S
node node	41-2600-S,41-3636-S
node orbital node	41-3392-B
nodule	32-32718-B,40-95190-S
noise	1-11185-S,1-17719-S,1-31478-S,3-40171-S,5-67380-S,5-91608-S,6-80899-S,6-81017-S,6-81130-S,43-55919-B
noise analysis	4-21403-B
noise barrier	4-21553-B
noise emission	4-21735-B
noise immission	4-21938-B
noise level	4-22097-B
noise measurement	4-22202-B
noise pollutant	4-22322-B
noise pollution	4-22457-B
noise protection	4-22630-B
noise racket	7-41302-B
noisome putrid smelly stinking	38-19638-S
noisome unhealthful unhealthy unsanitary unwholesome	34-35354-S
nomad	4-22977-B
nomenclature	5-78878-S,30-8034-S
nomenklatura	39-32225-B
nominal capital share capital	18-45464-B
nominate	32-39103-B
nomination	23-16502-B,29-29254-B
nominative case subjective case	17-53565-S
nominative nominative case subjective case	17-53565-B
nominative used verb	17-52026-B
nomotic north omotic	23-45288-S
non alcoholic nonalcoholic	23-21011-B
non count noun uncountable noun	39-71987-S
non current asset property plant and equipment	46-66841-S
non differentiated marketing	19-9811-B
non ferrous metal	4-23080-B
non governmental organisation	9-15977-S
non jew	41-36766-S
non leaded unleaded	44-66056-S
non linear	34-21934-S
non metal	4-23352-B
non metallic mineral	4-23223-B
non polluting fuel	4-23647-B
non renewable resource	4-23879-B
non returnable container	4-24155-B
non smoker	44-74375-S
non smoking	45-55912-B
non starch polysaccharide roughage	11-27811-S
non stop permanent	28-50471-S
non volatile substance	6-78841-B
nonadecagon	16-15440-S
nonagon	16-16286-S
nonagonal	16-17235-S
nonalcoholic	23-21011-S
nonane	32-57333-B
nonce word	43-23274-B
nonchalance	23-16525-B
nonconcrete not concrete	25-62514-S
none	13-29167-B
nonetheless still though	10-66891-S
nonfat	31-68146-S
nongratuitous	19-17604-S
nonhazardous unperilous	35-37868-S
nonlinear non linear	34-21934-B
nonpolitical	41-14199-S
nonprescription over the counter otc over the counter	41-26844-B
nonradioactive	44-71374-B
nonreturnable not reusable throwaway	37-37026-S
nonsense	13-19871-S
nonsense childishness	47-65163-S
nonsense trash	47-70301-B
nonsmoker non smoker	44-74375-B
nontextual matter	12-17738-S
nonviolence	25-59916-B
noodle	17-40564-B,28-41378-S
noodle glass noodle	28-41378-S
noodle soup	33-50301-B
noodle squash spaghetti marrow squaghetti vegetable spaghetti	45-43176-S
noon	24-13561-S,29-54060-S,36-5054-S,39-56074-S
noord brabant north brabant	24-43637-B
noose	15-49046-B
nope	7-65865-S
nord	24-55619-B
norden	34-46238-B
nori	33-61780-B
norm	4-24317-B
normal	35-61847-S
normal form	34-39214-S,34-39600-S
normally ordinarily unremarkably usually	12-7210-S
norman	23-47192-S
normand	23-47469-B
normandy	26-2024-B
normative	30-20385-B
normothermic	46-78780-B
norovirus	36-7866-B
norse	29-39144-S,45-76676-S
norse western old norse	45-76676-S
north	9-30130-B,23-46985-S
north africa	4-24388-B
north african	44-49516-B,44-49597-B
north america	4-24697-B
north american	38-23894-B,40-30702-B
north american bison bison buffalo	16-45761-S
north american raccoon common raccoon coon northern raccoon	14-43926-S
north atlantic ocean	4-25503-B
north atlantic treaty organization	11-5451-S
north brabant	24-43637-S
north carolina	15-16712-B
north caucasian languages	23-38288-S
north caucasian north caucasian languages	23-38288-S
north china tiger siberian tiger ussuri tiger	22-27672-S
north dakota	15-16913-B
north german	39-78236-B
north germanic	13-74534-B
north holland	24-43722-B
north korea	12-31196-S
north korean	27-22734-B,35-21952-B
north omotic	23-45288-S
north pacific ocean	4-25797-B
north rhine westphalia	17-19572-B
north saami	30-27242-S
north sea	11-35814-B
northeast caucasian languages	23-38855-S
northeast caucasian northeast caucasian languages	23-38855-S
northeastern	33-70778-B
northern bai	25-61083-B
northern bluefin tuna tunny	20-45411-S
northern europe	13-7822-B
northern frisian	28-0-B
northern german	39-47723-B
northern goshawk	36-57417-S
northern ireland	11-76645-S,15-35210-B
northern kurdish	30-11070-S
northern mariana islands	24-39614-S
northern mariana islands the commonwealth of the northern mariana islands	24-39614-B
northern pintail pintail	36-13575-B
northern raccoon	14-43926-S
northern raven	30-11550-S
northern sami north saami	30-27242-B
northern thai	23-34233-S
northern uzbek	23-32139-B
northern vietnamese	23-33941-B
northern yi nosu nuosu sichuan yi	28-40375-S
northumbrian	44-45263-B
northwest	15-19039-S
northwest caucasian pontic	23-38475-S
norway	9-55682-S
norway maple	46-39673-B
norway norway	9-55682-S
norway rat norwegian rat brown rat wharf rat	27-27350-B
norway spruce	11-43722-B
norwegian	8-78140-B,9-55464-B,15-76135-B
norwegian bokmål	12-9221-S
norwegian nynorsk nynorsk	16-49804-B
norwegian rat brown rat wharf rat	27-27350-S
norwegian sign language	28-24029-B
nose	7-50172-B,26-42682-S,41-66140-S,41-66994-S,41-67355-S
nose brown noser lickspittle sycophant toady	39-37919-S
nose candy snow	14-55628-S
nose nasal blockage nasal congestion nasal obstruction stuffed up nose stuffy nose	41-66994-S
nose play false snow	31-43371-S
nose stuffy nose	41-66994-S
nosebleed	21-45744-S
nosed mole	45-60696-S
nosegay posey posie posy tussie mussie	39-51871-S
nosehole	22-53629-S
noser lickspittle sycophant toady	39-37919-S
nosey parker nosy parker	46-70334-B
noshan	37-54960-S
nosocomial	36-62120-B
nosocomial infection	36-62250-S
nostratic	29-17079-B
nostril naris nosehole	22-53629-B
nosu nuosu sichuan yi	28-40375-S
nosy parker	46-70334-S
not	7-54617-B,10-69001-B
not at all	23-11603-B
not concrete	25-62514-S
not deformable	27-10990-B
not later than	27-38045-S
not mostly	31-40333-S
not reusable throwaway	37-37026-S
not the sharpest tool in the shed putz simpleton	8-49041-S
notable noteworthy	20-51811-B
notably	32-44653-B
notably amongst other things especially in particular	47-27909-B
notary	14-20933-B
notation phonemic transcription	40-80162-S
notation phonetic transcription	40-79917-S
note	2-34089-S,12-30644-B,12-30940-B,16-47779-S,20-54429-S,25-47502-S,25-67358-S
note observe remark	34-15825-S
note one hundred euro note	25-67358-S
note piece of information	20-11910-S
notebook	10-64332-B
notebook computer	11-33422-S
notebook notebook computer	11-33422-S
notecase pocketbook wallet	38-63082-S
notepaper	24-5948-B
noteworthy	20-51811-S
nothing	13-29107-B,39-43139-S
nothing in vain to no avail to no purpose vainly	28-4807-S
nothing no problem you re welcome	10-85606-S
notice	6-69538-B,20-49310-B,42-62497-S
notice mark note	16-47779-B
notice observe behold descry discern discover espy find perceive	36-53802-S
notice poster placard posting	34-53394-B
notice until further notice	42-62497-S
notify	29-17751-S
notion	34-12215-B
notorious	21-52903-B
notwithstanding	36-57722-S
nouakchott	29-14753-B
nougat	36-25881-B
noun	8-38063-S,17-51149-S,17-51590-S,17-51866-S,19-68859-S,20-10459-S,39-71987-S
noun na adjective na type adjective	19-55431-S
noun non count noun uncountable noun	39-71987-S
noun substantive	7-72398-B
noun uncountable noun	39-71987-S
nourish nurture	13-54262-S
nourishment nutrient nutriment nutrition sustenance	4-30696-B
nouveau riche new money new rich	46-63166-B
nouveau riche new money upstart parvenu	46-61935-B
nova	32-6548-S
nova scotian sign language	29-34114-S
novara	10-13440-B
novel	19-64958-B,37-24389-S
novel adaptation	39-69532-B
novel food	4-26262-B
novelist	29-31725-B
novella	29-32941-B
november	10-1101-B
novennial	38-26926-B
novgorod	25-72439-S
novial	23-51822-B
novo	24-30738-S
novosibirsk	25-72178-B
now	8-28429-B,9-81168-B,9-81294-B,46-23837-B,46-24406-B,46-24713-B,46-24883-B,46-25339-B,46-25936-B
now and then	32-45301-S
now at once directly instantly like a shot right away straight off straightaway	32-43336-S
now at once immediately	46-24019-B
now fashionable modern	46-25533-B
now from now on henceforward	25-76786-S
now in as much as now that since	46-25109-B
now on henceforward	25-76786-S
now that since	46-25109-S
nowadays today	7-77216-B
nowhere	30-20525-B
nubian	23-44393-B
nubile	30-37784-S
nuclear accident	4-26403-B
nuclear debate	4-28306-B
nuclear energy	4-26706-B
nuclear explosion	4-26925-B
nuclear facility	4-27148-B
nuclear fission	4-27307-B
nuclear fuel	4-27496-B
nuclear fuel element	4-27722-B
nuclear fusion	4-27882-B
nuclear hazard	6-97020-B
nuclear holocaust	47-49658-B
nuclear meltdown	2-8142-S
nuclear physics	4-28008-B
nuclear power	14-41877-B
nuclear power plant nuclear power station	4-28414-S
nuclear power station	4-28414-S
nuclear reaction	4-28680-B
nuclear reactor	4-28948-S
nuclear safety	4-29148-B
nuclear spallation	30-61491-B
nuclear submarine	39-27102-B
nuclear test	4-29376-B
nuclear war	46-14479-B
nuclear waste radioactive waste	4-98580-B
nuclear weapon	4-29565-B
nucleic acid	4-29724-B
nucleon	31-34032-B
nucleotide	30-2592-B
nucleus	11-45520-B,23-16630-B
nude	13-3470-B
nudge	36-32246-S
nudism	28-32584-B
nudity	44-38305-S
nui rapanui	25-48991-S
nuisance pain pain in the ass pain in the neck	30-21604-S
nuke	41-32478-S
nuke zap	41-32715-S
nukuʻalofa	30-35087-B
null zero	7-80146-B
nullify	18-69935-B
nulligravid	30-67302-B
nullipara	30-67100-B
nulliparous	30-67203-B
numb	36-18184-B
number	8-19439-B,8-19513-B,11-37991-S,11-38293-S,11-64101-S,15-49886-S,17-59223-S,17-59487-S,17-61990-S,19-74105-S,19-74316-S,21-15764-S,29-50854-S,29-58088-S,29-58375-S,31-24531-S,35-16813-S,35-33481-S,38-55149-S,46-14255-S,46-49738-S
number fractional numeral	17-59056-S
number of days	29-39437-B
number phone number telephone number	46-14255-B
number telephone number	46-14255-S
number theory	29-70647-B
numerable	39-23080-S
numeral	17-6830-S,17-6867-B,17-7030-S,17-59056-S,30-41740-S,30-41847-S,33-7332-S
numeral numeric numerical	38-53888-B
numeric numerical	38-53888-S
numerical	38-53888-S
numerous legion	21-26890-B
numidia	44-33191-B
numidians	44-33395-B
numismatic	41-5330-B
numismatics	41-5059-B
nun sister	15-25006-B
nunavik	25-71783-B
nunavut	47-16873-B
nunnery	11-69282-S,29-57017-S
nuosu sichuan yi	28-40375-S
nuptial	21-58822-S
nuptials wedding wedding ceremony marriage	7-61095-S
nuremberg	47-38131-B
nurse	7-64913-S,15-57696-S,20-40648-B,38-39339-S
nurse wet nurse	38-39339-S
nursery	4-29886-S,5-94920-S
nursery garden	6-50300-B
nursery plant nursery	4-29886-B
nursery preschool	12-67058-B
nursery web spider	16-50639-B
nursing	38-51191-S
nurture	13-54262-S
nut	10-68629-B,45-43893-S,46-42831-B
nut allergy	34-2848-B
nut brown	12-45717-S
nut monkey nut peanut pinda	13-10068-S
nut orchis testicle testis	14-13540-S
nut palm tagua palm	43-35968-S
nut peanut pinda	13-10068-S
nut wood nutwood	35-54980-B
nutcracker	16-61289-B
nutmeg	16-21734-B
nutrient content	4-30197-B
nutrient cycle	4-30368-B
nutrient medium	4-30046-S
nutrient nutriment nutrition sustenance	4-30696-S
nutrient removal	4-30539-B
nutrigenomics	46-75169-B
nutriment nutrition sustenance	4-30696-S
nutrition	1-31588-S,4-31044-B
nutrition sustenance	4-30696-S
nutritional value	4-31209-B
nutritionist s calorie	47-28076-S
nutritious	42-2407-B
nutwood	35-54980-S
nuuk	29-15930-B
nyctalopia night blindness	27-46695-B
nylon	25-63255-B
nymph	40-78408-B,40-78853-B,40-79094-B
nymphet nymphette loli	40-76974-S
nymphette loli	40-76974-S
nympho nymphomaniac	40-71797-B
nymphomania	40-71623-B
nymphomaniac	40-71797-S,40-71983-B
nynorsk	16-49804-S
nynorsk nynorsk	16-49804-S
nyx	34-30833-B
nævus	10-72801-S
nîmes	32-37568-B
o lantern	15-26167-S
o lantern jack o lantern	15-26167-S
o nine tails	11-51153-S
oak	18-26471-S
oak oak tree	4-31398-B
oak oak wood	35-53632-B
oak tree	4-31398-S
oak wood	35-53632-S
oarfish	47-45246-B
oarsmanship	40-51036-B
oasis	26-3838-B
oat	38-52191-B
oat bran	39-7782-B
oath	26-34500-S,27-4291-B
oaths of strasbourg	45-1116-B
oats	39-39035-S
oats wild rice	44-12218-S
obeast oinker pig podge porker pudge salad dodger	47-42835-S
obelisk	19-71866-B
obelix	34-61866-B
obese	12-77864-S
obesity	22-13360-B
obey	9-46012-B
obey abide by comply	35-8685-B
obit	37-72512-S
obituary	11-64313-B,11-64427-B
object	8-26338-B,18-13235-B,23-16664-B
object glass object lens objective glass objective lens	45-7909-S
object lens objective glass objective lens	45-7909-S
object oriented programming	34-5027-S
object oriented programming language	34-4777-B
object oriented programming oop object oriented programming	34-5027-B
object to trouble	43-68111-S
objection	4-31711-B,23-16798-B
objectionable	38-36514-S
objective	6-75440-S,20-72067-B
objective case	45-4077-S
objective glass objective lens	45-7909-S
objective lens	45-7909-S
objective object glass object lens objective glass objective lens	45-7909-B
objectively	44-1825-B
objectivism	42-8905-B
objector	23-16753-S
oblast ao	14-44568-S
obligation	19-16652-B
obligation indebtedness liability	41-1501-S
obligation to label	4-31980-B
obligatory required vital	18-55943-S
oblique	27-20177-B
oblique case objective case	45-4077-B
oblique devious	42-24846-B
obliteration	39-25398-S
oblivion	23-16923-B
obloquy traducement	41-8860-S
obnoxious odious	19-30264-B
obnubilate	10-34422-S
oboe	16-54876-B
