windenergieanlage	6-28582-B
winderosion	6-28094-B
windfroesteln windkuehle	18-1523-S
windhuk	9-38417-B
windig	18-9465-B
windkuehle	18-1523-S
windlos	29-49789-S
windmonat	26-38972-S
windmuehle	6-28209-B
windneigungsmessgeraet	26-51391-B
windpark	44-6564-B
windpocken	23-26375-S
windschief	25-49860-B
windschutz windschutzmatte	40-39214-B
windschutzmatte	40-39214-S
windschutzscheibe	39-77709-S
windstill windlos	29-49789-B
windstoss	32-47557-B
windsurfen	46-64081-B,46-64140-B
winkel	15-72051-B,44-71611-S,46-43000-S
winkelzug	42-42956-S
winter	8-65821-B
winterabend	25-58996-B
winterblumenkohl	14-62352-S
winterfest	44-12903-B
winterlich	35-38047-B
winternacht	25-59099-B
winters wintersueber	24-789-B
wintersaison	21-17960-S
winterschlaf halten ueberwintern	44-70876-B
winterschlaf ueberwinterung	44-70668-S
winterspargel	34-24533-S
wintersport	22-60919-B
wintersportort	6-53199-B
wintersueber	24-789-S
wintertag	13-56320-B
winterzeit	15-23925-S
winterzeit wintersaison	21-17960-B
winterzwiebel	33-24114-S
winzig	13-3733-B
winzig klitzeklein sehr klein zierlich	23-26178-B
wippe	46-48411-S
wir	7-47902-B,21-33505-B,21-33829-B
wirbel	11-16771-S,38-33972-B
wirbellos	47-14703-B
wirbelsaeule rueckgrat	14-16347-B
wirbelschicht	2-99801-B
wirbeltier	6-6356-S
wirbelwind	16-51618-B
wird betrieben durch	29-63651-B
wird gefolgt von	29-41861-B
wird geschrieben in	28-48150-B
wird gespielt von	29-42140-B
wird gesprochen in	28-45039-B
wird verwaltet von	29-15447-B
wirken	24-65826-B
wirklich	23-8133-B,29-19847-S,41-55378-S
wirklichkeit	13-49094-S,29-19774-B
wirksam	27-26615-B
wirksam wirkungsvoll	34-24293-S
wirksamkeit	18-82378-B,22-21345-B,27-20570-B
wirkt ein auf	28-70748-B
wirkung	2-52077-B,3-9041-S,3-98752-S,4-58349-S,5-87457-S,18-81884-B,19-6847-B
wirkung beziehung	5-67250-S
wirkung beziehung dosis wirkungs kurve	2-38611-S
wirkungs kurve	2-38611-S
wirkungsgrad	2-52564-B
wirkungsvoll	34-24293-S
wirt	19-69793-B,46-40572-S
wirtschaft	2-49557-B
wirtschaftlich	39-12385-B
wirtschaftlichkeit	2-49195-B
wirtschaftsentwicklung	2-47796-B
wirtschaftsfoerderung	6-36210-B
wirtschaftsgebaeude	1-13542-B
wirtschaftsgeographie	7-3388-B
wirtschaftspolitik	2-48442-B
wirtschaftsraum	7-14986-B
wirtschaftsrecht	7-12028-S
wirtschaftssektor	5-24686-B
wirtschaftssystem	2-48890-B
wirtschaftstheorie oekonomische theorie	2-49067-S
wirtschaftswachstum	2-48014-B
wirtschaftswissenschaft oekonomie oekonomik	2-48663-B
wirtschaftswissenschaftler oekonom	16-31563-B
wirtschaftszonenaufteilung	2-49341-B
wischen	8-53596-B
wischen abstauben entstauben	14-26461-S
wisconsin	14-77428-B
wisent	15-58161-B
wismut	12-51850-S
wispern	38-44582-S
wissbegierig	19-18852-S
wissen	7-25629-S,8-40283-B,12-15046-S,20-39010-S,27-42980-S
wissen kennen	27-40525-B
wissenschaft	1-36535-S,2-83218-S,5-20672-B
wissenschaftler	43-40323-B
wissenschaftler gelehrte wissenschaftlerin	13-67901-S
wissenschaftlerin	13-67901-S,43-40188-B
wissenschaftlich	16-9966-B
wissenschaftliche forschung	6-62483-B
wissenschaftlicher beirat	6-62135-B
wissensdurstig wissbegierig	19-18852-S
wissensmanagement	9-65410-B
wittern verdacht schoepfen den braten riechen	36-10340-S
witterung	6-23311-B
wittling merlan weissling	36-22502-B
witwe	27-43918-B
witwer	33-50475-B
witz	11-37176-S
witzbold	11-37831-S
witzig	9-44477-S
wladiwostok	33-51709-B
wm weltmeisterschaft	45-27264-B
wo	7-54424-B,39-69066-S
wo hin wohin	44-16588-B
woanders	38-2215-S
woche	8-65599-B
wochen	33-40644-S
wochenbett	38-54568-S
wochenendbeziehung	36-32003-B
wochenende	17-67991-B
wochenendehe	39-29860-B
wochenfluss	38-55366-S
wochenlang	18-53239-B
wochenschrift wochenzeitung	39-67146-B
wochenzeitung	22-24526-B,39-67146-S
wodka	33-66270-B
woechentlich	39-67328-B
woechnerin	38-54933-S
woelfin	39-70564-B
woertchen wenn nicht waer waer mein vater millionaer	47-46526-S
woertchen wenn nicht waer wenn das woertchen wenn nicht waer waer mein vater millionaer	47-46526-S
woerterbuch	35-36872-S
woerterbuch diktionaer	2-28748-B
woertlich	8-61630-B
woher	44-16995-B
woher von wo	39-69066-B
wohin	44-16588-S,44-16794-B
wohl bedacht	35-20011-S
wohl bedacht wohlbedacht wohlerwogen	29-33977-B
wohl begruendete vermutung wohlbegruendete vermutung	44-17900-S
wohlauf	8-22921-S
wohlbedacht wohlerwogen	29-33977-S
wohlbegruendete vermutung	44-17900-S
wohlerwogen	29-33977-S
wohlfeil	11-61280-S
wohlgemerkt	20-53537-B
wohlklingend wohllautend wohltoenend	21-46068-S
wohllautend wohltoenend	21-46068-S
wohlschmeckend	10-77735-S
wohlstand	4-87707-S,18-35644-B
wohltaetigkeitsorganisation	27-47593-B
wohltoenend	21-46068-S
wohltuer	14-31664-S
wohlweislich	40-1212-S
wohnblock	1-35703-S
wohnblock wohngebiet	5-4960-B
wohndichte	3-29750-B
wohnen	20-36852-S,34-42186-S
wohngebaeude	5-5145-B
wohngebiet	5-4960-S
wohnmobil	40-8512-B
wohnplatz	40-66744-B
wohnqualitaetsnorm	3-30030-B
wohnstube	8-55260-S
wohnung	2-42473-B,23-53549-S
wohnungsbau	3-81048-S,26-55244-B
wohnungslos	17-39396-S
wohnverbesserung	3-29869-B
wohnwagen	4-4983-B
wohnzimmer wohnstube	8-55260-B
wok	34-65325-B
wolf	12-63918-B
wolf im schafspelz	11-6439-S
wolfram	15-12957-B
wolga	29-22598-B
wolke	1-100562-B
wolkenbedeckt wolkenverhangen wolkig zugezogen	11-22336-S
wolkenbruch	17-85805-B,34-15679-B
wolkenfrei	40-44346-S
wolkenhoehenmesser	25-40146-S
wolkenkratzer	29-54758-B
wolkenkuckucksheim	15-45825-B
wolkenkunde	42-8279-S
wolkenkundler	42-8504-S
wolkenlos	34-15782-B
wolkenverhangen wolkig zugezogen	11-22336-S
wolkig	11-23414-S
wolkig zugezogen	11-22336-S
wollastonit	40-3584-B
wollblume	47-22142-S
wolle	6-29763-B
wollen	10-51346-B,42-39423-B
wollkamm	9-7510-S
wollkraut marienkerze wetterkerze wollblume	47-22142-S
wollmaus	47-4962-S
wollnashorn	28-22983-B
wolluestig	35-12796-B
wollust	35-12725-B
wolof	28-5118-B
wombat	46-26109-B
womoeglich	16-39712-S
worcestersauce worcestershiresauce	32-59798-B
worcestershiresauce	32-59798-S
world wide web	7-27059-S
wort	9-30273-B
wort des tages	10-78197-B
wortart redeteil wortklasse lexikalische kategorie	14-63734-B
wortbildung	45-1468-B
wortflut wortschwall	19-60817-B
wortgefecht zank zwist	11-14198-S
worthuelse	39-41042-S
wortkarg einsilbig maulfaul mundfaul redescheu sprechfaul	18-81142-S
wortklasse lexikalische kategorie	14-63734-S
wortklauberei wortverdreherei	43-25663-S
wortschatz	3-72771-S
wortschwall	19-60817-S
wortsinn	21-68186-S
wortverdreherei	43-25663-S
wortzeichen	24-32799-S
wortzusammensetzung	12-37380-S
wotjakisch	35-21564-S
wrack	6-92900-S
wu	23-33522-B
wucher zinswucher	23-2440-S
wucherer	42-30359-S
wuenschen	13-29028-B
wuerde	21-39761-B
wuerdentraeger	26-47884-B
wuerdig	21-27322-S,37-4684-B
wuerfel	8-83384-S
wuerfel gleichseitiger hexaeder	18-63496-S
wuerfelzucker	33-77627-B
wuergeisen wuergschraube	36-55270-S
wuergen	28-13436-B,44-4518-B
wuerger	44-4908-B
wuergschraube	36-55270-S
wuerttemberg	11-51404-S
wuerzburg	47-38268-B
wuerzen	21-15822-B,36-12370-S
wuerzmittel	13-20848-S
wueste	2-24627-B
wuestenausbreitung	2-24739-S
wuestenfieber	21-18508-S
wuestenfuchs	25-42194-S
wuestenheuschrecke	2-24987-B
wuestenklima	6-84992-B
wuetend aergerlich	10-88860-S,38-60728-S
wuetend machen zur weissglut bringen	42-29315-S
wulfenit	40-20722-B
wundbrand	23-17662-S
wunde	20-44079-B
wunder	19-14919-B
wunderbar	12-44610-B
wunderschoen	14-51193-B
wundliegegeschwuer	35-6655-S
wundrose	39-25736-S
wundstarrkrampf	22-49707-S
wunsch	41-19294-S
wunschbrunnen	47-66483-B
wunschkraut	45-68942-S
wunschtraum frommer wunsch	41-19294-S
wurf	14-17531-B
wurfspeer	28-30506-B
wurm	7-49411-B,7-49505-S
wurmfortsatz	46-79005-S
wurmlauch zigeunerlauch zigeunerzwiebel	34-19493-S
wurmmittel	44-25093-S
wurst	11-52519-B
wurstfinger	39-29765-B
wurzel	5-12813-B,12-2262-B,12-14492-B,26-50429-B,26-50450-B,47-67532-S
wurzelgemuese	7-5687-B
wurzelstock	47-29466-S
wut bringen wuetend machen zur weissglut bringen	42-29315-S
wutanfall	42-21271-S
wutentbrannt	22-7956-B
wutentbrannt wutschnaubend wutschaeumend zornentbrannt	21-28687-S
wutschaeumend zornentbrannt	21-28687-S
wutschnaubend wutschaeumend zornentbrannt	21-28687-S
wuzzler	46-67939-S
www world wide web	7-27059-B
wylie transliteration	31-53314-S
wylie wylie transliteration	31-53314-S
wyoming	14-77323-B
xanthelasma	32-51530-B
xaver	41-47909-B
xenobiologie	25-33916-S
xenobiotikum	6-31368-B
xenoglossie	44-28741-B
xenon	12-78843-B
xenophob	12-78431-S
xerografie	21-58170-S
xerophil	39-58132-B
xerophyt	10-58234-B
xerostomie	11-57710-S
xhosa	8-85408-B,17-76770-B
xinjiang	33-50574-S
xinjiang xinjiang	33-50574-S
xitsonga	30-37277-S
xml	25-30462-B
xtc	22-30373-S
xylem	39-58606-B
xylofon xylophon	10-63683-B
xylographie	42-15106-S
xylophon	10-63683-S
xylothek	44-29091-S
y chromosoms	30-13505-S
yacht	21-65754-S
yachthafen	3-87952-S
yak	31-18461-B
yamoussoukro	9-38346-B
yankee	39-53693-B
yaoundé	9-37974-S
yard	13-52288-B
yen	13-56955-B
yeniche	37-49353-S
yi	28-40375-S
yo	13-1973-S
yo yo	13-1973-S
yoghurt yogurt	33-50941-S
yogurt	33-50941-S
yokohama	33-51164-B
yonaguni	34-37460-B
yonne	24-61041-B
york	15-16534-S
york city	29-21765-S
york new york city	29-21765-S
yoruba	15-56204-B
yperit	44-70408-S
ytterbium	15-20762-B
yttrium	15-22772-B
yuan	12-74196-B
yuca	16-31734-S
yue	12-52121-S
yuzu	21-16161-B
yuzuschale	21-16590-B
yvelines	24-58677-B
z b	14-19542-S
z nach christi geburt nach christus nach der zeitenwende u z unserer zeitrechnung	31-71599-S
z t zum teil	41-38782-S
z unserer zeitrechnung	31-71599-S
z v u z vor christi geburt vor christus vor der zeitenwende vor unserer zeitrechnung	31-72015-S
z vor christi geburt vor christus vor der zeitenwende vor unserer zeitrechnung	31-72015-S
zabaglione zabaione	19-25574-B
zabaione	19-25574-S
zachaeus	18-66911-B
zaehlbar	35-35888-B,39-23080-B,39-72377-B
zaehleinheitswort klassifikator numeralklassifikator zew zaehlwort	20-4266-B
zaehlen	8-44572-B,17-73192-S
zaehlrohr geigerzaehler	29-60781-S
zaehlung durchfuehren	20-67941-S
zaehlwort	20-4266-S
zaehre traene traenentropfen	9-60666-B
zaenkisch	35-55378-S
zaesar	43-19514-S
zagen zaudern zoegern	11-45152-S
zaghaft	13-34015-S
zagreb	9-37773-S
zahl	8-19513-B,29-58088-S,30-41740-S,30-41847-S,34-40781-S,35-16813-S,35-33481-S
zahlen	13-39689-S
zahlenlotto	16-41387-S
zahlenschloss	34-48502-B
zahlentheorie	29-70647-B
zahllos	35-38412-S
zahlreich	21-26890-B
zahlungsmittel zaster	9-12202-S
zahlungsunfaehig	31-56220-S
zahlungsunfaehigkeit	18-39163-S
zahlungsverzug	36-48869-B
zahlwort	17-6830-S,17-6867-S,17-7030-S
zahn	8-11866-S,8-30104-B
zahnarzt	15-41785-B
zahnbuerste	10-83731-B
zahncreme zahnpasta zahnpaste	36-42095-B
zahnen	35-8918-S,46-701-B
zahnersatz zahnprothese kuenstliches gebiss	36-42262-B
zahnfleisch	45-9432-B
zahnfleischentzuendung gingivitis	41-61869-B
zahnheilkunde	19-27959-S
zahnlos	22-52458-B
zahnmedizin zahnheilkunde	19-27959-B
zahnmedizinisch	41-31835-B
zahnpasta zahnpaste	36-42095-S,45-21790-B
zahnpaste	36-42095-S,45-21790-S
zahnprothese kuenstliches gebiss	36-42262-S
zahnrad	34-42125-B
zahnregulierung	28-10770-S
zahnschmelz	38-5504-B
zahnseide	45-64631-B
zahnstein	43-4271-B
zahnstocher	28-28280-B
zahntechniker	19-72737-B
zander	46-68874-S
zank zwist	11-14198-S
zanken	47-55915-S
zanken sich zoffen	43-29963-S
zanken streiten zanken	47-55915-S
zapfen zapfenfoermige verzierung	27-23893-B
zapfenfoermige verzierung	27-23893-S
zapfenstreich	41-27037-S
zappen	39-53048-B
zar	33-8789-B
zarewitsch	33-9185-B
zarin	33-8968-B
zartbitterschokolade schwarze schokolade	19-52481-S
zartfuehlend empfindsam gefuehlsbetont gefuehlvoll gemuetvol	41-72454-S
zartheit	36-26055-B
zaster	9-12202-S
zauber zauberspruch	9-30924-B
zauberbuch	32-11799-S
zauberer	26-40653-S,38-5645-B
zauberer zauberkuenstler	35-18461-B
zauberer zaubrer	14-38317-S
zauberkuenstler	35-18461-S
zauberkunst zaubern	14-216-S
zaubern	14-216-S
zauberspruch	9-30924-S
zauberstab	8-83084-B
zaubrer	14-38317-S
zaudern zoegern	11-45152-S
zaun	26-54236-B
zaunduerr	10-65254-S
zaungiersch ziegenfuss ziegenkraut zipperleinskraut	47-18453-S
zebra	11-20281-B
zebrabaerbling zebrafisch	12-76172-B
zebrafisch	12-76172-S
zebraspinne	47-34405-S
zebraspringspinne	15-28067-B
zebrastreifen	11-20475-S
zecke	24-19038-B
zeder	16-12978-B
zedratzitrone	20-25893-S
zedratzitrone zitronatzitrone	20-25646-S
zeeland	24-43864-S
zeh	36-41482-S,36-41577-S
zeh zehe	8-34005-B
zehe	8-34005-S
zehe grosser zeh	36-41482-S
zehennagel	43-37104-S
zehn	47-68998-B
zehn 10	8-88405-B
zehn gebote	45-0-S
zehncentmuenze zehncentstueck	25-68873-S
zehncentstueck	25-68873-S
zehneck	16-16201-S
zehneckig	16-12269-S
zehnjaehrig zehnjaehrlich	38-27021-B
zehnjaehrige jubilaeum zehnte jahrestag	28-24257-B
zehnjaehrlich	38-27021-S
zehnkaempfer	36-9704-B
zehnkampf	36-9797-S
zehnsilbig	37-26740-S
zehnt	35-25578-B
zehntausend	19-63160-B
zehnte	46-5467-S
zehnte jahrestag	28-24257-S
zehntel	37-19526-B
zeichen	22-37981-S,27-8245-B
zeichen kaufmaennisches und	30-14295-S
zeichen kaufmanns und und zeichen kaufmaennisches und	30-14295-S
zeichen pro sekunde	29-11602-S
zeichen von	19-16170-S
zeichenkohle	26-32639-B
zeichensprache der praerie indianer	27-36957-B
zeichentrick	18-16591-B
zeichentrickfilm	31-59035-B
zeichnen	13-53550-B
zeichner	16-18754-B
zeichnung	18-19903-S
zeidler	15-63134-S
zeigefinger	12-66814-B
zeigen	12-22501-S,18-57990-S,18-84226-S,27-16535-S
zeile	11-14476-B
zeilen anspielung stichelei versteckte andeutung versteckte anspielung	17-67629-S
zeit	5-84160-B,9-81168-S,11-31600-S,22-4825-S,25-13673-S,46-24406-S
zeit jetzt momentan nun seinerzeit zu der zeit zur zeit	46-24406-S
zeit zeitform	17-68999-S
zeit zur zeit	46-24406-S
zeitabschnitt	24-5570-B
zeitalter	14-39090-B
zeitalter aera	13-72768-S
zeitbudget	6-54535-B
zeiteinheit	14-3891-B
zeiteinteilung	6-53948-B
zeitenwende u z unserer zeitrechnung	31-71599-S
zeitenwende vor unserer zeitrechnung	31-72015-S
zeitfenster	8-28070-S
zeitform	17-68999-S
zeitgeist	15-6581-B
zeitgenoessisch	18-4185-S,19-4590-B
zeitgenosse	30-62449-B
zeitlang	31-26814-S
zeitliche segnen den arsch zukneifen den loeffel abgeben den weg alles irdischen gehen die augen fuer immer schliessen draufgehen entschlafen heimgehen hinscheiden in die ewigen jagdgruende eingehen ins gras beissen krepieren sein leben aushauchen sterben verrecken verscheiden versterben ueber den jordan gehen ueber die klinge springen den geist aufgeben hops gehen	8-79415-S
zeitlos	29-41784-B
zeitlose existenz	38-22633-S
zeitlosigkeit zeitlose existenz	38-22633-S
zeitmaschine	33-38773-B
zeitpunkt	17-74233-S
zeitrechnung	31-71599-S,31-72015-S
