cranch squid	47-7024-S
crane	10-90794-B,10-91583-B
crane operator	43-33486-B
cranesbill	42-62368-S
cranial nerve fifth nerve trigeminal nerve	37-337-S
cranial orbit eye socket orbit orbital cavity	40-31941-B
crank arm crankarm	46-31821-B
crankarm	46-31821-S
crankcase	35-46755-B
crankset	46-32070-S
crankshaft	35-46820-B
crap defecate defæcate stool take a crap take a shit	13-18862-S
crap excrement faeces fecal matter feces fæces poo poop	13-18386-S
crap junk	41-76956-S
crap take a shit	13-18862-S
crapemyrtle	36-32887-S
crapshoot gamble	47-5895-B
craquelure	30-58956-B
crash	11-16383-S,13-34801-B,24-10340-S,39-26154-S
crash stock market crash	24-10340-B
crate	47-71781-B
crater	25-35137-B,25-35233-S
crave entreat	20-36563-S
craven	35-43468-S
craven milquetoast	8-3088-S
craving for power	20-38576-S
craving yearning	31-22725-S
crawl along	43-73981-B
crawl creep	41-24409-B
crawly creepy eerie macabre nasty	35-50161-B
crazed power hungry power mad power obsessed power thirsty	34-61196-S
crazy mad daft insane	30-62579-B
cream	7-66895-S,9-75771-B,12-26224-S,17-82783-S,20-61352-S,24-7809-S,39-64907-S,44-58530-S,46-4998-S
cream clouted cream	44-58530-S
cream devonshire cream clouted cream	44-58530-S
cream liqueur	37-36365-B
cream milk full fat milk unskimmed milk whole milk	39-21493-S
creamery	33-22589-B
creamery dairy	33-22352-B
creamy soup	24-37925-B
create	17-71022-B
created by	29-699-B
creation	20-58254-S
creation emergence manifestation	8-25539-S
creationism	17-37160-B
creative	19-43244-B
creative inspired	19-42933-S
creative person	16-11017-S
creativity inventiveness	18-33075-B
creator	32-39669-B
creature	19-65567-S
creature legendary animal legendary creature mythic creature	19-65567-S
creature mythic creature	19-65567-S
credence	18-44568-S
credibility	35-49517-B
credible accident worst case scenario worst case scenario	44-7069-S
credible thrustworthy	35-49578-S
credit	17-85534-B
credit assistance	2-10835-B
credit card	9-5647-B
credit default swap	36-47209-S
credit deferred payment	7-3887-B
credit event	36-31423-B
credit financed	36-37356-B
creditable	35-49729-B
creditor debtee	25-31666-B
credo	42-3770-B
credo creed	42-3651-B
credulity	35-49801-B
credulous gullible	35-49880-B
cree	24-23747-B
creed	20-48749-B,42-3651-S
creed faith	18-10529-S
creep	41-24409-S
creeping dose radiation sickness	4-96714-S
creepy eerie macabre nasty	35-50161-S
cremate	35-50271-B
cremation incineration	35-50369-B
crematorium crematory	35-50483-B
crematory	35-50483-S
creme anglais	26-53310-B
crenelated	27-18315-B
crenelation	27-18432-B
creole	23-49198-S,23-49308-S,47-69987-S
creole dutch	20-61643-S
creole english	44-65499-S
creole french	23-52142-S
creole haitian creole french	23-52142-S
creole kabuverdianu	23-52015-S
creole réunion creole	23-49198-S
creole surinamese taki taki	16-24838-S
crepe pan	39-23931-B
crescendo	26-20940-B
crescent shaped	13-31013-B
cress	43-27031-B
cress garden pepper cress pepper grass pepperwort poor man s pepper	26-2311-S
cress pepper grass pepperwort poor man s pepper	26-2311-S
crest	27-36931-B,27-37184-B
crest of a wave	22-19616-S
crestfallen deflated geknickt	35-50933-S
creuse	24-49048-B
creutzfeldt jacob disease creutzfeldt jakob disease	44-3191-S
creutzfeldt jakob disease	44-3191-S
crevice fissure rift	15-64937-S
crew	32-42060-B,35-4081-B
crew flight attendant steward	45-48922-S
crew staff	19-13719-B
crewman	35-51526-B
crib	27-16489-B
crib crèche	16-38982-B
crib death sudden infant death syndrome	35-35410-S
cricket	11-11313-B,11-11933-B
crime	2-65769-S,6-71448-B,7-39091-S
crimean tatar crimean turkish	23-11110-B
crimean turkish	23-11110-S
criminal	8-21126-B,8-21570-B,8-23472-B
criminal crook outlaw	8-23110-B
criminal law	2-11124-B,2-65995-S
criminal law procedure	6-71701-B
criminality	2-11020-B,4-34220-S
criminalize illegalize outlaw	36-35673-B
criminate impeach incriminate	29-16002-S
criminologist	37-20197-B
criminology	35-52941-B
crimson	35-53054-B
crinite hairy	35-1956-B
cripple	35-54275-B
crises crisis	35-18383-S
crisis	13-74726-S,35-18383-S,46-65600-S
crisis midlife crisis	46-65600-S
crisp	10-45475-B
crisp bread	35-54365-B
crisp up	32-50429-B
crispy crunchy crusty	35-54569-B
criteria	34-57341-B
criterion	2-52407-S,34-24170-B
critic	31-54473-B,40-15509-B,40-15644-B
critical level	2-11335-B
critical load	2-11510-B
critical vital	31-54612-B
criticise criticize	35-3452-S
criticism	3-77316-S,31-54738-B,40-101336-S
criticize	35-3452-S
croak	24-13049-B
croak drop dead give up the ghost go perish pop off snuff it	8-79415-S
croat	15-68077-B
croat serbo croatian	15-67914-S
croatia	11-53911-S
croatia republic of croatia	11-53911-B
croatia sign language	26-52453-B
croatian	8-60398-B,15-67914-S,15-68129-B
croatian kuna kuna	28-68625-B
croato serbian serbo croat serbo croatian	15-67914-B
crockery earthenware earthernware pottery	39-11964-B
crocodile	2-11701-B
crocodile tears	44-13818-B
crocus	46-47562-S
crocus snow crocus woodland crocus	46-47562-S
crocus woodland crocus	46-47562-S
crohn s disease regional enteritis	44-72071-B
cromlech dolmen	35-55089-B
crony pal sidekick	28-51464-S
crook of the arm	37-60181-B
crook outlaw	8-23110-S
crookback humpback	41-58462-S
crooked	47-48473-B
crooked cross cross gammadion gammadion hook cross swastika tetragammadion tetraskelion	46-29832-S
crop	1-81700-S
crop circle crop formation	44-61777-S
crop failure	33-34778-B
crop formation	44-61777-S
crop pants three quarter shorts	47-10738-S
crop root vegetable	7-5687-S
crop rotation	2-11933-B
crop treatment	6-62920-B
crop waste	2-12145-B
crops	3-45380-S
cross	8-23928-B,32-13379-S
cross contaminate	45-60309-B
cross contamination	45-60131-B
cross country	20-68610-B
cross country skiing	30-17843-B
cross cover cut across cut through get across get over pass over track traverse	27-25947-B
cross crooked cross cross gammadion gammadion hook cross swastika tetragammadion tetraskelion	46-29832-S
cross cross gammadion gammadion hook cross swastika tetragammadion tetraskelion	46-29832-S
cross dresser transvestite	11-1167-B
cross eyed squint squinting	41-10335-B
cross foil frustrate queer scotch thwart	41-13236-S
cross gammadion gammadion hook cross swastika tetragammadion tetraskelion	46-29832-S
cross oneself	27-1107-B
cross out strike out	24-28788-S
cross purpose	17-77001-S
cross swastika tetragammadion tetraskelion	46-29832-S
cross tip screwdriver crosstip screwdriver	44-49181-B
cross validation	25-26787-S
cross validation cross validation	25-26787-B
crossbill	39-66210-B
crossbones	24-29237-S
crossbow	12-75388-B
crossbreeding interbreeding	42-26084-S
crosscut cutoff	16-70994-S
crossed viper viper	15-21172-S
crossfire	35-55223-B
crossing	11-20475-S,39-65331-S
crossing level crossing railroad crossing road through railroad train crossing	39-65331-S
crossing place	2-12256-B
crossing railroad crossing road through railroad train crossing	39-65331-S
crossing road through railroad train crossing	39-65331-S
crossing zebra crossing	11-20475-S
crosspatch curmudgeon grouch	35-55311-B
crossroad crossroads intersection	45-62283-B
crossroads	20-53855-B
crossroads intersection	45-62283-S
crosstip screwdriver	44-49181-S
crosswalk pedestrian crossing zebra crossing	11-20475-B
crosswise thwartwise transversal transverse	24-30527-B
crossword	20-14641-B
crotales	37-53481-B
crotch	40-43087-S
crotchety cantankerous ornery	35-55378-B
crouch down hunker down squat squat down	41-84454-B
croup	5-56745-S
croup laryngotracheobronchitis spasmodic croup	5-56745-B
crow	16-13476-B,43-28983-B
crow crowing gasconade line shooting swagger vaporing	41-61270-S
crow s nest	14-2437-B,14-2461-B
crow to pick	26-27666-S
crowbar jemmy nail bar pry bar	22-59510-B
crowd concourse throng	35-12571-B
crowd crush jam press throng	18-59871-B
crowd crwth	30-59962-B
crowd movement army	14-39965-B
crowded dense packed	32-41511-B
crowfoot	35-55639-S
crowing gasconade line shooting swagger vaporing	41-61270-S
crown	31-57527-B,31-57604-B
crown prince	12-14535-B,43-8364-B
crown princess	43-8573-B
crowned night heron	29-23102-S
crowned night heron black crowned night heron	29-23102-S
crt television	43-36285-B
crucial point	24-14347-B
crucian carp	11-46321-B
crucifer	47-47125-B
crucifix	16-21043-B
crucifixion	35-55825-B
crucify	35-55733-B
crude oil	2-12410-B
cruel	12-54068-B
cruelty	42-33730-B
cruise	2-12635-B,35-55875-B
cruise liner cruise ship	29-54145-B
cruise ship	29-54145-S
cruiser	21-25298-S,31-66617-S
crumb	35-55964-B
crumble	18-59199-S,24-2926-B
crummy punk sleazy tinny	41-37338-S
crumpled	20-20030-B
crunchy crusty	35-54569-S
crus	33-18642-B
crusade	21-25800-B,27-37195-B
crusade drive effort movement	40-82692-S
crusader	27-37492-B
crush	24-16638-B
crush defeat beat beat out overcome shell trounce vanquish	22-39348-B
crush demoralize dispirit humiliate mortify	18-59670-B
crush grind pulverize crumble	18-59199-B
crush infatuation puppy love	18-60071-B
crush jam press throng	18-59871-S
crush mash squash	18-58718-B
crush quell overpower stamp out	18-59447-B
crush squeeze	18-59040-B
crust	2-43236-S
crust crust	2-43236-S
crustacean	2-12836-B
crusty	35-54569-S
crwth	30-59962-S
cry	31-67569-S
cry scream shout yell	8-46389-B
cry weep	11-5989-B
crybaby	46-6717-B,46-6839-B
cryogenics	29-66554-B
cryosphere	25-35725-B
cryptic	16-31253-B
cryptococcosis	21-14396-B
cryptogam	2-13051-B
cryptogram	35-56019-B
cryptography	25-65138-B
cryptolect	46-60602-S
cryptosporidiosis	21-14776-B
cryptozoology	29-64430-B
crystal	27-4735-B
crystal crystal meth desoxyephedrine ice metamfetamine meth methylamphetamine tik tina tweak	46-76067-S
crystal glass	27-5690-B
crystal meth desoxyephedrine ice metamfetamine meth methylamphetamine tik tina tweak	46-76067-S
crystal polymer	45-56577-S
crystal polymer liquid crystal polymer	45-56577-S
crystalline	27-5888-B,27-5985-B,27-6118-B
crystallize	35-56087-B
crystallography	2-13215-B
crèche	16-38982-S
crème liqueur	37-36509-B
csa confederacy confederate states confederate states of america	36-63651-B
csv	47-44932-S
cub	39-20856-S,47-16809-S
cuba	11-43196-S
cuba republic of cuba	11-43196-B
cuba sign language	26-51871-B
cubage volume	14-50620-B
cuban	31-53959-B,31-54061-B,40-14665-B
cuban peso peso	31-55167-B
cube	22-45629-S,34-0-S
cube hexahedron regular hexahedron	18-63496-B
cube sugar lump sugar	33-77627-B
cubicle	41-66346-B
cubism	25-62219-B
cubist	35-56530-B
cubit ell	35-56663-B
cuboid	21-37410-S,32-39737-B
cuckold	46-55794-B,46-56417-B,46-56527-S
cuckoo	35-56745-S,44-39211-S
cuckoo cuckoo	35-56745-S
cuckoo land cloudcuckooland	15-45825-S
cuckoopint	30-46230-S
cucumber	12-49869-B
cucurbitales	14-62580-B
cuddle	35-57930-B
cuddle snuggle	10-86433-B
cudgel night stick nightstick truncheon	28-4549-S
cue	24-384-S,24-66610-S
cue ball	24-290-B
cuff link cufflink	35-58108-B
cufflink	35-58108-S
cuisine art of cooking cookery culinary art gastronomy	20-37410-B
cuisine japanese food	20-37726-S
culinary	19-24174-B
culinary art culinary arts	20-38708-B
culinary art gastronomy	20-37410-S
culinary arts	20-38708-S
culinary delight dainty delicacy	39-61358-B
culinary fruit fruit	8-84532-B
culinary sage dalmatian sage garden sage kitchen sage meadow sage ramona sage true sage	43-74436-S
cull	41-11264-S,41-11392-B
cull reject	41-11023-B
culminate	27-37689-B
culmination	23-30373-S,26-52723-B
culotte	43-41518-S
culpa my bad my fault my mistake	44-62681-S
culprit	35-58308-B
cult	35-58445-B
cultivar	22-17990-B
cultivated	35-58608-B,35-58678-B
cultivated cultured	35-58551-B
cultivated plant	2-13453-B
cultivation	1-74388-S,3-1381-S,3-17802-S,5-31729-S,6-4240-S
cultivation method	2-13722-B
cultivation system	7-6007-B
cultivation tillage	2-13539-B
cultural	31-51911-B
cultural facility	2-13898-B
cultural group	7-18105-S
cultural heritage	2-14124-B
culture	2-14285-B,6-63547-S,23-4731-S,26-59287-S,29-3372-S
culture medium growth medium nutrient medium	4-30046-B
cultured	35-58551-S
cum	8-82536-S
cumae	31-35302-B
cumbersome awkward clumsy unwieldy	18-10626-B
cumin	36-54625-B
cumin cummin	33-60113-B
cummin	33-60113-S
cumshaw gratuity tip	45-12481-B
cumulate garner	35-58744-S
cumulative	35-58908-B
cumulonimbus	33-23809-B
cumulus	33-29672-B
cuneiform	28-16182-B
cuneiform luwian	32-61169-B
cunnilinctus cunnilingus	39-63210-B
cunnilingus	39-63210-S
cunning	34-9552-S
cunningly artfully craftily foxily knavishly slyly trickily	40-41849-B
cunningly cutely	40-42405-B
cunt	20-29826-S
cunt puss pussy snatch twat	41-44819-B
cup	12-33045-B,33-10389-S,35-2966-B,45-27264-S
cup cake patty cake	44-18044-S
cup egg server egg cup eggcup	19-36525-S
cup eggcup	19-36525-S
cup final	35-58997-B
cup of tea	14-43012-S
cup tea cup teacup	18-25778-S
cup teacup	18-25778-S
cup world championship world cup	45-27264-S
cupboard	9-43768-B
cupcake cup cake patty cake	44-18044-B
cupidity greed	22-32604-B
cupidity greed greediness mammonism rapacity	34-59309-S
cupola dome	24-8724-B
cupreous	27-766-S,27-858-S
curable healable	35-59066-B
curative	35-59145-B
curator	42-72430-B
curaçao	24-36412-B
curb oneself moderate oneself refrain oneself repress oneself restrain oneself	27-27861-S
curd cheese	46-2695-S
cure	12-53561-S,12-53641-S
cure recuperate	33-33336-S
cure remedy	35-59503-B
curettage	29-10570-B
curfew	13-33440-B,41-27037-B,41-27259-B
curie	29-59279-B
curio	35-59570-B
curiosity inquisitiveness	35-60064-B
curious	19-18852-B
curious funny odd strange unusual	35-60212-S
curious inquisitive	19-19063-B
curium	12-56409-B
curler	35-60362-B
curly	35-60497-B
curmudgeon	23-29708-B
curmudgeon grouch	35-55311-S
curonia skalvian	23-34552-B
currant	35-60551-B
currency	14-10869-B
currency fiat money	36-37987-S
current	4-33154-S,26-6271-B,26-6362-S,26-6661-S,26-6832-S,26-8508-S,41-55131-S
current account	21-3930-B
current asset property plant and equipment	46-66841-S
current device	19-28705-S
current electric current	26-6362-B
current liability	26-6939-B
currently presently	20-2466-B
curriculum	2-14453-B
curse cuss imprecate swear	31-45912-S
curse imprecation malediction	35-60623-B
curse jinx hex	47-61950-B
cursed doomed reprobate	37-12634-S
curser moon curser runner	28-46734-S
curser moon curser runner smuggler	40-10261-S,40-10531-S
curser runner	28-46734-S
curser runner smuggler	40-10261-S,40-10531-S
curt	35-61068-B
curtain	35-61157-B,45-40434-S
curtain buy the farm cash in one s chips choke conk croak drop dead give up the ghost go perish pop off snuff it	8-79415-S
curvature	34-22420-B
curve	26-48241-B,42-64326-S
curved curving	26-56386-B
curvilinear	27-31091-B
curving	26-56386-S
cushing s syndrome hypercortisolism	27-45073-B
cushion	33-41558-B
cushion inflatable safety bag	12-78001-S
cushion vehicle	19-19204-S
cushion vehicle hovercraft hover craft	19-3855-S
cushitic cushitic languages	23-41849-B
cushitic languages	23-41849-S
cuss gadfly pesterer	42-23597-S
cuss imprecate swear	31-45912-S
custodian	38-39704-S
custody	46-15275-S
custody preventive detention	45-6799-S
custom practice use habit manner praxis usage way wont	27-30483-B
customary usual accustomed habitual normal	35-61847-B
customer patron	18-41942-S
customer service	47-12909-S
customs	2-14659-B,10-37131-B,21-61806-B
customs tariff	7-8790-B
cut	8-47846-B,8-60015-B,9-64663-S,19-77020-B,26-58746-B,46-3444-B
cut across cut through get across get over pass over track traverse	27-25947-S
cut class play truant skip class	42-64157-B
cut out	24-7256-B
cut through get across get over pass over track traverse	27-25947-S
cutaneous dermal dermic	21-29324-B
cutback decrease reduction	21-25213-B
cute	35-62427-B
cutely	40-42405-S
cutlery silverware tableware	46-27662-B
cutlet escalope	22-57344-B
cutoff	16-70994-S
cutter	33-53861-S,47-29656-S
cutting	7-19704-B
cutting board	46-11305-S
cutting edge forefront vanguard	40-30418-B
cutting logging	2-14793-B
cuttlefish	19-51767-B,28-875-S
cyanate	2-14974-B
cyanide	2-15053-B,32-5711-S
cyanobacteria	1-66887-S
cyanosis	31-39367-B
cybercafé	45-71984-S
cybersecurity it security computer security	20-72926-B
cycle	1-79476-S,3-34691-S,3-73430-S,3-92924-S,4-20572-S,4-30368-S,6-54757-S,44-69876-S,47-21902-B
cycle bike	1-55446-S
cycle cycling of substances substance turnover	1-58694-S
cycle engine four stroke cycle engine four stroke engine	2-107794-S
cycle engine four stroke engine	2-107794-S
cycle engine otto engine	3-7306-S
cycle management	4-102726-S
cycle path	6-51671-B
