geraeuschlosigkeit lautlosigkeit ruhe schweigen stille	8-32219-B
geraeuschpegel	1-3703-S
geraeuschuebertragung	5-53322-B
geraffel geruempel kram krempel krimskrams plunder ramsch schurrmurr troedel troedelkram	14-63295-S
gerais	25-23766-S
geranie	22-60814-B,42-62368-B
geraten	35-57266-S,36-49049-S,43-16819-S
gerbera	25-9462-B
gerbstoff	5-73262-B
gerecht	38-18910-B
gerechtigkeit	20-1023-S
gerede	24-32501-S
gerede geschwaetz gewaesch schmonzes schnack seich	22-16455-S
geriater	16-38564-B
geriatrie	16-38425-B
gericht	6-73401-B,9-27967-B,19-8243-S,37-51244-S
gerichts	18-36400-S
gerichtsentscheidung gerichtsurteil urteil	6-71942-S
gerichtsgebaeude	35-39694-B
gerichtshof	2-10403-B,2-79463-S,3-53551-S
gerichtssaal	31-45729-B
gerichtsurteil urteil	6-71942-S,14-69951-B
gerichtsverfahren	7-13526-B
geringschaetzig	35-22332-B,37-21944-B
geringschaetzung	37-21857-B
gerinnen koagulieren	34-25685-B
gerinnungshemmer	31-39734-S
gerippe	15-47865-S,27-94-B
germanismus	36-4331-B
germanium	12-75921-B
germinal keimmonat	26-39150-B
gern	39-73953-B
gern geschehen kein problem keine ursache nichts zu danken	10-85606-S
gerontokratie	36-11366-B
gers	24-63244-B,25-1777-B
gerste	16-42709-B
gerstensaft	9-49771-S
geruch	7-70348-B,22-48756-S
geruch geruchsinn	17-85210-B
geruchsbeseitigung	37-17308-S
geruchsinn	17-85210-S
geruchsstoff	1-40987-B
geruecht	38-60246-B
geruehrt	14-57894-S
geruempel kram krempel krimskrams plunder ramsch schurrmurr troedel troedelkram	14-63295-S
geruest	12-11305-S
gerundium	19-77383-B
gesaess po podex popo poeter allerwertester hintern hinterteil arsch mond poeker vollmond sitzfleisch kaecker	14-51561-B
gesaessbacke hinterbacke pobacke	20-68258-S
gesaessspalte poritze poschlitz pospalte	35-36186-S
gesaettigt voll	42-12406-S
gesamtentnahme	6-93936-B
gesamtgewicht	42-38890-S
gesamtheit	21-12304-B,22-25953-S,38-13526-B
gesamtmasse zulaessiges gesamtgewicht	42-38890-S
gesamtorganischer kohlenstoff	6-78226-B
gesamtrechnung	6-58287-S
gesamtschuldner	3-59959-B
gesamtwirtschaftliches ziel	3-82971-B
gesandter sendbote	34-56324-S
gesang	40-87627-B
geschaeft	13-61706-S,46-14699-B
geschaeft laden	5-32803-S
geschaeft unternehmen	1-75040-B
geschaeftsfuehrendes vorstandsmitglied	18-15668-B
geschaeftsgebaren	7-7915-B
geschaeftsmann	38-63328-B
geschaeftsmodell	34-42762-B
geschaeftspartner	40-8762-B
geschaeftspartner geschaeftspartnerin	28-25934-B
geschaeftspartnerin	28-25934-S,40-9096-B
geschaeftsreise	45-74913-S
geschaeftssinn	34-58750-B
geschaeftsstelle des gerichts	18-36400-B
geschaeftszweck	19-17023-B
geschaffen von	29-699-B
geschehen kein problem keine ursache nichts zu danken	10-85606-S
geschehen passieren sein	9-20816-B
geschehen passieren sich ereignen	13-65097-B
gescheiterter staat zerfallener staat	23-53927-B
geschenk praesent	7-72059-S
geschenkartikel	23-26063-B
geschenkband	17-2150-B
geschenkpapier	40-46397-B
geschichte	3-28093-B,12-31345-B,12-31530-S,21-12644-S
geschichte historische entwicklung	19-15066-B
geschichte japans japanische geschichte	21-12644-B
geschichtlich historisch	26-46172-B
geschichtsforschung	3-27772-B
geschickt	24-2497-B,29-21445-B,40-41849-S
geschiedene	29-6823-B
geschiedener	29-6914-B
geschirr	17-76620-S
geschirrspueler geschirrspuelmaschine spuelmaschine	37-28652-B
geschirrspuelmaschine spuelmaschine	37-28652-S
geschirrtuch	37-27429-S
geschlecht	14-5679-B,17-52268-S,17-52458-S,17-52845-S,17-53032-S,20-2637-S,24-31687-S
geschlecht grammatikalisches geschlecht grammatisches geschlecht	17-52458-S
geschlecht grammatisches geschlecht	17-52458-S
geschlecht saechliches genus saechliches geschlecht	17-53032-S
geschlechtlich	32-12076-B
geschlechtsakt geschlechtsverkehr kohabitation koitus kopulation	11-2573-S
geschlechtsdimorphismus sexualdimorphismus	38-34420-B
geschlechtskrankheit sexuell uebertragbare krankheit	21-30280-B
geschlechtslos	30-47504-B
geschlechtsorgan	22-60441-S,40-43087-S,40-43363-S,40-43593-S,40-43729-S
geschlechtsreif	15-43389-S
geschlechtsverkehr haben liebe machen sex haben es treiben es tun ficken in die kissen steigen in die kiste springen knaeggern miteinander schlafen pimpern roedeln schnackseln sich dem liebesspiel hingeben sich der schoensten nebensache der welt widmen voegeln	10-55072-B
geschlechtsverkehr kohabitation koitus kopulation	11-2573-S
geschlechtswort	8-66777-S
geschlossen	42-25910-S
geschlossene ortschaft	37-56959-B
geschmack	17-43838-B,42-74993-B
geschmack geschmackssinn	17-43415-B
geschmacklos geschmacksfrei geschmacksneutral	28-18386-S
geschmacklos unangenehm	37-43144-B
geschmacksfrei geschmacksneutral	28-18386-S
geschmacksknospe	45-51482-B
geschmacksneutral	28-18386-S
geschmackssinn	17-43415-S
geschossflaechenzahl	46-16820-S
geschrieben autografisch	43-9154-S
geschrieben in	28-48150-S
geschriebene sprache schriftliche sprache	20-32924-B
geschriebenes altgriechisch	23-35021-B
geschriebenes baschkirisch	23-32011-B
geschriebenes brahui	23-43332-B
geschriebenes bretonisch	23-41706-B
geschriebenes demotisch	23-37559-B
geschriebenes fruehneuirisch	23-41325-B
geschriebenes ido	23-51685-B
geschriebenes irisch	23-41436-B
geschriebenes kappadokisch	23-36388-B
geschriebenes koptisch	23-37712-B
geschriebenes nobiin	23-44888-B
geschriebenes pontisch	23-36120-B
geschriebenes sahidisch	23-38038-B
geschriebenes tachelhit	23-37175-B
geschriebenes telugu	34-16372-B
geschriebenes uigurisch	23-32576-B
geschwaetz	33-21824-B
geschwaetz gewaesch schmonzes schnack seich	22-16455-S
geschwaetz kauderwelsch nonsens unfug unsinn	13-19871-S
geschwaetzig gespraechig redselig schwatzhaft	29-18624-B
geschwind hurtig rasch schnell	9-44123-B
geschwind rapide rasant schnell	7-91595-S
geschwindigkeit	5-58422-B
geschwindigkeitsbeschraenkung	5-58804-B
geschwister	9-51977-B
geschwisterpaar	41-73519-B
geschworener	17-86672-B
geschwuer	21-31659-S,23-5133-B
geschwuer karbunkel pickel	14-8979-S
gesehen	45-66237-S
gesellschaft	5-44069-B
gesellschaft gilde innung klub orden verband verbindung verein vereinigung	31-54809-S
gesellschaftlich	42-41919-B
gesellschaftliches bindemittel	21-11910-B
gesellschaftsgruppe	5-41938-B
gesellschaftsschicht	20-67985-S
gesellschaftsstruktur sozialstruktur	5-43471-B
gesellschaftssystem	5-43718-B
gesellschaftstanz	36-8133-B
gesellschaftsvertrag	18-30257-B
gesellschaftswissenschaft sozialwissenschaft	6-35963-B
gesetz	3-67258-B
gesetz boyle mariottesches gesetz gesetz von boyle mariotte	29-57852-S
gesetz gesetz von boyle mariotte	29-57852-S
gesetz von boyle mariotte	29-57852-S
gesetzbuch	1-103449-B,18-46778-S
gesetzentwurf	6-70263-B,21-40357-B
gesetzes polizeivollzugsbeamtin polizeibeamtin	11-56205-S
gesetzesbrecher krimineller rechtsbrecher verbrecher	8-23110-S
gesetzesinitiative	7-14050-B
gesetzesnovelle	18-67566-B
gesetzesnovellierung	3-67369-B
gesetzestext	6-100078-B
gesetzestreu	35-53226-B
gesetzesvollzug	3-67563-B
gesetzeswidrig gesetzwidrig	42-68585-B
gesetzgebend	23-5514-B
gesetzgeber	42-35399-B
gesetzgebung	3-71553-B,4-13160-S,7-22144-B
gesetzgebungskompetenz	3-71676-B
gesetzlich legal rechtsmaessig	42-68456-B
gesetzmaessig legal legitim rechtmaessig	20-44311-B
gesetzwidrig	42-68585-S
gesetzwidrig illegal rechtswidrig	32-21874-B
gesicht verlieren	43-62706-S
gesicht visage	9-12510-S
gesichts fazial	34-20911-B
gesichtsausdruck mine	20-18613-S
gesichtsfarbe teint	21-39190-B
gesichtskreis horizont	21-71099-B
gesichtslaehmung	44-72711-S
gesichtslos	46-74915-B
gesichtsnerv	44-72965-B
gesichtspunkt perspektive sichtweise standpunkt	40-16840-S
gesichtsstraffung lifting rythidectomie	44-74006-S
gesindel	32-42675-B
gesinnt feindselig nachteilig schaedlich unfreundlich unhold	42-36558-S
gespalten	32-47114-B
gespannt	27-21373-B
gespenst phantom spuk	41-33730-S
gespentisch unheimlich	41-48216-S
gesperrt	34-56518-B
gespielt von	29-42140-S
gespraechig mitteilsam redefreudig redelustig redselig	18-85257-B
gespraechig redselig schwatzhaft	29-18624-S
gespraechspartner	22-33917-B
gespreizten beinen	30-63662-S
gesprochen in	28-45039-S
gesprochene sprache	20-33238-B
gesprochenes ainu	23-32769-B
gesprochenes altgriechisch	23-35093-B
gesprochenes baschkirisch	23-32076-B
gesprochenes brahui	23-43411-B
gesprochenes bretonisch	23-41789-B
gesprochenes franzoesisch	23-48616-S
gesprochenes gallo	23-47138-B
gesprochenes ido	23-51755-B
gesprochenes irisch	23-41513-B
gesprochenes italienisch	23-50909-B
gesprochenes kappadokisch	23-36520-B
gesprochenes lakisch gesprochenes lakkisch	23-39497-B
gesprochenes lakkisch	23-39497-S
gesprochenes latein gesprochenes lateinisch	23-51227-S
gesprochenes lateinisch	23-51227-S
gesprochenes lombardisch	23-50383-B
gesprochenes lothringisch	23-47904-B
gesprochenes nobiin	23-44971-B
gesprochenes obersorbisch	23-52894-B
gesprochenes picardisch	23-47756-B
gesprochenes russisch	23-52986-B
gesprochenes sizilianisch	23-51055-B
gesprochenes swanisch	23-40552-B
gesprochenes tachelhit	23-37248-B
gesprochenes uigurisch	23-32658-B
gesprochenes ukrainisch	23-53098-B
gesprochenes venetisch	23-50304-B
gespuer	34-51202-S
gestaendnis	18-21028-S
gestaerkt	47-2849-B
gestalt	20-15933-B,24-38441-B,26-45159-B
gestalten	27-9816-S
gestank	9-26155-B
gestation graviditaet schwangerschaft	22-12660-B
gestationsdiabetes schwangerschaftsdiabetes typ 4 diabetes	45-68608-S
geste	19-48923-B
gestehen	31-23264-B
gestein	5-12254-S,11-21032-S
gestellt	36-45408-S
gestellte fragen	47-11978-S
gestern	7-70897-B
gestern abend	39-55949-B
gestern mittag	39-56074-B
gestern morgen	39-55833-B
gestern nachmittag	39-56195-B
gestikulieren	34-25528-B
gestirnt sternenbedeckt sternenuebersaet	26-8279-S
gestoert psychisch krank	37-46178-S
gestreift	45-18685-B
gestresst stressgeplagt	18-69074-B
gestrig	38-34587-B
gestriger tag	22-44545-B
gesund wohlauf	8-22921-B
gesunde ernaehrung	41-86018-B
gesunden konvaleszieren sich erholen	33-33336-S
gesunder menschenverstand	20-55322-B
gesundheit	3-23008-B,3-30642-S,12-32855-B
gesundheitseinrichtung	3-23683-B
gesundheitsfuersorge	3-23199-B
gesundheitsgefaehrdend ungesund unzutraeglich	34-35354-B
gesundheitsrecht	3-23851-B
getaufte	25-16816-B
geteilt	32-47133-B
getraenk	1-54775-B,14-60893-S
getraenkeindustrie	1-54645-B
getreide	3-15217-B
getreideernte	44-9871-B,44-9994-B
getreidemilch	45-40972-B
getreidesilo	12-54179-B
getrennt	11-47000-B
getreu konform	18-115-S
getreu treu	41-60260-S
getriebe getriebegehaeuse getriebekasten	10-89027-B
getriebegehaeuse getriebekasten	10-89027-S
getriebekasten	10-89027-S
getroffen wie vom donner geruehrt	14-57894-S
getuschel	33-54042-B
gewaechs	4-65994-S
gewaechshaus	6-49018-S
gewaechshaus treibhaus	42-33146-B
gewaesch schmonzes schnack seich	22-16455-S
gewaesser	6-20744-B
gewaesserboden	1-52767-B
gewaessereinzugsgebiet	1-82666-S
gewaessername hydronym	22-5889-B
gewaesserschutz	6-15712-B,6-18978-B
gewaessersohle	6-15487-B
gewagt	8-68617-S,25-3161-B
gewahren	36-53802-B
gewalt	8-67961-B,12-76783-B,30-64305-S,42-2498-S,42-2812-S
gewalt in der ehe eheliche gewalt	42-2812-B
gewaltherrscher tyrann	40-90249-B
gewaltig	27-25108-B
gewaltlosigkeit	25-59916-B
gewandt	29-26372-B
gewandt klug	34-27718-B
gewandung kleider kleidung	11-71334-S
gewebe	2-87736-B,5-84675-S
gewebe zellulaeres gewebe	5-84675-B
gewehr	14-2198-B
geweih	30-28027-B
gewellt	27-20381-B
gewerbe	3-86299-S
gewerkschaft	5-89789-B
gewesen	34-46850-S
gewicht	6-24705-B
gewicht fallen	43-67383-S
gewichtheber	28-20420-B,28-20499-B
gewichtig schwerwiegend	10-40586-B
gewichtig signifikant	28-14997-S
gewiegtes hack haschee	33-17321-S
gewieher wiehern	45-13926-B
gewinn	20-5471-B
gewinn profit	4-87225-B
gewinnbringend lohnend lukrativ profitabel rentabel	20-42627-S
gewinnen	18-27595-S,30-19449-B
gewinnen siegen	15-7090-B
gewinner meister sieger	31-52306-B
gewinner sieger	31-40434-B
gewinnsucht habsucht raffgier raffsucht habgier	34-59309-B
gewinnsucht profitgier profitsucht	22-32604-B
gewiss	12-58620-S
gewiss sicher sicherlich	32-45479-S
gewiss sicher unzweifelhaft	12-58332-S
gewissen	35-19004-B
gewissenhaft	35-19065-B
gewissensbisse reue	35-11014-B
gewitter	6-87161-B
gewitterig	12-44341-S,12-44438-S
gewittrig gewitterig	12-44341-B,12-44438-B
gewoehnen	20-60293-B
gewoehnlich	9-3421-B
gewoehnlich normalerweise ueblicherweise	12-7210-B
gewoehnlicher feldsalat rapunzel	35-28621-S
gewoehnlicher tintenfisch	28-875-B
gewoelbe	16-8018-B
gewoelbt	37-50894-B
gewohnheitstrinker saufaus saufbold saeufer trinker trunkenbold	32-20771-S
gewohnheitstrinkerin saeuferin trinkerin	32-21071-S
gewuehl massenandrang	18-59871-S
gewuerz	12-45381-B
gewuerz wuerzmittel	13-20848-B
gewuerzgurke	17-55953-B
gewuerzkoriander indische petersilie kaliander klanner koriander schwindelkorn schwindelkraut stinkdill wandlaeusekraut wanzendill wanzenkraut wanzenkuemmel	33-59536-S
gewuerzlorbeer lorbeer	12-61898-S
gewuerznelke	34-16186-B
gewuerzvanille vanille vanillebaum	40-22462-B
gewundenheit	27-20603-B
geysir	22-44636-B
gezeiten tide	5-83990-B
gezeitenenergie	5-83753-B
gezeitenkraftwerk	6-81355-B
gezuechtet	35-58608-B
gfz geschossflaechenzahl	46-16820-B
ggt groesster gemeinsamer teiler	15-10598-B
ghana	11-38888-B
ghanaer	29-14533-B
ghanaisch	43-10503-B
ghanaische gebaerdensprache	28-12945-B
ghanoush	41-70134-S
ghat	42-49189-B
ghostwriter auftragsschreiber phantomschreiber	44-56496-B
ghrelin	32-57760-B
gibraltar	22-44150-B,29-14991-S
gibt nichts umsonst	43-57775-S
gicht urikopathie	45-38669-B
gichtig	45-38996-B
gidire	25-17325-S
gien talje	12-46510-S
gier	34-59637-B
gierig	34-60462-B
giersch baumtropf dreiblatt geissfuss schettele wiesenholler zaungiersch ziegenfuss ziegenkraut zipperleinskraut	47-18453-B
giessen	41-23748-S
giessen waessern	7-43851-S
giessen wie aus kannen in stroemen regnen kuebeln schuetten wie aus eimern	11-61587-S
giesserei	35-41647-B
giesskanne	23-22984-B
gift	4-68720-B
gift toxin	5-88285-B
gift verspruehen	41-41940-B
giftig toxisch	15-41183-B
giftmuell	5-88160-B
giftring	40-68110-B
giftstachel wehrstachel	16-68756-S
gigabit	33-40473-B
gigant koloss	34-47997-B
gigawatt	30-42234-B
gilaki	13-22039-B
gilben	12-3512-B
gilbertesisch kiribatisch	16-9729-B
gilbwurz gilbwurzel kurkuma kurkume safranwurzel	47-6647-S
gilbwurzel kurkuma kurkume safranwurzel	47-6647-S
gilde innung klub orden verband verbindung verein vereinigung	31-54809-S
giles system	40-88994-S
gimpel	32-55215-S
gimpel hirni hohlkopf holzkopf honk hornochse idiot kamel kindskopf mondkalb narr rindvieh schafskopf schwachkopf schwachmat simpel spaten spatzengehirn spatzenhirn stiesel strohkopf tor tropf trottel vollhonk vollpfosten	8-49041-S
gingival	41-62035-B
gingivitis	41-61869-S
ginsterkatzen	46-6167-B
giorgio	47-54889-S
gipfel	9-38053-S,20-15847-B,20-30901-B,26-47761-B,27-11360-B,27-27018-B
gipfel hoehepunkt zenit	23-30373-S
gipfeln	27-37689-B
gips kalziumsulfat	3-20396-S
giraffe	9-59512-B,26-26910-B
gironde	24-50941-B,24-63905-B
gis digitalformat	7-34336-B
gis digitalverfahren	7-35797-B
gis labor	7-37464-B
gitarre	14-18035-B,14-18159-S
gitarre elektrogitarre stromgitarre elektrische gitarre	14-18159-S
gitarrenspieler gitarrist	40-14400-B
gitarrenspieler gitarrist gitarrenspielerin gitarristin	18-3290-B
gitarrenspielerin gitarristin	18-3290-S,40-14530-B
gitarrist	40-14400-S
gitarrist gitarrenspielerin gitarristin	18-3290-S
gitarristin	18-3290-S,40-14530-S
gittermast	24-30004-B
gitternetz	7-36335-B
gitterstab tralje	47-65224-B
gladiator	36-4538-B
glaenzen	36-3431-S
glaeschen schale schaelchen schuesselchen schuessel	47-43482-S
glaesern	25-21234-B
glaeubig gottesfuerchtig gottglaeubig	39-2618-S
glaeubige glaeubiger	26-58035-B
glaeubiger	25-31666-B,26-58035-S
glandulaer	43-53720-S
glans	34-16451-S
glanz	26-59734-B,27-18934-B,31-19942-B
glanzkuckuck	44-39211-B
glarus	33-46341-S
glarus kanton glarus	33-46341-B
glas	3-13823-B
glas glaeschen schale schaelchen schuesselchen schuessel	47-43482-S
glas trinkglas	22-36753-B
glasauge	32-42134-B
glasfaser	29-45494-B
glasfaserverstaerkter kunststoff	30-556-S
glasfenster	27-27066-B,27-27108-B
glasharmonika	45-11442-B
glasindustrie	3-14329-B
glaskugel	17-10951-S
glasnudel	28-41378-B
glassplitter	28-40712-B
glastisch	28-41116-B
glastuer	28-41238-B
glatt	7-54019-B
glatteis	6-87503-B
glattrasiert	34-5994-B
glattweg	32-19728-S
glatze	27-12042-B
glatzkoepfig kahl kahlkoepfig	21-2248-B
glatzkoepfigkeit kahlkoepfigkeit	44-53945-B
glaube	18-10529-B,38-42347-S
glaube meinung	18-10051-S
glauben	11-47085-S,11-63902-B,11-63996-B,46-8474-B,47-47391-S
glauben meinen	8-88075-S
glaubensbekenntnis kredo	42-3770-S
glaubensstark glaeubig gottesfuerchtig gottglaeubig	39-2618-S
glaubhaft glaubwuerdig vertrauenswuerdig	35-49578-B
glaubhaft plausibel	33-71019-S
glaubwuerdig	32-15133-B
glaubwuerdig vertrauenswuerdig	35-49578-S
glaubwuerdigkeit	35-49517-B
glaukom	28-29708-B
glaziologe	43-74755-S
glaziologie gletscherforschung	3-13651-B
glaziologisch	43-74855-B
gleich	9-16232-B,34-37525-B,38-60589-B
gleich augenblicklich im augenblickl sofort sogleich unverzueglich	32-43336-S
gleich im folgenden augenblick im folgenden moment im naechsten augenblick im naechsten moment instantan postwendend sofort sogleich unmittelbar	46-24019-S
gleichalterig gleichaltrig	44-28278-B
gleichaltrig	44-28278-S
gleichbedeutend synonym	30-28501-B
gleichdruckturbine	35-61954-S
gleichen	28-29635-B
gleichfalls	12-75246-S
gleichfoermig	21-59064-B
gleichfoermig gleichmaessig	9-36880-B
gleichgeschlechtliche ehe homosexuelle ehe	38-31242-S
gleichgestellte	38-16861-B
gleichgewicht	2-46564-S,7-2764-S,30-26335-S
gleichgewicht ausgleich	20-18725-B
gleichgueltigkeit	37-30288-B
gleichheit paritaet	38-17421-B
gleichkommen	38-16928-B
