fit suitable	9-41668-S
fit try on	45-70508-B
fitch foulmart foumart	43-64256-S
fitness facility gymnasium	27-22983-S
fitness fittingness suitability	34-32995-B
fittingness suitability	34-32995-S
five	7-46821-B,8-81553-B,10-17439-S,10-19285-S,10-26620-S,10-28164-S,12-47137-B,23-21866-B
five cent coin five cent piece	25-69025-B
five cent piece	25-69025-S
five hundred	45-46620-B
five thousand	46-8593-B
fix repair mend restore touch on	13-78752-S
fixation	1-60052-S,4-21021-S,5-18391-S
fixed asset pp e non current asset property plant and equipment	46-66841-B
fixed star sun	8-15223-B
fixed wing aircraft	9-29917-S
fixtures	2-96525-S
fizzle out peter out taper off	37-43789-B
fizzy	17-29133-S
fjord fiord	25-81749-B
flabbergasted stupefied thunderstruck dumfounded	14-57894-S
flag	9-42684-B
flag of convenience	2-96644-B
flag stop request stop	28-61185-S
flagitious grievous heinous monstrous	38-12497-S
flagitious iniquitous villainous	19-30585-S
flagship	15-71561-B
flail	17-42234-B
flake fleck fragment scrap	14-53400-S
flake out nod off	20-41571-S
flame	15-43824-B
flame extinguisher	39-1377-S
flames fan the flames throw oil on the fire	41-23748-S
flames throw oil on the fire	41-23748-S
flamingo	36-47729-B
flammable	22-42572-S
flanders flemish region	8-63804-B
flanders poppy corn poppy corn rose field poppy red poppy red weed	42-61146-B
flange	22-42703-B
flank	46-40651-B
flannel	22-43161-B
flannelleaf flannelplant great mullein hag taper	47-22142-S
flannelplant great mullein hag taper	47-22142-S
flap	40-6332-B
flare	25-80613-S
flaring	2-96839-B
flash flood	10-70725-B
flash with the brights	22-56240-S
flasher	42-35623-S
flasher flashing indicator indicator indicator light turn indicator turn light turn signal turn signal flasher	42-35623-S
flashing indicator indicator indicator light turn indicator turn light turn signal turn signal flasher	42-35623-S
flashy	24-38576-B
flat	4-9426-S,6-36755-S,12-4368-B
flat blade screwdriver flat screwdriver flat head screwdriver flat tip screwdriver flathead screwdriver slot head screwdriver standard screwdriver	46-38060-B
flat bread flatbread	33-33693-B
flat chested flatchested	45-55216-B
flat foot flatfoot	41-33180-B
flat head screwdriver flat tip screwdriver flathead screwdriver slot head screwdriver standard screwdriver	46-38060-S
flat plain even	9-45118-B
flat screwdriver flat head screwdriver flat tip screwdriver flathead screwdriver slot head screwdriver standard screwdriver	46-38060-S
flat tip screwdriver flathead screwdriver slot head screwdriver standard screwdriver	46-38060-S
flatbread	33-33693-S
flatchested	45-55216-S
flatfoot	41-33180-S
flathead screwdriver slot head screwdriver standard screwdriver	46-38060-S
flatter blandish blarney	29-26784-S
flatterer	18-68925-B
flattery sweet talk	40-47817-S
flatulate let rip pass gas	22-23210-S
flatulence	8-11781-S
flatworm plathelminthe platyhelminthe	41-10552-B
flatworms	41-10669-S
flautist flutist	29-42920-B,47-68467-B,47-68576-B
flavescent lutescent yellowish yellowy	16-58190-B
flavian amphitheatre	45-5922-S
flavor flavour	42-74993-S
flavour	42-74993-S
flaw shortcoming	34-25089-S
flawless	14-3188-S
flax common flax linseed	45-48579-B
flax linseed	45-48579-S
flaxen	45-49439-B
flaxseed linseed	38-37486-B
flaying	37-11670-B
flaying skinning	37-11886-B
flea	2-97822-B,6-16919-S
flea in rude health right as rain sound as a bell sound in wind and limb	47-43144-S
fleck fragment scrap	14-53400-S
flee run away take flight	17-19381-S
fleece	24-19970-S
fleeceable green gullible	12-35567-B
fleet	22-66251-B
fleeting	19-25321-B
flemish	19-63-B
flemish giant	30-17455-B
flemish region	8-63804-S
flesh pulp	12-63399-B
fleshmonger mac pander pimp	39-48445-B
flevoland	24-43432-B
flexibility	34-15896-B,40-77590-S
flexor	33-58842-B
flies fly	8-82732-B
flight	3-81563-S,15-43634-B,15-43756-B,17-19381-S,41-84957-S,46-20384-B
flight attendant steward	45-48922-S
flight night flight red eye red eye flight	41-84957-S
flight red eye red eye flight	41-84957-S
flint flintstone	22-65985-B
flintstone	22-65985-S
flip flop	32-42245-B
flip rotate spin turn gyrate	8-50770-B
flippancy light mindedness	42-29447-B
float	8-54226-B,8-55076-B,9-18873-B
floating island	26-53204-B
flocculant	2-97994-B
flocculation	2-98132-B
flock	35-41553-B
flog	18-50273-B
flood	2-98352-B,10-70725-S
flood inundate	16-49734-B
flood overflowing	1-25243-S
flood protection	6-95943-B
flooded inundated overflooded	47-17513-S
flooding	2-98520-B
floor	9-44943-B
floor area ratio floor space index floor space ratio	46-16820-S
floor length	33-68075-B
floor level storey	12-31683-B
floor plan	46-36176-B
floor sea bed sea bottom sea floor seabed seafloor	5-22044-S
floor seabed seafloor	5-22044-S
floor space index floor space ratio	46-16820-S
floor space ratio	46-16820-S
flooring	46-48157-S
floosie floosy floozie floozy slattern slut tart	36-67338-B
floosy floozie floozy slattern slut tart	36-67338-S
floozie floozy slattern slut tart	36-67338-S
floozie floozy street harlot street hooker street prostitute street strumpet streetwalker	36-66544-B
floozy slattern slut tart	36-67338-S
floozy street harlot street hooker street prostitute street strumpet streetwalker	36-66544-S
flop	32-42245-S
flora	2-98781-B,4-65994-S,6-99678-B
flora restoration	2-98896-B
florence	10-36046-B
floret	12-60230-B
florida panther indian devil mexican lion brown tiger catamount cougar deer tiger ghost cat king cat mountain lion mountain screamer painted cat painter panther puma red lion red panther red tiger silver lion sneak cat	11-65609-S
florida sunshine state	10-75776-B
floridian	41-47636-B,41-47707-B
florin aruban guilder	26-56757-S
florin dutch gulden florin guilder gulden	28-69499-S
florin guilder gulden	28-69499-S
florist	19-785-B
florist flower shop	19-896-B
floréal	26-39300-B
floss	45-64631-S
flotation	2-99028-B
flotation device	45-58054-S
flounder	18-22603-B
flour	33-49009-S,33-74359-S,41-14784-B
flour meal	9-28318-B
flourish	21-42953-B
flourishing	26-57093-B
flout gibe hoot jeer jibe mock ridicule	36-50018-S
flow	6-17098-S,10-13513-B,26-7348-S,26-10726-S
flow field	2-99489-B
flow flowing	21-71293-B
flow flux	34-22134-B
flow forecast	26-7447-S
flow index melt flow index melt index	45-56789-S
flow index melt index	45-56789-S
flow together	26-45225-B
flower	38-30430-B,44-29770-S,46-14603-S
flower bloom	2-99273-S
flower bouquet nosegay posey posie posy tussie mussie	39-51871-S
flower corpse plant titan arum	45-11905-S
flower shop	19-896-S
flower water	36-24328-S
flowered	24-35107-B
flowering	39-14063-S
flowering plant magnoliophyta	1-29762-S
flowing	21-71293-S
flowing water	2-99595-B
flows into	28-46643-B
flows through	28-46509-B
flu	20-46268-S,37-61601-S,38-8793-S
flu gastro gastroenteritis stomach flu	38-8793-S
flu swine influenza	37-61364-S
fluctuate	23-18167-B
flue	37-58995-B
flue gas	2-99669-B
flugelhorn	16-63286-B
fluid	29-17565-B,32-48079-S,33-56821-S
fluid dynamics	29-67030-B
fluid mechanics	29-67244-B
fluid mouth rinse mouth wash	46-537-S
fluid neurolymph	21-6419-S
fluid statics hydrostatics	29-67416-B
fluid test	30-13899-S
fluidised bed	2-99801-B
fluidity	26-59111-B
flukey iffy	41-24719-S
fluky flukey iffy	41-24719-S
fluorescent	34-21082-B
fluorescent lamp fluorescent tube	34-21216-B
fluorescent tube	34-21216-S
fluoridation	2-99955-B
fluorine	2-100151-B
fluorocarbon	38-62556-B
flurry	32-47557-B
flushing	6-89556-B
flute	13-81222-B,16-54453-S
flute panpipes	16-65435-S
flutist	29-42920-S,47-68467-S,47-68576-S
flux	17-45273-B,29-51057-S,34-22134-S
flux fuse immix meld	34-58922-S
fly	8-82367-B,8-82732-S,16-68358-B,24-14098-S,25-35444-B,42-35023-S,44-66359-S,44-66493-S,47-46526-S
fly agaric	44-47262-S
fly amanita fly agaric	44-47262-B
fly ash	2-100927-B
fly if pigs had wings they would fly	47-46526-S
fly off	2-82703-S
fly peacock fly tephritid fruit fly	44-66359-S
fly tephritid fruit fly	44-66359-S
fly wing	8-49899-B
flyer	43-75864-S
flying	41-60724-B
flying aerophobia aviatophobia aviophobia pteromechanophobia	36-21989-S
flyspeck lilliputian midget petite	23-26178-S
flywheel	24-59574-B
fmd foot and mouth disease hoof and mouth disease	27-17570-B
foal	9-57359-B
foam	10-34693-B,10-34890-B
foaming agent	2-101072-B
focus	25-61415-B
fodder forage provender	2-101221-B
fodder plant	7-4450-B
foe opposer predator	17-17620-S
foetal phoetal phœtal	43-79240-S
foeticide	42-1048-S
foetid foul smelling funky noisome putrid smelly stinking	38-19638-S
foetus	11-4664-S
fog	2-101411-B,15-37302-S
fog fog lamp fog light fog lamp foglamp foglight	42-38241-S
fog haze over obnubilate	10-34422-S
fog lamp fog light fog lamp foglamp foglight	42-38241-S
fog lamp foglamp foglight	42-38241-S
fog light fog lamp foglamp foglight	42-38241-S
foggy	11-23414-S
foggy misty	17-87201-B
foghorn	46-35234-B
foglamp foglight	42-38241-S
fogless	17-87732-S
foglight	42-38241-S
fogny jola fonyi	27-24698-S
foie gras	33-63784-B
foil	27-13960-B,41-12680-B,41-13134-B
foil enhancer	41-12395-B
foil frustrate queer scotch thwart	41-13236-S
foil hydrofoil	41-12048-B
foil kite	47-37856-B
foil transparency	41-12840-B
folacin	31-22495-S
fold	8-65718-B,8-66094-B,10-91999-S,40-94750-S
folder	18-64765-S,46-1222-S
folder folder	46-1222-S
folder folding bicycle	35-7677-B
folding bicycle	35-7677-S
foliage	2-101940-B
folic acid folacin	31-22495-B
folk tradition	6-37456-B
folklore	6-51974-B
folkloric creature legendary animal legendary creature mythic creature	19-65567-B
folks people	39-55279-B
follicle	34-54376-S
folliculitis	41-59964-B
follow out follow through follow up go through implement put through	18-82196-S
follow through follow up go through implement put through	18-82196-S
follow up go through implement put through	18-82196-S
followed by	29-41861-S
follower	29-21648-S
following	8-18752-S
folly	32-42045-B
fomenter	21-71562-S
fond of	20-22119-S
fond of become attached get attached grow fond of	20-22119-S
fondle	47-65046-B
fondle stroke	26-13873-S
font	17-45504-B,31-40502-S
font fountain	10-59058-B
font management software font manager	47-73488-B
font manager	47-73488-S
font typeface	10-58937-B
fontainebleau	32-37822-B
fontanelle	19-31114-B
fonyi	27-24698-S
food	2-102095-B,4-26262-S,5-61299-S,7-5465-S,10-55813-S,10-55993-S,20-37726-S,39-59971-S,44-25301-S
food additive	2-102579-B
food aid	21-72929-B
food allergy	34-2274-B
food calorie kilogram calorie large calorie nutritionist s calorie	47-28076-S
food chain	2-102814-B
food chemist	44-7865-B
food chemistry	44-7718-B
food gourmet food specialty food	39-59971-S
food hygiene	2-103165-B
food industry	2-103405-B
food irradiation	2-103573-B
food joint fast food restaurant quick service restaurant	39-33700-S
food poisoning foodborne disease foodborne illness	42-10308-B
food preservation	2-103997-B
food processor	46-53349-B
food production	2-104144-B
food quality	2-104357-B
food requirement	1-50388-S
food restaurant quick service restaurant	39-33700-S
food science	2-104466-B
food security	42-55258-B
food specialty food	39-59971-S
food technology	2-104732-B
food tertiary processed food	7-5465-S
foodborne disease foodborne illness	42-10308-S
foodborne illness	42-10308-S
foodie gastronome gourmet	18-54912-S
foodstuff	2-104637-B,7-5324-S
fool	11-39932-B,21-38561-S
fool april fool s joke april fool	21-38561-S
fool bird brain chump dolt idiot not the sharpest tool in the shed putz simpleton	8-49041-S
fool gull mark mug patsy soft touch sucker	41-9181-S
fool s joke april fool	21-38561-S
foolish silly	10-67380-S
foolish silly stupid	47-57969-S
foolishness silliness	12-7804-B
fools day	31-72433-S
foosball table football table soccer	46-67939-S
foot	7-83332-B,7-89185-B,26-42399-S,43-46213-S,44-13304-S,44-13411-S
foot and mouth disease hoof and mouth disease	27-17570-S
foot brake	41-75175-S
foot fat foot	43-46213-S
foot flatfoot	41-33180-S
foot foundation fundament groundwork substructure understructure	14-48780-S
foot on foot	44-13411-S
foot rest foot stool footrest footstool	46-15459-B
foot stool footrest footstool	46-15459-S
football	7-89567-S,17-46709-B
football fans	24-29485-B
football gaelic gaelic football gah	39-42415-B
football gah	39-42415-S
football soccerball	7-89878-B
football table soccer	46-67939-S
footboard	25-71115-B
footed	41-31364-S
footed mammal pinniped seal	4-62824-S
footed penguin	46-58364-S
footed quadruped quadrupedal	44-15079-S
footnote	28-9679-B
footpath	2-104942-B
footrest footstool	46-15459-S
footstool	46-15459-S
foppish	24-13618-B
for	8-65189-S,13-65268-S,15-20454-B,20-48777-S,23-8185-S,25-64443-S
for a meal	39-10686-S
for a meal go out for a meal	39-10686-S
for a stroll go for a walk take a walk	10-24398-S
for a walk take a walk	10-24398-S
for all	32-44163-S
for all once for all	32-44163-S
for centuries	18-53916-B
for certain for sure sure as shooting sure enough surely sure	32-45479-S
for consumption	6-17366-S
for damage	6-98175-S
for damages liable for damages liable to indemnify liable to pay damages	16-57151-S
for damages liable to indemnify liable to pay damages	16-57151-S
for days	18-53154-B
for decades	18-53801-B
for example for instance such as like e g	14-19542-B
for for … each	11-25890-S
for free	44-10554-B
for good once and for all once for all	32-44163-S
for hours	18-53330-B
for instance such as like e g	14-19542-S
for just cause	19-20375-B
for millennia	18-54027-B
for minutes	18-53423-B
for months	18-53619-B
for nature	6-56789-S
for nothing	39-43139-S
for nothing in vain to no avail to no purpose vainly	28-4807-B
for peanuts	44-10406-S
for power	20-38576-S,34-61059-S
for power thirst for power	34-61059-S
for proposals	46-46293-S
for remuneration nongratuitous	19-17604-S
for seconds	18-53520-B
for slaughter	1-31998-S
for something	21-25361-S
for standardization iso	17-24500-S
for sure sure as shooting sure enough surely sure	32-45479-S
for the time being	33-54223-B
for the time being initiation interim introduction preamble preliminary preparative preparatory temporary tentative	47-58336-B
for water world water day	20-71168-S
for weeks	18-53239-B
for years	18-53712-B
for … each	11-25890-S
forage contamination	2-104996-B
forage provender	2-101221-S
foramen hiatus	40-69849-B
forbid interdict nix prohibit proscribe veto	40-68427-S
forbidden prohibited	17-46500-B
forboding foreboding portending portent	42-21792-S
force	8-67961-B,8-68029-B,12-10953-S,19-53096-S,20-59417-S,23-14519-S,27-18451-S,29-59913-S,33-29464-S
force agent	20-67799-S
force feed	36-68210-B
force feeding gavage	36-67966-B
force majeure	30-64305-B
force violate vitiate	10-22601-S
forced abortion	39-4322-B
forced marriage	39-4684-B
forced sterilization	39-4496-S
forceful	14-1811-S
forces military	1-40515-S
ford	12-53313-B
forearm	45-17458-B
forebode	38-46868-S
foreboding portending portent	42-21792-S
forecast	2-59042-S,3-38296-S,3-96952-S,26-7447-S
forecast foresight prediction prevision	2-105157-B
forecast weather report weathercast	47-13344-S
forecasting	6-23784-S
forecasting weather forecast	3-96952-S
forefather progenitor	9-67248-S
forefinger index finger arrow finger demonstrator index insignitor lickpot pointer pointer finger pointling showing finger teacher trigger finger	12-66814-B
forefront vanguard	40-30418-S
foregather forgather	10-91851-S,30-55363-S
foregoing	41-37983-S
forehead	43-30422-B
foreign	8-89052-B,42-24388-S
foreign accent syndrome	42-62216-B
foreign minister	18-43580-B
foreign policy	2-105326-B
foreign trade	2-105434-B
forename	16-21251-S
forenoon	27-17461-B
foreplay	15-69566-B
forerunner	20-30628-B
foresee	14-75167-B
foreshow foretell predict prophesy	47-9907-S
foresight prediction prevision	2-105157-S
forest	2-105534-B,3-42047-S,4-14151-S,4-83385-S,5-77340-S,5-96058-S,5-96327-S,6-49553-S,6-49680-S,6-49846-S,6-50003-S,13-31265-S,28-2803-S,34-26577-S
forest biodiversity	26-10271-B
forest damage	2-105754-B
forest day mosquito	12-55095-S
forest deciduous wood	2-19288-S
forest ecology	6-39228-B
forest ecosystem	2-105945-B,5-95786-S
forest elephant	44-31004-S
forest fire	2-106123-B
forest mixed woodland	7-21479-S
forest of argonne	30-59382-B
forest pest	2-106336-B
forest policy	2-106398-B
forest protection	6-50454-B
forest rainforest	4-100458-S
forest reserve	2-106692-B
forestal silvicultural	47-29377-B
forestry	2-106916-B
forestry practice	2-107029-B
foretell predict prognosticate promise anticipate forebode	38-46868-S
foretell predict prophesy	47-9907-S
foreteller prophet seer soothsayer	37-47970-S
forever	13-64922-B
forever eternally everlastingly evermore	13-64703-B
forever livelong midsummer men orphan john orpine witch s moneybags	47-22556-S
foreword	29-71682-B
forfeit	11-13241-B
forgather	10-91851-S,30-55363-S
forge	42-54216-S
forge formulate invent	8-64719-S
forge smithy	29-46695-B
forgery	35-36700-S
forget	9-0-B
forgetfulness	46-76661-B
forgivable pardonable venial	40-51994-S
forgive pardon reprieve	9-953-S
forgiveness	15-50707-B
fork	7-83573-B,46-30906-B
fork bifurcation	7-83773-B
fork furcate ramify	27-9888-S
fork hoist fork truck forklift forklift truck high low lift truck sideloader stacker truck tow motor trailer loader	42-15460-B
fork truck forklift forklift truck high low lift truck sideloader stacker truck tow motor trailer loader	42-15460-S
forked branch	47-67366-B
forklift forklift truck high low lift truck sideloader stacker truck tow motor trailer loader	42-15460-S
forklift truck high low lift truck sideloader stacker truck tow motor trailer loader	42-15460-S
form	3-91648-S,5-6995-S,8-26753-B,8-26844-B,34-39214-S,34-39600-S
form strain variant	40-86450-B
formal	14-34003-B,23-46060-S,40-61585-B
formal garden	6-44678-S
formal language	40-2145-S
formal noun	20-10459-B
formal system	38-29450-B
formalism	34-38208-B
format	7-34336-S
