tropenwaldoekosystem	5-95786-B
tropez	32-37710-S
tropf trottel vollhonk vollpfosten	8-49041-S
tropfen	14-17198-B
tropfkoerperbehandlung	6-94090-B
tropfnass	36-32559-S
trophaee	14-12148-S
trophiegrad	5-95662-B
trophische oekologie	2-47266-B
tropisch	25-45204-B
tropische pflanze	7-4698-B
tropischer regenwald	5-96327-B
tropisches klima	6-86768-S
troponym	15-37999-B
tropopause	33-26820-B
troposphaere	5-97151-B
troposphaerisches ozon	5-97294-B
tropus	40-35492-S
trosse	38-16434-B
trost	35-20205-B
trottel	40-46845-S
trottel leichtglaeubiges opfer	41-9181-S
trottel vollhonk vollpfosten	8-49041-S
trottoir	31-5162-S
trotz	36-23352-B,36-57722-B
trotz ungeachtet	13-59005-B
trotzdem	26-33777-S
trotzdem dessenungeachtet doch gleichwohl nichtsdestominder nichtsdestoweniger	10-66891-S
trotzig	36-23650-B,36-69753-B
troubleshooting	20-57148-S
truck	3-80104-S
trueb truebe truebsinnig unfroh ungluecklich	13-32440-S
truebe truebsinnig unfroh ungluecklich	13-32440-S
truebsal	28-35895-B
truebselig bedrueckt bekuemmert betruebt geknickt niedergeschlagen traurig trist trueb truebe truebsinnig unfroh ungluecklich	13-32440-B
truebselig bedrueckt deprimiert down gedrueckt geknickt niedergeschlagen truebsinnig	14-56304-B
truebsinnig	14-56304-S
truebsinnig unfroh ungluecklich	13-32440-S
truebung	5-98329-B
trueffel	11-50942-B
truemmer	23-11807-B
trugbild	22-2477-S
trugbild taeuschung	40-29580-S
trugschluss	23-19232-S
truhe	9-27679-B
trunken voll volltrunken	8-58325-S
trunkenbold	8-65486-S,32-20771-S
trunksuechtig	32-21600-S
trust	25-28414-S
truthahn	10-59948-B
tsa tsai	19-23467-B
tsai	19-23467-S
tschad	10-60066-B
tschadische gebaerdensprache	26-16511-B
tschane	27-38887-S
tschanen	27-39140-S
tschanisch	23-39926-S,27-38987-S
tscheche	14-46707-B,14-47991-B
tschechei	12-12865-S
tschechien tschechische republik tschechei	12-12865-B
tschechin	14-47420-B
tschechisch	8-60550-B,14-47175-B
tschechische gebaerdensprache	26-51735-B
tschechische republik tschechei	12-12865-S
tscheljabinsk	46-73300-B
tscherenkow strahlung	29-58822-B
tscherkessien	17-34128-S
tschetschenien	17-33336-B
tschetschenisch	13-3213-B
tschita	47-14973-B
tschttaschisch tschuwaschisch	13-3297-B
tschues tschuess	7-68095-S
tschuess	7-68095-S
tschuwaschien	17-33492-B
tschuwaschisch	13-3297-S
tsetsefliegen	24-14098-B
tsonga xitsonga	30-37277-S
tsunami flutwelle	5-26705-B
tuba	13-80715-B
tubar	41-29780-S
tubarabort	41-28635-B
tubargraviditaet	41-28379-S
tuberkulin test tuberkulintest	35-47589-S
tuberkulintest	35-47589-S
tuberkuloes	43-57015-S
tuberkulose	21-20094-B
tuberkulose morbus koch tbc	24-29536-S
tuberoese sklerose	45-48189-B
tuecke	10-62906-B
tuempel	4-77680-B
tuer	43-62461-S
tuerfutter tuerrahmen tuerzarge	45-8973-B
tuergriff tuerklinke klinke	18-18308-B
tuerke tuerkin	15-76329-B
tuerkei	10-59718-B
tuerkengold	43-5090-S
tuerkentaube	46-43703-B
tuerkin	15-76329-S
tuerkis	18-38321-B,18-38623-B
tuerkis tuerkisfarben tuerkisfarbig	18-38091-B
tuerkisch	8-85950-B,15-76396-B,25-52739-S
tuerkische gebaerdensprache	30-48328-B
tuerkische pizza	43-73167-S
tuerkisfarben tuerkisfarbig	18-38091-S
tuerkisfarbig	18-38091-S
tuerklinke klinke	18-18308-S
tuerlos	36-61860-B
tuermen	17-19381-S
tueroeffnung	27-26679-S,37-51329-B
tuerpfosten	40-46758-B
tuerrahmen tuerzarge	45-8973-S
tuersteher	32-29954-B
tuerzarge	45-8973-S
tuff	27-23855-B
tugend	27-27226-B
tugendhaft	22-64815-B,38-42714-S
tulipomanie tulpenfieber tulpenhysterie tulpenwahn	24-10559-S
tulpe	16-42526-B
tulpen magnolie	46-74301-B
tulpenfieber tulpenhysterie tulpenwahn	24-10559-S
tulpenhysterie tulpenwahn	24-10559-S
tulpenmanie tulipomanie tulpenfieber tulpenhysterie tulpenwahn	24-10559-S
tulpenwahn	24-10559-S
tumor	5-97656-B
tumult	22-26842-B
tun	13-15959-S,14-26609-S,43-18809-S
tun als ob vorgeben	22-7497-S
tun ficken in die kissen steigen in die kiste springen knaeggern miteinander schlafen pimpern roedeln schnackseln sich dem liebesspiel hingeben sich der schoensten nebensache der welt widmen voegeln	10-55072-S
tun sein moeglichstes tun	43-18809-S
tundra	5-97784-B
tunesien	12-6440-B
tunesische gebaerdensprache	30-48405-B
tunfisch	20-44916-S
tungose	33-69420-B
tunika	18-64987-B
tunis	28-49121-B
tunnel	5-98049-B
tunte	20-68151-B
tuntenhaft tuntig verweichlicht weibisch	41-77329-S
tuntig verweichlicht weibisch	41-77329-S
turban	42-73829-B
turbine	5-98486-B
turbulenz	38-51973-B
turin	25-14655-B,25-20625-B
turkmene turkmenin	35-22384-B
turkmenin	35-22384-S
turkmenisch	11-75353-B,38-19209-B
turkmenistan	11-75729-B
turkologie	43-63386-B
turks und caicos inseln	24-37406-B
turksprachen	8-86380-B
turku	22-49390-B
turm	9-70412-B,14-67389-B
turnen	46-8320-S
turnhalle	27-22983-B,45-73158-S
turnier	18-77196-B
turnschuh	9-6608-S,47-43144-S
turoyo	38-11231-B
tut mir leid	13-68712-S
tut mir leid tut mir leid	13-68712-S
tutorium	20-56643-S
tutorium computerkurs pc kurs pc schulung pc tutorium	20-56643-S
tutorium unterricht	45-42565-B
tutu	30-58630-B
tuvalu	12-6399-B
tuwa	17-35265-B
tuwili tuwuli	25-72893-S
tuwinisch	29-39511-B
tuwuli	25-72893-S
tv geraet	10-56797-S
tv internetfernsehen	43-37917-S
tv werbespot werbefilm werbespot	18-69624-S
twi	23-45047-B
twittern	44-47104-B
typ 4 diabetes	45-68608-S
typ a h5n1	18-51737-S
typhlitis zoekitis	41-65129-B
typhus	13-7230-B
typisch	19-78259-B
typographie	21-4068-B
typologie	17-39283-B
tyrann	40-89918-B,40-90121-B,40-90249-S
tyrannei	14-35929-B
tyrannenmord	41-85524-B
tyrannisch	36-58211-S
tyrannisch ueberheblich	37-50943-S
tyrrhenisches meer	28-49480-B
tz utujil	36-46934-B
u a unter anderem	42-32605-B
u bahn untergrundbahn	5-100078-B
u bahn untergrundbahn metro	7-23413-B
u boot	39-27102-S
u boot unterseeboot	5-67701-B
u siehe unten	43-29219-S
u z unserer zeitrechnung	31-71599-S
u z vor christi geburt vor christus vor der zeitenwende vor unserer zeitrechnung	31-72015-S
ub unibibliothek universitaetsbibliothek	33-53481-B
ubiquitaer ueberall verbreitet	18-20748-S
ubuntu	26-33700-B
ubychisch	23-38627-B
udmurtien	17-35354-B
udmurtisch wotjakisch	35-21564-B
udon	33-49620-B
udssr union der sozialistischen sowjetrepubliken	14-44293-S
uebel	42-11415-S
uebelkeit	4-17972-B
uebelnehmerisch	23-29185-B
uebelriechend	38-19638-S
ueben	10-66091-B,45-31777-B
ueber	9-13202-B,10-20374-S,15-20454-S
ueber bord	39-17190-S
ueber dem meeresspiegel ueber dem mittleren meeresspiegel	47-17693-S
ueber dem mittleren meeresspiegel	47-17693-S
ueber den jordan gehen ueber die klinge springen den geist aufgeben hops gehen	8-79415-S
ueber die klinge springen den geist aufgeben hops gehen	8-79415-S
ueber die runden kommen	43-41256-S
ueber etwas hinwegsehen	23-22123-B
ueber etwas verfuegen	18-79969-B
ueber kopf	43-47182-S
ueber normalnull ueber dem meeresspiegel ueber dem mittleren meeresspiegel	47-17693-S
ueber studieren	22-18270-S
ueberall	15-28515-S
ueberall verbreitet	18-20748-S
ueberallhin	15-28633-B
ueberanstrengen	40-87855-S
ueberbacken	22-8446-B
ueberbegriff	1-245-S
ueberbehuetend	46-17521-B
ueberblicken	12-4985-B
ueberbruecken	21-37580-B
ueberdachen	39-27247-B
ueberdecke	35-37578-S
ueberdies	10-46207-S
ueberdosieren	46-77552-B
ueberdosis	18-52658-B
ueberdruss	30-27559-S
uebereinander liegen	27-13180-B
uebereinander liegend	27-14507-B
uebereinkommen	1-13021-B,3-53320-S,17-37463-B
uebereinkommen sich einigen	28-15766-B
uebereinkommen uebereinstimmen	10-21798-S
uebereinstimmen	10-21495-S,10-21798-S,21-23538-S
uebereinstimmen mit	37-7601-S
uebereinstimmend	29-12809-S,34-38997-S
uebereinstimmend getreu konform	18-115-B
uebereinstimmung	23-4542-S,26-45379-B,29-10962-B
ueberempfindlich	14-76769-S
ueberernaehrung	42-25666-B
ueberessen sich ueberfressen	41-38492-S
ueberfahren	30-46725-B
ueberfamilie	38-36725-B
ueberfischung	4-42063-B
ueberfluessig ueberschuessig ueberzaehlig	17-4222-S
ueberfluessigkeit	40-25225-B
ueberfluss haben an	28-67447-B
ueberfluss ueberfluss uebermass	15-7146-B
ueberfluss uebermass	15-7146-S
ueberfluten	16-49734-B
ueberflutet	31-23941-B
ueberflutet ueberschwemmt	47-17513-S
ueberfressen	41-38492-S
ueberfuellt	32-41511-S
ueberfuellung	4-41824-B
uebergang	24-30243-B
uebergangselement uebergangsmetall	5-92645-B
uebergangsmetall	5-92645-S
uebergeben vomieren	7-73574-S
uebergehen	12-5397-B,47-72548-S
uebergewichtig	7-74464-S
uebergluecklich	39-65963-S
ueberhaeuft	27-11528-B
ueberheblich	16-17060-S,37-50943-S
ueberheblichkeit	16-16957-S
ueberheizen	24-23078-B
ueberholen	14-25783-B,14-25886-S
ueberholt	20-51158-S
ueberholung	14-25698-S
ueberkniestiefel	39-75989-S
ueberlagerung	27-13647-B
ueberlandleitung	4-42502-S
ueberlappen	27-14487-B
ueberlassung	18-46015-B
ueberlauf	7-19590-B
ueberlaufen	5-59211-S
ueberleben	6-47237-B,32-26507-B
ueberlebende ueberlebender	21-50928-B
ueberlebender	21-50928-S
ueberlebensgross	38-55916-B
ueberlegen	34-8302-S
ueberlegen sinnen	8-42461-S
ueberlegung	28-15358-B,34-41924-B
ueberliefert	27-22900-B
uebermaessig	38-37294-B,38-41355-B,39-9476-B
uebermass	15-7146-S
uebermitteln	12-15254-B
uebermorgen	22-54710-B
uebermuedet	16-31454-S
uebermuetig	31-4434-S
uebernahme	18-27696-S,18-80819-B,20-20926-B
uebernatuerlich	21-2674-S
uebernehmen	18-75833-B
ueberordnung	38-28757-B
ueberproduktion	46-70219-B
ueberpruefung	5-71272-S
ueberquerung	2-12256-B
ueberraschen	15-7008-B
ueberraschung	9-8152-B,9-17518-B
ueberreden ueberzeugen	16-52024-B
ueberredung	4-7019-S
ueberreichen	7-74317-S
ueberreif	43-6281-B
ueberreste	6-11916-B
uebersaet	27-36836-B
ueberschallknall	5-51646-B
ueberschreiten	27-25947-B
ueberschreitung uebertretung	40-60314-B
ueberschuessig ueberzaehlig	17-4222-S
ueberschuss	5-71074-B
ueberschwaenglichkeit	37-66473-B
ueberschwemmt	47-17513-S
ueberschwemmung	1-25243-B,2-98352-S,2-98520-B
uebersehen	12-5165-B
uebersetzbar	28-53227-B
uebersetzen	16-67455-B,34-9202-S
uebersetzer	14-48251-B
uebersetzung	10-37601-B,10-38429-B,12-23146-S
uebersetzung kompilieren	27-39311-B
uebersetzung maschinelle uebersetzung	12-23146-S
uebersetzungswoerterbuch	10-56392-B
uebersichtsarbeit	34-56958-S
ueberspannung	47-23461-B
ueberstrapaziert	20-20004-B
ueberstuerzt	40-41334-S
ueberstunden	20-72261-S
uebertragbare krankheit	21-30280-S
uebertragen	14-38576-S,21-27521-B
uebertragen live	41-41497-S
uebertragung	27-22865-B,46-40186-S
uebertragungsgeschwindigkeit	29-11853-S
uebertreffen	14-52672-B,27-20102-B
uebertreiben	36-41324-B
uebertreibend	40-94393-B
uebertreibung	16-43875-S,38-35321-B
uebertretung	3-47033-S,40-59648-S,40-60314-S
uebertrieben	7-91906-S,38-35235-B
uebervoelkerung	4-42636-B
uebervorteilen	17-28407-S
ueberwachen	31-33706-B
ueberwachung	1-59793-S,4-5959-S,5-26613-S
ueberwaeltigen	24-32159-B
ueberweidung	4-42273-B
ueberweisung	37-24068-B,45-4638-B
ueberwinden	22-39348-S,27-20154-B
ueberwindung	24-19578-B
ueberwintern	40-65981-B,40-66142-B,44-70876-S
ueberwinterung	4-42800-B,44-70668-S
ueberzaehlig	17-4222-S,45-30830-B
ueberzeugen	16-52024-S,20-20298-B
ueberzeugend	34-41808-B,35-26567-B
ueberzeugung	16-52248-B,20-48749-B,36-9653-B
ueberzeugung meinung	4-37743-B
ueberzeugungskraft	34-40720-B
ueberzuckerung	44-30224-S
ueberzug	12-61359-S
ueblich	35-61847-B
uebliche methode	9-59966-S
ueblicherweise	12-7210-S,38-53322-S
uebrigens	27-23277-B
uebung	8-70727-B,10-66008-B
uenn ueber normalnull ueber dem meeresspiegel ueber dem mittleren meeresspiegel	47-17693-B
ueppig	26-57093-B,35-12893-B
ufer	1-102064-S,7-18913-B,30-48851-S,42-39991-B
uferschutz	6-89974-B
ufervegetation	6-47935-B
ufologe ufologin	20-75827-B
ufologie	20-75692-B
ufologin	20-75827-S
uganda	11-13751-B
ugander uganderin	42-21991-B
uganderin	42-21991-S
ugandisch	42-22075-B
ugandische gebaerdensprache	30-48251-B
uhr	8-5255-B,10-42485-S,34-33253-S,43-26837-S
uhr armbanduhr	8-69556-B
uhr ist es	45-57098-S
uhrmacher	39-62097-B
uhrzeigersinn	21-55277-S,30-31897-S
uhrzeigersinn gegen den uhrzeigersinn im gegenuhrzeigersinn	22-34792-S
uhrzeigersinn im gegenuhrzeigersinn	22-34792-S
uhu	37-53991-B
uig urindogermanisch indogermanische ursprache	27-7818-S
uigurisch	22-25814-B,23-32576-S,23-32658-S
uigurisches autonomes gebiet xinjiang xinjiang	33-50574-S
ukelei	47-39304-S
ukraine	11-80546-B
ukrainer	23-19174-B
ukrainer ukrainerin	15-72740-B
ukrainerin	15-72740-S,23-19202-B
ukrainisch	8-85874-B,15-72859-B,23-53098-S,29-38130-S
ukrainische gebaerdensprache	29-22204-B
ula	29-44517-S
ulcerosa	25-74808-S
ulk witz	11-37176-S
ulkiger vogel	9-7441-B
ulkus	44-28900-S
ulme	11-51971-B
ulna	36-42741-S
ultimatum	12-8877-B
ultrafiltration	5-99637-B
ultrakalt	44-2940-B
ultraschall	5-99787-B
ultraviolett	25-74458-B,25-74656-B
ultraviolette strahlung	5-99872-S
um	9-13786-B,9-20513-B,21-25361-S,26-46755-S
um die ecke bringen	20-52467-S
um rundherum	9-13529-S
um umkreist	37-53271-S
um zu	24-23655-S
um á	11-25890-S
umaendern veraendern aendern	7-63251-S
umarmen umhalsen umschlingen in den arm nehmen in die arme nehmen	16-33176-S
umarmung	35-57930-S,38-3556-B
umarmung umhalsung umschlingung	16-33481-B
umbenennen umtaufen	37-1365-B
umberfisch	38-63231-S
umbildung	23-62270-B
umblaettern umschlagen umwenden	22-31736-B
umbra	25-79497-S,30-69858-B
umbringen	8-42794-S,37-65010-S
umbringen um die ecke bringen	20-52467-S
umdrehen umkehren wenden	32-23079-S
umfahren	29-45624-B,29-45844-B
umfang	18-83613-S
umfangreich	14-52817-S
umfassen umschliessen	11-18729-B
umfrage	24-14717-B
umgangssprache rheinisches deutsch	47-52246-S
umgangssprachlich	17-65988-B
umgeben	27-25449-S
umgeben umschliessen	15-2391-B
umgebung	9-2764-B,12-75506-B,20-40487-B,44-25512-B
umgehen	18-564-B,22-8198-B
umgehend unverzueglich	38-50482-S
umgekehrt	18-32071-B
umgestalten ummodeln umwandeln verwandeln wandeln	42-47694-B
umhalsen umschlingen in den arm nehmen in die arme nehmen	16-33176-S
umhalsung umschlingung	16-33481-S
umhang	47-50260-B
umherirren	23-29129-B
umherschweifen umherziehen wandern	39-59773-S
umherziehen wandern	39-59773-S
umhuellen	20-50139-B
umkehren	24-11691-S
umkehren wenden	32-23079-S
umkehrosmose	5-7928-B
umkehrung	3-55023-S
umklammern umschlingen	40-56054-B
umkreisen	40-32151-B
umkreist	37-53271-S
umkreisung	9-70120-S
umlaufbahn himmelsbahn orbit	40-31657-B
umlaufbahn kreisbahn umkreisung	9-70120-S
umleitung umweg	36-64909-B
umme kostenlos unentgeltlich	44-10554-S
ummodeln umwandeln verwandeln wandeln	42-47694-S
umreissen	21-27406-B
umriss	15-2326-S,27-23414-B
umsatz	19-2707-B
umschaltung	33-18298-B
umschlagen umwenden	22-31736-S
umschliessen	11-18729-S,15-2391-S
umschlingen	40-56054-S
umschlingen in den arm nehmen in die arme nehmen	16-33176-S
umschlingung	16-33481-S
umschreiben	34-35618-B
umschrift	40-79917-S,40-80162-S
umschrift nach wylie wylie transliteration	31-53314-B
umsicht	41-7656-B
umsiedeln	5-2284-B
umsonst	28-4807-S,43-57775-S
umsonst arbeiten	44-10406-B
umsonst unentgeltlich	9-4173-S
umstand	33-60992-B
umstandswort nebenwort	7-72935-S
umstellung	34-53312-B
umstritten	27-30811-B,27-36753-B
umstrukturierung	23-62560-B,26-58399-B
umtaufen	37-1365-S
umtauschbar	38-37428-B
umtauschen wechseln	17-56663-B
umverpackung	1-6590-B
umwandeln	16-67789-S
umwandeln verwandeln wandeln	42-47694-S
umweg	36-64909-S
umwelt	1-73988-S,2-73817-B
umwelt thesaurus	7-61824-S
umweltagentur	2-79833-S
umweltaudit	2-64515-B
umweltbelastung	2-67792-B
umweltbericht	2-71714-B
