aerial tramway cable car cable car cablecar ropeway	46-41686-S
aerobatics	29-34863-B
aerobic process	1-10753-B
aerobic treatment	6-94742-B
aerobics	29-34929-B
aerobiology	1-10874-B
aerodontalgia barodontalgia tooth squeeze	45-620-B
aerodrome	29-35003-B
aerodynamic	29-35132-B
aerodynamic noise	1-11185-B
aerodynamics	17-57661-B
aeronautic aeronautical	29-35264-B
aeronautical	29-35264-S
aeronautics	29-35391-B
aerophobia aviatophobia aviophobia pteromechanophobia	36-21989-S
aerophone	16-52802-B
aerosol	1-11305-B,6-83919-S
aerosol aerosol bomb aerosol can aerosol container aerosol tin spray can	5-60082-B
aerosol bomb aerosol can aerosol container aerosol tin spray can	5-60082-S
aerosol bomb fuel air bomb fuel air explosive thermobaric bomb vacuum bomb volume detonation bomb	40-56191-S
aerosol can aerosol container aerosol tin spray can	5-60082-S
aerosol container aerosol tin spray can	5-60082-S
aerosol tin spray can	5-60082-S
aerostat hot air balloon balloon	31-49428-B
aesthete	29-35462-B
aesthetic	29-35553-B
aesthetic esthetic	38-22344-B
aesthetic inversion sexo æsthetic inversion transvestism	43-31939-S
aesthetic surgery cosmetic surgery esthetic surgery	44-16216-B
afar	8-73124-B,29-33670-B
affable cordial genial	21-60203-B
affair	22-50611-S,29-37200-B,29-37529-B
affair concern matter	29-37376-B
affairs	10-13887-S
affect feign sham	22-7497-S
affecting	29-37734-B
affectionate goodhearted warm warm hearted	28-48400-B
affective	29-38535-B
affective disorder manic depression	34-38673-S
affiance betroth get engaged	17-39883-B
affiance betroth trothplight	29-7948-B
affidavit	30-27747-B
affiliate	29-38587-B
affiliated	29-38686-B
affiliation	29-39764-B
affinity	29-39831-B
affirm assert attest aver avow swan swear verify	31-46042-B
affirm corroborate	28-17772-S
affirmation confirmation	29-39906-B
affirmative	29-40224-B,44-30493-S
affix	41-13673-B
afflict	20-22879-B
afford	29-40285-B
afford give yield	26-45052-B
affordable low cost low priced	32-7755-B
afforestation	25-60734-B,25-60866-B
afforestation afforestment tree planting	1-11556-B
afforestment tree planting	1-11556-S
affray	29-40377-B
affront	29-40463-B
affront debase	29-40542-B
affront insult	31-35076-S
afghan	18-76490-B,43-44628-B,46-68588-B
afghan afghani	43-44487-B
afghani	13-43212-B,43-44487-S
afghanistan	7-95573-S
afghanistan transitional islamic state of afghanistan	7-95573-B
aficionado buff enthusiast fan lover	40-97879-B
afoot by foot on foot	44-13411-B
afraid fear have fear	8-44351-S
afraid scared	10-86925-B
afresh	29-40603-B
africa	1-11697-B,1-85419-S,2-44758-S,4-24388-S,5-54616-S,6-25327-S,11-31182-S,33-8064-S,33-8307-S
african	34-411-B,44-49516-S,44-49597-S
african american black nigger	15-24814-S
african bush elephant bush elephant	44-30828-B
african elephant	44-30731-B
african forest elephant	44-31004-B
african land snail	47-14319-S
african land snail giant african land snail	47-14319-S
african penguin jackass penguin black footed penguin	46-58364-B
african republic	12-28461-S
african sign language	29-33882-S
afrihili	25-18126-B
afrikaans	8-56332-B
afro asiatic afro asiatic languages afroasiatic afroasiatic languages	9-64402-B
afro asiatic languages afroasiatic afroasiatic languages	9-64402-S
afroasiatic afroasiatic languages	9-64402-S
afroasiatic languages	9-64402-S
aft amniotic fluid test	30-13899-S
after	9-79103-B
after behind	9-79261-B
after lunch nap siesta	36-17956-B
after morrow	16-57898-S
after pill	11-41287-S
after sales service	18-26760-B
after tomorrow	22-54710-S
after treat care for	20-48777-S
afterbirth	39-45978-B
afterburner	21-41471-B
afterburning	1-12075-B
aftercare	29-41175-B
aftereffect	29-41255-B
afterlife spiritual world	12-72900-B
afternoon	10-72087-B,10-91281-S,39-56195-S,41-8614-S
afternoon good afternoon	10-91281-B
afternoon nap	36-18083-B
afternoon tea	10-93591-B
afterpains	29-41323-B
aftershave	36-44277-B
aftershock	44-70236-B
aftertaste	29-41425-B
afterthought	29-41540-B
afterward afterwards	29-41629-B
afterwards	29-41629-S
again	9-79449-B,19-49574-S
against	14-13005-B,24-13403-S,24-64289-S
against a sea of sorrows	44-27409-S
against dismay	13-11861-S
against payment	17-76870-B
against payment for remuneration nongratuitous	19-17604-B
against the dark arts	9-36135-S
against the others	22-8245-S
agammaglobulinemia	21-9027-B
agaric	44-47262-S
agate	39-7668-B
agave	31-28824-B
agave nectar agave syrup	46-11382-B
agave syrup	46-11382-S
age	1-12289-B,14-38104-B,14-38218-B,23-13180-S,31-12120-S,31-12428-S,33-26338-S,43-71811-S,45-25944-S
age lithic	11-69708-S
age of majority	35-12344-S
age old	29-42857-B
age period	14-39090-B
age spot liver spot	47-19611-B
age stone age	43-71811-S
age zeitgeist	15-6581-S
aged	29-41733-B
ageless	29-41784-B,36-30078-B
agency	2-79833-S,11-71895-S,18-7011-B,18-37868-S,29-48798-S,30-71212-B
agency causal agent cause	40-82246-S
agenda	18-36870-B
agenda ulterior motive	21-27920-S
agent	1-66200-S,1-109372-S,2-101072-S,4-34979-S,7-38981-S,20-67799-S,21-11910-S,35-30728-S,39-8370-S
agent antianxiety drug antipanic anxiolytic anxiolytic drug	44-51263-S
agent bail fugitive investigator bounty hunter fugitive recovery agent	39-8370-S
agent cause	40-82246-S
agent immunosuppressor	44-8745-S
agent lacrimator tear gas teargas	44-13104-S
agent pathogen	4-48726-S
agent spy	12-10025-S
agent surfactant	5-69651-S
agent traitor	46-70914-S
ages	43-76197-S,43-76578-S,43-76949-S
agglomerate aggregate amass collect cumulate garner	35-58744-S
agglomeration	16-50864-B
aggravate exacerbate exasperate	38-35959-B
aggravate exasperate worsen exacerbate	38-43232-B
aggregate amass collect cumulate garner	35-58744-S
aggregate extraction	6-93936-B
aggregates money stock money supply	14-68618-S
aggregator	47-71938-B
aggression	29-43039-B
aggressive	18-37464-B
aggressiveness	29-43246-B
aggressor	25-18467-B
aggressor assailant assaulter attacker	30-55152-B
aghast	29-45098-B
agile	24-65798-B,34-42276-B
agilolfingian	37-32691-B
agilolfings	37-32469-B
agitans primary parkinsonism	28-20578-S
agitate	29-47508-B,29-47579-B,29-47655-B
agitate be provocative make digs at make sneering remarks snide	47-65466-B
agitator fomenter	21-71562-B
agnail	43-37230-S
agnate	37-4065-B
agnes	34-35557-B
agnosia	33-32912-B
agnostic	41-85639-B
agnosticism	14-52579-B
ago	13-25709-B,25-13673-S
agog	29-48271-B
agomphious edentulous	22-52458-S
agonist hero	10-66746-S
agonized	29-48710-B
agony	29-48748-B
agora	21-35325-B
agoraphobia	28-75111-B
agrarian farmer agriculturer	17-47646-B
agree	10-21495-B,10-21798-B,10-21967-B
agree agree on agree to make an appointment to set up	43-66806-B
agree assent concord concur	35-13341-B
agree on agree to make an appointment to set up	43-66806-S
agree to make an appointment to set up	43-66806-S
agreeable comfortable comfy expedient	9-1383-B
agreeable to god	44-54456-B
agreeing concordant correspondent harmonious	35-12416-B
agreement	1-12536-B,1-13021-B,3-52987-S,4-10133-S,23-30520-B,34-43646-S
agreement antenuptial agreement premarital agreement prenup	41-35374-S
agreement concordance consonance	29-10962-S
agreement contract of association memorandum of association	18-30257-S
agreement or disagreement	20-4029-S
agreement premarital agreement prenup	41-35374-S
agreement prenup	41-35374-S
agricultural biodiversity agrobiodiversity	26-9973-B
agricultural biotechnology agrobiotechnology	1-13346-B
agricultural building	1-13542-B
agricultural ecology agroecology	1-13659-B
agricultural economics	1-13843-B
agricultural engineering agrotechnology	1-14021-B
agricultural equipment agricultural machinery farm machinery	1-14363-B
agricultural georgic	20-26640-B
agricultural machinery farm machinery	1-14363-S
agricultural management	1-14938-B
agricultural output agricultural production farm production	1-15674-B
agricultural pest	1-15044-B
agricultural policy	1-15361-B
agricultural production farm production	1-15674-S
agriculture	2-68955-S,31-23421-B
agriculturer	17-47646-S
agrigento	24-63483-B,24-65464-B
agritourism	5-14478-B
agrobiodiversity	26-9973-S
agrobiologic	44-5418-S
agrobiological agrobiologic	44-5418-B
agrobiologically	44-5565-B
agrobiology	44-5291-B
agrobiotechnology	1-13346-S
agrochemical	1-15829-B
agroecology	1-13659-S
agroforestry	1-16164-B
agroglyph corn circle crop circle crop formation	44-61777-B
agroindustry	1-16479-B
agrometeorology	1-16616-B
agronomy	6-62636-B
agrosystem	6-62811-B
agrotechnology	1-14021-S
ahmed mosque	16-21899-S
ahtena ahtna ahtna khotana atna copper river mednovskiy	25-18618-B
ahtna ahtna khotana atna copper river mednovskiy	25-18618-S
ahtna khotana atna copper river mednovskiy	25-18618-S
ai artificial insemination	44-48233-B
aiblins maybe mayhap peradventure perchance perhaps possibly	16-39712-S
aid	2-26987-S,7-15169-S,21-72929-S
aid agency	29-48798-B
aid assist	30-59814-S
aid help ministration relief	13-71454-B
aids acquired immune deficiency syndrome acquired immunodeficiency syndrome	1-16882-B
aijvar	45-38161-S
aileron	9-17598-B
ailment malady	9-67558-B
aim	19-31944-S
aim direct train take take aim	19-31944-B
aim intent intention purpose	22-26385-B
aimless	29-48888-B
ain	24-45110-B,25-3790-B
ainu	8-73726-B,10-30737-B,10-31137-B,23-32733-B
ainu spoken	23-32769-B
ain’t no such thing as a free lunch	43-57775-S
aioli	32-58277-B
air	1-17055-B,5-6280-S,20-5157-S,25-53875-S,41-19294-S
air air out	14-38489-S
air area	5-101005-S
air bag air bag cushion inflatable safety bag	12-78001-S
air bag cushion inflatable safety bag	12-78001-S
air balloon balloon	31-49428-S
air bladder fish maw gas bladder swim bladder	22-32361-B
air bomb fuel air explosive thermobaric bomb vacuum bomb volume detonation bomb	40-56191-S
air bomb thermobaric device vacuum bomb	28-29872-S
air broadcast	14-38576-S
air car	6-84661-S
air cargo	29-49032-B
air conditioner	34-60137-B
air conditioning ac	1-17315-S
air conditioning air conditioning ac	1-17315-B
air cooled	23-27406-B
air cushion vehicle	19-19204-B
air cushion vehicle hovercraft hover craft	19-3855-B
air dried	45-15964-B
air dry	45-16067-B
air explosive thermobaric bomb vacuum bomb volume detonation bomb	40-56191-S
air force	19-53096-B
air guitar	20-7290-B
air hostess stewardess	46-47824-B
air humidity	33-42869-S
air line melodic line melodic phrase strain	17-30013-S
air manner mien	14-39180-S
air movement planetary wind	1-18030-B
air out	14-38489-S
air plant	47-19073-S
air pollutant	1-18693-B
air pollution	1-19021-B
air pressure barometric pressure	33-28804-S
air purifier	21-40706-B
air quality	1-19430-B
air quality control	1-19638-B
air raid	29-51311-B
air rifle	23-29936-B
air sac alveolus	1-26285-B
air safety	1-19828-B
air sky	18-52338-B
air soil gas	5-45378-S
air strike airstrike	10-69115-B
air temperature	1-20042-B,46-39274-S
air temperature felt air temperature	46-39274-S
air traffic	1-20299-B,1-96115-S,4-783-S
air traffic control	20-29334-S
air traffic law	1-20377-B
air traffic regulation	1-20485-B
air transportation	1-20600-B
air trap	29-52373-B
airan laban	43-72997-S
airbag air bag air bag cushion inflatable safety bag	12-78001-B
airborne noise	6-80899-B
airbrush	29-48940-B
aircraft	1-17511-B,9-29917-S,23-58715-S,38-10933-S
aircraft noise	1-17719-B
airer	29-49397-B
aires	17-32379-S
airfield	9-18443-B
airheaded dizzy empty headed featherbrained giddy light headed lightheaded silly	11-26875-B
airing	29-49220-B
airless	29-49789-B
airless stuffy	29-49913-B
airline	18-5926-B
airliner	29-50037-B
airlock	29-50555-B
airmail	29-51200-B
airport	1-19267-B
airport terminal	18-69162-S
airsick bag airsickness bag barf bag motion sickness bag sick bag sickbag	39-50570-B
airsickness bag barf bag motion sickness bag sick bag sickbag	39-50570-S
airspace	29-51369-B
airstrike	10-69115-S
airtight	29-52192-B
airway	29-52476-B
airy	29-52607-B,29-52666-B
aisle	29-54985-B,46-41878-B
aisne	24-45339-B
ajar half opened	29-55098-B
ajax	19-63296-B
ajvar aijvar	45-38161-B
aka kede kede	23-33389-B
akan	8-73935-B,8-74004-B
akatek akateko conob western kanjobal	30-23006-S
akateko conob western kanjobal	30-23006-S
akhir	29-44677-S
akhir jumada al thani jumada l akhra	29-44321-S
akhra	29-44321-S
akin kin related	33-54395-B
akkadian	16-26277-B
al	42-27404-B
al awwal	29-44517-S,29-44843-S
al baal	32-11619-S
al hijjah	29-43740-S
al qa dah	29-43866-S
al thani jumada l akhra	29-44321-S
al thani rabi ul akhir	29-44677-S
alabama	13-45275-B,25-24500-B
alabaster	36-46049-B,36-46137-B
alacrity	29-55311-B
alagoas	33-64609-B
alarm	9-75411-B
alarm alert warning	1-20714-B
alarm clock	17-75551-B
alarming	22-22908-B
alarmist	40-20289-B
alarmist naysayer pessimist worrywart	40-17800-B
alaska	9-35053-B
alate aliferous	45-21515-S
alb swabian jura swabian mountains	39-64061-S
albania	7-95787-S
albania republic of albania	7-95787-B
albanian	8-56771-S,8-73321-S,9-40392-S,15-68671-B,15-68777-B
albanian geg gheg	8-74332-S
albanian standard albanian	8-56771-B
albanian tosk tosk tosk albanian	9-40392-B
albatross	39-47836-B
albedo	33-27765-B
albeit although	47-3470-B
albinism	29-56272-B
albino	29-55364-B
album	18-4472-B,18-4710-B,24-8347-S
albumen egg white glair glaire	29-55925-B
albuminuria	19-42480-B
alburnum sap wood sapwood	17-75759-B
alchemist	29-56059-B
alchemy	15-50507-B
alcohol	1-20951-B,3-2028-S,6-84354-S,32-20154-S,32-20600-S
alcohol addict	32-20771-S
alcohol dehydrogenase	20-8852-B
alcohol ethanol ethyl alcohol grain alcohol	32-20154-B
alcohol ethanol ethyl alcohol grain alcohol pure alcohol	6-84354-S
alcohol grain alcohol	32-20154-S
alcohol grain alcohol pure alcohol	6-84354-S
alcohol pure alcohol	6-84354-S
alcohol test blood test	21-64481-S
alcohol wood alcohol wood naphtha wood spirit	22-47333-S
alcohol wood naphtha wood spirit	22-47333-S
alcoholic	19-65400-B,32-21071-B,32-21600-B
alcoholic alcohol addict	32-20771-B
alcoholic nonalcoholic	23-21011-S
alcoholism dipsomania	29-56183-B
alcoran koran quran	30-2208-S
aldehyde	17-79073-B
alder	36-26851-B
ale	9-49771-S
alecky	17-3047-S
alemannic german alemannisch	15-53535-B
alemannisch	15-53535-S
alert awake aware conscious	18-56661-B
alert to aware of conscious conscious of	18-56490-B
alert vigilant watchful argus eyed open eyed	18-29090-B
alert warning	1-20714-S
alexandria	31-30520-B
alexithymia	44-22032-B
alfalfa	15-78872-B
alga	1-21526-B
alga cyanobacteria	1-66887-S
algaecide algicide	1-22245-B
algal bloom	1-21770-B
algebra	14-25131-B,26-12946-S
algebraic	20-34358-B
algeria	7-95968-S
algeria people s democratic republic of algeria	7-95968-B
algerian	43-54644-B,43-54803-B,43-54942-B
algerian sign language	25-46487-B
algicide	1-22245-S
algiers	22-19389-B
algorithm	14-65411-B,34-10203-S,38-29002-S
alias	29-56461-B
alibi	29-56504-B
alicante	22-16112-B
alicyclic compound	1-22353-B
alicyclic hydrocarbon	1-22574-B
alien	29-63958-B,29-64060-B,29-64134-B
alienate	29-65059-B
alienate estrange	38-22434-B
alienation estrangement	29-65148-B
aliferous	45-21515-S
alight	29-65235-B,29-65296-B
align	29-67809-B
align aline line up	29-67726-S
alignment	6-43974-B
alike	12-10375-S,38-60589-B
alike identical similar same	9-10928-B
alimentary canal digestive tract gut	28-39412-S
alimony maintenance spousal support	19-26075-B
aline line up	29-67726-S
aliphatic compound	1-22826-B
aliphatic hydrocarbon	1-22988-B
ality hood ia icity itas itia itude ity ivity ness ose osity ous ship th	42-50442-S
alive	34-31981-B
alkali land salt steppe	1-23165-B
alkali metal alkaline metal	2-56083-B
alkali soil	1-23371-B
alkaline	29-67930-B
alkaline battery	6-92191-B
alkaline earth metal	2-56264-B
alkaline metal	2-56083-S
alkaline phosphatase	21-7821-B
alkalinophilia alkalophilia	47-2359-S
alkalinophilic alkaliphilic alkalophilic	47-2468-B
alkaliphilia alkalinophilia alkalophilia	47-2359-B
alkaliphilic alkalophilic	47-2468-S
alkaloid	22-1883-B
alkalophilia	47-2359-S
alkalophilic	47-2468-S
alkane	1-23590-S,31-19670-B
alkane series methane series paraffin alkane	1-23590-B
alkene	17-80760-B
alkyl compound	1-24117-B
alkyne	17-81027-B
alkyne ethyne	31-5374-S
all	9-19563-B,23-11603-S,32-44163-S,41-37252-S
all about be the essence of	43-65652-S
all along	41-18747-B
all day all day long	46-4814-B
all day long	46-4814-S
all each every	7-54771-B
all embracing	30-275-B
all is well that ends well all s well that ends well	47-12745-B
all nighter	44-17367-S
all of a sudden out of the blue	25-16405-S
all once for all	32-44163-S
all party	24-30357-B,39-23646-S
all powerful	13-48829-S
all roads lead to rome	39-13663-B
all s well that ends well	47-12745-S
all shifter shifting adjustable shifting spanner	46-38289-S
all terrain vehicle	6-53330-B
all the best best wishes	45-37220-B
all the same however just the same nevertheless nonetheless still though	10-66891-B
all the stops	45-3377-S
all you you lot yous	7-48068-S
allay	29-68500-B
allegation	18-67934-B,18-68058-B
allegedly	29-70930-B
allegiance	29-71005-B
