sammler wildbeuter	30-51760-S
sammlung	7-62112-B,18-76385-S,26-50400-B
samoa	12-20233-B,23-55849-S
samoanisch	30-66485-B
samstag	21-60889-S
samstag sonnabend	10-4899-B
samstags sonnabends	29-51992-B
samt	42-57530-B
samten	42-57822-B
samtig	42-57896-B
samzche dschawachetien	25-13073-B
san giorgio	47-54889-B
san marino	12-27151-B,35-25103-S
san marino stadt san marino stadt von san marino	35-25103-B
san marino stadt von san marino	35-25103-S
san salvador	19-52292-B
san sebastián	32-38592-B
sand	5-17897-B
sand verlaufen sich festlaufen	20-31286-S
sandabbau	5-18856-B
sandale	46-27916-B
sandbeere weidendorn	40-25755-S
sandbox	29-46306-B
sandburg	45-38476-B
sanddorn audorn duenendorn fasanenbeere haffdorn rote schlehe sandbeere weidendorn	40-25755-B
sandduene	5-18719-S
sandduenenstabilisierung	5-18391-B
sande verlaufen versanden	37-43789-S
sanden	41-15160-B
sander zander	46-68874-S
sandgrube	5-19010-B
sandmaennchen	17-57974-B
sandpapier	36-40513-B
sandstein	31-10760-B
sandstrand	39-65050-B
sandsturm	22-8849-S
sanduhr stundenglas	24-7509-B
sandwatt	6-36755-B
sandwich	13-20146-B,33-19900-S
sandzucker	33-60390-S
sangho sango	16-22304-B
sango	16-22304-S
sangría	35-40140-B
sanierung	5-2101-B
sanierungsplan	25-18724-B
sanjaq surat	30-45466-S
sankt gallen	33-45329-S
sankt gallen sankt gallen	33-45329-S
sankt petersburg	9-36959-B
sanktion	5-17693-B,13-61318-B
sansculotte sanskulotte	43-41518-B
sansibar	15-46430-B
sanskrit	17-86821-B
sanskulotte	43-41518-S
santiago de chile	19-50630-S
santiago santiago de chile	19-50630-B
santorin eruption thera eruption	21-70367-S
santur	35-34242-B
saphir	22-48086-B
saphirblau	22-49171-B
saphiren	22-49057-B
sapir whorf hypothese	22-51584-B
sapperlot	16-48478-S
saprobien	5-19548-B
saprobienindex	5-19456-B
saragossa	32-1875-B
saraiki	23-42189-B
sarajevo	14-58612-B
sarawan	23-43483-B
sardelle	23-58158-S
sardine	23-57851-B
sardinelle	22-55014-B
sardinien	45-11300-B
sardonisch bissig hoehnisch zynisch	10-76987-S
sarg	34-38034-B
sargassosee	19-54004-B
sarggeburt	47-35388-B
sarkom	21-19187-S
sarthe	24-57859-B
saschen	42-49440-B
satellit	5-19671-B
satellitenbild	4-62150-B
satellitentelefon	33-54822-B
satemsprache	44-25926-B
saterfriesisch	29-40911-B
satin	22-48253-B
satiriker	40-59264-B
satsuma	45-22713-B,45-22909-B
satt essen	42-12721-S
satt gesaettigt voll	42-12406-B
sattel	22-47874-S,46-30795-B
sattel heben aus dem sattel werfen	43-61344-S
sattel werfen	43-61344-S
satteldach	46-39943-B
satteln	43-61209-S
sattelstuetze	46-31962-B,46-32854-B
satthals struma	32-32778-S
sattler	35-50035-B
saturn	15-70150-B
saturnismus	42-73925-S
satz	8-8494-B,40-79558-B
satz theorem	28-33335-B
satzadverb	17-61206-S
satzaussage	15-66509-S
satzendpartikel schlusspartikel	19-59782-B
satzergaenzung	18-13235-S
satzglied satzteil	18-13013-B
satzteil	18-13013-S
satzzeichen	10-20708-S
sau	8-18005-B
sauber schmutzfrei	13-34695-S
saubere technologie	1-97813-B
sauberkeit	6-38319-S
sauce mornay	32-51855-B
saucenloeffel schoepfkelle schoepfloeffel sossenloeffel	45-50018-B
sauciere sossenschuessel	39-58222-B
saudi arabien	11-36449-B
saudi arabische gebaerdensprache	30-49910-B
sauer	30-69214-B,42-71481-B
sauer ungehalten veraergert wuetend aergerlich	10-88860-S
sauerampfer	34-52338-S
sauerampfer grosser sauerampfer sauerampfer	34-52338-S
sauerampfer sauerampfer	34-52338-S
sauerdattel	37-59840-S
sauerkirsche	37-1450-B,37-1642-B
sauerkraut	35-27461-B
sauerrahm saure sahne	46-4998-B
sauersack stachelannone	47-9466-S
sauerstoff	4-43439-B
sauerstoffeintrag	4-43988-B
sauerstoffgehalt	4-44045-B
sauerstoffverbindung	4-39935-S
sauerteig	39-34692-B
sauertopf	23-29708-S
saufaus saufbold saeufer trinker trunkenbold	32-20771-S
saufbold saeufer trinker trunkenbold	32-20771-S
saufen	14-27483-S
saugen	8-44662-B
saugflasche trinkflasche	8-4259-S
sauklaue	38-53024-S
saum	11-7872-B
sauna	15-21667-B
sauna saunaraum	15-22042-B
saunaraum	15-22042-S
saunen saunieren	15-22438-B
saunieren	15-22438-S
saure sahne	46-4998-S
saurer regen	1-3099-B
saurer sprudel	10-64083-S
savoie hochsavoyen obersavoyen	24-58203-S
savoie savoyen	24-58003-B
savoyen	24-58003-S
saxofon saxophon	13-81122-B
saxophon	13-81122-S
saxophonist	29-42533-B
saône	24-57448-S
saône et loire	24-57669-B
scandium skandium	14-59118-B
scha ban	29-44099-B
schabe	1-103345-S
schablone	18-77332-B
schach	11-54446-S
schachbrett	12-69901-B
schachbrettartig	46-13870-B
schachfigur	12-72526-B
schachmatt	33-24704-B
schachpartie schachspiel	12-69784-B
schachspiel	12-69618-B,12-69784-S
schachspiel schach	11-54446-B
schachtel	8-63898-B
schachtelteufel	46-52513-B
schaden	2-15992-B,36-65380-B
schadenersatz	3-41130-B
schadenfreude	44-52443-B
schadensausgleich	6-98175-B
schadensersatzpflichtig	16-57151-B
schadensversicherung	6-97492-B
schadprogramm	33-39191-S
schadstoff	4-72830-B
schadstoffakkumulation	4-72962-B
schadstoffbelastung	4-73346-B
schadstoffemission	4-73173-B
schadstoffmessung	4-74421-B
schaebig	33-48416-B
schaedel	9-32805-B
schaedelbasisbruch schaedelbasisfraktur	41-40045-B
schaedelbasisfraktur	41-40045-S
schaedelbruch schaedelfraktur	41-39862-B
schaedeldach schaedeldecke	20-55917-S
schaedeldecke	20-55917-S
schaedelfraktur	41-39862-S
schaedlich	7-79736-S,36-65236-S
schaedlich toedlich verderblich uebel	42-11415-S
schaedlich unfreundlich unhold	42-36558-S
schaedling	1-15044-S,4-51689-B
schaedlingsbefall	4-52455-B
schaedlingsbekaempfer	39-1519-S
schaedlingsbekaempfung	1-60234-S,4-51989-B
schaedlingsbekaempfungsmittel	4-52114-S
schaefchen zutreter	14-33042-S
schaefer	28-7710-B
schaefer schaeferin	17-260-S
schaeferin	17-260-S,28-7614-B
schaelchen schuesselchen schuessel	47-43482-S
schaelrippchen schaelrippe sparerib	39-73014-B
schaelrippe sparerib	39-73014-S
schaenden vergewaltigen	10-22601-B
schaendlich	19-30585-S,37-26679-B
schaendlich skandaloes unerhoert ungeheuerlich	37-71816-S
schaendlich suendhaft	38-12497-S
schaendlichkeit	40-99626-S
schaendung vergewaltigung	17-15698-B
schaere	29-49116-B
schaetzen	18-47218-S
schaetzen taxieren	30-37418-S
schaetzen wertschaetzen	20-56379-B
schaetzer	30-37576-B
schaetzung	20-20469-B
schaetzung spekulation vermutung	12-18469-S
schaeufelchen schueppchen	23-18669-S
schaeumen	10-34890-B
schaeumend sprudelnd	17-29133-B
schaf hausschaf	8-9542-B
schaffen	17-71022-S
schaffenskraft	18-33075-S
schaffhausen	33-45182-S
schaffhausen schaffhausen	33-45182-S
schaffleisch hammel hammelfleisch schoepsenfleisch schoepsernes	47-10407-B
schaffner	17-80262-B
schafhirt schaefer schaeferin	17-260-S
schafmilch schafsmilch	26-5809-B
schafsbock widder	8-16387-S
schafskopf schwachkopf schwachmat simpel spaten spatzengehirn spatzenhirn stiesel strohkopf tor tropf trottel vollhonk vollpfosten	8-49041-S
schafskopf strohkopf	47-49348-S
schafsmilch	26-5809-S
schafspelz	11-6439-S
schah	46-7235-B
schakal	23-6011-B
schal	13-60690-B
schale	16-40960-B
schale schaelchen schuesselchen schuessel	47-43482-S
schale schuessel	9-1478-B
schalentier schaltier	19-45255-B
schalenweichtier	5-31521-B
schalksnarr scherzkeks spassmacher witzbold	11-37831-S
schall	5-52086-B
schallausbreitung	5-53025-B
schallbrett	40-28715-B
schalldaempfer	5-34390-B
schalldeckel	40-39408-S
schallemission	5-52340-B
schallimmission	5-52455-B
schallisolierung	1-3563-B
schallpegel	5-52687-B
schallplattenkunde	31-61247-S
schallschutz	5-52867-B
schallwort tonmalerei	16-37275-S
schalmei	17-4005-B
schalotte	33-62441-B
schaltbuehne	36-12842-B
schalter	38-46006-B
schaltfeld schalttafel steuerkonsole steuerpult steuertafel	14-57411-S
schaltflaeche taste	13-66656-S
schaltier	19-45255-S
schaltjahr	17-82605-B
schaltkreis	33-56055-B
schalttafel steuerkonsole steuerpult steuertafel	14-57411-S
scham	28-26551-S
scham vulva	11-3414-B
schambehaarung schamhaar	37-60816-S
schamberg schamhuegel venushuegel	33-34528-B
schamhaar	37-60816-S,46-43438-B
schamhuegel venushuegel	33-34528-S
schamlippe	11-3253-S
schamlos	28-43169-B,41-8038-S
schamloses gerede	24-32501-B
schampus	16-60362-S
schandadh	43-20021-B
schande scham	28-26551-B
schanker	21-30475-S
schansi shaanxi	31-67085-B
scharade	33-20733-B
scharf	8-36651-B,19-3591-B,23-16316-B
scharf kritisieren vernichtend kritisieren	35-25463-S
scharf virulent	14-64514-S
scharfrichter	15-47714-S
scharfschiessen	47-6450-B
scharfschuetze	28-44772-S
scharfschuetzin	47-6529-S
scharfsinn	29-20526-B
scharfsinnig	20-20055-B,24-63409-B,37-13113-B
scharlach erdbeere	34-28535-S
scharlacherdbeere scharlach erdbeere	34-28535-B
scharlatan	33-21294-B
scharren	10-34570-S
schatten	8-33776-B,23-17046-B
schattenlos unbeschattet	26-43486-B
schattenreich	26-43878-B
schattenseite kehrseite	43-26068-B
schattig beschattet	26-43964-B
schatz	18-55667-B
schatzkarte	40-33188-B
schatzmeister	18-78234-B
schau stellen	21-52539-S
schauen	10-82821-B
schauer	14-1065-S
schaufel schaeufelchen schueppchen	23-18669-B
schaufel schippe schueppe	12-690-B
schaufenster	8-27804-B
schaukasten vitrine	10-65005-B
schaukel	20-28077-B
schaukel schaukelbrett wippe	46-48411-B
schaukelbrett wippe	46-48411-S
schaukeln schwanken	14-30229-B
schaukelstuhl	34-67367-B
schaum	10-34693-B
schaumbildner	2-101072-B
schauplatz	27-20399-B
schauspieler	39-73541-S
schauspieler schauspielerin	13-11433-S
schauspielerei schauspielkunst	29-19306-B
schauspielerin	13-11433-S,13-11653-S
schauspielkunst	29-19306-S
schauwal	29-43988-B
scheck	18-23710-B
scheckhaut vitiligo weissfleckenkrankheit	33-18435-B
scheel scheelsuechtig	16-39935-S
scheelsuechtig	16-39935-S
scheibe schnitte	24-12404-B
scheibenbremse	23-60580-B
scheibenwischer	43-55791-B
scheibenzuengler	47-20484-S
scheibenzuengler israelischer scheibenzuengler palaestinensischer scheibenzuengler schwarzbaeuchiger scheibenzuengler	47-20484-S
scheibenzuengler palaestinensischer scheibenzuengler schwarzbaeuchiger scheibenzuengler	47-20484-S
scheibenzuengler schwarzbaeuchiger scheibenzuengler	47-20484-S
scheibtruhe schiebetruhe schubkarre	11-29067-S
scheichtum	47-44094-B
scheide	46-30906-S
scheide vagina lustgrotte dose pflaume	11-2859-B
scheiden	29-6349-B
scheiden lassen	29-6573-S
scheiden weggehen	36-42429-S
scheidenfluessigkeit scheidensekret	46-1379-B
scheidensekret	46-1379-S
scheideweg	20-53855-B
scheidung ehescheidung	21-43563-B
scheidungsanwalt	43-9839-B
scheidungsrichter	43-9682-B
schein hunderteuroschein	25-67358-S
scheinbar	18-36744-B
scheinen	8-89483-B
scheinerdbeere	34-25875-S
scheinerdbeere scheinerdbeere	34-25875-S
scheingrab zenotaph	32-60158-S
scheinheilig	30-32349-B
scheinmedikament	25-33294-S
scheinschwangerschaft	42-10535-B
scheinwerfer	19-46675-B,42-9547-S
scheiss 	41-37338-S
scheisse	13-19371-B,13-19674-B
scheisse aa exkrement faezes kacka kot stuhl kacke	13-18386-B
scheissen	13-18862-S,47-57330-S
scheit	14-6664-S
scheitel	43-33815-B
scheitelbein	46-33310-B
scheitern	19-2572-B
scheitern versagen	13-62690-B
schelf	2-4280-S
schellbeere torfbeere	36-27447-S,36-27613-S
schelle watsche	25-46961-S
schellfisch	40-48298-B
schelten	15-77664-B
schemel	17-83280-S
schenkelhalsbruch schenkelhalsfraktur	33-18771-S
schenkelhalsfraktur	33-18771-S
schenken	16-1644-S
schenken stiften spenden	18-80929-B
schenkung	32-25119-B
schere	8-7471-B
scheren	24-19970-B
scherz spass ulk witz	11-37176-S
scherzen	46-29241-B
scherzend scherzhaft	22-40327-B
scherzfrage	28-29029-S
scherzhaft	22-40327-S
scherzkeks spassmacher witzbold	11-37831-S
schettele wiesenholler zaungiersch ziegenfuss ziegenkraut zipperleinskraut	47-18453-S
scheu	31-62269-B
scheune	31-57308-B
schi fahren schi laufen ski fahren ski laufen	19-32388-B
schi laufen ski fahren ski laufen	19-32388-S
schia	17-12346-B
schibboleth	15-62544-B
schicht gesellschaftsschicht	20-67985-B
schicht lage	12-62395-B
schicht ueberzug	12-61359-S
schichtung	5-65755-B
schick	37-51632-B
schick stilvoll	10-73452-S
schicken	21-21367-B,27-9633-S
schicken tolerieren	14-49571-S
schicksal	26-47265-B,36-60328-B,46-30674-S
schida kartli	25-12813-S
schieben	8-53307-S
schieber stechbecken	47-64842-S
schiebetruhe schubkarre	11-29067-S
schiedsamt	29-26528-B
schiedsrichter	11-13400-B
schiedsrichter schlichter	16-37723-B
schiedsverfahren schlichtungsverfahren	18-7856-B
schief	27-9113-B,31-27901-B
schiefer	30-37394-B
schieferung spaltneigung	47-5494-B
schiefzehe	36-8719-B
schielen	41-10093-B,41-10210-B
schielend	41-10335-B
schienbein	27-29201-B
schienenfahrzeug	40-39595-B
schienennetz	6-66470-S
schienenverkehr	4-99921-B
schiessanlage	5-32734-B
schiessen	14-2485-S
schiessjoppe	19-35960-S
schiesspulver	28-61109-B
schifahren schilaufen skifahren skilaufen	5-36826-B
schiff	5-31993-B,31-15920-B
schiffbau	5-32183-B
schiffbruch	12-76946-B
schiffbruechige	13-21646-B,33-5016-B
schiffbruechige schiffbruechiger	13-21389-B
schiffbruechiger	13-21389-S,13-21473-B
schiffen	7-59172-S
schiffen urinieren	13-4491-S
schifffahrt	13-17438-B
schiffs	29-30059-S
schiffsabfall	5-32509-B
schiffscontainer	2-3403-B
schiffskueche	22-21118-S
schiffsmasse	42-20554-B
schiffstechnik	3-88954-B
schiffsunfall	5-32268-B
schiffswerft	32-7492-B
schiffswrack wrack	6-92900-B
schiggorat ziggurat zikkurat zikkurrat ziqqurrat	32-19251-B
schikoree	47-51746-S
schilaufen skifahren skilaufen	5-36826-S
schild	19-44460-B,24-5683-B
schild verkehrsschild	28-51576-B
schilddruese	14-14227-B
schilddruesenentzuendung thyreoiditis thyroiditis	41-55786-B
schildern	19-6529-B
schilderung	31-59798-S
schildkroete	5-86620-B,42-38634-B
schilf	4-103669-B
schimaere	43-77910-B
schimmel	27-18720-B
schimmern	13-35839-B
schimpanse	27-31299-B
schimpfwort	23-21791-B
schinden	37-11670-S,37-11886-S
schinderei schufterei	42-32688-S
schindmaehre	10-78854-B
schindmaehre zosse	44-40980-S
schinken	42-34662-B
schippe schueppe	12-690-S
schiras schiraz schirāz	25-51133-B
schiraz schirāz	25-51133-S
schirm	13-77756-S
schirm schutz unterschlupf	47-61124-S
schirmherrschaft aegide	42-11058-S
schirmknoeterich japanischer staudenknoeterich spiess knoeterich zugespitzter knoeterich	47-30617-S
schirmpinie	28-3463-S
schirāz	25-51133-S
schisma	22-66310-B
schisser	8-3088-S
schistosomiasis	5-20078-B
schit shit	13-16886-B
schizophrenie	14-4585-B
schlacht	12-69010-B
schlacht bei sekigahara schlacht von sekigahara	21-12834-B
schlacht von sekigahara	21-12834-S
schlachtabfall	5-37668-B
schlachten	28-58765-B
schlachter	28-59906-B
schlachthaus	5-37405-S
schlachthof schlachthaus	5-37405-B
schlachtkreuzer	31-66617-B
schlachtrind	1-51789-B
schlachtross streitross	46-54111-S
schlachtruf	31-67569-B
schlachtschiff	35-49064-B
schlachtung tierschlachtung	5-37898-B
schlachtvieh	1-31998-B
schlackdarm	25-76000-S
schlacke	5-37270-B
schlaefchen siesta	11-51754-S
schlaefe	9-32728-B
schlaefenbein	46-34236-B
schlaefer	44-28387-B
schlaeferin	44-28471-B
