happy as a king happy as a lark happy as a sandboy happy as can be over the moon overhappy overjoyed	39-65963-S
happy as a lark happy as a sandboy happy as can be over the moon overhappy overjoyed	39-65963-S
happy as a sandboy happy as can be over the moon overhappy overjoyed	39-65963-S
happy as can be over the moon overhappy overjoyed	39-65963-S
happy birthday	45-28383-B
happy new year	16-74060-B,17-1480-S
happy pleased	11-79970-S
hapten	22-67361-B
haranksh horse tomato physalis poha berry	34-47210-S
harbinger	16-71347-B
harbor seal harbour seal	45-10708-S
harbour	25-70590-S
harbour seal	45-10708-S
hard	11-59957-S,11-60053-B,11-60165-B,11-60310-B,11-60492-B
hard cash	25-68063-S
hard disk drive hd	17-24709-S
hard disk hard disk drive hd	17-24709-B
hard drink john barleycorn booze hard liquor liquor spirits strong drink	14-60893-B
hard liquor liquor spirits strong drink	14-60893-S
hard on phallus stiffy man reaction boner	39-62487-S
hard solid	11-59813-S
hard unquestionable	11-60227-B
hard up penniless	32-53203-S
hard water water hardness	6-17818-B
hardboard	7-77427-B
hardest do one s best do one s utmost try one s utmost	43-18809-S
hardly scarce just scarcely	40-80708-S
hardness	3-22307-B,6-17818-S
hardware	16-33796-B
hardy unfearing	36-2937-S
hare	23-5553-B
harelip cleft lip	34-6494-B
harem	21-71376-B
harlequin	21-72066-B
harlot hooker prostitute strumpet trollop whore	25-19260-B
harlot street hooker street prostitute street strumpet streetwalker	36-66544-S
harmful injurious prejudicial	36-65236-S
harmless innocuous nonhazardous unperilous	35-37868-B
harmonica armonica bowl organ glass armonica harmonica hydrocrystalophone	45-11442-S
harmonica hydrocrystalophone	45-11442-S
harmonica mouth harp mouth organ french harp blues harp	15-12612-B
harmonious	35-12416-S
harmonium	17-1327-B
harp	10-51459-B,15-12612-S
harp blues harp	15-12612-S
harp guimbarde jaw harp juice harp mouth harp trump	24-39895-S
harp jew s trump ozark harp guimbarde jaw harp juice harp mouth harp trump	24-39895-S
harp juice harp mouth harp trump	24-39895-S
harp mouth harp trump	24-39895-S
harp mouth organ french harp blues harp	15-12612-S
harp trump	24-39895-S
harping johnny life everlasting live forever livelong midsummer men orphan john orpine witch s moneybags	47-22556-S
harpist	43-39595-B
harpoon	14-60181-B
harridan hag shrew virago	46-53061-B
harry potter	9-44602-B,9-44774-B
hartshorn	35-29831-S,35-30662-B
harvest	3-22414-B,29-37620-B,44-9734-B,44-9871-S,44-9994-S,44-10139-S,44-10261-S
harvest festival	35-4989-B
has	10-44807-B
hashemite kingdom of jordan	11-35416-S
hasidism chabad lubavitch chabad lubavitch hasidism lubavitch lubavitch movement	44-3949-S
hasidism lubavitch lubavitch movement	44-3949-S
hassium	13-0-B
hasten hotfoot rush along step on it	47-46847-S
hasten look sharp	13-62524-S
hat	13-77084-B
hat chimney pot hat cylinder hat stove pipe hat top hat topper	23-56019-S
hat cylinder hat stove pipe hat top hat topper	23-56019-S
hat shopworn threadbare timeworn tired trito well worn	17-61421-S
hat stove pipe hat top hat topper	23-56019-S
hat top hat topper	23-56019-S
hat topper	23-56019-S
hatched	47-46246-S
hatchet job obloquy traducement	41-8860-S
hatchling	28-62645-B
hate	9-35170-B
hate detest	9-33778-B
hate hatred distaste	9-35304-B
hate self hatred self loathing	36-43666-S
hate you	12-60072-S
hated odious reviled unsavory	13-65918-S
hateruma hateruma jima	34-36885-B
hateruma jima	34-36885-S
hatmaker milliner	42-59552-S
hatred distaste	9-35304-S
hatred self loathing	36-43666-S
hatted	42-59739-B
hatter hatmaker milliner	42-59552-B
hauberk chain shirt	19-36110-B
haughty proud	46-21527-S
haul cart drag hale	47-37746-B
haunch	11-29321-B
hausa	9-54510-B
hausa sign language	28-32402-B
haut rhin	24-57158-B
haute corse	24-50407-B
haute garonne	24-50752-B
haute loire	24-52703-B
haute marne	24-54339-B
haute provence	24-45695-S
haute savoie	24-58203-B
haute saône	24-57448-B
haute vienne	24-60790-B
hautes alpes	24-45935-B
hautes pyrénées	24-56621-B
hauts de seine	24-61587-B
havana	21-70287-B
have	10-23370-S,19-75873-B,27-25755-B
have a bone to pick have a crow to pick	26-27666-B
have a crow to pick	26-27666-S
have a nice meal	10-89193-S
have a temperature	43-71275-B
have access	24-62918-B
have birth bring forth give birth	23-21933-S
have breakfast	32-48531-S
have fear	8-44351-S
have fun	28-38183-B
have nightmares	44-36073-B
have own possess	13-78045-B
have sex	10-52226-S
have sex make love	10-53200-B
have sex make love make out	21-67971-S
have sex make love sleep with	10-55072-B
have the hiccups	45-71352-S
have to	17-40208-S
havel	35-17244-B
haversack packsack rucksack	40-99025-B
hawaii	13-46357-B
hawaiian	27-35484-B
hawk moths hornworms sphinx moths	44-14622-B
hawser	38-16434-B
hawthorn	22-31498-B
hay chute	40-21854-S
hay chute hay chute	40-21854-B
hazard	3-22572-B,4-14890-S,6-97020-S
hazardous perilous risky	8-68617-S
haze	3-22740-B,10-77880-B
haze over obnubilate	10-34422-S
hazel	10-32180-B
hazel nut brown	12-45717-B
hazelnut	16-65993-B
hazelnut oil	30-7011-B
hcf highest common factor	15-10598-S
hd	17-24709-S
hd add adhd attention deficit hyperactivity disorder	31-32267-S
hd hansen s disease leprosy	39-28460-B
he	7-47638-B,26-55298-B
head	7-60113-B,7-66087-B,9-75311-S,14-55733-S,36-19716-S,47-49149-S
head bream gilthead bream sea bream	15-63780-S
head chef head cook	45-60007-S
head cook	45-60007-S
head covering	22-7149-S
head go down on	39-11218-S
head headmaster	7-66591-B
head leader	7-66348-S
head light low beam low beam light low beam light meeting beam passing beam passing light	42-37956-S
head office	21-45590-S
head over heels	43-47182-S
head screwdriver flat tip screwdriver flathead screwdriver slot head screwdriver standard screwdriver	46-38060-S
head screwdriver standard screwdriver	46-38060-S
head shot to the head	36-19716-S
head skull and crossbones	24-29237-S
head tax poll tax	42-72189-S
head tube	46-31347-B
head wrench adjustable spanner adjustable wrench fit all shifter shifting adjustable shifting spanner	46-38289-S
headache	10-1491-S
headed	39-39778-S,45-18193-S,45-18595-S
headed ant	44-22200-S
headed featherbrained giddy light headed lightheaded silly	11-26875-S
headed lightheaded silly	11-26875-S
headed vain	38-7065-S
header	47-74558-S
headfirst headlong	40-41628-B
headhunter	21-72302-B
headlamp headlight	42-9547-B
headlamp main beam long distance light	20-16200-S
headland	3-22871-B,6-40907-B,26-4210-S
headless acephalic acephalous	25-16850-B
headlight	42-9547-S
headlight dimmed headlights dipped head light low beam low beam light low beam light meeting beam passing beam passing light	42-37956-S
headlights dipped head light low beam low beam light low beam light meeting beam passing beam passing light	42-37956-S
headlong	40-41628-S
headlong rashly	40-41334-B
headmaster	7-66591-S
headquarters head office	21-45590-B
headset	9-46940-B
headstone tombstone	36-15342-S
headstrong obstinate wayward	39-63502-S
heal bring around cure	12-53641-B
heal cure	12-53561-B
heal mend	23-62198-B
healable	35-59066-S
healing	32-47044-B
health	3-23008-B,3-30642-S,4-90051-S
health care	5-90010-S,13-33710-S
health care healthcare	3-23199-B
health care profession	7-17397-B
health facility	3-23683-B
health insurance	27-47024-B
health insurance plan medical insurance plan	18-33602-B
health organization	27-45363-S
health regulation	3-23851-B
health right as rain sound as a bell sound in wind and limb	47-43144-S
healthcare	3-23199-S
healthy	8-22921-B
healthy diet	41-86018-B
heap pile up	38-30315-S
hear	8-38947-B
heard	19-68737-S
hearing	3-24509-B,4-34638-S
hearing acuity	6-80482-B
hearing impairment	3-24096-B
hearing protection	3-24360-B
heart	7-51330-B,13-78372-B,13-78422-B,31-38810-S,40-76519-S
heart atrium	43-32785-S
heart attack	13-5895-B
heart by memory by rote	39-58693-S
heart disease coronary artery disease	28-44422-S
heart failure	28-43771-S
heart failure chf hf congestive heart failure	28-43771-B
heart of	21-12085-S
heart shaped cordate	41-48423-B
heart to heart	40-76519-S
heartbeat beat	9-60304-B
heartburn acid indigestion pyrosis	43-7956-B
hearted	28-48400-S,34-45336-S
heartsickness	28-64315-S
heat	6-13382-S,17-72790-S,32-34336-S,43-25418-S
heat boiling heat scorching heat sweltering heat	43-25418-S
heat capacity	13-24823-S
heat charge	6-13559-S
heat exchanger	13-47375-B
heat heat up	8-14527-B,23-25169-B
heat lightning summer lightning	9-42444-B
heat of fusion	17-75186-B
heat pump	3-25068-B
heat scorching heat sweltering heat	43-25418-S
heat specific heat capacity	13-24823-S
heat stroke sunstroke	43-25518-B
heat supply	3-25219-B,7-38773-S
heat sweltering heat	43-25418-S
heat thermal energy	3-24633-B
heat up	8-14527-S,23-25169-S
heat wave	9-12368-S
heated	35-58032-B
heater	3-24832-B
heath	38-62144-B
heath bumblebee	47-30499-S
heath humble bee small heath bumblebee	47-30499-B
heathen	27-11228-B
heathen infidel pagan gentile	21-72389-B
heathland	3-24897-B
heating	2-35707-S,3-25004-B,5-50343-S
heave	12-54833-S
heaven	9-14695-S,9-14860-B
heaven and earth pull out all the stops	45-3377-S
heavenly	7-63730-S,7-68888-B
heavenly body	12-14333-B
heavy	7-47348-B
heavy metal	3-25426-B
heavy oil oil sand tar sand	5-73956-S
heavy water	35-14064-B
hebraicize	37-56823-S
hebraism	37-57446-B,37-57684-B,37-57844-B
hebraize hebraicize	37-56823-B
hebrew	8-62619-B,38-2353-S
hebrew alphabet	24-19161-B
hebrew israelite hymie kike sheeny yid	16-66478-S
hebrides	45-37370-B
hectare	38-22921-B
hectic feverish	26-59637-B
hedge	3-25616-B
hedgehog	28-60564-B
hedonism	11-78569-B
hedonistic	11-79618-B
heed	30-68257-S
heed listen mind	9-34109-B
heel	17-31024-B,17-48861-B
heels	43-47182-S
hegemony	16-14415-B
heifer	18-12378-B
height	9-33992-B
heights	15-20060-S
heiligendamm	24-40094-B
heinous monstrous	38-12497-S
heir	26-55434-B
heiress	43-14276-B
held fan	32-33982-S
held for damages liable for damages liable to indemnify liable to pay damages	16-57151-B
helena	38-17988-S
helicopter	9-17011-B
heliocentric	25-38271-B
heliopause	47-3734-B
heliosphere	47-3649-B
heliport	36-1642-B
helium	10-57138-B
helix	23-10118-B,24-22848-S
hell	15-28894-B,15-29095-B,41-82720-S
hellaceous hellacious hellish infernal	33-54128-B
hellacious hellish infernal	33-54128-S
hellenic	31-40202-S
hellenic republic	11-35045-S
hellish infernal	33-54128-S
hello so long	7-67915-S
helmet	26-33486-B
helmsman	36-1482-B
help	13-71601-S
help aid assist	30-59814-B
help ministration relief	13-71454-S
helping verb subsidiary verb auxiliary	16-6167-S
helsinki	14-3110-B
hem	11-7872-B,11-8008-B
hem in surround	12-58174-S
hematophagia	45-39603-S
hematophagy haematophagy hematophagia	45-39603-B
hematopoiesis	12-73497-B
hematotoxic	21-11045-B
hemiplegic	46-23600-B
hemipterous insect	1-72325-S
hemisphere	34-65742-B
hemispheric	27-8502-B
hemispherical	9-1835-B
hemodynamics haemodynamics	47-31146-B
hemoglobin	21-10867-S
hemolytic uremic syndrome	45-14147-S
hemophilia	21-10528-B
hemophilia hæmophilia	21-40855-S
hemophiliac hæmophiliac	45-71158-S
hemophilic haemophilic hæmophilic	45-71012-B
hemorrhagic fever	28-29467-S
hemp	21-72783-B,25-9645-S
hemp abaca fiber abacá abacá fiber	47-23064-S
hen	8-88337-B,45-54498-S
hen do kitchen tea stagette	43-28439-S
hen peck peck quibble	40-68944-S
hen s egg	19-37274-S
hence so therefore	13-59884-S
henceforth as of now from now on henceforward	25-76786-B
henceforward	25-76786-S
hendecagon undecagon	23-3111-B
hendecagonal	16-16626-B
henderson ducie and oeno islands	24-36194-S
henry	14-4900-B
hep b hepatitis b	45-2214-B
hepatic	21-10407-B
hepatic steatosis hepatosteatosis	21-11184-S
hepatitis	21-11392-B
hepatitis b	45-2214-S
hepatitis b virus	21-34437-B
hepatitis c virus	21-34599-B
hepatosteatosis	21-11184-S
hephaestus	34-31142-B
heptadecagon	16-15596-S
heptagon	16-17344-B,32-38186-B
heptagonal	16-12157-B
heptane	32-56930-B
her	13-65887-B
heraldic	24-66858-B
herb	11-70297-B,34-24533-S
herb garden	38-9340-B
herb gerard snow in the mountain	47-18453-S
herb marihuana reefer weed	19-67153-S
herb tea ptisan tisane	17-16873-S
herbal tea infusion herb tea ptisan tisane	17-16873-B
herbalism	12-44000-B
herbicide	3-25715-B
herbivore plant eater	3-25796-B
herbivorous	46-21179-B
herbology	9-35972-B
herculaneum	28-5822-B
herculean herculæan	28-41645-B
hercules	29-31109-B,29-31337-B
herculæan	28-41645-S
herd on supervise	31-33706-S
here	7-54150-B
here you are	7-70197-B
hereditary	46-58679-B,47-14789-B
heredity inheritance	34-5831-B
herero	28-28517-B
heretic	26-55796-B
heretical	26-55926-B
heretofore hitherto so far thus far yet	8-28496-S
heritable	38-47822-B
heritage	2-14124-S,4-15066-S,6-49145-S,10-30478-S,23-22190-B
heritage site	6-30936-S,10-29942-S
heritage site world heritage site	10-29942-S
hermaphrodite intersexual	38-31477-B
hermes	44-23779-B
hermione granger	11-9669-B
hermit	32-35393-B
hermit crab	23-18632-B,32-54281-S
hero	10-66746-S,40-3645-B,40-98265-B
hero role model	11-72557-B
heroin	20-61768-B
heroine	20-61930-B
heron	13-67123-B,20-26761-S,29-22956-S,29-23102-S
heron black crowned night heron	29-23102-S
herpes zoster shingles zona zoster	39-37720-B
herpesvirus	21-34154-B
herpetologist	30-2968-B
herpetology	29-64613-B
herring	15-43076-S,31-10891-B,32-63397-S
hers	13-67291-B
hertz	13-24181-B
hertzsprung russell diagram	35-31048-S
herzegovina	14-46298-S,15-68340-B
herzegovina republic of bosnia and herzegovina	14-46298-S
hesitancy hesitation indisposition reluctance	37-29187-S
hesitant	31-57412-B
hesitate	11-45152-B
hesitate stammer stutter	11-45254-S
hesitation	34-54634-B
hesitation indisposition reluctance	37-29187-S
hesitation vacillation wavering	40-20818-B
hesse	17-20566-B
hessian	35-57598-B,35-57702-B
heterocyclic compound	3-26028-B
heterodox	46-47460-B
heterogeneous	19-58033-B
heterograde	27-29049-B
heterosexual straight	10-13324-B
heterosexuality	15-30190-B
heterotopic	39-54771-B
heuristic	26-19575-B,26-19659-B
hex	47-61950-S
hex incantation spell magic spell	9-30924-S
hex key allen key	46-38905-S
hexadecagon hexakaidecagon	16-15680-B
hexafluoride	31-10377-S,45-855-S
hexagon	16-17449-B
hexagonal	16-11739-B
hexagraph	45-20893-B
hexahedron	18-63496-S
hexahedron regular hexahedron	18-63496-S
hexakaidecagon	16-15680-S
hexane	32-56761-B
hey hi howdy hello so long	7-67915-B
hey what what the fuck wtf	20-12531-S
hf congestive heart failure	28-43771-S
hgv lgv large goods vehicle lorry medium goods vehicle truck	3-80104-B
hi howdy hello so long	7-67915-S
hiatus	40-69721-B,40-69849-S,40-70555-B,40-70693-B
hiatus reprieve respite suspension	40-70112-S
hibernal winterly wintery wintry	35-38047-S
hibernate	44-70876-B
hibernation winter sleep	44-70668-B
hibiscus bamia moschata galu gasturi musk mallow musk okra musk seeds muskdana ornamental okra rose mallow seeds tropical jewel hibiscus yorka okra	47-23568-S
hibiscus yorka okra	47-23568-S
hiccup	46-4732-B
hiccup have the hiccups	45-71352-B
hiccups	24-13542-B,45-71352-S
hidden agenda ulterior motive	21-27920-B
hide hide out	13-16033-B
hide out	13-16033-S
hide secrete	35-11275-S
hidebound myopic narrow minded narrow of mind narrow minded narrowminded small minded	47-5973-S
hierarchical	34-21613-B
hierarchy	20-62604-B
hieroglyph	24-33155-B
hieroglyphic luwian	32-60905-B
hierophant	29-0-B
higgs boson higgs particle	46-37018-S
higgs particle	46-37018-S
high	13-69525-B,13-69628-B,13-69767-B,27-11950-B
high alcohol	32-20600-B
high blood sugar hyperglycaemia hyperglycemia	44-30224-B
high boot thigh length boot	39-75989-S
high caloric	37-67076-S
high caloric high caloric	37-67076-B
high calorie	32-58073-B
high flyer	43-75864-S
high german	9-41433-B,27-2053-S,27-2695-S,27-3046-S
high grade high quality	33-47739-B
high low lift truck sideloader stacker truck tow motor trailer loader	42-15460-S
high medieval	43-76799-B
high middle ages	43-76578-B
high mountain	3-26330-B
high quality	33-47739-S
high rise	3-26421-B
high speed railway	3-26522-B
high speed train	3-26849-B
high tension high voltage	16-71737-B
high tide	3-27188-B,18-52637-B
high tide happy as a king happy as a lark happy as a sandboy happy as can be over the moon overhappy overjoyed	39-65963-S
high treason treason	16-588-B
high voltage	16-71737-S
high voltage line	3-27320-B
highball glass	40-72559-B
highborn	46-74592-B
higher education	3-26153-B
highest common factor	15-10598-S
highjacker hijacker	41-54608-B
highlight	19-2112-B
highness	32-59534-B
highway	3-27432-B,4-8237-B
hijab ḥijāb	44-17153-B
hijack	37-53959-B
hijacker	41-54608-S
hijjah	29-43740-S
