dejection	25-36006-B
dek	39-37717-B
deklination declination	23-97744-B
dekoka	31-28690-B
del friuli	23-99785-S
del fuego	41-38928-S
del mar huave	42-62557-S,42-63787-S,42-64428-S,42-64714-S
delaware	14-28481-B,21-6710-B,39-37860-S
delay abode	50-36827-B
delay postpone	53-6382-B
delay postponement	56-48751-S
delayed late lated tardy	49-40985-S
delectable delicious luscious pleasant tasting scrumptious toothsome	56-51757-S
delectable enchanting luscious	56-52276-S
delegacy delegation deputation	13-36263-B
delegate	13-36071-B,23-49511-B
delegate depute	13-36771-B
delegate depute designate	34-57490-S
delegation deputation	13-36263-S
delete efface	21-83719-S
delhi	43-18278-S,63-67609-B
deliberate intended intentional on purpose volitional wilful	20-14382-S
deliberately	23-49166-B
deliberately designedly on purpose purposely willentlich	59-77475-S
deliberation	20-36321-B
delicacy	56-53685-B,60-97930-S
delicacy titbit	56-53550-B
delicate	56-53986-B
delicious luscious pleasant tasting scrumptious toothsome	56-51757-S
delight dainty delicacy	60-97930-S
delight enjoyment	55-53030-B
delight enrapture enthral enthrall entral ravish transport	58-18775-S
delight gratify	7-92367-S
delighted	19-24567-B
delightful kind lovely nice pleasant sweet dashing engaging	13-56432-S
delilah enchantress femme fatale man eater siren temptress	60-72174-B
delimit demarcate	41-23681-B
delimitation	39-6334-B
delimiter	23-98502-B
delinquency	2-32421-B
delinquency insolvency	21-39426-B
delinquent	21-39541-B
deliriant	68-69172-S
delirious	68-88456-S
deliver	12-69623-S,53-66305-S,53-66481-B
deliver have birth bring forth give birth	26-3721-S
delivery	10-103793-B,62-71379-S
delivery advice of receipt a r	66-32364-S
delivery collect on delivery	62-71379-S
delivery network	64-36096-S
delta	2-32516-B,66-81778-S
deltoid kite	17-50086-B
deluge torrent	19-36028-S
delusive deceptive false	18-91036-B
dem	39-37779-B
dema	40-3272-B
demagogic demagogical	64-5380-B
demagogical	64-5380-S
demagogically	68-63483-B
demagogue	56-63128-B
demagoguery demagogy	56-64943-B
demagogy	56-64943-S
demand	2-33642-B,2-89334-S,6-80280-S,11-30297-S,15-25109-B,20-82346-B
demand computing	66-12853-S
demand stop flag stop request stop	43-59044-B
demanding	17-61570-B
demanding exigent	59-7893-B
demarcate	41-23681-S
demarcation	25-36135-B
deme	28-39274-S
deme spoken	58-11768-S
demean disgrace take down	61-14434-S
demeanor deportment posture	61-31680-S
demented	57-98745-B
dementia	56-65910-B
demesnial water	6-130600-B
demethylation	67-48875-B
demisa	39-37630-B
demise	38-45562-B
demise die exit expire go to meet ones maker join the choir invisible kick the bucket pass pass away pass on ring down the curtain buy the farm cash in one s chips choke conk croak drop dead give up the ghost go perish pop off snuff it	8-103554-S
democracy	2-33856-B,15-31288-S,15-31563-S,15-31699-S,15-32016-S,15-32172-S
democrat	56-68041-B
democratic	20-3805-B
democratic people s republic of korea north korea	12-96599-B
democratic republic	10-52590-S
democratic republic laos	11-95334-S
democratic republic of algeria	8-1138-S
democratic republic of ethiopia	12-50714-S
democratic republic of the congo	51-25480-S
democratic republic of timor leste east timor timor leste	12-83795-B
democratically	57-27031-B
democratization	57-39954-B
democratize	56-68451-B,57-39830-B
demographic demographical	58-65532-B
demographic evolution	2-34239-B
demographical	58-65532-S
demography	2-34543-B,58-65196-B
demolish	33-58589-B,39-6605-B
demolition abatage	19-20178-B
demolition abbruch abatage building destruction	6-99746-B
demon speeder	65-13840-S
demoniac demoniacal demonic devilish	57-3617-B
demoniacal demonic devilish	57-3617-S
demonic devilish	57-3617-S
demonstrable verifiable	56-68565-B
demonstrate	20-15821-B,56-68895-B
demonstrate establish	22-29472-B
demonstrate shew	20-15964-S
demonstration	20-2661-B,56-69046-B
demonstrative	21-78787-B,62-2567-B
demonstrative article	19-14002-B
demonstrative pronoun	18-44439-B
demonstrator	33-81960-B
demonstrator index insignitor lickpot pointer pointer finger pointling showing finger teacher trigger finger	13-51001-S
demonym gentilic	43-38767-B
demoralize dispirit humiliate mortify	20-17823-S
demotic script	28-3038-S
demotivate	56-69474-B
demsa	28-8927-B
demta	40-3340-B
demur	56-69649-B,56-69787-B
demure	56-69966-B
den	15-29151-S
den vondel	68-45874-S
dena ina tanaina	41-26351-B
denar	44-9060-S
denar denar	44-9060-S
dendi	32-62022-B,39-37987-B
dendrimer	66-17322-S
dendrite	9-34507-B
dendrochronology tree ring dating	2-34833-B
dendrogram	64-8600-B
dendrology	23-98581-B
dendrometry	2-34963-B
deng	39-32383-S,41-59838-S
dengese	39-38337-B
dengka	40-3942-B
dengsa tola	49-45726-S
dengue fever breakbone fever	22-43758-B
deni	57-100231-S
denial of service attack	64-73960-S
denigrate defame depreciate derogate slander	46-74995-S
denigration	56-71182-S
denigration derogatory slander	56-41206-S
denim	56-72066-B
denim blouse	60-47584-B
denim jacket	60-47429-B
denim shirt	60-47146-B
denim skirt	60-47290-B
denis	34-20419-S
denitrification	2-35133-B
denmark	11-96478-S
denmark kingdom of denmark	11-96478-B
deno	28-48130-B
denomination	39-7253-B
denominator	16-13351-S,56-71446-B
denominator lowest common denominator	16-13351-S
denotation	63-114532-B
denotational	63-114668-B
denotational semantics	63-114930-B
denote	40-12098-B
denouement	46-68723-S
denounce	47-10026-S
denouncer	68-9194-S
dense compact	39-52039-B
dense packed	50-30166-S
densely	39-51870-B
density	3-43017-S,6-77759-S,6-88343-B
dent	56-72547-B
dental	61-89926-B,61-90090-B,61-90339-B,61-90526-B
dental floss	66-78159-B
dental technician	21-57701-B
dentary bone inferior maxillary bone jawbone mandibula submaxilla	67-58884-S
dentist	16-54561-B
dentistry	20-85395-B,65-18779-S
dentition	52-40057-B,55-1840-S
dentures	56-75027-B
denumerable enumerable numerable	60-51993-S
denver	16-3165-B
deny disclaim disown reject disavow	14-54837-S
deny repudiate	55-16765-B
denya	35-58925-B
dení	40-4435-B
deo tien	31-11359-B
deodorant	50-53336-B
deodorization	57-29366-B
deontological	54-24160-B
deontological ethics deontology	54-23593-B
deontology	54-23593-S
deori	39-38086-B
deorāwati	29-32649-B
deoxyribonucleic acid dna	2-53198-B
depart go away leave	56-75318-S
departed late	56-58171-S
department	22-83095-S,22-83452-B,47-1174-S
department emergency department emergency room emergency ward	66-83230-S
department emergency room emergency ward	66-83230-S
department of mysteries	9-84682-B
department store	48-37233-B
departure	56-75513-B
depend	14-55181-B,40-15743-B
depend depend on	14-55303-B
depend on	14-55303-S
dependable	56-75718-B
dependably faithfully reliably	59-20645-B
dependence	56-75935-B,56-76300-S
dependency	53-2066-B,64-61276-S
dependency dependent area	58-51376-S
dependency habit	58-52221-S
dependent	53-16454-B,59-67734-S
dependent area	58-51376-S
dependent territory dependency dependent area	58-51376-B
depersonalization	40-33881-B
depict picture render	39-33325-B
depiction	56-76527-B
depilate epilate	56-76713-B
depilation	57-87079-B
deplete	25-37281-B
deplete eat exhaust eat up run through use up	25-36922-S
depletion	4-26757-S,5-97062-S
depletion potential	4-60981-S
deplorable	18-67810-B
deplore grieve lament sorrow	49-71242-S
deployment	20-26705-B,54-80486-S
depone depose swear	48-46106-B
depopulate	56-77957-B
depopulation population decline	66-37254-B
deport	56-78165-B
deportation exile transportation	60-10792-S
deportment posture	61-31680-S
depose	25-73215-B
depose swear	48-46106-S
deposit	4-3411-S,20-3028-B,20-36446-B,21-91353-B,59-58392-B
deposit box	19-103508-S
deposit depository repository depositary	8-53497-B
deposit sediment	59-58211-B
depositary	8-53497-S
deposition	2-35236-B
depository repository depositary	8-53497-S
deprecate disapprove	54-76267-S
deprecated obsolescent	60-21570-B
depreciate derogate slander	46-74995-S
depreciation	20-25768-B
depress	68-78863-B
depressant downy sedative tranquilizer	56-80658-B
depressed dispirited blue down down in the mouth downcast downhearted low low spirited	15-62202-B
depressed low	14-22007-B
depressing disconsolate dismal dispiriting gloomy grim	57-50541-S
depression	16-75514-B,16-75700-B,16-75921-B,16-77053-B,54-5048-S
deprivation	56-80994-B,63-31809-S
deprive	23-65671-B
deprived	56-81533-B
depth	53-22724-B,66-27504-S
depth first search	25-35045-B
depurate	23-49818-B
deputation	13-36263-S
depute	13-36771-S
depute designate	34-57490-S
deputy	20-6315-B,48-81615-B
deputy replacement substitute	20-6560-B
deputy surrogate	48-81833-B
dera	43-71357-B,46-12645-B
derail	19-27458-B
derailment	56-84516-B
derbent	26-27252-B,33-13356-B
deregulation	2-35533-B
derelict vagabond vagrant	56-85553-S
dereliction negligence	56-87642-S
deride flout gibe hoot jeer jibe mock ridicule	56-87899-S
derivation	63-110370-B
derivative	16-5724-B,56-88244-B,59-66075-B
derive	53-46945-B
derma dermis	67-45892-B
dermal dermic	23-51355-S
dermapteran	2-35703-S
dermatitis	62-16812-B
dermatologist	16-59432-B
dermatology	42-66456-B
dermatomyositis	62-15272-B
dermatophytosis tinea	52-19014-B
dermatosis skin disease	51-21633-B
dermic	23-51355-S
dermis	67-45892-S
dermorphin	52-40215-B
derogate slander	46-74995-S
derogatory	61-12644-S
derogatory injurious invidious libelous opprobrious	56-41735-S
derogatory slander	56-41206-S
derriere fanny fundament hind end hindquarters keister nates posterior prat rear rear end rump seat stern tail end tooshie tush	15-56048-S
des	65-65371-S
des comores	32-17435-S
des data encryption standard	65-58614-B
desalinate desalt	44-28079-B
desalination	2-35776-B,5-34921-S,6-131058-S,64-8400-B
desalination plant	2-35846-B
desalt	44-28079-S
desano	39-38146-B
descend go down	54-75109-S
descendant	13-19674-B
descendants posterity progeny	62-60906-B
descending	70-11183-B
descent fall declination declivity downslope	50-5839-B
descent line line of descent lineage parentage stock	15-19397-S
descent lineage parentage stock	15-19397-S
describe account report	20-24407-B
description	48-80905-B,48-81128-B
description discovery and integration	66-12329-S
description language	64-60821-S,66-11691-S
descriptive term	24-29199-B
descry discern discover espy find perceive	56-90052-S
desecrate defile pollute profane violate	56-90840-B
desecration sacrilege	55-94043-B
desert	2-36160-B,65-1402-S
desert climate	6-126518-B
desert deserted	19-35811-S
desert fever	23-28447-S
desert forsake	56-91233-S
desert locust	2-36546-B
desert mole rat sand puppy	66-66613-S
deserted	19-35811-S,24-94088-B
deserter	56-92587-B
desertification	2-36411-B
desertion abandonment forsaking	60-69028-B
desertion dereliction negligence	56-87642-B
deserve merit	21-81431-B
deservedly justly rightly	56-92754-B
deserving	20-69061-B
desex geld unsex	57-46765-S
desfigure	57-38428-S
desiccated	56-92956-S
desideratum	56-93116-B
design	5-151526-S,22-70070-S,22-72956-B,36-49457-S,37-14432-S,37-81217-S,38-11418-S,38-11659-S,54-48095-S,54-57408-S,54-80768-S,54-84984-S,69-56188-S
design by contract programming by contract	54-46818-B
design deliberately designedly on purpose purposely willentlich	59-77475-S
design destine	56-97055-S
design pattern	54-47478-B,54-47820-B
design portraiture	19-67468-S
design project	55-62421-S
design website design	22-70070-S
designate	34-57490-S
designation	20-36883-S
designedly on purpose purposely willentlich	59-77475-S
designer	20-2183-B
desirability	56-93375-B
desirable	54-9233-B
desire	39-45509-B,48-1347-B
desirous	19-101171-B
desist	24-81371-B
desiya oriya	30-8139-B
desk	9-49545-B,44-53347-S
desk clerk	56-94389-B
desktop computer	66-89258-S
desktop desktop computer	66-89258-B
desktop publishing	63-96213-B
desolate	56-94517-B,68-6836-B
desolate devastate lay… to waste ravage waste	61-33551-S
desolation forlornness	56-94706-B
desorption	2-37135-B
desoxyephedrine ice metamfetamine meth methylamphetamine tik tina tweak	68-43522-S
despair	13-81335-B
despair desperation despondency dismay	56-94882-B
despairingly	57-33257-S
despatch	52-75057-S
despatch dispatch	52-74335-B,52-74641-B,52-74972-S
despatch dispatch send off	52-74755-B
desperate	20-26101-B
desperate dire	61-88587-B
desperately despairingly	57-33257-B
desperation despondency dismay	56-94882-S
despise scorn	56-95663-B
despite notwithstanding	56-95776-S
despoil pillage plunder rob	56-96326-B
despoilment larceny theft thievery	33-35240-S
despondence disconsolateness heartsickness	43-64805-S
despondency despondence disconsolateness heartsickness	43-64805-B
despondency dismay	56-94882-S
despondent	18-68373-S
despot tyrant	61-61893-S
despotic	56-96505-B
despotism dictatorship tyranny	56-96773-S
dessert	17-74228-B
dessert wine	67-10916-B
dessication	54-69634-B
destination	20-25846-B
destination designation	20-36883-B
destination italy	16-59312-B
destination of transport	7-10766-B
destine	56-97055-S
destined	23-69348-B
destiny	60-7535-S
destiny fate	39-7633-B,56-97260-B
destitute	56-98019-B
destitute free innocent devoid	61-67292-S
destitution indigence penury poverty privation	56-98283-B
destroy	14-2266-B
destroy destruct	56-98855-B
destroyer	64-5524-B
destruct	56-98855-S
destruction	6-99746-S,9-60324-S,39-17800-B
destruction devastation	57-3099-B
destructive	56-98988-B,67-343-S
desultory	62-84512-B
deswali	29-47904-B
detachable	39-46152-S
detached	13-66706-S,56-99233-B,56-99405-B,56-99587-B
detached separated	56-99708-B
detachment	40-35702-B
detail	48-83801-B,53-22938-B
detain	56-100978-B
detainee	56-101802-B
detect	33-7743-B
detect notice observe behold descry discern discover espy find perceive	56-90052-B
detectable	39-46017-B
detection	2-37251-B,38-31096-S,61-23643-B
detection system	65-27090-S
detective police	66-10202-B
detector	2-37530-B,64-65136-S
detention	43-26546-B,66-16409-S
deter	56-102212-B
detergent	2-37789-B,5-106024-S,9-64846-B
deteriorate	22-71737-S,22-71933-B
deterioration	20-26871-B
determination	20-15476-B,34-79547-S
determination method	2-37923-B
determination purpose resolution	33-58871-B
determine	14-3090-S,22-71194-B
determiner	18-45111-S,18-55049-B
determinism	25-8487-B,25-8832-B
deterministic	52-106475-B,54-10907-S
deterrence	7-54530-B
deterrent	2-38098-B,56-102334-B
detest	9-55471-S
detest loathe	20-1484-S
detestable hated odious reviled unsavory	14-59069-B
detestation disgust	15-94832-S
dethrone	25-73365-B
detonate displode	20-39932-S
detonator	57-0-B
detour	57-231-B
detoxification	2-38465-B
detriment	57-696-B
detrimental harmful injurious prejudicial	57-446-B
detritus	51-44226-B
deuterium	13-49784-B
deutschland	30-11285-S
deux sèvres	34-17021-B
devaluate devalue	57-2802-B
devaluation	20-23067-B
devalue	57-2802-S
devanagari	33-38049-B
devanagari script	29-22651-S,29-23134-S,29-31197-S,29-33010-S,29-45479-S,29-49598-S,29-50492-S,29-52397-S,29-57015-S,30-985-S,30-1741-S,30-26609-S,30-44057-S,51-114505-S,55-24206-S,63-108460-S
devastate	22-17942-S
devastate lay… to waste ravage waste	61-33551-S
devastating	20-25075-B,61-33338-S
devastation	57-3099-S
develop	9-47838-B,22-14426-B
develop educate prepare	69-47890-S
developed country	2-38594-B
developer	15-87945-S
developer programmer software developer	15-87945-B
developing country	2-39117-B
development	2-70103-S,5-57838-S,5-92446-S,5-104486-S,5-151625-S,7-43319-S,20-69620-S,22-14302-B,22-70515-S,25-92465-S,54-19573-S,54-54017-S
development agile method	54-15786-S
development agile software development agile method	54-15786-S
development aid	2-39517-B
development area	2-40207-B
development behavior driven development	54-19573-S
development component based software engineering	54-25591-S
development environment ide	54-55303-S
development expansion	59-12620-B
development indicator	25-78916-B
development methodology	55-77335-S
development methodology system development methodology	55-77335-S
development plan	2-41070-B
development planning	2-40505-B
development process	54-81033-S
development tool	54-81706-S
developmental	51-106980-B
developmental psychology	36-41508-B
deviance deviation	57-3239-B
deviant	57-3434-B
deviant deviate	46-17683-S
deviate	46-17683-S
deviation	16-90458-S,37-75778-S,57-3239-S
device	2-122210-S,5-44960-S,20-86827-S,23-74308-B,63-98230-S,66-71982-S
device driver driver software driver	22-91434-B
device vacuum bomb	42-50978-S
devil	37-92210-B,46-56442-S
devil irritate nettle annoy chafe get at get to gravel nark rag rile vex	46-14102-S
devil lucky dog	60-46145-S
devil mexican lion brown tiger catamount cougar deer tiger ghost cat king cat mountain lion mountain screamer painted cat painter panther puma red lion red panther red tiger silver lion sneak cat	12-27648-S
devil s advocate	17-97325-B
deviled egg egg mimosa	63-17349-B
devilish	57-3617-S
devilish diabolic diabolical	40-9681-B
devious	62-85791-S
devious roundabout	62-86218-S
devious shifty deceitful	62-86590-B
devise	69-42360-B
devise excogitate forge formulate invent	8-83564-S
