law amendment	3-98932-B
law branch	6-54711-B
law commercial law	1-155567-S
law draft	6-104072-B
law enforcement	3-99126-B
law mariotte boyle law	45-36570-S
law maritime law	61-69083-S
law procedure	6-106203-S
law relating to prisons	7-16462-B
lawa	27-3482-S,27-4642-S,63-107832-B
lawa spoken	27-4154-S,27-4958-S
lawa written	51-112980-S
lawa written thai script	27-3961-S
lawa yunnan	51-112867-B
lawangan	49-44240-B
lawful legitimate licit	64-600-B
lawmaker	63-5642-S
lawn	7-179-S,24-46477-B
lawn mower	33-63293-B
lawnmower	13-9283-B
lawrencium	13-81069-B
laws of robotics	54-18916-S
laws of robotics three laws three laws of robotics	54-18916-S
laws three laws of robotics	54-18916-S
lawsuit	19-88830-S
lawsuit case court case trial	6-108293-B
lawsuit suit	61-56316-S
lawyer barrister	15-16025-S
laxation bm bowel movement movement shitting	61-53762-S
laxative	58-102859-S
lay	34-30607-S,69-2728-B
lay off dismiss	42-24854-S
lay out	19-76405-B
lay place put set pose	19-38073-B
lay waste to scourge desolate devastate lay… to waste ravage waste	61-33551-B
layer	1-103714-S,3-80271-S,4-61487-S,5-65940-S,13-45440-B,40-52652-B
layer laying hen	66-67751-B
layer ozone hole	63-67248-S
layer security	65-36900-S,65-47441-S,65-65759-S
laying	40-52529-B
laying hen	66-67751-S
layman	15-77350-B
layover waystation staging post stopover way station whistle stop	62-58415-B
lay… to waste ravage waste	61-33551-S
laz	28-22972-B,41-30070-B
laz lazepe lazi	41-30166-B
laz written latin script	28-23144-B
lazar house leper colony leper house leprosarium	60-62017-B
lazar leper	60-62778-B
lazepe lazi	41-30166-S
lazi	41-30166-S
laziale	32-27074-B
lazuli	64-32552-S
lazuli lazuli	64-32552-S
lazy	9-28731-B
la’az	32-32159-B
lcd	63-97840-S
lcd least common denominator lowest common denominator	16-13351-B
lcm least common multiple lowest common multiple smallest common multiple	16-13146-B
lcp liquid crystal polymer liquid crystal polymer	66-69676-B
ldap lightweight directory access protocol	36-74112-B
ldr long distance relationship	56-59989-B
le mans	50-20961-B
le tai lue tai lü tai lɯ	27-27658-S
leachate	64-89631-B
leaching	3-99643-B
lead	3-100310-B,21-85208-B,24-58261-S,56-59510-B,65-25324-S,66-80338-B
lead acetate lead diacetate lead sugar plumbous acetate sugar of lead	65-25324-B
lead by the nose play false snow	48-38077-S
lead compound	3-100768-B
lead diacetate lead sugar plumbous acetate sugar of lead	65-25324-S
lead free non leaded unleaded	65-99109-B
lead level in blood	3-101392-B
lead off	15-55891-S
lead poisoning painter s colic plumbism saturnism	64-6705-S
lead power cable power cord	21-29075-S
lead precede	58-68930-S
lead sugar plumbous acetate sugar of lead	65-25324-S
lead to rome	60-29203-S
leaded	65-99184-B
leaded unleaded	65-99109-S
leader	7-89212-S,23-41724-S,48-36453-S
leadership	62-25861-B
leaf	3-101628-B,48-97503-S
leaflet	52-38579-B,52-38727-B
league	14-43043-B,45-69343-S
leak	22-38935-B,40-45459-B,64-81164-B,64-81311-B
leakage	3-102003-B
leakage circuit breaker ground fault circuit interrupter residual current device	20-86827-S
lealao chinantec	39-11243-B
lean	8-49107-S
lean against	34-23824-B
leanness thinness	10-113100-B
leap year bissextile year intercalary year	19-31459-B
learn	13-36933-S
learned lettered well educated	52-87270-S
learning	25-990-S,25-1436-S,25-7250-S,35-37385-S,47-36611-B,47-36807-B,54-110581-S,70-2626-S,70-3785-S,70-4608-S
learning hybrid learning	25-990-S
learning management system	68-75911-B
learning object	70-4176-B
lease	6-109205-B,15-85004-S
leash	24-49422-B
least	61-82588-S
least at the least	61-82588-S
least common denominator lowest common denominator	16-13351-S
least common multiple lowest common multiple smallest common multiple	16-13146-S
least leastways leastwise	61-82263-S
leastways leastwise	61-82263-S
leastwise	61-82263-S
leather	3-102232-B
leather goods	63-22505-B
leather industry	3-102436-B
leather saffian	63-22288-S
leatherback sea turtle	41-62961-B
leathern	56-11988-B
leave	10-51702-S,22-28400-S,22-39941-S,34-25176-S,56-75318-S
leave no stone unturned move heaven and earth pull out all the stops	66-10826-S
leave off leave out omit take out	58-76728-S
leave office renounce step down vacate	23-38253-S
leave out omit take out	58-76728-S
leaved bellflower	41-18709-S
leaved garlic buckrams wild garlic wood garlic	53-33109-S
leaved lavender true lavender	67-79689-S
leaved tree	6-69003-S
leavening agent	55-57807-B
leaves	62-103358-S
leba n	28-42050-S
leba s	28-42164-S
leba ti spoken	28-41957-S
lebanese	18-19867-B,18-20027-B
lebanese republic	11-6964-S
lebanon lebanese republic	11-6964-B
lecce	34-50654-B
lecco	34-50516-B
lecherous libidinous lustful salacious	55-12193-S
lechery licentiousness looseness profligacy	56-25241-S
lechkhumi and kvemo svaneti	34-65791-S
leco leko	49-53095-B
lectern	17-31075-B
lecture	67-18814-B
lecture heckle	14-91789-S
lecturer	24-46280-B
ledo kaili	49-76513-B
leech	18-52222-B
leech finger marriage finger medical finger medicinable finger medicinal finger physic finger physical finger physician finger ring finger ring man wedding finger	10-87959-S
leek	17-73340-B
leelau	49-52251-B
leemo	29-1349-B
leeuwarden	35-24022-B
leeward downwind	24-47141-B
lefa	49-76765-B
left	8-48093-B
left atrioventricular valve mitral valve	68-6039-S
left handed	11-73695-S
left left wing left wing	48-62779-B
left wing	48-62779-S
left wing left wing	48-62779-S
lefthanded left handed	11-73695-B
leftmost	17-38025-B
leg	7-106793-B,7-107045-B,7-107129-B,33-21243-S,64-28942-S
leg good luck	21-9215-S
leg up	13-42236-B
lega mwenga	49-77312-B
lega shabunda	49-52812-B
legacy	53-14397-B
legacy code	54-62308-B
legal basis	3-102552-B
legal entity	12-16418-B
legal person	65-98920-S
legal personality	20-77083-S
legal procedure	7-17167-B
legal regulation	3-102734-B
legal remedy	3-102894-B
legal system	7-17408-B
legal text	3-103051-B
legalize	56-64705-S
legbo	35-7588-B
legend	39-5601-B
legendary animal legendary creature mythic creature	21-42185-S
legendary creature mythic creature	21-42185-S
legendre s conjecture	43-51098-B
legenyem	49-44558-B
legeri	36-69283-S
legged	19-69918-S,19-70049-S,19-70177-S
legged eight legged	19-69918-S
leggings	64-70975-B
legion	9-26005-S,23-48460-S
legionary legionnaire	61-38139-B
legionnaire	61-38139-S
legislation	2-99315-S,2-156986-S,3-103379-B,4-19576-S
legislation on agriculture	2-100036-S
legislative	25-74245-B
legislative authority	3-103530-B
legislative competence	3-103958-B
legislative procedure	7-18009-B
legislative process	7-30548-B
legislator lawmaker	63-5642-B
legislature	3-104152-B
legitimacy	62-49213-B
legitimate	22-44807-B,22-44906-B,22-45166-B
legitimate licit	64-600-S
legitimately properly	62-46063-B
legomenon	18-58921-S
legs	52-7282-S,64-39012-B
lehar	38-46124-B
leipon	49-75554-B
leisure time	3-104412-B
lek	44-9223-S
leko	49-53095-S
lela	40-41323-S
lelak	50-12277-B
lele	50-11673-B,50-12543-B
lelemi	49-53284-B
lelepa	50-82939-B
lelystad	35-23906-B
lemakot lemusmus	49-76246-S
lematang	50-14457-B
lembak	50-926-B
lembata	50-13409-S,50-13684-S
lembena	49-75969-B
lemio	49-53475-B
lemma	11-8558-B
lemojaud	32-6359-B
lemolang	49-42648-B
lemon	17-61167-B
lemon balm	67-15093-B
lemon beebrush	66-81978-S
lemon cake	53-74831-B
lemon cream puff	53-75469-B
lemon grass	55-71584-B
lemon juice	56-61612-B
lemon peel lemon zest	23-25539-B
lemon squeezer	41-33996-B
lemon tree	42-77314-B
lemon verbena lemon beebrush	66-81978-B
lemon yellow	12-56197-B,43-33739-S
lemon zest	23-25539-S
lemonade	61-50091-B
lemonish lemonlike lemony	53-78976-B
lemonlike lemony	53-78976-S
lemony	53-78976-S
lemoro	49-52185-B
lemozin n	32-6260-B
lempira	43-40672-B
lemusmus	49-76246-S
lenca	49-75713-B
lencoran lenkoran	33-10905-S
lend	10-47987-S,13-56144-B
lendu	28-43941-B
lengadocian c	32-0-B
lengadocian e	31-62455-B
lengilu	49-77064-B
lengo	49-77502-B
lengola	49-53560-B
length	8-90976-B,52-17232-S,52-17388-S,52-17546-S,69-5646-B
lengthen	58-7683-S
lengthways lengthwise	62-48688-B
lengthwise	62-48688-S
lengthy prolix	20-90364-B
lengua	49-53346-B
leningitij	50-17358-B
leningrad	9-60716-B
lenition	62-935-B
lenje	49-53414-B
lenkau	49-76058-B
lenkoran	33-10905-S
lennox syndrome lennox–gastaut syndrome	66-61732-B
lennox–gastaut syndrome	66-61732-S
lens	42-49799-B,64-56667-S,66-17536-S
lens objective glass objective lens	66-17536-S
lent	62-69537-B
lentil	23-93311-B
lenyima	49-45658-B
leo	38-21635-B
leo low earth orbit low orbit	64-14800-B
leone	12-85828-S,46-39903-S
leone sign language	46-72610-S
leonean leone	46-39903-S
leoneg written latin script	28-33874-B
leonese astur	9-79710-S
leonese asturian asturian leonese astur	9-79710-S
leonés	31-58918-B
leonés e	31-59564-B
leonés n	31-59343-B
leonés s	31-59417-B
leonés spoken	31-59266-B
leonés w	31-59489-B
leonése cluster	31-56898-S
leopard	23-95483-B,47-82393-S
leopard can t change its spots a leopard doesn t change its spots	69-45005-S
leopard cannot change its spots a leopard can t change its spots a leopard doesn t change its spots	69-45005-S
leopard doesn t change its spots	69-45005-S
leopard ounce snow leopard	47-82393-S
leopon	69-23526-B
lepatata stadium horn	64-20480-S
lepcha	49-75873-B
leper	60-62778-S
leper colony leper house leprosarium	60-62017-S
leper house leprosarium	60-62017-S
lepidoptera lepidopterans	3-104577-B
lepidopteran	1-112806-B
lepidopterans	3-104577-S
lepki	50-83004-B
lepontic	28-23796-S
leprosarium	60-62017-S
leprosy	60-62306-S
leprous	60-61743-B
lepton	55-69054-B
lere	42-312-B
lerpwi caerllion	28-30556-B
lesbian	17-35069-B
lese	28-43388-B
lesing gelimi	49-76145-B
lesion	41-45036-B
lesotho	12-7027-S
lesotho lesotho	12-7027-S
lesotho loti	44-13244-B
less	14-21725-B
less than life size	59-62916-B
lessen wane	25-44716-S
lessening reduction	61-69778-S
lesson	8-90796-B,23-48111-S
lessons computer tutorial	22-66404-S
lessons pc tutorial computer lessons computer tutorial	22-66404-S
leste	12-83795-S
leste east timor timor leste	12-83795-S
let go let loose set free set loose turn loose unleash	22-13742-S
let in	69-52962-S
let live	60-74525-S
let loose set free set loose turn loose unleash	22-13742-S
let oneself be heard	21-48572-B
let permit	19-50939-S
let rip pass gas	24-63901-S
lethal	18-17869-S
lethality	67-67116-S
lethargic	67-21719-B
lethargy listlessness	23-95731-S
leti	49-75809-B,55-11447-B
lett	17-3102-S
letter	9-55798-B,9-58349-B,19-87596-S,36-4497-S
letter balance letter scale	65-96820-B
letter bomb mail bomb	65-62686-B
letter carrier mailman mailperson postal carrier postman postperson	16-92132-B
letter of intent	15-84524-B
letter opener	33-17865-B
letter scale	65-96820-S
lettered well educated	52-87270-S
letterhead	33-18093-B
lettuce	14-58794-B
lettuce rapunzel	55-53812-S
leu	44-9462-S,44-13044-S
leucocyte leukocyte white blood cell	57-89384-S
leukocyte white blood cell	57-89384-S
leukodystrophy	39-10239-B
leukoencephalopathy pml	23-31069-S
lev	44-8960-S
levant	16-72720-B
levantine spoken arabic	35-20100-S,35-77998-S
levee	2-63045-S
level	1-4583-S,1-74638-S,2-16998-S,2-77504-S,4-16628-S,4-31959-S,5-32571-S,5-74888-S,5-141038-S,6-27018-S,6-70797-S,21-62228-S,22-14605-B,22-14883-B,22-14953-B,40-30664-B
level blood sugar blood sugar concentration level of blood sugar	65-51067-S
level crossing railroad crossing road through railroad train crossing	61-1666-S
level domain	43-61150-S
level domain tld	43-60796-S
level flight	3-120573-S
level in blood	3-101392-S
level of blood sugar	65-51067-S
level of education	7-21203-B,25-101494-B
level of language level of speech stylistic level	21-62228-S
level of speech stylistic level	21-62228-S
level ontology upper ontology	21-59399-S
level sound pressure level	1-4583-S
level storey	13-555-S
level technology	3-120754-S
levels	18-7262-S
lever	20-67583-B
leverage	20-59175-B
leverage leveraging	69-75728-B
leverage purchase	20-58902-B
leveraging	69-75728-S
levuka	55-12393-B
levy	3-105143-B
lewd wanton	16-69022-S
lewotobi	55-12495-B
lexeme	10-100439-B
lexical	62-48985-B
lexical category lexical class word class	15-73055-S
lexical class word class	15-73055-S
lexical gap lacuna	64-31102-B
lexical item	18-9169-B
lexicographic lexicographical	70-11448-B
lexicographical	70-11448-S
lexicography	18-71887-B
lexicology	15-23626-B
lexicon	3-105888-B,69-74010-S
leyigha	36-14399-B
lezghian lezgian	44-30859-S
lezgi lezghian lezgian	44-30859-B
lezgian	44-30859-S
león	21-86700-B,48-90061-B
lgv large goods vehicle lorry medium goods vehicle truck	3-118399-S
lhasa tibetan standard tibetan	37-22627-B
lhokpu	49-84649-B
lhomi	49-84380-B
li o	50-1444-B
liabilities	20-74083-B
liability	2-100710-S,3-106275-B,4-119741-S,4-121367-S,37-63560-S,44-39506-S,61-68709-S
liable	24-19728-B
liable for damages liable to indemnify liable to pay damages	18-10270-S
liable to indemnify liable to pay damages	18-10270-S
liable to pay damages	18-10270-S
liabuku	50-1016-B
liangshan yi northern yi nosu nuosu sichuan yi	43-1324-B
lianshang	27-33813-B
liar	24-19832-B
libelous opprobrious	56-41735-S
liberal	22-40807-B,48-91229-B
liberal arts	47-50045-S
liberalism	18-38803-B
liberate	58-9123-S
liberation organization	64-82077-S
liberia	11-94994-S
liberia republic of liberia	11-94994-B
liberian english	50-665-B
libertine profligate unchaste	56-24519-S
liberty freedom	23-90939-B
libidinous lustful salacious	55-12193-S
libido	13-57697-B,46-31186-B
libinza	50-1228-B
libra	38-21769-B
librarian	17-73183-B
library	3-106586-B,25-66452-S,25-66881-S,25-67330-S,26-9027-S,51-93287-S,51-93530-S
library loan	7-42740-S
library public library	51-93287-S
library service	7-42392-B
library toolbox toolkit	54-109481-B
libreoffice	70-7108-B
libreville	43-65400-B
libuat	50-11116-S
libya	12-39337-S
libyan	43-68475-B,65-102142-B
libyan arab jamahiriya libya	12-39337-S
libyan arabic western egyptian bedawi arabic	36-14579-B
libyan dinar dinar	43-68335-B
libyan sign language	43-68597-B
lice	69-27091-S
lice sea slater	19-18479-S
lice storm fly thrips thunderblight thunderbug thunderfly	68-21744-S
licence plate plate	43-27235-B
license	40-30381-B,54-55685-S
license gnu gpl gpl	50-45638-S
license permit	11-38208-B
licentiousness	40-30503-B
licentiousness looseness profligacy	56-25241-S
lichen	3-106760-B
lichenologic	68-96360-S
lichenological lichenologic	68-96360-B
lichenologist	68-96242-B
lichenology	68-96126-B
lichens	3-129023-S
licit	64-600-S
lickpot pointer pointer finger pointling showing finger teacher trigger finger	13-51001-S
lickspittle sycophant toady	60-71449-S
lid	15-10384-B,61-28282-S
lie	8-52716-B,60-1220-S,60-1498-S
lie prevaricate	13-86468-B
lie prevarication untruth	13-1192-B
liechtenstein	12-91857-S
liechtenstein principality of liechtenstein	12-91857-B
liege liege subject liegeman vassal	61-35159-S
liege subject liegeman vassal	61-35159-S
liegeman vassal	61-35159-S
lien	58-47857-B
life	3-31214-S,4-130973-S,6-49602-S,12-60693-B,12-60921-B,12-61126-B,18-79769-S,21-74506-S,21-74694-S,21-74872-S,54-120885-S,57-91438-S,58-103035-S,59-62628-S,68-15626-B,68-15838-B,68-15975-B,68-16202-B,68-16546-B,68-16698-B,68-16839-S,68-17004-B,68-17082-B,68-17689-B,68-17961-B,68-18148-B
life belt life buoy life preserver life ring life buoy life saver lifebelt lifering lifesaver	58-52449-S
life buoy life preserver life ring life buoy life saver lifebelt lifering lifesaver	58-52449-S
life buoy life saver lifebelt lifering lifesaver	58-52449-S
life crisis midlife crisis	68-26220-S
life cycle	3-106980-B,3-137032-S,6-79335-S
life cycle management	4-144006-B
life expectancy	49-63686-B,51-76733-S
life history theory	62-105494-B
life insurance	13-6800-B
life jacket life vest life jacket lifejacket personal flotation device	66-71982-B
life jacket lifejacket personal flotation device	66-71982-S
life larger than life	59-62628-S
life mortal danger	66-8977-S
life preserver life ring life buoy life saver lifebelt lifering lifesaver	58-52449-S
life ring life buoy life saver lifebelt lifering lifesaver	58-52449-S
life saver lifebelt lifering lifesaver	58-52449-S
life science	3-107273-B
life sentence	58-52992-B
life size	59-62916-S
life size life sized	59-62286-B
life sized	59-62286-S
life threatening severe	70-12279-S
life vegetation	6-50772-S
life vest life jacket lifejacket personal flotation device	66-71982-S
life weary of life	54-120885-S
lifebelt lifering lifesaver	58-52449-S
