perejil marino	66-17918-S
perenne	26-9350-B
perennemente perpetuamente siempre	10-10705-S
perennifolia	41-56820-B
pereza perezoso	41-35906-B
perezoso	9-28731-B,41-35906-S
perfeccion	59-101186-B
perfeccionar pulir refinar	52-22119-B
perfeccionismo	67-21420-B
perfeccionista	67-21531-B,67-21644-B
perfecta antilaser	65-98576-S
perfectamente	50-39839-B
perfectivo	25-111695-S
perfecto	14-87336-B,14-87466-B,19-16027-S,24-47639-S,24-47750-S
perfecto del subjuntivo	24-48575-S
perfida perfido	39-57465-B
perfidia	10-107069-B
perfido	39-57465-S
perfil	23-57596-B,23-57787-B,40-59383-B,62-16456-S
perfil del suelo	5-67615-B
perfilar	23-49289-S
perfilarse	21-48503-S,33-31103-B,40-16510-S
perforacion	2-58532-B,13-35964-B,19-94747-B
perforacion de pozos petroleros perforacion para petroleo perforacion petrolera	6-137988-B
perforacion para petroleo perforacion petrolera	6-137988-S
perforacion petrolera	6-137988-S
perforar	33-22184-S
perforar seccionar	8-61359-S
perforar taladrar	33-22317-B
perfumada	52-44563-S
perfumar	17-97379-B
perfume	12-43519-B,12-43826-B
pergola	68-31663-S
pergola pergola	68-31663-B
periastro	38-19915-B
pericardio	48-25078-B
pericarditis	48-25293-B
pericia	55-88552-B
perico periquito	35-80271-B
periductal mastitis	62-12039-S
periferia urbana	6-98879-S
periferica periferico	59-44003-B
periferico	26-50417-S,40-45560-B,59-44003-S,63-98230-B
perifolio perifollo	51-53078-S
perifollo	51-53078-S
perigeo	35-51526-B
perigord	68-99345-B
perihelio	36-35492-B
perilla	52-5806-B
perilla piocha	8-109232-B
perimetro	40-45581-B
perinatal	51-47031-B
perine	44-31569-B
perineal	62-91868-S,62-92163-B
periodica	54-102296-S
periodica de los elementos	12-55610-S
periodica tabla periodica de los elementos	12-55610-S
periodico	7-107308-S,38-11198-B
periodismo	15-22100-B
periodismo fotografico periodismo grafico	65-5179-S
periodismo grafico	65-5179-S
periodista	13-59690-B,59-85049-S
periodista reportera reportero	59-84656-S
periodo de saros	52-25390-S
periodo epoca	14-69725-S
periodo heian	46-35445-B
periodo periodo epoca	14-69725-S
periodo periodo regla menstruacion	14-69870-B
periodo regla menstruacion	14-69870-S
periostitis	62-15182-B
periphyton	4-68885-B
periquito	16-51248-B,35-80271-S
periquito ventrinaranja	67-49207-B
peritoneo	63-4292-B
peritonitis	62-21904-B
perjudicial	57-446-S
perjuicios	2-24649-S
perjurio	10-104001-B
perl	63-99130-B
perla	45-71783-B,51-51742-S,58-23684-B
perlas	51-51634-S
permafrost	12-79932-B
permanecer quedarse restar	22-52188-B
permanente	6-117580-S,20-9639-S
permanente sostenida sostenido	43-25432-S
permeabilidad	4-69041-B
permeametro	69-30585-B
permiso de construccion	6-103555-S
permiso de entrada	44-58790-S
permiso de estancia	26-15635-B
permiso de planificacion	4-90345-B
permitido de exposicion	4-69159-S
permitir	19-50939-S,69-53134-S,69-64888-S
permitir cruzar	48-54230-B
permitirse	45-7678-B
permutable	59-0-S
permyak	46-41716-S
perniciosa pernicioso	62-62907-B
perniciosa pernicioso perjudicial	57-446-S
pernicioso	62-62907-S
pernicioso perjudicial	57-446-S
pernil	62-104449-S
perno	22-64064-B
pero	12-7304-S,28-47169-B
pero sin embargo	9-39071-S
perone	51-20674-B
peronismo	67-30902-S
peronista	60-1684-B
peroxiacetilo	4-69895-S
perpendicular	40-45602-B
perpendicularmente	40-45761-B
perpetua	58-52992-S
perpetua perpetuo	58-3418-S,58-84840-S
perpetuamente por siempre	14-57219-S
perpetuamente siempre	10-10705-S
perpetuo	58-3418-S,58-84840-S
perpleja perplejo sorprendida sorprendido	49-51245-S
perplejidad	56-19524-S
perplejo sorprendida sorprendido	49-51245-S
perra	49-81722-B
perra perro	2-55441-S
perrera	24-69535-B
perrito de la pradera	16-9140-B
perro	2-55441-S,13-92610-S
perro callejero perro vagabundo	56-57266-B
perro de guardia	25-58244-B
perro mapache tanuki	67-46589-B
perro salchicha teckel	15-27874-S
perro vagabundo	56-57266-S
perro viejo	69-45689-S
persa	8-102117-S,18-21810-S,43-15571-S,45-10892-S,45-67036-S
persa perso arabico	33-39845-S
persecucion	26-15672-B
perseguir	14-8409-B,20-64929-B
perseguir procurar velar	20-75217-B
perseguir seguir	21-83566-B
perseidas	41-19108-B
perseveracion	51-47194-B
perseverancia	10-115125-S
perseverante	57-73160-S
perseverantemente	64-23684-B
persiana	26-15808-B
persico	43-19712-S
persignarse	40-0-B
persimo	61-5256-B
persistencia	4-70062-B,20-76273-B
persistencia de plaguicidas	4-70967-B
persistencia del conducto arterioso	61-18868-S
persistente	33-9831-S
persistente ductus arterioso persistente persistencia del conducto arterioso	61-18868-S
persistente persistencia del conducto arterioso	61-18868-S
perso arabica	26-19985-S,26-24600-S,26-28675-S,29-32012-S,29-45110-S,30-58894-S
perso arabica modelo kalat	30-25193-S
perso arabico	33-39845-S
persona	19-24840-S,19-24962-S,19-25112-S
persona desafortunada	60-24939-B
persona desplazada	2-51169-B
persona enamorada	11-58925-S
persona fisica	12-16642-B
persona incapacitada	2-47675-B
persona juridica	65-98920-B
persona juridica persona moral	20-77083-B
persona moral	20-77083-S
persona negativa	13-9611-S
persona ninguno ningun	53-84403-S
persona ser	14-2546-S
persona torpe incapaz torpe zoquete	50-17620-B
persona torpe torpe	8-30626-B
personaje	21-66711-B
personaje rol	21-66825-S
personal	7-120446-S,11-87041-S,15-75637-S,22-69317-S,25-105283-B,58-113117-S
personal de oficina	70-5118-B
personal minimo	11-54912-B
personal ordenador personal	11-87041-S
personal plantilla	20-67827-B
personal policial	44-68548-B
personalidad	53-102148-B
personalidad juridica	12-16418-B
personalista	21-55132-S
personalizacion	19-40228-S
personalmente	10-59188-S
personificacion	58-46654-S
personificar	22-65302-B
personificar representar	13-36477-S,58-11052-S
perspectiva	38-64633-B
perspectiva aerea	34-24126-B
perspectivo	20-90583-B
perspicacia	22-0-S,44-52008-B,52-43848-B
perspicaz	49-60685-B,57-23088-S
persuadir	18-2916-S,22-734-S
persuadir encajar	56-88105-B
persuasion	18-3125-S
persuasion moral	4-11179-B
pertenecer	12-73400-S,22-72142-B,22-72372-S,46-46522-B
pertenencia	22-19498-B
pertenercer	12-73541-B
pertinaz recalcitrante terca terco testaruda testarudo	61-961-S
pertinencia relevancia	21-82371-S
pertinente relevante	53-8387-B
perturbacion	57-24975-S,57-67092-B
perturbada mentalmente perturbado mentalmente	57-67214-B
perturbada perturbado trastornada trastornado	57-63203-S
perturbado mentalmente	57-67214-S
perturbado trastornada trastornado	57-63203-S
peru	12-8301-B
peruana peruano	13-10498-B
peruano	13-10498-S,31-55077-B
peruano capuli	54-35292-S
perugia	34-63816-B
perusa	9-43988-B
perversa perverso	24-78532-B
perverso	24-78532-S
pervinca	52-60672-B
pesa haltera	19-99146-B
pesa rusa	68-36131-B
pesacartas	65-96820-B
pesada	55-15822-S
pesada pesado	62-84153-B
pesadilla	12-62902-B,12-63351-S
pesado	3-37273-S,7-66412-B,62-84153-S
pesaj pascua judia	62-48313-B
pesar	12-10544-B,12-10670-B,22-30202-B
pesar de	56-95776-S
pesar de aunque pese	14-47442-S
pesaro	35-16757-B
pesaro y urbino	34-65276-B
pesca	2-140281-B,7-7582-S
pesca barco pesquero pesquero	2-140691-S
pesca continental	3-70574-B
pesca de ballenas	6-38730-B
pesca de litoral	1-151293-B
pesca deportiva	1-47269-B
pesca marina	2-30627-B
pescadera pescadero	16-40702-B
pescadero	16-40702-S
pescado	33-80024-S,51-11279-S
pescador	11-83385-B,34-69720-S,46-10149-B
pescadora	24-64063-S
pescados	2-139457-S
pescados migratorios	6-66705-B
pescar	61-49869-B
pescara	34-63212-B,35-3081-B
pescetarianismo	51-61315-B
pese	14-47442-S
pesebre	40-31509-B
peshawari	29-28911-B
pesimismo	43-52850-B
pesimista	60-68066-S,61-20502-B
pesimo	44-30011-B,65-30698-B
peso	6-35288-B,33-34608-B
peso argentino peso argentino peso convertible	48-70665-S
peso argentino peso convertible	48-70665-S
peso aumentar engordar	47-45171-S
peso bruto vehicular	63-20038-B
peso chileno	48-70416-S
peso convertible	48-70665-S
peso cubano	48-70531-S
peso filipino	55-38881-S
peso peso chileno	48-70416-B
peso peso cubano	48-70531-B
peso peso filipino	55-38881-B
peso peso uruguayo	48-71724-B
peso uruguayo	48-71724-S
pesos	42-28644-S,42-28799-S
pespuntar pespuntear	8-80952-S
pespuntear	8-80952-S
pesquera	2-140388-S,4-58008-S,7-7394-S
pesqueria	2-139604-B
pesqueria marina	3-131889-B
pesquero	2-140691-S
pesquero pesquero	2-140691-S
pestana	33-61178-B
pestanas	65-76361-B
peste	57-90386-B
peste bubonica	57-90561-B
peste negra	57-90132-B
peste neumonica plaga neumonica	57-91000-B
peste plaga	52-49254-B
pesticida	4-72188-B
pesticidas	58-109831-S
pestilente	58-57547-S
petalo	24-78768-B
petardo	18-14928-B
petardo porro	60-82632-B
peter port	57-88065-S
petersburgo	9-60142-S,63-79607-S
peticion	5-13443-S,23-94276-B
petirrojo europeo	18-22735-S
petirrojo petirrojo europeo	18-22735-B
peto	50-52572-S
petrificacion	64-2196-B
petrodolar	60-87916-B
petroglifo	49-66382-B
petrogrado	9-60633-B
petroleo	4-48878-S,4-49870-S,4-50311-S,4-50434-S,4-50583-S,4-51054-S,4-74179-B,4-74640-S,4-75252-S,5-108416-S,14-72366-S,64-31981-S
petroleo bruto	2-18755-S
petroleo derrame de petroleo	4-49870-S
petroleo mineral	6-136851-B
petroleo perforacion petrolera	6-137988-S
petroleo refinado de petroleo	4-50583-S
petrolera	4-49315-S,4-75621-S,6-137988-S
petrolero	5-107124-B,37-86003-S,64-79313-S
petrolero de cubierta de tween	5-145693-B
petrolero petrolero tanquero	4-51420-S
petrolero pico petrolero	64-79313-S
petrolero tanquero	4-51420-S
petroleros perforacion para petroleo perforacion petrolera	6-137988-S
petroquimica	4-73541-S,7-5302-B
peubla	36-20624-S
peul	46-30729-S
peve	50-13325-B
pevek	28-52361-B
peyorativa peyorativo	61-12644-B
peyorativo	8-52963-B,61-12644-S
pez	2-139781-B
pez cebra	13-61532-S
pez de abril	23-68374-S,49-2310-B
pez de colores pez rojo	42-37700-B
pez espada	68-31499-S
pez gato siluro	51-3105-S
pez gordo en un estanque pequeno	25-115-S
pez gordo pez gordo en un estanque pequeno	25-115-B
pez leon colorado	66-76801-B
pez remo gigante rey de los arenques	69-44836-B
pez rojo	42-37700-S
pezon	15-1577-S
pezuna	66-67858-B,66-68146-S
pfaelzisch	36-23946-B
ph	7-32639-S
phayao	27-29786-B
phetchabun	27-21600-B
phillip	44-60761-S
phishing	16-77849-B,66-26209-S
phnom penh	25-21963-B
phoenix	16-2814-B
php	54-60888-B
phpmyadmin	70-9252-B
phrae pwo karen	45-24093-B
phudagi	29-40789-S
pia pio	47-69183-S
pia pio religiosa religioso	60-892-S
piacenza	32-25960-B,34-63053-B,35-3237-B
piadosa piadoso pia pio	47-69183-S
piadoso pia pio	47-69183-S
piamontes	12-26898-B
piamontes de vercelli	32-23828-B
piamontes escrito	32-23441-B
piamontes escrito alfabeto latino piamontes escrito con alfabeto latino	32-23551-B
piamontes escrito con alfabeto latino	32-23551-S
piamontes hablado	32-23749-B
pian	59-63316-S
pianista	13-25511-B
piano	12-85613-S
piano de cola	51-90310-B
piano pianoforte	14-77871-B
pianoforte	14-77871-S
piar	51-37912-B
picada de avispon	26-1781-B
picada picado	51-19831-B
picado	51-19831-S
picado papelillo	67-1187-S
picadura de abeja	26-1964-B
picadura de avispa	26-2098-B
picadura de insecto	26-1646-B
picante	55-97856-S
picante salsa picante	55-97856-B
picapedrero	22-70641-B,40-37959-B
picaporte pomo	19-65734-S
picar	21-36077-B,66-47842-B,67-45438-B
picara picaro	59-6218-B
picardo	32-9035-B
picardo de arras	32-9423-B
picardo hablado	32-9347-B
picaro	59-6218-S
picaza urraca	62-59777-B
picazon picor piquina prurito rasquina	66-46488-S
picea de noruega	11-101715-B
piceno	34-26822-S,35-5370-S
pichilemino	65-4722-B
pichilemu	64-74876-B
pichis asheninka	39-17268-B
pickup	21-5202-S
pico	9-61739-S,11-8463-B,16-53547-S,23-81915-S,61-2976-B
pico apice	41-23709-S
pico nevado	54-119669-S
pico petrolero	64-79313-S
picogarfio	67-53205-S
picor piquina prurito rasquina	66-46488-S
picotear	61-66383-B
pictograma	55-24512-B
pidgin broome pearling lugger	37-57496-B
pidgin de delaware	39-37860-B
pie	7-108764-B,7-114650-B,8-45060-S,8-63331-S,38-72948-S,42-7828-S,56-73374-S,56-73520-S,64-45451-S,65-14306-S,65-76675-S,65-100948-S
pie de cabra	25-37977-S
pie de inmersion pie de trinchera	64-64689-B
pie de mesa	64-28942-S
pie de pagina nota al pie	42-7828-S
pie de trinchera	64-64689-S
pie gente del pueblo plebe populacho pueblo pueblo de a pie pueblo llano vulgo masas	60-88180-S
pie ir andando andar ir	8-63490-S
pie negro	17-67377-B,33-32258-B
pie pata	11-66180-B
pie plano	61-91370-B
pie pueblo llano vulgo masas	60-88180-S
piedad	23-96090-S,58-113598-S
piedra	5-94649-S,10-39301-B,12-32346-S,14-37167-B,35-28451-S
piedra abrasiva	49-62869-B
piedra angular	24-35068-B,55-56213-B,55-56420-S
piedra de mosaico	40-40505-B
piedra edad de la piedra	12-32346-S
piedra movediza nunca moho la cobija piedra que rueda no cria moho piedra que rueda no prende musgo	69-45442-S
piedra natural	4-25163-B
piedra pomex piedra pomez pumita	50-6331-B
piedra pomez pumita	50-6331-S
piedra preciosa	20-12223-S
piedra que rueda no cria moho piedra que rueda no prende musgo	69-45442-S
piedra que rueda no prende musgo	69-45442-S
piel	3-5146-S,3-5434-S,5-52642-B,13-78226-S,49-32967-S,56-11988-S,68-62665-S,69-57710-B
piel clara	33-25491-S
piel de gallina	57-76475-B
piel de oso	49-7246-B
piel de oveja	11-46376-S
piel de tofu	52-14364-B
piel del oso antes de cazarlo	69-45251-S
piel patata con piel	13-78226-S
pielonefritis	62-11427-B
piemonte	30-18497-S
piemontes	32-34451-S
pierna	7-106793-B,51-19524-S
piernas	64-39012-B
pies	66-71912-B
pies en polvorosa	10-96258-S
pievepelago	24-4786-B
pieza	13-78651-B,46-31272-S,61-79810-S
pieza de ajedrez	13-56856-B
pifia	13-58010-B
pigargo cabeciblanco aguila calva	66-25336-B
pigargo europeo aguila de cola blanca aguila marina aguila marina de cola blanca	24-61905-B
pigmento	37-31696-B
pijo verga	7-70331-S
pila	6-135496-S,17-55166-S,52-79168-B,52-79361-B,52-103904-S,63-95492-S
pila alcalina	6-135289-B
pila automata de pila	52-103904-S
pila bautismal	48-29312-B
pila de agua bendita	18-92000-B
pila de trastos trastos	15-72328-S
pila electrica	1-125530-S
pila pila electrica	1-125530-B
pilas	68-63297-S
pilas boton	1-113131-B
pildora anticonceptiva	65-11401-B
pildora del dia siguiente	11-96929-B
pileta piscina	14-83150-S
pilgin	28-53505-S
pilla	11-23110-S
pilla pilla	11-23110-S
pillaje sacomano saqueo	39-54833-B
pillar robar saquear	55-16021-S
pillar saquear	56-96326-B
pilon pistilo	68-57187-B
piloncillo rapadura raspadura tapa de dulce	69-19027-S
pilotaje	4-87367-B
piloto	4-87507-S,4-87646-S,13-83251-S,16-75028-S,53-85033-S
pimentero	61-47565-B
pimenton	17-56467-S
pimienta	8-43130-B,48-89231-S,51-9133-S
pimienta cayena	51-108809-B
pimiento	11-78172-S
pin	11-65324-B
pina	40-46406-B,54-99097-B
pinacoteca	48-101871-B
pinaculo	40-50738-B
pinar	41-55644-B
pincel	11-20208-S,56-61853-B
pinchadiscos	56-91561-S
pinchar	56-60452-B
pindhos	32-43924-B
ping	15-13364-B,65-27415-S
ping flood inundacion de ping	65-27415-B
ping pong tenis de mesa	44-68842-B
pinguino	45-32024-B
pinguino adelia	67-32735-B
pinguino africano pinguino del cabo	68-8467-B
pinguino del cabo	68-8467-S
pinguino emperador	67-32365-B
pinguino rey	67-32604-B
pinicola	61-78839-S
pinnado plumado	66-34963-B
pinnipedos	4-87798-B
pino	40-46988-B,56-174-S
pino parasol	41-56445-B
pino salado tamarisco taray	60-78402-B
pinon	67-54939-B
pinta	14-42298-B
pintar	53-27888-B,69-74961-B
pintar amarillo	12-55522-B
pintar con acuarela	61-469-B
pintar rayar trazar	14-39255-S
pintaunas	49-68144-S
pintojo de israel sapillo pintojo palestino	69-23749-S
