tiempo real	25-8211-B
tiempo restante	33-19967-B
tiempo simultaneamente	59-77269-S
tiempo sin verte	66-79550-S
tiempo tanto tiempo sin verte	66-79550-S
tiempo tiempo atmosferico	6-33445-S
tiempo tiempo de condena	19-16308-B
tiempo tiempo gramatical	19-14646-B
tiempo vuela	64-1532-S
tiempos	2-156522-S
tiempos cambian	9-70456-S
tiempos motor de dos ciclos	5-146059-S
tien	31-11359-S
tien pao	27-32120-B
tien tiao tchaine	31-10601-B
tienda	5-47318-B,8-4410-S,14-51521-B
tienda de conveniencia	48-41238-B
tienda de pintura	4-63454-S
tienda de ropa	66-88213-B
tienda empleado de tienda tendera tendero vendedor cajera cajero vendedora	23-19257-S
tienda por departamentos	48-37233-S
tienda tendera tendero vendedor cajera cajero vendedora	23-19257-S
tiene	10-80087-B,66-58008-S
tienes	66-57923-S
tiento cuidadosamente	60-96834-S
tierna tierno	49-58327-B
tierno	49-58327-S
tierra	2-64527-S,2-65452-S,3-21276-S,3-92107-S,3-92942-S,3-96109-S,3-98027-S,7-72492-B,9-95142-S,10-117274-B,10-117601-S,13-84440-B,25-106682-S,45-47277-S,46-71303-S
tierra a una cosa encubrir	55-83682-S
tierra adentro	67-92214-B,67-92444-B
tierra de freza	6-67847-B
tierra del fuego	41-38928-B
tierra firme	67-23380-S
tierra marginal	3-129633-B
tierra natal	49-79882-S
tierra plana	66-87629-S
tierra proteles	69-24510-S
tierra rara	13-67666-S
tierra remover roma con santiago revolver roma con santiago valerse de todos los medios	66-10826-S
tierra sol	2-64951-S
tierra tierra	25-106682-S
tierra toma de tierra	10-117601-S
tierras	3-93340-S,62-39297-S
tierras australes y antarticas francesas	33-6041-B
tierras desprendimiento	3-97568-S
tiesa tieso	53-44955-B
tieso	53-44955-S,61-116-S
tieyaxo bozo	37-56750-B
tifinagh	27-52353-S,27-53228-S,27-53680-S,27-55328-S,27-56474-S,27-61354-S,33-41574-B
tiflis	21-30070-S
tiflitis	62-21364-B
tifoidea	13-76286-S
tifon	5-146794-B
tigalu	30-41908-B
tigre	12-65156-B,13-33870-S,68-100226-S
tigre de amur tigre de siberia tigre del norte de china tigre manchu tigre siberiano	24-70498-B
tigre de siberia tigre del norte de china tigre manchu tigre siberiano	24-70498-S
tigre del norte de china tigre manchu tigre siberiano	24-70498-S
tigre manchu tigre siberiano	24-70498-S
tigre siberiano	24-70498-S
tigresa	66-20808-B
tigrina	47-71147-B
tigris	33-44517-B
tijera de aves	51-9760-B
tijeras sax	8-11595-B
tijereta	2-65612-B
tijereta comun	61-54831-B
tikka masala	62-34055-S
tila	39-26625-S
tila sadri	30-472-S
tilde	19-83118-B
timar	18-69631-S
timbal	18-13394-B
timbre	15-56644-B,49-49936-B,67-8237-B
timbre postal	13-82306-S
timbu	43-13098-B
time compilation	64-50565-S
time protocol	43-50784-S
timida timido	48-87580-B
timidamente	59-81532-S
timidez timidamente	59-81532-S
timido	13-17592-B,48-87580-S
timina	45-75479-B
timon	62-81882-B,67-62896-S
timonel	56-16387-B
timor oriental	12-83795-B
timpano	13-40471-B
tina	52-19014-S
tinagas	48-95388-S
tinani	49-43250-B
tinauli	29-28579-B
tindi	28-18688-B
tinea tina	52-19014-S
tinie	32-61208-B
tinnitus	65-76743-S
tinsmiths	30-13224-S
tinta	3-69929-B
tinta borratinta	66-29431-S
tinte	35-69981-B
tintero	67-13192-B
tintin	33-31666-B
tinturar	66-78563-S
tio	8-11458-B
tio abuelo	21-2801-B
tio materno	51-98867-B
tio paterno	51-98984-B
tio rico	10-115696-S
tipica tipico	50-41303-S
tipicamente	50-41638-B
tipico	50-41303-S
tipificar	52-69151-B
tipo	15-74041-S,18-40936-S,21-61154-S,21-67087-B,21-92117-S
tipo 1	21-53002-S
tipo 1 diabetes tipo 1	21-53002-S
tipo 2	45-82877-S
tipo climatico	1-144727-B
tipo de datos abstracto	25-32268-B
tipo de demanda	5-146321-B
tipo de interes	21-63642-B
tipo de letra	10-101669-S
tipo de suelo	5-68937-B
tipo de vegetacion	6-7257-B
tipo i adjetivo i	21-28061-S
tipo na adjetivo na	21-28327-S
tipo nomenclatural	24-2896-S
tipografia	23-3726-B
tipografia trabajo de impresion	4-116743-B
tipografica tipo de letra	10-101669-S
tipografico	9-78955-S
tipologia	18-84535-B
tira y afloja	68-33846-S
tirable	58-54901-S
tirachinas	63-41350-B
tirador	43-11678-B,55-66908-S,68-64803-B
tiradora	68-64968-B
tiramisu	67-76311-B
tirana	15-83578-B
tirana tirano	47-57819-S
tirana tirano autocrata	61-61893-S
tirania	15-32523-B,56-96773-S,68-14822-S
tiranica tiranico	56-96505-S
tiranicidio	62-41899-B
tiranico	56-96505-S
tiranizar	58-64137-B
tirano	47-57819-S
tirano autocrata	61-61893-S
tirar	8-67902-B,10-96579-S,14-86366-S,22-16822-S,24-8467-S
tirar a la cabeza	56-43461-S
tirar la casa por la ventana	59-59734-B
tirarse un pedo	24-63901-B
tirhari del norte	29-50080-B
tirhari s	29-52879-B
tiri	38-77994-B
tiriki	42-72155-S
tiro	5-47249-S,24-58261-S,56-32405-S
tiro con arco	46-57377-B
tiro penal	64-27203-S
tiroides	15-2551-S
tiroides tiroides	15-2551-S
tiroiditis	62-14687-B
tirol	33-84561-B
tirol del sur	34-35672-S
tiros	24-91722-S
tiros desde el punto penal	64-29055-S
tirreno	43-21825-S
tisana	8-35682-S
tisana de manzanilla te de manzanilla	25-2389-S
tisanoptero	68-21744-B
tisico	64-76234-S
tisis tuberculosis tb	33-62952-B
tisu	67-20809-S
titan	36-43547-B
titanio	5-124834-B,5-125327-S
titere	46-21752-S
titere de guante	46-21964-B
titinera	61-26052-S
titubeo	61-22885-S
titular	21-67178-S,22-48116-B,33-65279-B
titular de cuenta	23-21647-B
titulo	9-49065-B,9-49390-B,21-67620-S,23-98071-S
titulo de grado	55-78770-B
titulo de maestria	55-79638-B
titulo profesional	61-86828-S
titulo universitario	47-518-S
titulo valor	21-67347-B
tiva republica de tuva	18-78659-S
tiwa	49-42803-B
tiwa del norte	41-26914-B
tiwa del sur	41-27018-B
tiyal	38-72540-S
tiza	10-39845-B
tizon	26-13204-S,60-38916-S
tjalk	47-37281-B
tlacoatzintepec	39-26699-S
tlingit	41-27120-B
tls	65-65759-B
tlyadaly	28-21043-B
tlyanub	28-20428-B
tmagourt	28-0-B
toad in the hole	49-80689-B
toalla	19-84807-B
toba	36-23028-S,40-46318-B
tobago	12-94418-S,55-35559-S
tobillera	55-41963-B
tobillo	15-3939-B,52-17232-S
tobillos	52-16943-S
tocadiscos	69-738-B
tocado por	45-10472-S
tocador	61-25764-S
tocar	12-30417-B,14-66774-S,21-68034-B,22-50782-S,22-51072-B,22-64174-S,22-65574-S,48-79052-S
tocar corneta tocar el claxon	51-95122-B
tocar el claxon	51-95122-S
tocar la trompeta trompetear	56-50333-B
tocayo	61-82061-B
tocino	48-2683-S,70-11260-S
tocon	19-98704-S,69-30066-B
toda durante todo	9-35070-S
toda europa	51-62282-S
toda la vida	58-2877-S
toda todo	7-75020-B,53-83906-B
todas formas	12-45346-S
todas partes	11-61077-S,16-36351-S,16-36478-S
todas partes por todas partes	11-61077-S
todas todo el mundo todos	10-82456-B
todas todos	14-3474-S
todavia	8-38540-B,34-23076-S,40-46328-B,61-81610-S
todo	7-75020-S,9-35070-S,23-19812-S,24-67741-S,53-83906-S,62-1345-S,62-10517-S
todo el corazon sinceramente	61-6143-S
todo el dia	67-8154-B
todo el mundo todos	10-82456-S
todo esta bien si termina bien	68-97241-S
todo lo incluye universal	45-64607-S
todo lo que	24-18895-B
todo mas que nada sobre todo	62-1345-S
todo poderoso omnipotente	14-32639-B
todo recto	14-86498-B
todo terreno	6-77255-S,8-27484-S
todos	10-82456-S,14-3474-S
todos ganan	68-51291-B
todos los caminos conducen a roma	60-29203-B
todos los dias	59-78206-S
todos los medios	66-10826-S
todos modos puesto que	40-39842-S
todzhin	26-43283-B
tofalar	26-43557-S
tofu	7-81905-B,52-14364-S
tofu sedoso	56-50791-B
toga	24-68842-B,45-28666-S,49-84833-B
toga traje academico	47-262-B
togo	12-48897-B,32-16083-S
togoles	44-17952-S
togolesa togoles	44-17952-B
tohono o odham	41-27277-B
toilette	56-11694-S
tojolabal	56-80478-B
tok pisin	43-42107-B
tokelau	33-76804-B
tokelauana tokelauano	55-45790-B
tokelauano	55-45667-B,55-45790-S
toki pona	17-84951-B
tokio	10-49896-B,10-51106-S,49-9833-S
tokita	28-18510-B
tol	43-40112-B
tola	49-45726-S
tolaki	49-44148-B
toldo	47-99752-B
toledana	65-20547-S
tolek	27-6144-S
tolerancia	20-29621-B,20-29824-B,52-71520-S
tolerancia a fallas	35-33654-B
tolerar	68-84850-S
tolerar aguantar	55-17601-B
tolerar aguantar sufrir	15-53240-S
tolo	27-16497-B
tolon	50-22220-B
tolosa toulouse	34-36556-B
tolowa	41-27382-B
toma	46-95623-B
toma de decisiones	54-27417-B
toma de posesion	24-63874-B,56-42568-B
toma de tierra	10-117601-S
toma electrica	55-86607-S
tomacorriente	66-90798-S
tomahawk	8-7929-B
tomar	8-49381-S,10-49172-S,10-49285-S,10-49391-B,10-49481-B,10-50723-S,10-50873-S,22-59917-S,69-56534-S
tomar los habitos	55-22713-B
tomar trasladarse	69-35640-B
tomar una foto	13-83608-S
tomar una sauna	16-26243-S,16-27022-B
tomar una sobredosis	68-47902-B
tomasa	60-0-B
tomate	17-8626-S,19-4658-B,44-52672-S
tomate cereza	37-61763-B
tomates	45-3796-S
tombak	16-89578-B
tombola	24-69142-B
tome	55-47582-S
tome y principe	12-94828-S
tomigusuku	30-53134-B
tomillo	55-72324-B
tomo	27-22606-B,39-32024-B
tomo kan dogon	40-44102-B
ton	18-71618-S
tonal	43-4060-S
tonelada	52-55493-B
tonelera tonelero	55-50996-B
tonelero	55-50996-S
tong	35-75794-S
tonga	13-14108-B,13-31996-B,16-46329-B,16-49586-B,17-22542-B
tongano	46-47394-B
tongren	26-52124-S
tongren tongren	26-52124-S
tonj bongo	28-40745-B
tonkin	42-8476-S
tono	14-81563-S
tonogenesis	43-4197-B
tonsilolito	65-96508-B
tonsura	40-20637-B,65-13168-B,65-13258-B
tonta tonto	10-116593-S,18-90289-B
tonto	8-62453-S,10-116593-S,11-95208-B,18-90289-S,61-36441-B
toolkit	54-58330-S
topadora	50-59195-S
tope	18-96508-B,18-96594-B,50-56144-S,50-58749-B,67-66155-S
topeka	16-4372-B
topico	13-54475-B,33-59282-S
topillo campesino	41-69689-B
topkapi palacio de la puerta de los canones	64-88645-S
topless	63-88601-B
topo	12-56389-B,12-64481-B
topo de nariz estrellada	66-74551-B
topo desnuda rata topo lampina ratopin rasurado	66-66613-S
topo lampina ratopin rasurado	66-66613-S
topografa topografo	60-3418-B
topografia	24-44336-B,24-44803-B
topografica topografico	60-3614-B
topografico	60-3614-S
topografo	60-3418-S
topologia	23-107403-B
topologia de red	65-30910-S
topologia en bus	65-57074-B
topologia en estrella	65-67197-B
topologica	53-47685-S
topologica topologico	52-105656-B
topologico	52-105656-S
toponimia	24-24449-B
toponimo	24-42297-B
toque de queda cubrefuego	14-10110-B
toracica cavidad toracica torax	56-37117-S
toracica toracico toraxica toraxico	38-1200-B
toracica torax	56-37117-S
toracico toraxica toraxico	38-1200-S
toracotomia	65-39721-B
torax	56-37117-S,63-20411-B
toraxica toraxico	38-1200-S
toraxico	38-1200-S
torbellino	18-2014-B
torcedura	61-58573-B
torcer	67-47233-B,69-23644-B
torcida torcido	40-59579-B,47-100049-B
torcido	40-59579-S,47-100049-S
torera torero	50-62206-B
torero	50-62206-S
toreutica	60-68577-B
torio	15-94205-B
torishima	30-51546-B
torit	31-43062-S
torlaco	16-96467-B
tormenta	5-95265-S,5-95868-S
tormenta de arena tormenta de polvo	24-38176-S
tormenta de hielo	67-8918-S
tormenta de polvo	24-38176-S
tormenta de verano	16-92755-B
tormento	47-45307-B
tormentosa tormentoso	13-20270-S,13-20494-S,16-92811-S
tormentoso	13-20270-S,13-20494-S,16-92811-S
tornado	5-126353-B
tornedalen	41-36900-S
torneo	20-39329-S
tornillo	44-8104-B
torno	23-91287-B
toro	19-57005-B
toro bravo toro de lidia	60-82810-B
toro de falaris	66-49165-B
toro de lidia	60-82810-S
toro so dogon	40-44389-B
toro tegu dogon	40-44464-B
toronja	22-7785-S,22-8112-S
toronjil	67-15093-S
toronjil de menta	57-2402-S
toronto	20-41437-B
toros	50-61463-S,50-62647-S
torpe	8-30626-S,17-82861-S,68-25955-S
torpe incapaz torpe zoquete	50-17620-S
torpe torpe	8-30626-S
torpe zoquete	50-17620-S
torpedero	22-64668-B
torpedo	23-106359-B
torpeza	53-39131-B
torquimetro	69-66668-S
torre	10-8263-B,15-78223-B,33-16521-S
torre de control	55-45140-B
torre de marfil	16-65786-B
torre de refrigeracion	2-9749-B
torre de vigilancia	60-99035-S
torre eiffel	34-54931-B
torrencial	19-36028-S,36-33155-B,53-11952-S
torrijas	68-99161-B
torshavn	44-52580-B
torsion llave dinamometrica torquimetro	69-66668-S
torso tronco	14-79562-B
torta	7-90216-S
torta de cumpleanos	42-44129-B
tortazo	36-2354-S
tortola turca	67-77903-B
tortuga	5-126572-B,63-19573-B
tortuga baula tortuga canal tortuga laud	41-62961-B
tortuga blanca tortuga tabasco	66-44071-B
tortuga canal tortuga laud	41-62961-S
tortuga laud	41-62961-S
tortuga tabasco	66-44071-S
tortuosa tortuoso	62-86218-S
tortuosidad	40-38944-B
tortuoso	62-86218-S,64-16210-S
tortura	49-30608-B
torturar	49-30944-B
tos	42-28139-B
tos convulsiva	60-3805-S
tosca tosco	40-8664-S
toscano de grosseto	32-26610-B
tosco	9-64578-B,40-8664-S
tosco e	27-42552-B
tosco escrita con escritura latina	27-41938-B
tosco escrito	27-41852-B
tosco formal	27-42224-B
tosco hablado	27-42098-B
tosco o	27-42340-B
tosco s	27-42446-B
toser	16-41782-B
tosferina coqueluche tos convulsiva	60-3805-B
tostada	9-79928-S
tostado tostada	9-79928-S
tostadora	13-92074-B
tostar	9-80060-B,10-17907-S
total	5-126946-S,6-116693-S,8-91897-S,53-55182-B
total de calidad	54-66652-S
totalidad	58-40444-B
totalitaria	19-74266-S
totalitarismos	15-30576-B
totalmente	48-79520-S,61-6278-S
totham	27-5923-S
totipotencia	67-44595-B
totipotente	67-44820-B
touch multicontacto multitactil	54-64104-S
touche	68-59908-B
toulouse	34-36556-S
toura	40-5480-B
tourangeau	32-10035-B
tournanche	32-21584-S
tours	50-20255-B
tovar	41-57523-S
town	55-40698-S,55-47432-S,55-49402-S
toxica toxico	52-55671-B
toxicidad	5-128203-B
toxico	5-127976-S,5-128428-S,5-129029-S,52-55671-S
toxicologa	55-41708-S
toxicologia	5-128688-B
toxicologicas	5-128571-S
toxicologo toxicologa	55-41708-B
toxicomano	34-586-S
toxina	5-129338-B
toxina botulinica	48-102035-B
toxoplasmosis	12-83078-B
tozluk	26-22674-S
traba	11-85063-S
trabaja en	44-53088-B
trabajador en la construccion	23-82302-B
trabajador trabajadora	13-62372-S,61-15818-S
trabajadora	13-62372-S,61-15818-S
trabajar	21-85346-B,23-24333-S
trabajar el jardin	57-65386-S
trabajo	1-157507-S,3-61682-S,3-90090-S,4-45901-S,6-43308-S,6-43488-S,6-43641-S,6-53713-S,6-141689-S,7-105953-S,13-70751-S,14-40364-S,20-53445-B,22-43413-S,22-44324-S,25-85503-S,25-105544-S,35-34548-S,42-42769-S,60-85130-S,60-85339-S,61-15738-S,67-12206-S
trabajo accidente laboral	6-42891-S
trabajo agotador	63-26460-B
trabajo atrasado	47-102869-B
trabajo de impresion	4-116743-S
trabajo escolar	7-21775-B
trabajo juvenil	6-47234-B
trabajo volumen de trabajo	42-42769-S
trabajolico	69-64730-B,69-64802-B
traccion	8-71037-B,67-55111-B
traccion sistema antipatinaje	11-47365-S
tradicion	20-83031-S
tradicion popular	6-54057-B
tradicional	5-132119-S,20-40584-B,37-17706-S,45-87529-S,66-21582-S
tradicional arquitectura vernacula	6-99332-S
tradicionalista	57-6191-B
tradicionalmente	44-40907-B
traduccion	10-70959-B,10-71912-B,10-98422-S,41-30333-B,41-30558-B
traduccion automatica	12-85691-B
traducible	43-35197-B
