sensitive	15-92741-B,15-92907-B,15-93048-B,52-70101-B
sensitivity	35-66112-B
sensitivity analysis	5-40829-B
sensitivity electrohypersensitivity	65-81262-S
sensitivity test	55-91181-S
sensor	6-112715-B,51-31998-S
sensory	51-101413-B
sensory receptor receptor	52-50576-B
sentence	6-106576-B,8-13170-B,8-13638-B,16-62841-S,18-9341-S,19-58670-S,58-52992-S
sentence adverb	19-7927-B
sentence final particle	21-33990-S
sententious	55-42397-B
sentinel	26-56189-B
seoul	33-65138-B
sepal	67-57307-B
separate	8-24527-S,8-28447-B
separate differentiate distinguish tell apart	58-55695-S
separate disjoin disunit	57-67489-B
separate out	18-12050-S
separate sewer system	6-133466-B
separate split divide split up	8-62245-B
separated	56-99708-S
separated values comma separated values csv	69-44451-S
separated values csv	69-44451-S
separately	12-2203-B
separation	39-34983-B
separatism	62-54341-S,63-53636-B
separatist	19-71418-B
separator	4-66364-S,5-41836-B
separator of light liquids	3-107976-B
sepedi	46-27695-S
sepia	41-49186-B,41-49665-B
sepik iwam	43-24679-B
sepsis	25-51276-B
septal defect	60-86255-S,68-49577-S
septal defect asd	61-530-S
septal defect interatrial septal defect asd	61-530-S
septal defect ventricular septal defect	60-86255-S
september	10-25076-B
september equinox	22-39027-B
septennial	58-81633-B
septic shock	41-41236-B
septic tank	5-42095-B
septum	45-31041-S
sepulcher	10-74305-S
sepulture	19-45966-S
sequence	16-7151-S,16-7378-S,22-10751-B,45-101419-S
sequence series	22-10129-B
sequence sort	22-10641-B
sequencing	65-77867-B
sequential	52-105853-B
sequester	15-83981-S
sequestration	5-42448-B,62-54109-S
sequitur	44-25679-S,44-25960-S
serb	16-95219-B
serbia	12-4308-B,32-32801-S
serbia and montenegro	15-48395-B
serbian	8-102719-B,16-95033-B
serbian cyrillic script	18-23768-B
serbian dinar dinar	44-9318-B
serbian latin script	45-87211-B
serbian serbo croat serbo croatian	16-96606-S
serbian spoken	32-59053-B
serbian written	32-58586-B
serbian written cyrillic script	32-58872-B
serbian written latin script	32-58703-B
serbo croat serbo croatian	16-96606-S
serbo croatian	16-96606-S
sercquais	32-8700-S
serenade	18-61718-B
serendipitously	17-21988-S
serendipity	43-62117-B
serene calm tranquil unagitated	38-4223-B
serene republic most serene republic of venice republic of venice venetian republic	57-35582-S
serene republic of venice republic of venice venetian republic	57-35582-S
serenity	40-12470-B
sergipe	35-24526-B
seri	44-30798-B
seri begawan	33-37681-S
serial killer	64-12131-B
serial line internet protocol	65-35462-S
serial number	21-60151-S
serial soap opera soap	33-19042-S
series	6-89099-S,22-10129-S,22-10388-B,23-18493-B,25-16020-S,47-92728-S
series methane series paraffin alkane	1-35966-S
series paraffin alkane	1-35966-S
serif	38-53694-B,38-53987-S
serious	10-74658-S,10-118639-B,18-95488-B
seriously	59-10772-S
seriousness	18-95571-B
seroa	30-46605-B
serology	25-51578-B
serpent root viper s grass viper s herb	53-62543-S
serpentine zigzag	14-40770-B
serpentines zigzag	14-40540-B
serrano	41-25706-B
serua	38-29427-S
serum	25-51796-B
serval	43-65059-B
servant	69-54031-B
serve	18-82944-B,23-24333-B,48-85622-S,66-44249-B,67-79859-B,67-80413-B,67-80492-B,67-80587-B,67-80700-B,67-80790-B,67-80925-B
serve wait on	67-80205-S
server	14-39011-B,22-76718-S,22-92116-S,47-97026-S,54-106949-S
server egg cup eggcup	20-96638-S
server web server	22-76718-S
server web server web server	22-76718-S
service	2-138745-S,3-66678-S,3-73650-S,5-6877-S,7-10291-S,7-42392-S,8-10478-S,19-76558-S,20-51380-S,21-2074-B,21-2346-B,40-12646-B,44-68548-S,47-97216-S,48-50985-B,51-90673-S,54-21941-S,54-88132-S,58-89100-S,64-16857-S,65-64073-S,68-97538-S,68-97800-S
service attack	64-73960-S
service customer service	68-97538-S,68-97800-S
service description language	66-11691-S
service elevator	47-50580-B
service national service	64-16857-S
service oriented architecture soa	54-79560-B
service oriented computing	66-47158-B
service provider	7-36089-S
service public utility utility	4-128516-S
service self service	20-51380-S
serviceability supportability	36-45937-B
services	6-78721-S,20-82093-S,48-60033-B
services digital network	21-11435-S
services tertiary sector	7-61076-B
servile vassal	61-36160-S
sesame	55-74795-B
sesame oil	49-54861-B
sese	31-28411-B
seselwa creole french seychellois creole	32-40378-B
seselwa creole french spoken	32-40573-B
seselwa seychellois creole	32-18003-B
sesotho sotho southern sotho	17-70607-B
sesquipedaliophobia sesquipedalophobia	64-78936-S
sesquipedalophobia	64-78936-S
session	40-11959-B
session hijacking session hijacking session stealing	65-66196-S
session hijacking session stealing	65-66196-S
session stealing	65-66196-S
sestian	32-2209-B
set	10-22304-B,10-22433-B,10-22583-B,10-22686-B,10-23061-B,10-98823-S,13-53935-S,19-41080-S,35-37992-S,66-80667-S,69-34582-S,69-42895-S
set about	34-25447-S
set about set out start out	15-55480-S
set apart	46-85821-S
set aside	69-64954-S
set boob tube google box idiot box television television receiver tv tv set	10-98823-S
set dataset	53-2264-S
set free set loose turn loose unleash	22-13742-S
set in motion	63-62798-S
set loose turn loose unleash	22-13742-S
set off	14-86366-S
set on	19-82945-S
set out start out	15-55480-S
set pose	19-38073-S
set theory	35-37751-B
set up	40-13229-B,69-62553-S
set up situation	20-91585-S
setpoint	16-87076-B
settee sofa	7-100696-S
setting	20-76363-S
settle	22-3356-S,40-35356-S,52-65999-S
settle accord reconcile	42-16570-B
settle down	22-17792-B
settle sort out try to settle try to sort out	64-86824-B
settle try to sort out	64-86824-S
settlement	3-45219-S,24-63526-B,56-63918-S
settlement concentration	5-43417-B
settlement shanty town squatter settlement	56-63918-S
settlement town	8-45763-B
settling subsiding	10-72659-S
settling tank	5-43748-B
seven	10-30265-B,10-42519-S,10-45402-S,10-55301-S,10-56922-S,11-102067-B,66-76683-S
seven hundred	68-2661-B
seven thousand	67-45228-B
seven year itch	57-79455-S
seventeen	10-32576-B
seventh	57-31345-B,66-60490-S
seventy	10-35270-B
seventy seven	66-76683-B
several	14-53552-B
severe	70-12178-B,70-12279-S
severe knockout	70-12075-S
severe terrible	70-11953-B
seville	21-87579-B
sew	8-68372-B
sewage	25-101233-B
sewage sludge	5-43897-B
sewage water	24-12685-B
sewer	6-133755-S
sewer sewerage system	5-44307-B
sewer system	6-133466-S
sewer system combined sewer	6-133755-S
sewerage system	5-44307-S
sex	10-92659-S,14-91317-B,16-37133-S,16-39406-S
sex bomb	11-738-S
sex gender	14-91003-B
sex make love	10-93776-S
sex make love make out	24-8467-S
sex make love sleep with	10-96579-S
sex marriage	17-10680-S,58-101876-S
sex organ sexual organ	25-39786-S
sex partner	48-95128-S
sexagenarian	66-40391-B
sexennial	58-81509-B
sexism	66-30457-B
sexist	66-30594-B,66-30717-B
sexologist	17-80421-B
sexology	17-80070-B
sextant	41-54951-B
sextuple	65-47706-B,65-47795-B
sexual	49-36855-B,49-36977-B
sexual deviation	16-90458-S
sexual dimorphism	58-109133-B
sexual intercourse	11-41138-S
sexual intimate	49-36710-B
sexual organ	25-39786-S
sexual reproduction	45-73809-B
sexual selection	58-105235-B
sexual union union	62-105188-S
sexuality	56-41509-B
sexually	59-29910-B,59-30017-S
sexually transmitted disease	23-52967-B
sexy	7-102090-S
seychelles	12-90367-S
seychelles republic of seychelles	12-90367-B
seychellois	32-40747-B
seychellois creole	32-18003-S,32-40378-S
sfsr transcaucasian socialist federative soviet republic	60-20085-S
sh shhh	69-22728-S
sha 2	65-29562-B
shabby	51-83668-S
shabunda	49-52812-S
shad	25-23161-S
shad mediterranean twaite shad	25-23161-S
shade	8-45153-B
shade shadow	8-44715-B
shaded shady	38-76191-B
shadeless unshaded	38-75117-B
shades sun cheaters sun glasses sunglasses	60-47728-B
shadhubhasha	30-3800-S
shadily	38-76827-B
shading	53-21948-B
shadow	8-44715-S,25-108701-B,49-69129-S
shady	33-33876-S,38-75673-B,38-76191-S
shaft	67-62728-S
shaft driving axle	15-68473-S
shag get laid have sex	10-92659-S
shahsavani	26-29382-B
shake	43-29624-S,43-29848-S,47-20470-B
shake fruit juice shake fruit shake	43-29624-B
shake fruit shake	43-29624-S
shake shake up	59-641-S
shake up	59-641-S
shaker	51-21932-S,61-47462-S,61-47565-S
shaker salad dressing shaker	51-21932-S
shakes	69-39638-S
shakespeare	68-45214-S
shaking shaky shivering trembling	59-73410-S
shaky	33-13611-B
shaky shivering trembling	59-73410-S
shale	4-50879-S,31-16346-B,46-53012-B
shale spoken	31-16446-B
shallot	52-8043-B
shallow	13-59485-S,42-30111-S,67-77502-B
shallowly superficially	68-88089-B
sham	24-34148-S
shamakhi	26-28052-B,33-11381-B
shambala	48-10389-B
shambles slaughter house	5-53414-S
shame disgrace ignominy	42-41742-B
shameless	43-6980-S,50-4940-S
shampoo	16-87848-B
shandy shandygaff	66-5208-B
shandygaff	66-5208-S
shanghai	63-66926-B
shanini	28-401-B
shankbone shin bone shinbone tibia	40-58629-B
shanty	33-36841-B
shanty town squatter settlement	56-63918-S
shantytown	23-76889-B
shanzi yao	31-10147-B
shape	9-5704-B,39-2400-B,40-15998-S
shape work	69-63512-S
shaped	14-6866-S,40-19558-S
shaped amygdaloid	46-74093-S
shaped cordate	62-9955-S
shaped orbicular	56-78665-S
shaped ovaliform ovate ovoid	62-69717-S
shapra	38-61851-S
shapsug	28-11143-B
share	16-47624-B,16-47841-B,16-48319-B,16-48577-B,20-96257-B,20-97026-S
share capital	19-102639-S
share of the capital	20-96880-S
sharecropper	25-105783-B
shareholder	59-88128-B
shares	21-46936-S,21-55403-S
sharib spoken	31-17798-S
sharin spoken	31-13002-S
sharing	63-7029-B,65-68053-S
sharing car club carsharing ride sharing	65-68053-S
shark	22-45647-B,68-41704-S
shark moneylender shylock usurer	62-96971-S
sharp	8-48574-B,14-52897-S,23-57042-B,25-107445-B,47-27489-B,47-27787-B
sharp eyed	57-77356-S
sharp shrewd cunning sly	46-90362-S
sharp witted smart witty	14-1084-S
sharpen	69-47615-B,69-47670-B,69-47833-B
sharpen focalise focalize focus	69-47749-B
sharpener	60-3199-S
sharpest tool in the shed putz simpleton	8-62453-S
sharply	22-0-B
sharpness	47-11982-B
sharpshooter marksman	43-11678-B
shashago	29-1437-B
shatt	31-21071-B,31-21379-S,31-21449-S,31-21519-S,33-6722-B
shatt al arab	44-60121-B
shatt spoken	31-21306-B
shatt written	31-21232-B
shatter	33-19865-B
shave	69-19253-B,69-19334-B
shaven	52-71348-S
shavian alphabet	13-48956-B
shaving razor	66-60202-S
shawl	50-80508-S
shawm	18-40634-B
shawnee	41-25797-B
she	11-38011-B,11-59924-S
she bear	65-44690-B
she wolf	61-5962-B
sheaf	50-60050-S
shear	33-43148-S
shear fleece	33-42997-B
shears	51-9760-S
shed putz simpleton	8-62453-S
sheeny yid	18-22544-S
sheep	8-15097-B,8-22636-B,61-5564-S
sheep milk sheep s milk	37-61643-B
sheep s clothing	11-46376-S
sheep s milk	37-61643-S
sheepflesh sheepmeat	68-92814-S
sheepmeat	68-92814-S
sheet	14-19348-S,14-19611-B,43-27526-B,66-38594-S
sheet bedsheet sheet	14-19348-S
sheikdom	69-42744-B
shekkacho written	31-48270-B
shekkacho written latin script	31-48397-B
shelf	2-6312-S,14-48629-B
shell	13-83135-B,40-21935-B,69-1973-B
shell fish	37-83350-B
shell shaped	40-19558-B
shell ssh	65-36136-S
shell trounce vanquish	24-89174-S
shelled mollusc	5-44839-B
shellfish	21-10685-B
shellfish farming	6-73719-B
shelter	1-50523-S,2-85238-S,5-115075-S,6-67408-B,23-68928-S,59-87161-B,68-85922-B,68-86031-B
shelter pet shelter	23-68928-S
shelter shield shielding	70-2356-S
shemul	29-17975-B
shenyang	63-71906-B
shenzhen	63-75156-B
shepherd	18-35030-B,41-68864-B
shepherd dog	45-95368-S
shepherd german shepherd dog	45-95368-S
shepherdess	41-68744-B
sherbro	38-23873-B
sheshi kham	44-80470-B
shew	20-15964-S
shh sh shhh	69-22728-B
shhh	69-22728-S
shi a	18-50648-B
shi mun	31-12573-B
shibboleth	16-88032-B
shida kartli	34-66698-B
shield	33-20305-B,39-57072-S
shield escutcheon	21-9399-B
shield shielding	70-2356-S
shielding	70-2356-S
shielding device	5-44960-B
shifinagh script	27-53845-S,27-54467-S
shift	40-35010-B
shift down	62-95518-S
shift nightshift	66-17790-S
shift up upshift	62-95785-B
shifting cultivation	5-45074-B
shifty deceitful	62-86590-S
shigellosis bacillary dysentery	69-20537-B
shiitake	61-81012-B
shiki	42-11768-B
shilha	43-33656-B
shilling	43-41731-S,43-43154-S,44-1942-S
shima	30-56964-S,30-57062-S
shin bone shinbone tibia	40-58629-S
shinbone tibia	40-58629-S
shine	14-13617-S,14-13809-S,14-13974-S,47-80444-B
shine gleam	14-13709-B
shine through	40-44847-B
shingles zona zoster	60-71094-S
shintari	29-18885-B
shinto	52-1154-B
ship	5-45694-B,45-29864-S,47-67715-B,61-4876-S,65-94854-S
ship freighter	14-4285-S
ship garbage	5-46741-B
ship sailing vessel	14-4524-S
ship slaver	67-5988-S
ship th	63-45232-S
shipbuilding	5-46185-B
shipment	52-74880-S
shipowner	47-8842-B
shipping	6-98333-S,13-88759-S
shipping accident	5-46280-B
shiptari	30-14152-B
shipwreck	13-63120-B
shipwrecked female shipwrecked person	13-93336-B
shipwrecked male shipwrecked person	13-93167-B
shipwrecked person	13-92995-B,13-93167-S,13-93336-S
shipyard	49-26892-S
shiraho	30-56414-B
shiraz	36-17848-B
shirt	9-66756-B,11-98632-S,11-98871-S,20-95832-S,60-47146-S
shirt t shirt	11-98632-S
shit	13-87714-B,13-90214-S,13-90647-S,13-90918-S
shit arsehole asshole	13-90422-B
shit ca ca crap defecate defæcate stool take a crap take a shit	13-90214-S
shit crap excrement faeces fecal matter feces fæces poo poop	13-89792-B
shit dogpile	13-92610-S
shit faced sloshed smashed sozzled trashed wasted well oiled	8-74627-S
shit shit	13-90647-S
shitting	61-53762-S
shiver shudder thrill throb	59-16842-B
shivering trembling	59-73410-S
shiwiar	34-84282-S
shlemiel	60-24939-S
shmooze	68-50327-S
shoal	11-7564-S,33-20575-B
shoal sandbank sandbar	47-88571-B
shock	23-9887-S,39-57673-B,41-41236-S
shocked by	33-17007-S
shocking	54-71027-B
shoe	8-40680-B,8-41052-S
shoe brush shoebrush	18-27894-B
shoebrush	18-27894-S
shoehorn shoespoon	65-63512-B
shoelace	14-66043-B
shoemaker	16-34015-S
shoespoon	65-63512-S
shom peng written	27-24518-B
shom peng written latin script	27-24645-B
shona	17-59582-S
shong lue yang script	27-9257-S
shong xong	27-20900-S
shoo minda nye	36-30158-B
shoot	57-16421-B,70-14416-S
shoot a line swash tout vaunt	62-18099-S
shoot apex shoot tip	25-19825-B
shoot dead smoke	24-91722-S
shoot set off	14-86366-B
shoot shoot dead smoke	24-91722-B
shoot tip	25-19825-S
shooting range	5-47249-B
shooting star	15-98328-S
shooting sure enough surely sure	50-43433-S
shootout	64-29055-S
shop	4-63454-S,5-47318-B,11-26032-S,20-53307-S,38-32282-B,54-99577-S
shop assistant cashier	23-19257-S
shop butcher s shop butchery	44-53234-S
shop butchery	44-53234-S
shop coffee shop tea shop	11-26032-S
shop jewellery store jewelry shop jewelry store	66-77304-S
shop jewelry store	66-77304-S
shop tea shop	11-26032-S
shopping	65-1957-S,67-71669-B
shopping arcade shopping mall shopping precinct	5-47551-S
shopping cart shopping trolley supermarket trolley trolley	18-30840-S
shopping mall shopping precinct	5-47551-S
shopping precinct	5-47551-S
shopping trolley supermarket trolley trolley	18-30840-S
shopworn threadbare timeworn tired trito well worn	19-8145-S
shor	26-40866-S,26-41541-B
shor 2	26-42665-B
shor formal	26-41874-B
shor spoken	26-41803-B
shore	63-23319-B
shoreline	53-84874-S
short	9-83604-B
short being shy	13-17796-S,13-17901-S
short circuit	47-91855-S
short film	20-35228-B
short lived transient transitory	44-40274-S
short short circuit	47-91855-B
short sleeved	41-23891-B
short story	44-75916-B
short term	19-22814-B,63-22913-B,63-23095-B
shortage	39-55591-S,56-20643-S
shortcoming	53-64810-S
shortcut crosscut cutoff	18-29284-B
shorten	14-55746-S
shortly soon speedily	14-11686-S
shortpastry	26-3994-B
shorts	68-93968-S
shorts boxers loose boxers	67-21924-S
shoshoni	41-25888-B
shot	44-2093-S
shot in the head shot to the head	56-43461-B
