tubo superior	67-56030-B
tubular	23-4354-B,56-78859-B
tuer gala	32-48762-B
tuerca	10-117966-B
tuerta tuerto	61-73078-S
tuerto	42-77705-B,61-73078-S
tuetano	25-105841-S
tugrik	43-47233-B
tugurio	33-36841-B
tukang besi de sur	36-67879-B
tukang besi norte	44-53758-B
tuki	36-21742-B
tula	32-54175-S,37-19279-B
tulio	16-8474-B
tulipan	17-89528-B
tulipera	68-40556-S
tulipomania	33-27568-B
tulones	32-2660-B
tulu	30-34864-B,30-35444-S
tulu escrito	30-35162-B
tulu escrito con escritura canaresa	30-35273-B
tulugu escrito con escritura tulugu historica	53-18686-B
tulugu escrito con escritura tulugu moderna	30-31834-B
tulugu historica	53-18686-S
tulugu moderna	30-31834-S
tuma irumu	43-16917-B
tumari kanuri	32-45457-B
tumba	10-74305-S
tumbuka	37-26094-B
tumefaccion	6-131191-B
tumi	45-85483-B
tummero	31-26036-B
tumor	5-143971-B,67-35038-B
tumoral	66-49404-B
tumulto	24-69419-B
tumzabt	27-60989-B
tumzabt escrito	27-61276-B
tumzabt escrito con escritura arabica	27-61607-B
tumzabt escrito con escritura latina	27-61471-B
tumzabt escrito con escritura tifinagh	27-61354-B
tuna	51-110854-S,60-63121-S
tundra	5-144236-B
tundra enets	41-7901-B
tunecina	46-70537-S
tunecina tunecino	55-43377-B
tunecino	35-20559-S,55-43377-S
tunecino hablado	35-1586-S
tunel	5-144771-B
tunel ip	65-64922-S
tunel tunel ip	65-64922-B
tunen	36-22716-B
tunez	43-20984-B
tunez tunicia	12-60520-B
tungag	49-45098-B
tungiasis	52-19339-B
tungsteno volframio wolframio	16-16764-B
tungus	26-44818-S
tunica	20-24215-B
tunicia	12-60520-S
tunka	26-48363-B
tunni escrito	29-13987-B
tunni escrito con escritura latina	29-14098-B
tunya	31-41091-B
tupla	70-1398-B
tur	37-20511-S
turba	4-67592-B
turbacion	18-80001-B
turbante	64-6607-B
turbar	40-53333-B
turbera	4-10934-S
turbiedad	5-145081-B
turbina	5-145422-B
turbina de accion	56-12357-B
turbina de agua	25-104793-B
turbina de vapor	12-92112-B
turbulencia	59-43744-B
turca	44-7228-S,46-70440-S,67-77903-S
turca del norte de chipre	21-35750-S
turcas y caicos	33-76355-S
turcicas lenguas turquicas turquico	26-19238-S
turco	9-2470-B,17-9179-B,17-9305-B,23-107166-S
turco chivo expiatorio	62-52729-S
turco escrito	26-19870-B
turco escrito con escritura latina	26-20182-B
turco escrito con escritura perso arabica	26-19985-B
turco formal	54-30119-B
turco gagauzo balcano	26-22010-S
turco gagauzo balcano turquico balcano	26-21705-B
turco general	54-30195-B
turco hablado	26-20349-B
turco no	54-30276-B
turco otomano	36-23646-B
turcohablante turcoparlante	60-90603-B
turcomana turcomano	55-35233-B,58-55121-B
turcomano	12-39554-B,55-35233-S,58-55121-S
turcomano escrito	26-24290-B
turcomano escrito con escritura cirilica	26-24413-B
turcomano escrito con escritura perso arabica	26-24600-B
turcomano hablado	26-24805-B
turcoparlante	60-90603-S
turgovia	51-78895-B
turi oriya	26-58358-B
turiec	32-51845-S,33-88395-B
turin	34-71869-B,35-17614-B
turing	38-6500-S
turingia	33-83509-B
turismo	5-127162-B,67-20673-S
turismo ecologico ecoturismo	2-73579-B
turismo rural	5-22928-B
turista	20-43258-B
turistica	66-70461-S
turistica turistico	49-12494-B
turistico	5-127650-S,49-12494-S,69-43745-B
turistico de deportes de invierno	6-77097-S
turistico de playa	6-76973-S
turka	32-56396-B
turki	26-38573-S
turki ili	43-8332-B
turkiye	32-32479-S
turkmen tibet	26-43831-B
turkmen tibet hablado	26-43905-B
turkmenistan	12-39996-B
turkmeno	44-7829-S
turku	25-12699-B
turno	24-28629-B,48-45478-S
turno de	12-30536-S
turno de noche	66-17790-B
turon europeo	64-82456-S
turon turon europeo	64-82456-B
turoyo	58-29984-B
turquesa	19-92967-B,19-93182-B,19-93480-B
turquia	10-102783-B
turquicas turquico	26-19238-S
turquico	9-3056-B,26-19238-S,26-19423-B,26-30628-S
turquico balcano	26-21705-S
turquico central turquico comun central	26-36071-B
turquico comun central	26-36071-S
turquico comun del norte turquico del norte	26-40000-B
turquico comun del sur turquico del sur	26-19758-B
turquico comun occidental turquico occidental	26-31442-B
turquico comun oriental turquico oriental	26-38193-B
turquico del norte	26-40000-S
turquico del sur	26-19758-S
turquico gerlovo	26-22294-B
turquico khorasani	26-25946-B
turquico occidental	26-31442-S
turquico oriental	26-38193-S
turquico tozluk	26-22674-B
turron	56-53314-B
tus	9-58644-B
tuscarora	41-27878-B
tutor	10-90574-S,49-2666-S
tutor tutora	59-5154-B
tutora	59-5154-S
tutu	46-87035-B
tututni	41-28249-B
tuva	18-78659-S
tuva altai	26-40116-B
tuva karagas	26-42906-S
tuva tiva republica de tuva	18-78659-S
tuva tuva tiva republica de tuva	18-78659-B
tuvalu	12-59952-B,55-48066-B
tuvano central	26-43142-B
tuvano del sureste	26-43345-B
tuvano formal	26-43069-B
tuvano hablado	26-42992-B
tuvano occidental	26-43211-B
tuvano tuvin tuvinio	45-6274-B
tuvin tuvinio	45-6274-S
tuvinio	45-6274-S
tuwal	30-47640-S
tuwali ifugao	42-74896-B
tuwuli	37-24879-B
tuzin	27-58824-S
tvp tromboembolia venosa trombosis venosa profunda	37-25620-B
twabo	41-67491-S
tween	5-145693-S
twents	43-13391-B
twi	31-38031-B
twittear	65-82497-B
tyap	44-544-B
type system	64-47522-S
tzeltal tseltal	56-79578-B
tzotzil	56-79783-B
tzutujil zutuhil	56-84295-B
u	19-68357-S,32-25752-S,32-28187-S,32-56307-S,58-13404-S
u de kiev	32-55918-B
u eeuu estados unidos estados unidos de america	9-56163-S
u otro	14-46939-S
u u eeuu estados unidos estados unidos de america	9-56163-S
ua	35-55090-S
uab meto	35-75965-B
uagadugu	33-64598-B
uare	48-16227-B
ubaghara	38-35479-B
ubicacion	14-23638-S,59-74231-S
ubicado en	44-58903-B,54-50168-B
ubicar	22-53573-S
ubicar posicionar situar	20-2789-S
ubicua	54-87096-S
ubicua ubicuo	19-68954-B
ubicuo	19-68954-S
ubre	66-73616-B
ubuntu	38-51244-B,50-31195-B
ubykh	28-11205-S
ubykh escrito	28-15456-B
ubykh escrito con escritura latina	28-15567-B
ucayali asheninka del sur	39-17482-B
ucayali yurua asheninka	39-16807-B
uchaf	28-29389-S
uchai sadri	30-364-B
ucrania	12-46671-B
ucraniana	26-107-B,44-55767-S
ucraniano	9-2303-B,17-3831-B,17-3960-B,26-0-B
ucranio canadiense	45-4223-B
ucranio escrito	32-54956-B
ucranio escrito con escritura cirilica	32-55250-B
ucranio escrito con escritura cirilica historica	32-55081-B
ucranio hablado	32-55386-B
uda	26-48062-B
udine	34-72636-B,35-22556-B
udmurtia	18-78851-B
udmurto votiaco	55-33118-B
udon	51-85465-B
udp	65-33756-B
ue	2-114043-S
uellan	28-52273-B
ufologia	22-93579-B
ufologo	22-93754-B
uganda	11-60696-B
ugandes	62-80895-S
ugandes ugandesa	62-80692-B
ugandesa	46-70342-S,62-80692-S
ugandesa ugandes	62-80895-B
uidi formal	30-25517-S
uigur	24-67503-B
uigur escrito	26-39065-B
uigur hablado	26-39137-B
uigur occidental	26-39203-B
uigur oriental	26-39275-B
ukaan	44-480-B
ukin	28-54748-B
ukpet ehom	35-27327-B
ukrainska bielorruso	32-55697-B
ukrainska f	32-55498-B
ukrainska g	32-55597-B
ukrainska ne	32-56010-B
ukrainska no	32-55817-B
ukrainska se	32-56750-B
ukrainska so	32-56111-B
ulagac	27-47357-B
ulan bator	43-47140-B
ulcera	25-73505-B
ulcera de buruli	65-48333-B
ulcera de estomago ulcera gastrica	23-2327-B
ulcera gastrica	23-2327-S
ulceracion	37-27883-B
ulceracion genital	23-55366-B
ulcerosa	37-28340-S
ulema	40-36347-B
ulid	28-1412-S
ulterior	62-2966-B
ulteriormente	61-26911-S
ultima	9-9296-S
ultimamente	24-28371-S
ultimatum	12-63062-B
ultimo ano	14-26950-S
ultimo antepasado comun universal	58-105613-B
ultimo final ultima	9-9296-B
ultimo unicornio	21-40540-S
ultrafiltracion	5-147273-B
ultrafina	55-54476-S
ultrajante	38-2991-B
ultramarinas de estados unidos	33-83951-S
ultramarinos	22-68588-S
ultrasonico	61-45562-S
ultrasonido	5-147548-B
ultratumba	13-57499-S
ultravioleta	5-147716-S,37-27044-B,37-27405-B,37-27670-S
umanakaina	41-58263-B
umatilla	41-28340-B
umbilical	11-43062-S
umbra	37-37742-B,47-15818-B
umbral	21-55771-B,40-18811-B
umbral de pobreza	42-60698-S
umiray dumaget	40-46656-S
umls	18-34763-B,40-11725-B
un	7-99480-B,61-38807-B
un acuerdo resolver sellar la disputa	64-86824-S
un ahogado	51-30715-S
un avion	11-64799-S
un cabello	61-37243-S
un cambio	62-95785-S
un cambio recortar reducir	62-95518-S
un clavado	64-25147-S
un delito por parte de la policia	24-92266-S
un duro	50-57598-S
un edificio	1-108824-S
un embalse	51-76733-S
un encargo	21-6868-S
un estanque pequeno	25-115-S
un jeque	69-42744-S
un lado por un lado por una parte	62-18550-S
un lado por una parte	62-18550-S
un mil	68-46687-S
un momento un rato	47-98315-B
un orgasmo	8-98025-S
un pase pasar	63-28448-S
un paseo pasear	45-107515-S
un pedo	24-63901-S
un perro viejo	69-45689-S
un poco	7-79584-B
un poco pizca apice	15-8760-B
un problema	25-82166-S
un rato	47-98315-S
un reactor fusion nuclear	2-11836-S
un recuento	22-84697-S
un roble sano como una manzana	69-39350-S
un sistema	58-37063-S
un solo canal	40-29467-S
un solo sentido flecha	67-1677-S
un tris	24-91604-S
un una	7-99917-B,9-40505-B
un una uno	67-24307-B
una	7-81594-B,7-99917-S,9-40505-S,21-79970-B,46-82959-B
una arana	18-51306-S
una botella	21-75229-S
una cada uno	19-32660-S
una cada uno todas todos	14-3474-S
una cereza	60-9230-S
una cosa encubrir	55-83682-S
una del dedo del pie	64-45451-B
una digresion	22-12289-S
una erupcion brotar	58-62857-S
una foto	13-83608-S
una hipotesis teorizar	62-41470-S
una mano entregar pasar	7-98024-S
una manzana	69-39350-S
una mula	62-15993-S
una nueva especie	64-138-S
una oreja marcar	11-48691-S
una pagina personal	22-69317-S
una parte	62-18550-S
una parte del tema parte del tema	1-0-S
una pieza	61-79810-S
una sauna	16-26243-S,16-27022-S
una sauna tomar una sauna	16-26243-S
una siesta	44-5187-S
una sobredosis	68-47902-S
una solucion de emergencia	33-50495-S
una telarana	18-51407-S
una uno	67-23909-B,67-24143-B,67-24307-S,67-24559-B
una vez	22-4245-B
unanime	23-104764-B,55-10404-S,62-87310-B
unanimemente	40-53474-S
unanimidad unanimemente	40-53474-S
unas	58-14391-S,61-38925-B,65-14474-S,69-66834-S
unas pintaunas	49-68144-S
unas unos	7-75456-S
uncus	25-73891-B
undimotriz	6-32394-S
undu	31-30640-B
uneapa	36-25719-B
unesco	23-77426-B
ung	30-46448-S
ungin	26-47963-B
ungir	39-3713-S,46-17284-B
unguento	47-66482-S
unguis	67-59280-S
ungulado	5-148646-B,66-68221-B
unica	65-41583-S
unica calle de un solo sentido flecha	67-1677-S
unica para multiples datos	52-108868-S
unica unico	13-12386-B,21-65931-B
unicamente	44-48574-S,50-34923-S
unicamente singular	61-6988-S
unicelular	21-50457-B
unico	12-10002-S,13-12386-S,21-65931-S
unicode	65-28361-B
unicolor	60-9863-S
unicornio	20-72670-B,21-40540-S
unidad	8-34023-B
unidad astronomica ua	35-55090-B
unidad central de proceso procesador	22-90174-S
unidad de	45-18584-B
unidad de masa atomica	45-37862-B
unidad de procesamiento grafico gpu	35-47904-B
unidad de tiempo	14-88288-B
unidad geografica	44-11597-B
unidades	54-98231-S
unidas	5-148810-S,15-19821-S
unidireccional	23-102553-B
unido de la gran bretana e irlanda del norte	12-41190-S
unido reino unido de la gran bretana e irlanda del norte	12-41190-S
unidos	12-94218-S,33-83951-S
unidos de america	9-56163-S
unidos estados unidos de america	9-56163-S
unidos islas virgenes estadounidenses	33-83665-S
unietti	31-24928-B
unietti hablado	31-24990-B
unifamiliar	6-99020-S
unificacion	23-103677-B
unificada	27-2006-S
unificada unificado	22-73613-B
unificado	22-73613-S
uniforme	23-102784-B,23-102980-B,40-53852-B
uniforme de recurso	64-38079-S
uniformidad	40-53959-B
uniformismo	49-64231-S
unilateral	13-8540-B
union	9-72062-B,55-21909-S,62-105188-S
union de republicas socialistas sovieticas	15-44997-S
union europea	2-118850-B,18-89402-S
union sovietica union de republicas socialistas sovieticas	15-44997-S
uniparental	33-45057-S
unir	22-13939-B,37-10661-S,43-22741-S
unirse	17-85838-S,33-37028-B,40-16957-B,69-46603-S
unisexual	33-44779-B
unitaria	54-54811-S
unitaria unitario	39-3047-B
unitario	4-115033-S,17-13478-S,39-3047-S
universal	6-43988-S,21-15775-S,25-74812-B,35-44103-B,37-78190-S,45-64607-S,58-105613-S,60-82239-S
universal description discovery and integration	66-12329-B
universalidad	33-45497-B,60-12257-B
universalmente	52-269-B
universidad academia	15-52078-B
universitaria	51-93530-S
universitaria estudiante universitario	59-50282-S
universitaria universitario	25-48225-S
universitario	25-48225-S,47-518-S,59-50282-S,60-98829-S
universo	12-76700-B
univocamente	69-348-B
univoco	19-33999-B
unix	38-54787-S,64-83011-S
unix unix	38-54787-B
uno	7-62853-B,7-100149-S,8-103263-B,10-35746-S,10-43459-S,10-53360-S,10-58881-S,14-47004-S,16-31873-S,19-32660-S,64-62725-S,67-23735-B,67-23909-S,67-24143-S,67-24307-S,67-24559-S,67-24695-B,67-24888-B,67-25082-B,67-25310-B,67-25503-B,67-25644-B,67-25843-B,67-26082-B,67-26270-B
uno a muchos	64-62231-S
uno a uno	64-62725-S
uno todas todos	14-3474-S
uno u otro	14-46939-B
unos	7-75456-S,7-79374-B
unos contra los otros	24-35967-S
unshu mikan	66-34060-B
untar mantequilla	7-76890-B
ununbio	16-14255-B
ununhexio	41-7124-B
ununoctio	15-46783-B
ununpentio	41-6829-B
ununquadio	41-6534-B
ununseptio	41-7416-B
ununtrio	41-6247-B
upazila	33-78322-B
uppercut	61-47094-S
uradhi	11-50561-B
urales	26-34312-S,44-61219-S
urali	30-38303-S
uralica	14-74830-S
uranio	5-150776-B,47-48970-S
uranio enriquecido	2-92765-B
urano	16-100973-B
urasoe	30-52688-B
urbana	2-52393-S,5-43584-S,5-151067-S,6-959-S,6-1108-S,6-1283-S,6-2003-S,6-57294-S,6-98879-S,7-312-S,18-717-S,57-83452-S
urbana degradada barrio urbano	7-29136-S
urbana urbano	23-74908-S
urbana zona metropolitana area metropolitana	23-75379-S
urbanismo	6-2334-S
urbanistica	6-386-S
urbanizacion	6-0-B
urbano	5-151526-S,5-151625-S,5-151985-S,6-189-S,6-2662-S,7-29136-S,23-74908-S,52-13485-S
urbano area urbana	5-151067-S
urbano de agua	6-2824-S
urbano espacio urbano area urbana	5-151067-S
urbano genoves u	32-25752-S
urbano tension urbana	6-2003-S
urbano urbanismo	6-2334-S
urbino	34-65276-S
urdu	9-2109-S
urdu escrito	29-44979-B
urdu escrito con escritura perso arabica	29-45110-B
urdu hablado	29-45299-B
urdu urdu	9-2109-B
urduhablante urduparlante	60-90248-B
urduparlante	60-90248-S
uremico hemolitico	66-22202-S
ureter	25-62364-B
uretra	11-42633-B
uretritis	62-10944-B
urfa	26-21154-B
urgencia	2-84694-S,2-85238-S,13-60414-B
urgente	19-85533-S,59-7735-S
uri	51-78647-B
uri identificador uniforme de recurso	64-38079-B
uri url	64-38275-B
urinario	61-47801-S,69-73017-S
url	64-38275-S
urna	24-33372-B,48-21325-B
urna funeraria	24-33057-S
urna urna funeraria	24-33057-B
urologa urologo	16-61889-B
urologia	23-103194-B
