illume illumine light up	16-60993-S
illuminance	17-51019-B
illuminate light illume illumine light up	16-60993-B
illuminated manuscript	60-24134-B
illumination	42-76665-S,53-19174-B
illumine light up	16-60993-S
illusion	19-4325-S
illusionist magician prestidigitator	55-25055-S
illustrate	53-94297-B,53-94465-B
illustration image map pattern picture design portraiture	19-67468-S
illustration instance representative	52-98761-S
ilocano ilokano iloco iloko iluko	17-69946-B
iloco iloko iluko	17-69946-S
ilokano iloco iloko iluko	17-69946-S
iloko iluko	17-69946-S
ilonggo	42-47770-S
ilongot	43-8428-B
ilue	43-8683-B
iluko	17-69946-S
image	4-86766-S,53-1552-S,65-97620-S
image analysis	47-63044-B
image classification	7-47289-B
image enhancement	7-46795-B
image filtering	7-46604-B
image from commons	65-93158-B
image idol	48-82281-S
image manipulation program	70-7819-S
image map pattern picture design portraiture	19-67468-S
image picture	8-35131-B
image presenter visual presenter	64-28459-S
image processing	3-53460-B
image processing digital system	7-45004-B
image processing technique	7-45407-S
image projector projector	67-30733-B
image registration	7-47151-B
imaginable	49-41759-S
imaginary	40-10442-S
imagination	68-42048-B
imagine	64-12665-B
imagine opine reckon suppose	9-5532-S
imaging	63-93660-S
imbongu	43-9087-B
imbroglio	54-91899-S
imeraguen	43-8831-B
imereti	34-63576-B
imf international monetary fund	6-85336-B
imho imho in my humble opinion	17-47618-B
imho in my humble opinion	17-47618-S
imitate	16-42749-S
imitate simulate	64-13569-B
imitative	63-55101-S
imitator	60-42470-S
immaculate impeccable	50-74448-S
immaterial asomatous bodiless incorporeal	53-75161-S
immaterial impertinent orthogonal	20-69894-S
immature infantile	24-5938-S
immeasurable	38-57890-B,38-58269-B
immediate	50-35089-B,50-35309-B
immediately	61-72266-B,61-72423-B,67-37645-S
immediately now at once directly instantly like a shot right away straight off straightaway	50-35488-S
immedicable irremediable uncurable	62-88911-S
immersion	64-9623-B
immersion blender stick blender wand blender	52-60169-S
immidir	27-52655-B
immigrant	11-81241-B,11-82168-B
immigration	42-15335-B
imminent	64-18448-B
immission	3-53708-B,4-31610-S,5-74417-S
immission concentration	3-138262-S
immission control	3-53969-B
immission control law	3-54288-B
immission damage	3-54628-B
immission forecast	3-54731-B
immix meld	54-92762-S
immobile	49-60551-S
immobile motionless	36-7757-B
immoral	15-40409-S
immoral unethical wrongly	15-50723-S
immortal	10-79665-B,10-79926-B
immortal deathless	56-22809-B
immune	59-27894-B
immune deficiency syndrome acquired immunodeficiency syndrome	1-25540-S
immune response	42-4292-B
immune suppressant drug immunosuppressant immunosuppressive immunosuppressive agent immunosuppressor	65-10679-S
immune system	3-54924-B
immunity	3-55444-B,23-5076-S,23-6213-S,23-6559-S,23-56013-S
immunity cellular immunity	23-6559-S
immunoassay	3-55707-B
immunodeficiency	21-51115-B
immunodeficiency syndrome	1-25540-S
immunodeficiency virus	21-51633-S
immunofluorescence	64-20031-B
immunological disease	3-55941-B
immunologist	64-15182-B
immunology	3-56517-B
immunosuppressant immunosuppressive immunosuppressive agent immunosuppressor	65-10679-S
immunosuppressed	65-10512-B
immunosuppression	65-10408-B
immunosuppressive agent immunosuppressor	65-10679-S
immunosuppressive drug immune suppressant drug immunosuppressant immunosuppressive immunosuppressive agent immunosuppressor	65-10679-B
immunosuppressive immunosuppressive agent immunosuppressor	65-10679-S
immunosuppressor	65-10679-S
immunotherapy	64-40833-B
imonda	43-9000-B
impact	2-97761-S,10-85083-S,20-61063-B
impact crater	35-57911-B
impactor	3-56869-B
impairment	3-34721-S
impala	43-61420-B
impale	18-7009-B
impalpable intangible philosophical untouchable	41-59072-S
impart lend	10-47987-S
impartial	23-4012-B
impassable	64-11722-B
impasse dead end deadlock stalemate standstill	56-20089-B
impassioned	64-14022-B
impatient	64-10164-B
impeach incriminate	44-45619-S
impeccable	50-74448-S
impeccant sinless	61-66832-S
impedance	64-10333-B
impede jam obstruct obturate occlude	14-93298-S
impedimenta	60-69846-B
impel	68-86476-B
impenetrable	64-21930-B
imperative	24-48983-B
imperceptibly unnoticeably	64-19534-B
imperfective verb	25-109121-B
imperia	32-25450-B,34-50103-B
imperial	52-1392-B,52-1523-B
imperial aramaic official aramaic	9-79163-B
imperialism	48-27666-B
imperialist	48-27854-B
impermeable waterproof	24-57077-B
impersonal	56-86454-B
impersonal verb	39-8636-B
impertinence	64-33521-B
impertinent impudent overbold sassy saucy smart wise	12-40276-S
impertinent orthogonal	20-69894-S
imperturbability	66-35459-B
impetuous	20-42506-B
impetus	40-20236-B
impinge on run into	69-67294-S
implant	69-1364-B,69-1504-B,69-1644-B
implausible	52-32389-B
implement	53-35849-B,53-36074-B
implement put through	20-48035-S
implementation	19-86235-B,19-86465-B
implication	22-60109-B
implication undertone	18-58087-S
implicit	53-29950-B
implore	22-30002-B
implosion	64-10272-B
impluvium	45-0-B
imply	58-24211-S
impolite	57-29223-S
impolite indecent unchivalrous ungentlemanly	41-39106-B
import	3-57059-B,52-82714-B,67-76947-B
importance	21-84917-B,69-10941-S
importance pertinence relevance remarkableness significance	21-82371-B
important	7-101396-S
impose	20-61403-B
impossibility	64-26737-B
impossible	59-26130-B
impostor slicker swindler trickster	51-26647-S
impotence	50-50710-S
impotence male impotence	50-50710-S
impotent	50-51042-B
impound sequester	15-83981-S
impoverish pauperize	33-29168-B,56-64617-S
impoverished pauperized	56-64388-B
impoverishment	3-57296-B
imprecate swear	48-45879-S
imprecation malediction	56-10267-S
imprecise	64-18537-B
imprecise loose obscure vague ambiguous unclear	68-6945-B
impregnate	49-31270-B
impression	42-15918-B
impressionable	64-22192-B
impressionism	62-45145-B
impressive	64-12047-B
imprint	40-13379-B
imprison incarcerate jail lock up	64-12861-B
imprisoned jailed locked up	62-35387-S
improbable	14-18558-S
improbable remote unlikely	47-30833-B
improbably unlikely	64-64320-B
impropriety	64-22137-B
improve	17-52545-S
improve amend meliorate	12-80146-S
improve meliorate	15-57641-S
improvement	3-43146-S,5-65614-S,22-22931-S,54-65895-S
improvisation	16-86386-B
improvise	64-11247-B
imprudent irrational	68-92114-S
impudence	58-43889-S
impudent overbold sassy saucy smart wise	12-40276-S
impugn compete contend	21-7041-S
impulse	20-47017-S,38-68549-B
impulse turbine	56-12357-B
impulsive	64-13484-B
impulsive noise	3-57406-B
impunity	16-80477-B
impureness impurity	67-47800-B
impurity	59-71891-B,67-47800-S
imputation	20-62069-B
imroing	43-9176-B
imudji koko yimidir kuku jimidir kuku yimidhirr kuku yimithirr kukuyimidir	45-85814-S
in	12-72956-S,14-50833-S,40-36462-S,41-12465-S,43-12188-S,44-22276-S,44-58903-S,47-27221-S,50-51357-S,51-14077-S,60-14265-S,60-44813-S,67-13846-S,69-52962-S
in a	44-53088-S
in a bottle	21-75229-S
in a rant mischivous ranting wild	12-36826-S
in a small pond	25-115-S
in a trice	24-91604-B
in addition to together with	9-35271-S
in advance	34-28577-B,68-446-S
in ascending order	34-40319-S
in bed	20-58538-S
in blood	3-101392-S
in break in	50-51357-S
in case	14-14192-B
in chief generalissimo	23-19092-S
in childbed	59-61000-S
in clear earn gain pull in realise realize take in make	67-37011-S
in collaboration unitedly	61-79350-S
in colorise colorize colour colour in colourise colourize	69-37036-S
in colourise colourize	69-37036-S
in concert together	61-79985-B
in condition	65-8557-S
in consequence	19-33481-S
in depth	66-27504-S
in dispair	25-105814-S
in domesticate domesticise domesticize reclaim	68-87131-S
in droves	8-28634-B
in earnest seriously	59-10772-S
in education	25-79462-S
in fact	40-18982-B
in fact in truth indeed	44-50981-S
in fill out	69-23210-S
in former times in the past	24-27418-S
in front	12-17838-S
in future in the future	61-26911-B
in general in the main	48-28925-S
in get together join	17-85838-S
in give up yield succumb	18-41264-S
in go far make it	15-38754-S
in good faith	69-55586-S
in hand is worth more than a great thing in prospect	65-99338-S
in have	10-50723-S
in inhalation inspiration	47-52622-S
in inhale	14-75456-S
in inside	8-69432-B
in intrude nose pry	69-67835-S
in invite	63-19250-S
in law	20-88525-S,20-94331-S,20-94475-S,20-94621-S,20-95276-S,33-3978-S,33-4100-S,45-11571-S,63-36758-S,63-36882-S,63-37233-S,67-22567-S,67-69432-S,67-69824-S,67-70306-S
in log in login	56-8697-S
in login	56-8697-S
in love smitten	11-58741-B
in make	67-37011-S
in memoriam	67-88134-B
in motion	63-62798-S
in my humble opinion	17-47618-S
in obsolescence planned obsolescence	66-14601-S
in one s chips choke conk croak drop dead give up the ghost go perish pop off snuff it	8-103554-S
in opinion judge regard think	61-21736-S
in pencil	19-57126-B
in place secure	68-83125-S
in power ruling party	22-58219-S
in profile	62-16456-B
in prospect	65-99338-S
in real time in real time in realtime	62-5558-S
in real time in realtime	62-5558-S
in realise realize take in make	67-37011-S
in realtime	62-5558-S
in rude health right as rain sound as a bell sound in wind and limb	69-39350-S
in sheep s clothing	11-46376-S
in situ	3-73088-B
in spite of	14-47442-S
in spite of that	38-51411-S
in succession individually	61-76268-S
in surround	13-39243-S
in the	43-18547-S,54-50168-S
in the affirmative	65-51715-S
in the afternoon	61-71834-B
in the air	61-80652-S
in the ass pain in the neck	46-14604-S
in the box	67-86966-S
in the bush a little thing in hand is worth more than a great thing in prospect	65-99338-S
in the day	33-31173-B
in the eating	24-56060-S
in the evening	11-4213-B,23-95127-S
in the face	36-2354-S
in the field	20-62626-B
in the future	61-26911-S
in the hand is worth two in the bush a little thing in hand is worth more than a great thing in prospect	65-99338-S
in the head shot to the head	56-43461-S
in the hole	49-80689-S
in the hole toad in the hole	49-80689-S
in the main	48-28925-S
in the main mainly	49-37435-S
in the middle attack	64-77410-S
in the morning	11-4384-B,23-95272-S,61-71779-B
in the mouth downcast downhearted low low spirited	15-62202-S
in the neck	33-9284-S,46-14604-S
in the negative	65-51856-S
in the ozone layer ozone hole	63-67248-S
in the past	24-27418-S
in the rough	65-99237-S
in the shed putz simpleton	8-62453-S
in the sign of	20-70722-B
in the skin	13-78226-S
in the tooth old	25-4483-S
in time compilation	64-50565-S
in triplicate	64-10102-B
in truth indeed	44-50981-S
in tune	21-49104-S
in turn	19-24025-B
in utero	51-105399-B
in vain to no avail to no purpose vainly	41-60577-S
in view of	20-63100-B
in visit	69-71123-S
in vitro	51-105573-B
in vitro assay	3-80887-B
in vitro fertilisation in vitro fertilization	10-11556-S
in vitro fertilisation in vitro fertilization in vitro fertilisation in vitro fertilization	10-11556-S
in vitro fertilization	10-11556-S
in vitro fertilization in vitro fertilisation in vitro fertilization	10-11556-S
in vivo	52-34128-B
in vivo assay	3-81056-B
in voltage brown out brownout	9-98037-S
in wait trap	59-93347-S
in where wherein	60-50803-B
in wind and limb	69-39350-S
ina tanaina	41-26351-S
inabaknon	34-82420-B
inability	50-56218-B
inadequacy insufficiency lack	56-49884-S
inadequate	64-13687-B
inadvertent	38-69913-B
inadvertently	61-73484-B
inalienable	64-19836-B
inappropriate unfit unsuitable	64-21836-B
inaugurate	44-47743-B
inauguration	56-42568-B
inborn innate	48-27207-S
inbreeding	63-8681-S
inca berry peruvian cherry peruvian groundcherry cape gooseberry golden berry goldenberry ground cherry ground cherry haranksh horse tomato physalis poha berry	54-35292-B
incandescent lamp incandescent light bulb light bulb lightbulb	18-31562-S
incandescent light bulb light bulb lightbulb	18-31562-S
incandescent white hot	18-3300-B
incantation	33-17036-B
incantation spell magic spell	9-51979-S
incapacitate	64-23053-B
incarcerate jail lock up	64-12861-S
incase	58-18592-S
incendiary	46-64839-S
incense infuriate	62-94549-S
incentive	24-58638-S
incentive fiscal incentive	24-58638-S
incessant	20-9639-B
incessant non stop permanent	43-25432-S
incest	24-8687-B
incestuous	64-11926-B
inch	11-47011-B
incheon	63-65290-B
inchoate	17-98163-B
inchworm looper measuring worm spanworm	67-0-S
incidence	52-42728-B,52-42930-B
incident	53-28334-B,53-28673-B
incinerate	64-18615-B
incineration	1-152742-S,55-95683-S
incineration of waste	3-57801-B
incinerator	3-58067-B
incision	43-36690-S
incisiveness	24-60588-B
incite	54-70624-B
inclination	24-60612-S,24-60873-B
inclination penchant predilection predisposition proclivity propensity tendency proneness	17-53367-S
incline	59-21730-B
incline inclination	24-60612-B
incline pitch slope	68-79803-B
inclined	40-14253-B,40-51936-B
include	21-83429-B
include let in	69-52962-S
inclusion	69-2432-B
inclusion compound	64-25415-S
inclusive	59-32236-B
inclusive language politically correct language politically correct language	22-2915-B
incognito	64-10448-B
incoherent	64-16126-B
income	3-58605-B,23-87526-B,25-90115-S,42-26332-S
income net profit profit profits	25-89792-S
income revenue yield	21-6101-B
income tax	7-13953-B
incommode inconvenience put out	18-49540-S
incomparable	40-14484-B
incompetence ineptitude	64-11852-B
incompetent	64-22272-B
incomplete	53-9554-B
inconceivable incredible unbelievable	64-24204-B
inconcrete nonconcrete not concrete	36-63677-S
incongruous	56-16939-S
inconsistent	40-15300-B
incontinence	11-103019-B
inconvenience put out	18-49540-S
inconvenient	64-19039-B
incorporate	40-19156-B
incorporation	3-58969-B
incorporation articles of partnership bylaws company agreement contract of association memorandum of association	19-81224-S
incorporeal	53-75161-S
incorrigible	19-96679-B
increase	2-13947-S,9-54577-S,20-54796-B
increasingly	59-49922-B
incredible unbelievable	64-24204-S
incredibly	59-20368-B
incredibly marvellously marvelously superbly terrifically toppingly wonderfully wondrous wondrously	59-78884-S
increment	20-63442-B
increment increase	9-54577-S
incremental	54-59303-B
incriminate	44-45619-S
incubator	24-7707-B
incumbent	22-47950-B
incumbent officeholder	22-48116-B
incur	64-22017-B
incurable immedicable irremediable uncurable	62-88911-B
inde	32-18232-S
inde spoken	32-18319-S
indebted	24-61171-B
indebtedness liability	61-68709-S
indecent	33-42877-B
indecent unchivalrous ungentlemanly	41-39106-S
indeed	22-60827-B,44-50981-S
indeed okay	52-43206-B
indeed so	52-43112-B
indefinite article	18-43627-B
indefinite numeral	18-43978-B
indefinite pronoun	18-45716-B
indemnify	68-84466-B
indemnify insure	68-84193-B
indemnify liable to pay damages	18-10270-S
indemnities	54-131434-B
indemnity	3-59160-B
independence	22-54841-B,25-13866-S
independent	69-5350-B,69-5482-B
independently	50-43278-B
indescribability indescribableness ineffability ineffableness inexpressibility inexpressibleness undescribability undescribableness unspeakability unspeakableness unutterability unutterableness	62-4971-B
indescribable ineffable inexpressible undescribable unspeakable unutterable	62-4420-B
indescribableness ineffability ineffableness inexpressibility inexpressibleness undescribability undescribableness unspeakability unspeakableness unutterability unutterableness	62-4971-S
indescribably ineffably inexpressibly undescribably unspeakably unutterably	62-4742-B
index	5-28923-S,6-88503-B,6-116925-S,45-83924-S,45-96137-S
index finger arrow finger demonstrator index insignitor lickpot pointer pointer finger pointling showing finger teacher trigger finger	13-51001-S
index floor space ratio	67-19259-S
index insignitor lickpot pointer pointer finger pointling showing finger teacher trigger finger	13-51001-S
indexing	25-78434-B
indi ayta	37-9826-S
india	7-120654-S,7-121122-B,16-62321-S,26-56388-S
india republic of india	7-120654-B
india written	29-31668-S
india written nagari script	29-31813-S
india written perso arabic script	29-32012-S
indian	44-27207-B
indian devil mexican lion brown tiger catamount cougar deer tiger ghost cat king cat mountain lion mountain screamer painted cat painter panther puma red lion red panther red tiger silver lion sneak cat	12-27648-S
indian fig barbary fig	60-63121-B
indian ocean	3-59638-B
indian ocean territory biot	32-67377-S
indian rupee rupee	44-27371-B
indian sign language	41-21985-S,42-35757-B
indian strawberry mock strawberry	53-69083-B
indiana	14-36318-B
indianapolis	16-4159-B
indic indic languages indo aryan languages	29-15686-B
indic languages indo aryan languages	29-15686-S
indicate reveal	20-50257-S
indicate signalise signalize	23-38619-S
indication	22-54556-B
indication point of reference	54-71451-B
indicative	24-47300-B,40-18591-B
indicator	1-89551-S,2-98255-S,25-78916-S,25-79184-S
indicator directional directional indicator directional signal flasher flashing indicator indicator indicator light turn indicator turn light turn signal turn signal flasher	63-7511-S
indicator directional signal flasher flashing indicator indicator indicator light turn indicator turn light turn signal turn signal flasher	63-7511-S
indicator indicator indicator light turn indicator turn light turn signal turn signal flasher	63-7511-S
indicator indicator light turn indicator turn light turn signal turn signal flasher	63-7511-S
indicator light turn indicator turn light turn signal turn signal flasher	63-7511-S
indicator species	9-14763-B
indicator turn light turn signal turn signal flasher	63-7511-S
indifectible	24-61190-B
indifference	57-44762-S
indifferent apathetic	64-40258-B
indigence	25-99078-B
indigence penury poverty privation	56-98283-S
indigenous	22-36022-S,44-51684-S
indigenous forest	3-60321-B
indigenous knowledge	7-34707-B
indigenous languages of the americas	67-68765-B
indigenous species	37-59603-B
indigent necessitous	68-20648-S
indigestible	64-20717-B
indigestion pyrosis	64-18737-S
indigo	66-84639-B,66-84787-B
indigo dye	47-28195-S
