tuning diode varactor varactor diode variable capacitance diode variable reactance diode varicap diode	61-26730-B
tunis	43-20984-B
tunisia	12-60520-B
tunisian	55-43377-B
tunisian arabic	35-20559-S
tunisian dinar	55-43522-B
tunisian sign language	46-70537-B
tunisian spoken arabic	35-1586-B
tunka	26-48363-B
tunnel	5-144771-B,65-64922-S
tunnel tunnel	65-64922-S
tunnel vault wagon vault	38-44982-S
tunni written	29-13987-B
tunni written latin script	29-14098-B
tunny	22-45916-S
tunya	31-41091-B
tuple	70-1398-S
tuple n tuple	70-1398-B
tur	37-20511-S
turban	64-6607-B
turbidity turbidness	5-145081-B
turbidness	5-145081-S
turbine	5-145422-B,12-92112-S,25-104793-S,56-12357-S
turbulence	59-43744-B
turdaş script	44-24535-S
tureen	60-94162-B
turiec	32-51845-B,33-88395-B
turin	34-71869-B,35-17614-B
turing machine	38-6500-B
turk	17-9179-B
turka	32-56396-B
turkey	10-102783-B,10-103042-B
turkey tail	66-22429-B
turki	26-38573-S,43-8332-S
turkic	9-3056-B,26-19238-B,26-19423-S,26-21705-S
turkic central	26-36071-S
turkic eastern	26-38193-S
turkic khalaj	26-30628-B
turkic küerik melets tatar	26-40936-S
turkic northern	26-40000-S
turkic southern	26-19758-S
turkic western	26-31442-S
turkish	9-2470-B,17-9305-B,25-100819-S,26-25946-S,36-23646-S
turkish balkan turkic	26-21705-S
turkish crimean tatar spoken	26-23482-S
turkish new lira	44-7228-B
turkish republic of northern cyprus	21-35750-B
turkish sign language	46-70440-B
turkish speaking	60-90603-B
turkish spoken	26-20349-B,26-22010-S
turkish written	26-19870-B
turkish written latin script	26-20182-B
turkish written perso arabic script	26-19985-B
turkmen	12-39554-B,55-35233-B,58-55121-B
turkmen spoken	26-24805-B
turkmen tibet	26-43831-B
turkmen tibet spoken	26-43905-B
turkmen written	26-24290-B
turkmen written cyrillic script	26-24413-B
turkmen written perso arabic script	26-24600-B
turkmenistan	12-39996-B
turkmenistani manat	44-7829-B
turks	26-22294-S,26-22674-S
turks and caicos islands	33-76355-B
turku	25-12699-B
turmeric	16-45272-B,68-65142-B
turn	19-24025-S,20-66883-S,24-76571-B,51-95223-B
turn back	69-35389-S
turn become	52-39027-B
turn gyrate	8-63918-S
turn indicator turn light turn signal turn signal flasher	63-7511-S
turn light turn signal turn signal flasher	63-7511-S
turn loose unleash	22-13742-S
turn of the year	18-70253-B
turn off	59-29689-S
turn on	14-58648-S
turn on power up	43-26352-S
turn out	40-13494-S
turn out to be	21-46090-B
turn signal flasher	63-7511-S
turn signal turn signal flasher	63-7511-S
turn sour	47-12970-B
turn veer	9-45546-B
turnaround	20-83617-B,20-83819-B
turning circle	48-60357-B
turning point	18-71952-B,49-26593-B
turnip	52-7769-S,56-65526-S
turnip cabbage turnip	56-65526-S
turnip white turnip	52-7769-B
turnover	1-88038-S,52-56199-B,52-56411-B
turnscrew	15-60766-S
turntable	69-738-S
turoyo	58-29984-S
turquoise	19-92967-B,19-93182-B,19-93480-B
turtle	41-62961-S,63-19573-B,66-44071-S
turtle mesoamerican river turtle	66-44071-S
tuscarora	41-27878-B
tush	15-56048-S
tusk	43-13474-B
tusker wild boar	64-1330-S
tussie mussie	60-84783-S
tussle	33-50482-B
tutorial	22-66404-S
tutorial computer lessons computer tutorial	22-66404-S
tutu	46-87035-S
tututni	41-28249-B
tuva altai	26-40116-B
tuva karagas cluster	26-42906-B
tuva tyva tyva republic	18-78659-B
tuvalu	12-59952-B
tuvaluan	55-48066-B
tuvan tuvin tuvinian tyvan	45-6274-B
tuvin c	26-43142-B
tuvin formal	26-43069-B
tuvin se	26-43345-B
tuvin tuvinian tyvan	45-6274-S
tuvin w	26-43211-B
tuvinian spoken	26-42992-B
tuvinian tyvan	45-6274-S
tuwal	30-47640-S
tuwali ifugao	42-74896-B
tuwuli	37-24879-B
tuxedo	25-15004-B
tuzin	27-58824-S
tv dinner ready meal	66-77432-B
tv set	10-98823-S,69-42895-B
tv station television station	66-44565-B,66-44752-B
tv tv set	10-98823-S
twabo	41-67491-S
twaddle	24-54324-B
twaite shad	25-23161-S
twat	62-6983-S
tweak	68-43522-S
tween deck tanker	5-145693-B
tweet twitter	65-82497-B
twelfth	57-30830-S
twelve	10-31140-B
twentieth	57-36542-B
twents	43-13391-B
twenty	10-32877-B
twenty cent coin twenty cent piece	37-8552-B
twenty cent piece	37-8552-S
twenty eight	10-42835-B
twenty five	10-41894-B
twenty four	10-41578-B
twenty nine	10-43154-B
twenty one	10-40663-S
twenty one twenty one	10-40663-B
twenty seven	10-42519-B
twenty six	10-42206-B
twenty three	10-41257-S
twenty twenty three	10-41257-S
twenty two	10-40959-B
twi	31-38031-B
twice	9-19171-B
twice yearly	16-84025-S
twilight	36-34799-B
twilight dusk	14-31461-B
twin	19-53233-S,19-53642-B
twin hull craft	5-145906-B
twin monozygotic twin	19-53233-S
twinning	16-60149-S
twist	67-47233-B
twisted pair cabling	65-32877-B
twitch	58-85420-S
twitter	65-82497-S
two	7-62145-B,8-104605-B,10-40959-S,10-43766-S,10-53666-S,10-58559-S,26-1174-B,46-29307-B
two cent coin two cent piece	37-8981-B
two cent piece	37-8981-S
two dimensional 2d	53-19862-B
two euro coin two euro piece	37-8438-B
two euro piece	37-8438-S
two footed	61-89504-S
two headed	60-72067-S
two hundred	49-6276-B
two in the bush a little thing in hand is worth more than a great thing in prospect	65-99338-S
two lane	40-29310-B
two legged	19-70049-B
two month	68-50570-B
two stroke engine	5-146059-B
two thousand	67-47468-B
two weeks	51-66120-S
tyap	44-544-B
tycoon magnate mogul	64-6504-S
tympanic membane	13-40471-S
type	1-144727-S,5-68937-S,6-7257-S,9-43208-S,21-61154-S,25-32268-S,52-69151-B
type 1	21-53002-S,65-11240-S
type 2	45-82877-S
type adjective	21-28061-S,21-28327-S
type definition	64-54819-S
type of claim	5-146321-B
type of tenure	7-5051-B
type system	64-47522-S
type typewrite	9-63579-S
typeface	10-101669-S
typewrite	9-63579-S
typewriter	67-88512-B
typhlenteritis typhlitis	62-21364-S
typhlitis	62-21364-S
typhoid fever	13-76286-B
typhoon	5-146794-B
typhus black vomit yellow fever yellow jack	65-48937-S
typical representative	50-41303-B
typically	50-41638-B
typing genetic fingerprinting	45-81232-S
typist	67-88703-B
typo	9-78955-B
typography	23-3726-B
typology	18-84535-B
tyrannicide	62-41899-B
tyranny	56-96773-S
tyrant	61-61893-S
tyre	5-146923-S
tyrol	33-84561-B
tyrrany	15-32523-B
tyrrhenian sea	43-21825-B
tyva republic	18-78659-S
tyva tyva republic	18-78659-S
tyvan	45-6274-S
tz utujiil tz utujil	56-84295-B
tz utujil	56-84295-S
tzar	51-6577-S
tzarevitch	51-6898-S
tzarina	51-6778-S
tzeltal	56-79578-B
tzimbrisch	38-77693-S
tzotzil	56-79783-B
tâf rhondda	28-30176-B
téén	50-79457-S
tête de boule	36-2885-S
tórshavn	44-52580-B
tögrög	43-47233-B
tübatulabal	41-27777-B
türkiye	32-32479-S
türkçe formal	54-30119-B
türkçe generalisd	54-30195-B
türkçe nw	54-30276-B
u	32-25752-S,32-28187-S,32-55918-S,32-56307-S,48-102642-S,58-13404-S
u boat submarine	5-99226-B
u ge	31-18450-S
u ge spoken	31-18516-S
u s a united states united states of america usa	9-56163-S
u s dollar	19-89629-B
u s english united states english	16-74329-S
u s of a u s a united states united states of america usa	9-56163-S
u s u s of a u s a united states united states of america usa	9-56163-S
uab meto	35-75965-B
uare	48-16227-B
ubaghara	38-35479-B
ubamer	31-45360-S
ubiquitous	19-68954-S
ubiquitous computing	54-87096-B
ubuntu	38-51244-B,50-31195-B
ubykh	28-11205-S
ubykh written	28-15456-B
ubykh written latin script	28-15567-B
ucayali ashéninka	39-17482-S
ucayali yurúa ashéninka	39-16807-B
uchaf	28-29389-S
uchai sadri	30-364-B
uda	26-48062-B
udder	66-73616-B
uddi universal description discovery and integration	66-12329-B
udine	34-72636-B,35-22556-B
udmurt	55-33118-B
udmurt republic udmurtia	18-78851-B
udmurtia	18-78851-S
udon	51-85465-B
udp user datagram protocol	65-33756-B
uellan	28-52273-B
ufologist	22-93754-B
ufology	22-93579-B
uganda	11-60696-S
uganda republic of uganda	11-60696-B
ugandan	62-80692-B,62-80895-B
ugandan sign language	46-70342-B
ugliness	58-80277-B
ugly	33-68153-B
uidi formal	30-25517-S
uighur autonomous region	51-86652-S
uk united kingdom united kingdom of great britain and northern ireland	12-41190-B
ukaan	44-480-B
ukin	28-54748-B
ukpet ehom	35-27327-B
ukraine	12-46671-B
ukrainian	9-2303-B,17-3831-B,17-3960-B,26-0-B,26-107-B,45-4223-S
ukrainian hryvnia	44-55404-B
ukrainian sign language	44-55767-B
ukrainian spoken	32-55386-B
ukrainian written	32-54956-B
ukrainian written cyrillic script	32-55250-B
ukrainian written cyrillic script historical	32-55081-B
ukrainska belaruskaya	32-55697-B
ukrainska f	32-55498-B
ukrainska g	32-55597-B
ukrainska ne	32-56010-B
ukrainska nw	32-55817-B
ukrainska se	32-56750-B
ukrainska sw	32-56111-B
ula hulaulá	42-64096-S
ulan bator	43-47140-B
ulağaç	27-47357-B
ulcer	23-2327-S,23-12714-S,25-73505-B,54-129316-S,65-48333-S
ulcer buruli ulcer searl ulcer searle s ulcer	65-48333-S
ulcer disease	23-55366-S
ulcer pressure ulcer	54-129316-S
ulcer searl ulcer searle s ulcer	65-48333-S
ulcer searle s ulcer	65-48333-S
ulceration	37-27883-B
ulcerative colitis	37-28340-B
ulema	40-36347-B
ulid	28-1412-S
ulna	56-76152-S
ulterior	62-2966-S
ulterior motive	23-50035-S
ultimate	9-9296-S
ultimatum	12-63062-B
ultrafiltration	5-147273-B
ultrafine particle	55-54476-B
ultrasonic	61-45562-S
ultrasound	5-147548-B
ultraviolet	37-27044-B,37-27405-B
ultraviolet radiation	5-147716-B
ultraviolet radiation therapy	37-27670-B
umanakaina	41-58263-B
umatilla	41-28340-B
umbilical cord	11-43062-B
umbilicus	11-42909-S
umbra	37-37742-B,47-15818-B
umbrella	14-76444-B
umbrella pine	41-56445-S
umiray dumaget agta	40-46656-B
umls	40-11725-B
umls unified medical language system	18-34763-B
umpire	11-59291-S,11-59480-B
umpteenth	23-87431-B
un united nations	5-148810-B
unable	70-14069-B
unaching	65-3526-S
unacquainted	61-67647-S
unadulterated undiluted	24-26414-S
unaffordable unpayable	49-13206-B
unagitated	38-4223-S
unaligned	68-45056-B
unaltered unchanged unimpaired	68-46530-S
unanimous consentaneous consentient	23-104764-B
unanimous whole	62-87310-S
unanimously	40-53474-B
unarmed	65-25187-B
unassisted childbirth unassisted home birth unhindered birth	44-31919-S
unassisted home birth unhindered birth	44-31919-S
unavoidable	20-13744-S
unbalanced	21-58329-B
unbearable unsupportable	61-35847-S
unbeknownst	41-39377-B
unbelievable	64-24204-S
unbeliever	57-22185-S
unbiased unbiassed unprejudiced	25-105636-B
unbiassed unprejudiced	25-105636-S
unbloody	55-68065-S
unborn	68-45132-B
unborn baby	23-19993-B
unbreakable	13-96563-B
unbutton	65-47051-B
uncertainty	25-100973-B
uncertainty dubiety	7-117424-S
unchallenged	24-60998-B
unchanged unimpaired	68-46530-S
unchaste	56-24519-S
unchivalrous ungentlemanly	41-39106-S
uncircumcised uncut	65-84781-B
uncle	8-11458-B,21-2801-S,51-98867-S,51-98984-S
unclear	59-41831-B,68-6945-S
uncommon exceptional rare unusual	68-13791-B
uncommon unusual	68-89519-S
uncomplicated	8-46596-S
unconditional	66-21225-B
unconditionally	19-79358-S,59-81273-S
unconformity	49-66011-B
uncongenial unfriendly	63-16239-S
unconstitutional	20-30957-B
uncontrollable splinter group	33-19410-B
unconventional	59-61848-B
uncountable	61-7370-B
uncountable noun	61-6988-S
uncover	22-40343-S
unction unguent balsam	47-66482-S
uncurable	62-88911-S
uncus	25-73891-B
uncut	65-84781-S
undecagon	25-62643-S
undecidable	52-102259-B
undemocratically	57-27180-B
undependable unreliable	62-17773-B
under below underneath	8-93591-B
under set	66-80667-S
under settle	22-3356-S
under staffed undermanned understaffed	58-113117-B
underbelly	64-33390-B
underclass	67-82271-S
undercurrent	37-64818-B
undergo	21-58906-B
undergraduate	59-50282-B
underground	40-21726-S
underground dump	7-54130-B
underground market	12-67829-S
underground quarry	6-140047-B
underground railway	7-31902-S
underground train	5-148119-B
underground underground railway	7-31902-S
underline underscore	67-18379-B
underlying	22-50182-S,52-98246-B
undermanned understaffed	58-113117-S
undermine weaken	63-55768-S
underneath	8-93591-S
undernourished	23-49733-B
underpants underwear	60-52828-S
underprivileged	54-126122-B
underscore	67-18379-S
undersea submarine underwater	54-118752-B
understaffed	58-113117-S
understand	9-13108-B,67-92874-B
understand apprehend compass dig get the picture grok savvy	55-2793-S
understanding	14-92271-S
understood	53-92334-B
understood as	20-50655-S
understructure	15-51909-S
undertake venture	22-88741-B
undertaker	17-63308-S
undertakers	26-16086-B
undertone	18-58087-S
underwater	54-118752-S
underwear	23-103432-S,60-52828-S,69-44191-S
underwear thermal underwear	69-44191-S
underworld	68-53196-B
underworld hades	53-81296-S
underwrite	14-88913-B
underwriter	14-89220-B
undescribability undescribableness unspeakability unspeakableness unutterability unutterableness	62-4971-S
undescribable unspeakable unutterable	62-4420-S
undescribableness unspeakability unspeakableness unutterability unutterableness	62-4971-S
undescribably unspeakably unutterably	62-4742-S
undiluted	24-26414-S
undoubtably doubtlessly indubitably unquestionably	59-19871-B
undoubted definite	13-39853-S
undress	41-34753-B
undu	31-30640-B
undulated	40-37983-B
uneapa	36-25719-B
unearthly unnatural unusual weird	61-4391-S
uneasiness	57-55674-S
unemployed	61-47374-S
unemployment	5-148476-B
unemployment benefit	18-95650-B
unending	58-84840-S
unequal	62-81613-B
unequalled	40-18741-B
unequivocal	19-33999-B,49-60933-B
unequivocally	24-62709-B
unesco	23-77426-B
unesco world heritage	10-61576-B
unesco world heritage site world heritage site	10-60542-B
unessential	57-49805-S
unethical wrongly	15-50723-S
uneventful	11-49101-B
unexampled unparalleled unprecedented	54-34428-B
unexhaustible	52-91627-S
unexorable	24-62910-B
unexpected	53-10772-B
unexpectedly	21-56007-S,47-106178-S
unexplored	65-5975-B
unfair	50-37889-S
unfair competition	24-45326-B
unfasten loosen	47-80208-S
unfastened	14-29753-S
unfavourable	20-28635-S
unfearing	56-18393-S
unfeignedly	59-18511-S
unfit unsuitable	64-21836-S
unflagging	24-65441-S
unfocused	24-803-S
unfold	58-28014-S
unforeseen	24-78858-B
unfortunately	17-21881-B
unfortunately regrettably unluckily	17-21663-S
unfriendly	63-15749-B,63-15960-B,63-16239-S,65-25557-B
unfriendly firm	2-101443-S
unfriendly hostile	63-15334-S
ung	30-46448-S
ungentlemanly	41-39106-S
ungin	26-47963-B
ungloved	54-119554-S
ungrateful ingrate thankless	64-8244-B
ungratefulness unthankfulness	66-45371-S
unguent balsam	47-66482-S
ungulate	5-148646-B,21-43419-S,66-68221-S
unhappy	12-45733-B
unhappy doleful dolorous	14-8962-S
unhealthful unhealthy unsanitary unwholesome	53-97588-S
unhealthy unsanitary unwholesome	53-97588-S
