passionfruit	66-60820-S
passive	49-58540-B
passive house	61-77401-B
passively	49-56950-B
passivity	66-21364-B
passover	62-48313-B
passover seder passover supper seder	63-41563-B
passover supper seder	63-41563-S
passport	15-12683-B
passport e passport epassport	47-97597-S
passport epassport	47-97597-S
password	17-50529-S,53-75920-B
past	14-94109-B,24-27418-S
past conditional	24-48876-B
past conjunctive past subjunctive	24-48575-B
past subjunctive	24-48575-S
past tense	16-52796-B
pasta	21-61838-B,69-75011-S
pasta bowl pasta plate	60-424-B
pasta plate	60-424-S
pasta salad	51-27353-B
paste	16-51394-S
paste shrimp sauce	66-57742-S
pastel	56-23605-B
pasteurise	65-95203-S
pasteurize pasteurise	65-95203-B
pastime	8-43633-S
pastor	15-76904-B
pastry	16-6859-S,17-96517-S,57-97240-S
pasture	4-66854-B,68-44893-B,68-44955-S
pataca	55-31039-S
patch	40-20637-S
patch vegetable plot	22-37960-S
patella rotulla	61-37814-S
patellae runner s knee cmp patello femoral pain syndrome runner s knee	41-49831-S
patello femoral pain syndrome runner s knee	41-49831-S
patent	6-143982-B,68-77584-S
patent ductus arteriosus	61-18868-S
paternal	42-76124-B
paternal aunt	67-22129-B
paternal aunt by marriage paternal aunt in law	67-22567-B
paternal aunt in law	67-22567-S
paternal grandfather	8-42118-B
paternal grandmother	60-14111-B
paternal half brother	61-85160-B
paternal half sister	61-84917-B
paternal uncle	51-98984-B
paternity test	17-41619-B
path	6-74741-S,6-76466-B,6-76610-S
path bridle road bridleway	50-55328-S
path track	48-76004-S
pathetic fallacy	61-29056-S
pathogen	4-66970-S
pathogenic organism	4-67123-B
pathological gambling problem gambling	66-4410-S
pathologist diagnostician	17-98417-B
pathology	3-44786-S,4-67220-B
pathway	46-24629-S
patience	10-115818-B
patient	52-48680-B,52-48825-B
patient zero	66-30097-S
patois	9-30867-S
patpatar	41-60324-B
patrak	29-20103-B
patriarchy	15-32868-B
patrician villa	37-16315-B
patrilineal patrilinear	61-85823-B
patrilineality	61-86036-B
patrilinear	61-85823-S
patrimonial responsibility	21-5147-B
patrol	69-38077-B,69-38518-B,69-38878-B
patron	19-97443-S
pattani	49-25271-B
pattapau bhasha	30-41706-B
pattern	35-32080-S,49-11024-B,53-41653-S,54-47478-S,54-47820-S,65-39828-S,65-40255-S,65-41105-S,65-41583-S,65-41888-S,65-42365-S,65-42821-S,65-43249-S,65-43786-S,65-44194-S,65-44775-S
pattern antipattern	54-16385-S
pattern picture design portraiture	19-67468-S
pattern recognition	7-46111-B
pattern rule	49-11182-S
patty	13-92186-S,50-61818-B
patty cake	65-20808-S
patu	29-19278-B
paucity scarcity shortage	56-20643-S
paulo	52-11697-S,52-12021-S
paunch rumen	15-54412-S
pauperism	55-66022-B
pauperize	33-29168-S,56-64617-S
pauperized	56-64388-S
pauri bareli	29-38094-B
pause	56-40628-B
pavement sidewalk	47-40163-B
pavia	34-68291-B,35-16868-B
pavilion	40-39695-B
pawang	31-34490-B
pawn	13-53185-B
pawnee	41-21900-B
pay	14-19208-B,22-79442-S,33-19600-B,69-33724-S,69-33925-B,69-42266-S
pay damages	18-10270-S
pay for	63-19118-S
pay heed	47-9871-S
pay per click	65-87402-B
pay phone payphone public phone public telephone	68-51497-B
pay policy	7-12097-B
payable	20-71859-S
payment	7-3372-S,19-23354-S,21-55668-B
payment for remuneration nongratuitous	20-71931-S
payments	66-58344-S
payoff	24-71346-S
payphone public phone public telephone	68-51497-S
pays principle	1-156489-S,4-104156-S
paz	21-19813-S
paʻanga	46-47622-B
pbb brominated biphenyl polybrominated biphenyl polybromobiphenyl	4-105064-B
pc	22-1775-S
pc course pc lessons pc tutorial computer lessons computer tutorial	22-66404-S
pc lessons pc tutorial computer lessons computer tutorial	22-66404-S
pc personal computer	11-87041-B
pc political correctness	22-2437-B
pc tablet computer	65-95349-S
pc tutorial computer lessons computer tutorial	22-66404-S
pcp	23-30587-S
pd parkinson s parkinson s disease idiopathic parkinsonism paralysis agitans primary parkinsonism	42-28946-S
pda patent ductus arteriosus	61-18868-B
pe	15-21603-S
pea	43-14809-B
peace	8-19550-S,8-19783-B,44-64860-S
peaceful	69-43620-B
peacekeeping	7-20567-B
peach	7-98501-B
peach peach tree	7-100258-B
peach tree	7-100258-S
peachfuzz	67-73649-B
peacock peafowl	67-76760-B
peafowl	67-76760-S
peahen	67-76819-B
peak	22-18849-B,40-19293-B
peak oil	64-79313-B
peak summit top	41-23709-S
peal of thunder thunderclap	37-25103-S
peanut allergy	52-60799-B
peanut butter	13-80477-B
peanut groundnut	66-67955-B
peanut oil	52-61415-B
peanut pinda	13-79804-S
pear	16-17282-S,17-61668-B,43-22363-S
pear avocado pear butter pear	16-17282-S
pear butter pear	16-17282-S
pear pear tree	17-62011-B
pear tree	17-62011-S
pearic	27-20526-B
pearl	45-71783-B,58-23684-B
pearl earring	51-51742-B
pearl necklace	51-51634-B
pearl rice sticky rice sweet rice waxy rice	56-67345-S
pearling lugger pidgin	37-57496-S
peat	4-67592-B
pebble	18-67942-B
pebble stone	10-39301-B
peck pick up	61-66383-B
pecker penis prick putz	7-70331-S
pectin	26-7318-B
peculation	60-39079-S
peculiar strange uncommon unusual	68-89519-B
pecuniary	20-70236-S
pedagogue	56-70644-B
pedagogy	6-74540-B,40-32277-B
pedal	61-89330-B,62-26262-S,62-52935-S
pedal foot brake	62-27845-S
pedalo	13-99826-B
pederast	63-46804-B
pedestrian	24-41791-B
pedestrian area pedestrian zone pedestrianised zone	4-67977-S
pedestrian crossing zebra crossing	11-70640-S
pedestrian zone pedestrianised zone	4-67977-S
pedestrianised zone	4-67977-S
pediatrician	16-48063-S
pediatrics paediatrics pædiatrics	51-46320-B
pedicel peduncle	67-58221-B
pedicure	64-78859-B
pedicure pedicurist podiatrist	51-57794-S
pedicurist podiatrist	51-57794-S
pedigree	42-56225-B
pedigreed pure bred thoroughbred truebred	66-64090-S
pedogenesis soil formation	5-65330-B
pedology	36-27691-B
pedometer pedometre	68-8765-B
pedometre	68-8765-S
pedophile childlover paedophile paedophiliac pedophiliac pædophile pædophiliac	62-56789-B
pedophilia pædophilia	16-90958-S
pedophiliac paedophiliac paedophilic pedophilic pædophiliac pædophilic	62-57141-B
pedophiliac pædophile pædophiliac	62-56789-S
pedophilic pædophiliac pædophilic	62-57141-S
pedosphere	4-68270-B
pedro amuzgos amuzgo upper eastern amuzgo	36-19960-S
peduncle	67-58221-S,67-58454-B
pee pee pee piss wee wee	23-103856-S
pee pee piss wee wee	23-103856-S
pee piss tinkle urinate wee	13-73855-S
pee piss wee wee	23-103856-S
peel	23-26961-S,23-27329-S,23-27420-S,69-58945-B
peel lemon zest	23-25539-S
peel orange zest	23-25676-S
peel yuzu zest	23-26019-S
peel zest outer rind	17-87323-B
peen hammer	43-14058-S
peeper peeping tom voyeur	12-69408-S
peeping tom peeper peeping tom voyeur	12-69408-B
peeping tom voyeur	12-69408-S
peer	52-108415-B
peer review	14-62550-B
peg clothes peg clothespeg clothespin	53-11383-S
peg clothespeg clothespin	53-11383-S
peiregordin	32-6755-B
pejorative	8-52963-B
pejorative derogatory	61-12644-B
pela	28-8060-B
pelagic	37-42369-B
pelasla	28-5594-B
pele ata	36-1562-B
pelican	63-68057-S,68-30060-S
pelican australian pelican	68-30060-S
pellagra	63-26954-B
pellet	65-83068-S
pelline	32-21479-S
peloponnese peloponnesos peloponnesus	41-62164-B
peloponnesos peloponnesus	41-62164-S
peloponnesus	41-62164-S
pelotte	42-53013-B
pelvic bone ınnominate bone	67-73961-S
pelvic girdle coxal bone hip bone innominate bone pelvic bone ınnominate bone	67-73961-S
pelvic girdle pelvis	15-3452-B
pelvic inflammatory disease	23-55706-B
pelvis	15-3452-S,66-83878-S
pemon	35-73998-B
pen	10-69856-S,10-77999-S,14-96205-B,18-28255-S,56-23812-S,60-55198-S
pen and paper roleplaying game role playing game tabletop role playing game	20-87672-S
pen board whiteboard	66-35950-S
pen felt tip pen	60-55198-S
pen felt tip pen felt tip pen	60-55198-S
pen marker marker pen marking pen	10-77999-S
pen marking pen	10-77999-S
pen name	13-9520-B
penal	26-4558-B
penal sanction	7-29861-B
penalty	26-4384-S
penalty contractual penalty liquidated damages	20-22665-S
penalty death sentence	16-62841-S
penalty kick	64-27203-S
penalty liquidated damages	20-22665-S
penalty mark penalty shootout	64-29055-S
penalty penalty kick	64-27203-B
penalty shootout	64-29055-S
penchant predilection predisposition proclivity propensity tendency proneness	17-53367-S
pencil	8-18530-B,8-18708-B,19-57126-S,56-23537-S,66-64229-S
pencil propelling pencil	66-64229-S
pencil sharpener	60-3199-B
pend d oreille	41-14700-S
pending further notice until further notice	63-80373-B
penectomy	57-27394-B
penetrance	26-7729-B
penetrate	38-61512-B
penetrate perforate	33-22184-B
penetrating permeating pervading	59-59934-S
penetration	20-74291-S,53-76552-B,53-76730-B
peng written	27-24518-S
peng written latin script	27-24645-S
penguin	45-32024-B,67-32365-S,67-32604-S,67-32735-S,68-8467-S
penguin adélie penguin	67-32735-S
penguin black footed penguin	68-8467-S
penguin jackass penguin black footed penguin	68-8467-S
penh	25-21963-S
penial	61-11621-S
penicillin	59-100993-B
penile bone	65-101633-S
penile penial	61-11621-B
peninsula	37-56065-B,60-95275-S,64-11332-S
peninsula arabia arabian subcontinent	45-66741-S
peninsula kamchatka	66-75792-S
penis bone baculum penile bone	65-101633-B
penis envy	62-55412-B
penis prick putz	7-70331-S
penitence	59-49119-S
penitential	40-45393-B
penmanship	60-23365-S
penna contour feather pennaceous feather	68-25038-B
pennaceous feather	68-25038-S
pennate pennated	66-34963-S
pennated	66-34963-S
penniless	50-57598-S
pennsylvania	16-21448-B
pennsylvania deitsch pennsylvania dutch pennsylvania german	18-1326-B
pennsylvania dutch pennsylvania german	18-1326-S
pennsylvania german	18-1326-S
penny bank piggybank	62-97213-S
penny bun	52-8507-S
pensioner	66-35595-B
pentachlorophenol	4-68501-B
pentacontagon	17-45895-B
pentadecagon	17-46811-B
pentagon	17-48974-B
pentagonal	17-40058-B
pentagram pentalpha pentangle	50-24662-B
pentalpha pentangle	50-24662-S
pentane	50-65179-B
pentangle	50-24662-S
pentecost	26-14292-B
pentel pnictogen	2-82736-B
penultimate next to last	17-72981-B
penumbra	37-37926-B
penurious stingy	42-40355-S
penuriousness stinginess	65-14755-S
penury poverty privation	56-98283-S
people	14-87615-B,14-87861-B,58-50543-S,60-88019-S
people s democratic republic laos	11-95334-S
people s democratic republic of algeria	8-1138-S
people s libyan arab jamahiriya libya	12-39337-S
people s republic of bangladesh	11-69164-S
people s republic of china	12-92732-S,13-14186-S
people s republic of korea north korea	12-96599-S
people the great unwashed	60-88180-B
pepe cheese and pepper pasta	69-75011-S
pepesa	43-54819-S
pepper	8-43130-B,11-75945-B,11-78172-S,17-56119-S,37-54917-S,48-89231-B,51-108809-S
pepper bell pepper capsicum sweet pepper	11-78172-B
pepper capsicum sweet pepper	11-78172-S
pepper chile pepper pepper	17-56119-S
pepper cress pepper grass pepperwort poor man s pepper	37-54917-S
pepper grass pepperwort poor man s pepper	37-54917-S
pepper mill	51-9133-B
pepper pasta	69-75011-S
pepper pepper	17-56119-S
pepper sauce	55-97856-S
pepper shaker	61-47565-B
peppermint	57-2402-B
peppermint tea	25-2707-S
pepperwort poor man s pepper	37-54917-S
peptidase protease	26-8102-B
peptide	26-8293-B
peptide bond	26-8743-B
peptide expression library	26-9027-B
peptide protein	4-124083-S
peptide vaccine	25-97104-B
per annum	16-83884-S
per capita income	42-26332-B
per click	65-87402-S
per fess	50-46562-S
per fess per fess	50-46562-S
per pale	50-46545-B
per second	44-37551-S
per second symbols per second	44-37551-S
peradventure perchance perhaps possibly	17-85047-S
perambulation	54-125346-S
perce	41-19454-S
perceive	20-74814-B,56-90052-S
percent	16-14127-B
percentage	16-13864-B
percentile	51-102919-B
perception	5-16534-S,19-5800-B
perceptive	49-60685-B
perceptive perspicacious	57-23088-S
perceptual	53-28805-B
perceptually	53-52887-B
perchance perhaps possibly	17-85047-S
percheron	32-11550-B
perchloroethylene tetrachloroethene	4-68647-B
percolate	16-79039-B
percolation	3-65532-S,52-49047-B
percolator	13-60276-S
peregrine	62-51747-B
perennial	26-9350-B
perfect	14-87466-B,19-16027-S,24-47639-S,24-47750-S
perfect absorber	65-98576-S
perfect flawless	14-87336-B
perfect pitch	42-17621-S
perfection	59-101186-B
perfectionism	67-21420-B
perfectionist	67-21531-B
perfectionistic	67-21644-B
perfective verb	25-111695-B
perfectly	50-39839-B
perfidy treachery	10-107069-S
perforate	33-22184-S
perforation	13-35964-B
perform	19-41359-B
performance	15-91673-S,15-92040-S,20-78375-S,20-78439-B,20-78695-B,32-64252-B,39-35934-B
performance analysis profiling	47-62453-B
performance computing hpc	54-58670-S
performer	11-10887-B
perfume	12-43826-B,17-97379-B
perfume essence	12-43519-B
pergalo	68-31663-B
perhaps possibly	17-85047-S
periastron	38-19915-B
pericarditis	48-25293-B
pericardium	48-25078-B
perigee	35-51526-B
perihelion	36-35492-B
perilla	52-5806-B
perilous risky	8-90042-S
perimeter	15-99705-S,40-45581-B
perinatal	51-47031-B
perineal	62-92163-B
perineal laceration perineal rupture perineal tear	62-91868-B
perineal rupture perineal tear	62-91868-S
perineal tear	62-91868-S
perineum	44-31569-B
period	14-69725-S,15-36699-S,33-19967-B,46-35445-S
period menorrhea menorrhoea menses menstrual period menstruation monthlies	14-69870-B
period menstruation monthlies	14-69870-S
period modern times	57-50877-S
period puerperium	59-60310-S
periodic	38-11198-B
periodic table	12-55610-B
periodical	18-54385-S,54-102296-S
periodical publication periodical	54-102296-B
periostitis	62-15182-B
peripheral	59-44003-B
peripheral device	63-98230-S
peripheral mongolian	26-50417-B
peripheral peripheral device	63-98230-B
periphyton	4-68885-B
perish pop off snuff it	8-103554-S
perish with cold	61-71101-S
peritoneum	63-4292-B
peritonitis	62-21904-B
periurban space	6-98879-B
perjury	10-104001-S
perl	63-99130-B
permafrost	12-79932-B
permanent	43-25432-S
permeability	4-69041-B
permeameter	69-30585-B
permeating pervading	59-59934-S
permissible exposure limit	4-69159-B
permission	4-90345-S
permission willingness	55-26092-S
permit	6-103555-S,11-38208-S,19-50939-S,26-15635-S
permit construction permit	6-103555-S
permyak	46-41716-S
pernicious pestilent	62-62907-S
pernicious subtle	42-33334-S
pero	28-47169-S
peronism	67-30902-S
peronist	60-1684-B
peroxyacetylnitrate	4-69895-B
perpendicular upright	22-79132-S
perpendicular vertical	40-45602-B
perpendicularly	40-45761-B
perpetually	10-10705-S
perplexity	56-19524-S
persecution	26-15672-B
perseids	41-19108-B
perseverance	10-115125-S
perseverant perseverent persevering	57-73160-S
perseveration	51-47194-B
perseverent persevering	57-73160-S
persevering	57-73160-S
perseveringly	64-23684-B
persian	18-21810-S,18-21991-S,43-15571-B
persian calendar	45-10892-S
persian dari	42-48936-S
persian empire	33-26811-S,45-67036-B
persian gulf	43-19712-B
persian perso arabic	33-39845-S
persian walnut common walnut walnut walnut tree	44-32969-S
persian western farsi	8-102117-S
persimmon	61-5256-S
persimmon japanese persimmon kaki persimmon	61-5256-S
persimmon kaki persimmon	61-5256-S
persistence	4-70062-B,20-76273-B
persistence of pesticides	4-70967-B
perso arabic	33-39845-S
perso arabic script	26-19985-S,26-24600-S,26-28675-S,29-32012-S,29-45110-S,30-58894-S
perso arabic script kalat model	30-25193-S
person	2-47675-S,2-51169-S,11-39484-S,12-16642-S,13-92995-S,13-93167-S,13-93336-S,17-38353-S,19-24840-S,19-24962-S,19-25112-S,33-1550-S,40-13089-S,60-50883-S,60-83027-S,61-85405-S,65-98920-S
person body corporate juridical person juristic person legal person	65-98920-S
person individual somebody someone	14-2546-B
person juristic person legal person	65-98920-S
person legal person	65-98920-S
person negro negroid blackamoor	15-59706-S
personage	21-66711-B
personal computer	11-87041-S
personal flotation device	66-71982-S
personal physician	66-70873-B
personal pronoun	15-75637-B
personality	20-77083-S,53-102148-B
personality juridical personality juristic personality legal personality	20-77083-S
personality juristic personality legal personality	20-77083-S
personality legal personality	20-77083-S
personify	22-65302-B
personnel department	22-83095-S
perspectival	20-90583-B
perspective	34-24126-S,38-64633-B
perspicacious	57-23088-S
perspiration sudor	64-71925-S
perspiratory gland sudoriferous gland	64-71480-S
perspire sweat	64-72062-B
persuade	18-2916-B,22-734-S
persuasion	4-11179-S,18-3125-B
pertain	12-73400-B,12-73541-B
