mas vale malo conocido que bueno por conocer mas vale pajaro en mano que cien volando mas vale pajaro en mano que ciento volando no dejes camino viejo por camino nuevo	65-99338-B
mas vale pajaro en mano que cien volando mas vale pajaro en mano que ciento volando no dejes camino viejo por camino nuevo	65-99338-S
mas vale pajaro en mano que ciento volando no dejes camino viejo por camino nuevo	65-99338-S
mas viejo	10-65289-S
mas y nada menos que	22-60827-S
masa	3-136587-S,12-51052-B,18-1120-B,69-58614-B
masa asesinato masivo	64-12274-S
masa asesino masivo	64-12419-S
masa atomica	12-40590-B,45-37653-S,45-37862-S
masa con levadura	48-99389-B
masa corporal	45-83924-S
masa de aire	51-59887-B
masa de aire continental	51-60153-B
masa de aire maritimo	51-60393-B
masa de pan	54-70173-B
masa flotante de petroleo	4-51054-B
masa madre	60-69483-B
masa molecular	45-76016-B
masa monetaria oferta de dinero	15-80059-S
masa muchos en grupo	8-28634-S
masa tierra toma de tierra	10-117601-B
masacre	23-50351-S
masakin buram	30-47540-B
masakin qusar	30-47440-B
masakin tuwal	30-47640-B
masala	62-34055-S
masas	60-88180-S
masbate	37-489-S,37-82883-B
mascar	11-57359-S,61-10066-S
mascar masticar moderse las unas	69-66834-B
mascara	53-55478-B,53-55684-B
mascara mortuaria	41-50825-B
mascate	21-31844-B
masculina	49-12247-S
masculino	19-2006-B,49-31454-S,58-25872-S,61-14047-B,62-36813-S
masculino varonil viril	9-20763-B
masenya	28-37003-B
maser	67-79571-B
maseru	33-71177-B
mashan hmong central escrita con escritura latina	31-4090-B
mashan hmong cetral	31-4001-B
mashan hmong del norte	31-4294-B
mashan hmong del sur	31-909-B
mashan hmong norteno escrito	31-4387-B
mashan hmong norteno escrito con escritura latina	31-4562-B
mashan hmong occidental	31-4770-B
mashan hmong occidental escrito	31-4863-B
mashan hmong occidental escrito con escritura latina	31-5040-B
mashan hmong sureno escrito	31-1000-B
mashan hmong sureno escrito con escritura latina	31-1173-B
mashhad	63-84525-B
mashi	43-44963-B
masikoro malgache	45-102865-B
masimasi	43-20761-B
masinin	27-52587-S
masiva masivo poderosa poderoso	40-50992-B
masivo	64-12274-S,64-12419-S
masivo poderosa poderoso	40-50992-S
masiwang	37-13517-B
maskelynes	45-98291-B
mason dixon	34-44373-S,57-21150-S
masonico	25-102962-B
massa	18-1236-B
massa carrara	34-55820-B
massachusetts	16-18729-B
massalat	31-13184-B
mastectomia	57-6722-B
masticacion	56-46280-B
masticar moderse las unas	69-66834-S
mastil mayor palo mayor	67-65926-B
mastiles	7-67590-S
mastiles velero de tres mastiles	7-67590-S
mastin	63-37356-B
mastitis	62-12039-S
mastoiditis	62-28900-B
mastuerzo	37-54917-S
mastuerzo de agua	64-87698-S
masturbacion	15-66107-B
mata utu	55-47956-B
matadero	1-50302-S,5-53414-B
mataderos	5-53641-S
matamoscas oronja falsa	65-82650-B
matanza	5-53877-B
matar	8-55610-S,17-54604-B,17-54736-B,22-59113-S
matar a tiros	24-91722-S
matar sacrificar	43-52600-S
matarife	43-57064-S
matasanos medicastro	67-2422-S
mate	45-100761-S,45-101144-B,51-29604-S
mate opaca opaco	40-38405-B
matematica	15-16821-S,45-58790-S,48-30017-S
matematica aplicada	35-35511-B
matematica logica simbolica	63-124124-S
matematica matematico	16-62113-B
matematicas matematica	15-16821-B
matematico	3-137510-S,16-6329-B,16-62113-S
mateo del mar	42-63787-S
matera	34-55970-B
materia	3-136911-S,5-91171-S,12-35899-B,20-62626-S
materia basica renovable	48-19797-B
materia organica	6-94765-B
materia oscura	11-90810-B
materia prima	4-141697-B,4-141828-S
materia prima renovable	5-3024-B
materia solida	5-71342-B
materia tema	7-35406-B
material	3-136717-B,3-137032-S,19-480-S,48-93789-B,48-93939-B
material aislante	7-58830-B
material de chatarra	5-31166-B
material de construccion	1-109452-B
material de terraplenado	2-134521-B
material dragado	2-58195-B
material para aislamiento acustico	3-73929-B
material sintetico	5-106264-B
materiales	3-137228-S,5-97787-S,7-8741-S,12-94540-S,65-91548-S
materiales ciencia de los materiales	12-94540-S
materiales de chatarra	5-31471-S
materiales de guerra	2-51309-S
materialismo	63-39352-B,63-39595-B
materializar personificar representar	58-11052-S
materialmente	53-21624-S
materna	1-104459-S,18-39489-S,60-13235-S,61-84496-S,62-83461-S
materna materno	42-76394-B
maternalmente	59-31730-B
maternidad	25-18442-B
materno	8-42272-S,42-76394-S,51-98867-S,56-60313-S,61-84242-S
materno utero	15-4221-S
matilde	47-98499-B
matinal	7-110916-S
matiz	8-45153-B
mato grosso	36-12910-S
mato grosso del sur	35-29391-B
matorral	62-77004-B
matorrales	6-140612-S
matriarcado	15-32741-B
matricaria	54-100939-B
matricial mapa de bits imagen rasterizada	53-1552-S
matricidio	61-15567-B
matrilinaje matrilinealidad matrilinearidad	58-32934-B
matrilineal	61-85609-B
matrilinealidad matrilinearidad	58-32934-S
matrilinearidad	58-32934-S
matrilocal residencia uxorilocal	64-17636-S
matrimonial	7-109866-S
matrimoniales contrato prematrimonial	62-224-S
matrimonio	7-82159-B,62-68134-S,62-68372-S,66-63084-S
matrimonio arreglado matrimonio concertado matrimonio forzado	60-5869-B
matrimonio concertado matrimonio forzado	60-5869-S
matrimonio de fin de semana	60-64372-B
matrimonio forzado	60-5658-B,60-5869-S
matrimonio gay matrimonio homosexual	17-10680-B
matrimonio homosexual	17-10680-S,58-101876-B
matrimonio nupcias	7-82534-S
matrioska	37-44637-B
matriz	24-22112-B
matriz seno materno utero	15-4221-B
matu	40-41563-S
matu chin	42-48385-B
maturity model integration	54-22227-S
maures	32-2760-B
mauriciana mauriciano	48-73319-B
mauriciano	32-41000-S,32-41471-S,48-73319-S
mauriciano escrito	32-41180-B
mauriciano escrito con escritura latina	32-41311-B
mauriciano mauriciano	32-41000-S
mauricio	12-52019-B,32-17874-S,48-73155-S
mauritana mauritano	63-46120-B
mauritanes	44-44009-S
mauritania	12-4480-B,32-15275-S
mauritano	63-46120-S
mausoleo	24-70117-B
maven	54-63342-B
mawashi	30-52914-B
mawasi	26-57964-B,33-78661-B
mawe	55-18788-S
maxakali	55-19244-B
maxila maxilar maxilar superior	67-59075-B
maxilar maxilar superior	67-59075-S
maxilar superior	67-59075-S
maxima	3-138089-S
maxima de emision	3-138262-S
maxima maximo	49-4555-B,63-10933-B
maximo	49-4555-S,63-10933-S
maximo comun divisor	16-13645-S
maya	49-63227-S
maya de yucatan yucateco	39-4393-B
maya yucateca	44-79228-S
mayal	18-89011-B
mayday	67-88199-B
mayennais	32-10490-B
mayenne	34-11914-B,34-32353-B
mayna pilgin	28-53505-B
mayo	10-24377-B
mayonesa	25-49204-B
mayor	6-38815-S,10-62482-S,10-62691-S,21-81755-B,21-82135-B,33-36856-S,44-70045-S,47-2512-S,66-36674-S,67-65926-S
mayor de histocompatibilidad	63-14682-S
mayor escala	59-62628-S
mayor mas grande	10-64620-B
mayor mas viejo	10-65289-B
mayor ortiga verde	53-32772-S
mayor palo mayor	67-65926-S
mayor superior	10-104497-B
mayorar superar	15-57493-B
mayordomo	23-79522-B
mayoria	21-65807-B
mayoria de edad	55-10239-B
mayorista	25-59374-B,57-64004-S,68-96481-S
mayoritaria mayoritario	20-68070-B
mayoritario	20-68070-S
mayormente predominantemente principalmente	49-37435-B
mayotte	33-29905-B
mayoyao ifugao	42-75094-B
mayu	31-30722-B
mayuscula	58-91805-S
mazahua central	55-18866-B
mazanderani	43-67461-B
mazapan	56-54289-B
mazateco de jalapa de diaz	55-18361-B
mazdeismo	51-91340-S
mazmorra calabozo	62-82177-B
mazmorra torre	33-16521-B
mazorca	10-67500-B
mazza mal de chagas	1-130227-S
mbaaru	42-6180-S
mbalanhu	50-15047-B
mbato	42-19738-B
mbay escrito con escritura latina	28-37934-B
mbisa	31-39675-S
mbon uzo	43-23443-S
mbongno	36-66170-S
mboteni	36-58454-S
mbres	37-87283-S
mbundu	45-98920-B
mbya guarani	42-13237-B
mcburney	43-36690-S
mcd maximo comun divisor	16-13645-S
mcgrath ingalik	41-15825-S
mcm minimo comun multiplo	16-13146-S
mcpato tio rico	10-115696-S
md5	36-74420-B
me	9-61165-B
me encantas te amo te quiero	13-41912-B
meadero mingitorio urinario	61-47801-B
mean chey	34-28010-S,34-54576-S
meandro	51-70947-B
meato	68-24393-B
meaux	37-53398-S
meca	18-58362-S
mecanica	3-139430-S,20-53588-B,57-86098-S
mecanica celeste	48-10814-B
mecanica cuantica	45-59862-B
mecanica de fluidos	45-56660-B
mecanica de precision	7-8159-B
mecanica de rocas	6-140380-B
mecanica de suelos	5-66686-B
mecanica estadistica	45-60501-B
mecanica mecanismo	41-45177-B
mecanico	12-77062-B,12-77222-B,12-77370-B,67-77589-B
mecanico dental	21-57701-B
mecanico portaminas	66-64229-S
mecanismo	41-45177-S
mecanismo de anticitera mecanismo de antiquitera	35-42616-B
mecanismo de antiquitera	35-42616-S
mecanografa mecanografo	67-88703-S
mecanografiar teclear	9-63579-S
mecanografo	67-88703-S
mecatronica	63-101204-S
mecatronica ingenieria mecatronica	63-101204-B
mecayapan	67-69299-S
mecedora	54-117069-B
mecer	15-24474-S
mecha	50-72568-B
mecha a	29-6523-B
mechero yesquero	47-81208-S
mechon	10-17024-B
mechudo mocho mopa palo de trapear suape trapeador trapero	68-37630-S
mecklemburgo antepomerania mecklemburgo pomerania occidental	18-59478-B
mecklemburgo pomerania occidental	18-59478-S
meconio	66-70985-B
medalla	60-11561-B,61-34050-B
medalla de bronce	53-91525-B
medalla de oro	12-62642-S
medalla de plata	53-91306-B
medano	5-28209-S
medellin	21-80370-B
media	28-26904-S,62-29133-S,65-1571-S,65-1863-S,67-82147-S
media aritmetica	25-36301-B
media de vida	3-31214-B
media ensenanza secundaria estudios medios segunda ensenanza	5-35234-S
media geometrica	25-36543-B
media hermana materna	61-84496-B
media hermana paterna	61-84917-B
media plenitud de la edad media plenitud del medievo	65-1693-S
media plenitud del medievo	65-1693-S
media secundaria	69-20356-S
media terrestre	64-14919-S
mediacion	33-54083-B,40-33831-B
mediacion de colocacion	13-75737-B
mediada mediado	63-341-B
mediado	63-341-S
mediador mediadora	47-24010-B
mediador mediadora negociador negociadora	55-8621-S
mediadora	47-24010-S
mediadora negociador negociadora	55-8621-S
medialis	60-53701-S
mediana	16-12727-B,66-36935-S
mediana edad	68-26220-S
mediana empresa pyme	61-45729-S
medianoche	18-12535-B
mediante	20-68925-B,21-68147-B
mediar arbitrar	59-31471-B
mediastinitis	62-24996-B
mediawiki	70-6063-B
medica	13-83440-S,37-30772-S,45-59319-S,61-86376-S
medica atencion cuidado cura	14-10377-S
medica medico	13-82542-S,21-75643-B
medicacion	62-71163-B
medicamento medicina	8-34798-B
medicastro	67-2422-S
medicina	3-139790-B,8-34798-S
medicina ambiental	2-101783-B
medicina del trabajo	3-61682-B,4-45901-B
medicina fisica y rehabilitacion rehabilitacion fisiatria	51-54335-B
medicina intensiva	67-79314-B
medicina social	5-58810-B
medicina tradicional	5-132119-B
medicina veterinaria	6-8978-B
medicinal	3-139714-S
medicion	21-80853-B
medicion de flujo	5-97290-B
medicion instrumento de medida	6-55095-S
medicion medida	3-138906-B
medico	13-82542-S,21-75643-S,57-1546-S
medico de cabecera medico de familia medico generalista	16-54039-B
medico de camara	66-70873-B
medico de familia medico generalista	16-54039-S
medico generalista	16-54039-S
medida	3-138906-S,6-55095-S,12-18504-B,12-18891-B,12-19003-B,12-19161-B,12-19658-B,12-19790-B,32-64486-B
medida contramedida	55-69302-S
medida de la contaminacion	4-104924-B
medida de mitigacion	4-7677-B
medida de precaucion precaucion	11-102796-B
medida de ruido	4-32199-B
medida de seguridad	5-23549-B
medida disuasoria	2-38098-B
medidor oruga geometra	67-0-S
medieval	15-97855-B,28-24694-S,28-33021-S,42-66712-S
medievo	65-1693-S
medina	55-9311-B
medio	9-72813-S,10-87539-S,11-8089-S,17-64613-S,21-87147-S,22-6975-B,24-79200-S,27-56830-S,29-25317-S,31-61107-S,40-807-S,40-4212-S,40-10972-S,46-30541-S,52-45497-B,52-45796-B,53-36301-B,53-36519-B,53-36723-B,61-70369-S,67-74292-S,70-11889-B
medio ambiente	2-103564-S,2-107600-B,2-117090-S,2-118162-S,7-11077-S
medio bajo	67-55563-S
medio campidano	34-52814-B
medio de contraste	69-29521-B
medio de cultivo	25-24671-B
medio de luces	2-141451-S
medio de transporte	55-49702-S
medio derretida nieve pasta pure	70-1844-S
medio dormido muerto de sueno sonoliento	18-96417-B
medio hermano materno	61-84242-B
medio hermano paterno	61-85160-B
medio medio	10-87539-S
medio nutritivo	4-42399-B
medio ponderado	20-77680-S
medio sur	36-72169-S
medio tiempo	64-16688-B
medioambiental	7-56610-S,48-8201-S
mediocre	68-20433-B
mediodia	33-31244-S,56-22263-B,60-88978-S
medios	53-36232-B,66-10826-S
medios audiovisuales	1-72907-B
medios de comunicacion	3-136430-B
medios segunda ensenanza	5-35234-S
medir	17-39447-S,33-26177-B,33-26430-B
meditacion	25-100037-B
meditacion reflexion	54-12852-B,55-33601-B
meditada bien meditado bien pensada bien pensado deliberada deliberado	55-29506-S
meditado bien pensada bien pensado deliberada deliberado	55-29506-S
meditar	12-75204-S
meditar preguntarse	9-66627-B
meditar reflexionar	54-12707-B
mediterranea	3-139977-S
mediterraneo	6-72357-S,6-126829-S,7-34124-S,21-76222-B
medium	21-86953-B
medula espinal	9-42704-B
medula medula osea tuetano	25-105841-B
medula osea tuetano	25-105841-S
medumba	38-42229-B
medusa	67-63813-S
mee goreng mi goreng mie goreng	67-16278-B
meewoc miwok de la sierra sur	41-18245-B
megabyte	21-63949-B
megafauna	67-28359-B
megafono	51-59569-B
megalomana megalomano	18-75-B,18-228-B,57-43979-B,57-44169-B
megalomania	18-377-B
megalomano	18-75-S,18-228-S,57-43979-S,57-44169-S
megalopolis	66-72501-B
megaptera yubarta	56-33622-S
megavatio megawatt	46-60012-B
megawatt	46-60012-S
meglenorrumano	32-44278-B
mehari	30-2431-B
mehri	41-58532-B
meiosis	24-40232-B
meiotico	25-25261-S
meirionydd	28-28532-B
meitei	47-33045-S
meitnerio	13-99528-B
mejilla	10-37536-B
mejillas	64-39402-B
mejillon	4-17927-S,21-21217-B
mejor	13-47358-B,14-0-B,15-57024-B
mejor gusano	18-56902-S
mejor posible	19-50051-S
mejor practica	54-20039-B
mejor vida perecer sucumbir	8-103554-S
mejora	22-22931-B,49-71112-B
mejora de imagen	7-46795-B
mejora de procesos	54-65895-B
mejora de vivienda	3-43146-B
mejoramiento	36-31109-B
mejoramiento de especies	1-104631-S
mejoramiento de suelos	5-65614-B
mejorana	55-83582-B
mejorar	12-80146-S,15-57641-B,17-52545-B
meknes	27-56769-B
melancolia	34-67594-B
melancolica melancolico	62-61639-B
melancolica melancolico triste	15-62202-S
melancolico	62-61639-S
melancolico triste	15-62202-S
melanina	37-31331-B
melanocito	37-31478-B
melanogaster mosca de la fruta mosca del vinagre	63-0-S
melanoma	37-31896-B
melatonina	68-58725-S
melaza	25-18342-B
melbourne	44-60521-B
melena	12-67231-S
melenudo	64-71193-B
melifluo	20-52060-B
melisa toronjil	67-15093-S
mellitus	48-21661-S
mellitus gestacional	66-82269-S
mellitus tipo 1 diabetes tipo 1	21-53002-S
mellitus tipo 2	45-82877-S
melocoton	7-98501-S,7-100258-B
melodia ton	18-71618-S
melodiosa melodioso	23-81086-S
melodioso	23-81086-S
melolontha	33-27815-S
melomano	18-0-B
melon	13-37984-B,56-98476-B
melon amargo	66-43706-S,66-43957-B
melon de agua sandia	21-26737-B
melun	37-53747-S
membrana	3-140813-B
membrana celular membrana plasmatica	58-30468-B
membrana plasmatica	58-30468-S
membrana semipermeable	25-29516-B
membranofono	18-4589-B
membrete	33-18093-B
membrillo	10-33740-B
membrillo de flor	66-25920-B
meme	53-93433-B
memoizacion	58-95259-B
memoria	19-77947-B,22-86745-S,60-95022-S,63-115760-S
memoria de acceso aleatorio	66-2059-S
memoria de ‎en recuerdo de	67-88134-S
memoria eidetica memoria fotografica	56-93998-B
memoria fotografica	56-93998-S
mena	4-52734-B,55-20773-S
menai	66-17095-S
menarquia	57-56497-B
menasser metmata	27-59269-B
menasser metmata hablado	27-59349-B
mencionar	53-12390-S
mencionar nombrar	12-30253-S
mendaz mentiroso	56-42282-B
mendelevio	14-9835-B
mendes	31-62248-B
mendiga mendigo	47-81076-B
mendigo	47-81076-S
meneo	61-24838-S
mengda	26-39865-B
mengua merma minoracion reduccion	61-69778-S
menguar	25-45169-B
menguar mermar	25-44716-S
meningitis	23-21770-B
meningitis aseptica	44-23975-B
meningitis criptococica	23-22470-B
menique	9-87226-S
menique menique	9-87226-S
meno	12-58594-S,42-43167-S,47-99500-B
menominee	41-17009-B
menopausia	37-32379-B
menopausica menopausico	56-66269-B
menopausica post menopausico	56-66492-S
menopausica pre menopausico	56-66781-S
