buenas mananas buenos dias	11-32983-B
buenas noches	11-31401-B,11-31547-B
buenas noticias	68-27592-B
buenas tardes	11-33186-B,11-33337-B
bueno	8-60303-B,11-64967-S,20-28163-S,21-43113-S,25-22302-S
bueno por conocer mas vale pajaro en mano que cien volando mas vale pajaro en mano que ciento volando no dejes camino viejo por camino nuevo	65-99338-S
buenos aires	18-74426-B,32-33034-S
buenos dias	11-32983-S,17-95105-B
buenos modales modales en la mesa	61-36710-B
buey	24-76790-B,35-21346-S,51-31027-S,51-31174-S
bufalo	50-1634-S
bufalo indio	25-30857-B
bufanda	14-50350-B
bufanda de cachemira	50-80508-B
bufanda de pashmina	54-36653-B
bufanda de seda	54-35839-B
bufe escandinavo	12-95341-B
bufer	58-88380-S
buffalo bufalo	50-1634-B
buffer	58-88066-S
buffer bufer	58-88380-B
bufon	11-94894-B
bugan	36-25101-B
buganvilla trinitaria	25-93368-B
bugawac	38-23720-B
bughotu	36-66079-B
bugines	17-66768-B
bugun	36-58022-B
buhardilla desvan atico	47-18849-B
buhid	37-616-B
buho	57-80021-B
buho lechuza	14-34640-B
buhutu	38-33094-B
buinak	26-33082-B
buitre	25-45929-B
bujhyal	38-35796-B
bujia	13-89384-B
bujia candela vela	7-93090-B
bujumbura buyumbura	18-74537-B
bukat	38-25924-B
bukharic	36-67120-B
bukit	38-27278-S
bukitan	37-0-B
bukiyip	35-78278-B
bukusu	38-33346-B
bukwen	38-24726-B
bula	50-2036-B
bulagat	26-48654-B
bulang	27-5088-B
bulbos	1-111613-S
bulevar	49-70608-S
bulgara	37-87579-S
bulgara bulgaro	8-64608-B,17-4566-B
bulgaria	13-71697-B
bulgaria e	30-13787-S
bulgaro	8-64389-B,8-64608-S,17-4566-S,17-68231-S,66-30386-B
bulgaro escrita con escritura latina	32-50349-S
bulgaro escrito	32-60120-B
bulgaro escrito antiguo eslavo escrito	32-50177-S
bulgaro hablado	32-60177-B
bulgaro hablado antiguo eslavo hablado	32-50531-S
bulgebi	37-11925-B
buli	38-43895-B
bulimia bulimia nerviosa	67-21049-B
bulimia nerviosa	67-21049-S
bulimico	67-21213-B,67-21282-B,67-21355-B
bull terrier	42-33937-B
bulldozer topadora	50-59195-B
bulliciosa bullicioso despotrique	12-36826-B
bullicioso despotrique	12-36826-S
bullido hervido	22-93068-B
bullir hervir	13-2231-B,14-95479-B
bullom so	38-24624-B
bullosa	17-38546-S
bulo enganifa engano trampa	42-33060-B
bulo stieng escrito con escritura latina	27-18443-B
bulto mochila	15-46030-B
bulu	36-71869-B,38-23809-B
bum	37-12272-B
bumaji	38-42012-B
bumbita arapesh	35-75469-B
bumeran	65-98038-S
bumeran bumeran	65-98038-B
bumper bomper defensa paragolpes	50-59642-S
bumthangkha	45-24352-B
bun	38-24484-B
buna	38-26088-B
bunaba	36-29375-B
bunak	36-56894-B
bunama	36-34466-B
bundeli	29-50155-B
bundeli a	29-50754-B
bundeli escrito	29-50414-B
bundeli escrito con escritura devanagari	29-50492-B
bundeli hablado	29-50613-B
bundesliga	50-5222-B
bung	37-86997-B
bungain	38-24279-B
bungku	37-1056-B
bunker	50-60717-B
bunu	31-8693-S,31-8765-S,31-8835-S
bunuelo	22-61530-B
bunuelo de limon	53-75469-B
bunun	37-19929-B
buol	37-1499-B
buque	47-67715-S
buque de carga carguero	14-4285-S
buque embarcacion navio velero	5-45694-S
buque petrolero petrolero tanquero	4-51420-B
buque submarino buque sumergible submarino sumergible	5-99226-B
buque sumergible submarino sumergible	5-99226-S
bura pabir	28-7986-B
burak	38-42165-B
buraka	36-76472-B
buram	30-47540-S
burarra	38-27122-B
burate	38-1113-B
burbuja	1-107321-S,22-61947-B
burbujas	19-17612-S
burbujeante efervescente	18-70408-B
burdel	61-7477-B
burdeos	34-23844-B
burduna	38-33488-B
bure	28-47573-B
burek	51-3922-B
bureta	56-27196-B
burgandi	30-41442-B
burgenland	33-85463-B
burgomaestre	10-64909-S,10-65404-S
burgos	50-26324-B,50-26694-B
burguesia	26-15523-S,43-7998-B
buriata	26-47038-S,54-37763-S
buriatia	18-75546-B
buriato	54-37016-B
buriato boriato	26-45155-B
buriato chino	26-48757-B,26-49219-S
buriato chino escrito	54-38609-B
buriato chino escrito con escritura mongol	26-48987-B
buriato formal	54-37392-B
buriato mongol	26-45736-B,26-46276-S
buriato mongol escrito	26-45886-B
buriato mongol escrito con escritura cirilica	26-46039-B
buriato ruso	26-46832-B,26-47726-S
buriato ruso escrito	54-37618-B
buriato ruso escrito con escritura buriata	26-47038-B
buriato ruso escrito con escritura cirilica	26-47491-B
buriato ruso escrito con escritura latina	26-47266-B
buriato s	54-37512-B
buriram	27-19946-B
burji	29-3448-B,36-38768-B
burji a	29-4226-B
burji escrito	29-3578-B
burji escrito con escritura etiopica	29-3900-B
burji escrito con escritura latina	29-3713-B
burji hablado	29-4099-B
burji marsabit	29-4462-B
burka	50-63209-B
burkina faso	12-92143-B,32-15779-S
burkina faso nororiental	41-47577-S
burkines	55-31361-S,66-9652-B
burkinesa burkines	55-31361-B
burla	11-92178-B,25-17908-B,58-13622-B
burlon	52-72287-S
burlona burlon	52-72287-B
burmeso	38-44408-B
burocracia	19-61248-B
burocrata	18-34257-B,18-35644-B,18-35765-B
burocratica burocratico	50-60953-B
burocratico	50-60953-S
burro	11-102236-S
bursatil	33-27344-S,61-71575-S
bursitis	62-16379-B
buru	37-88226-B
burui	37-90207-B
buruli	65-48333-S
burum mindik	37-12173-B
burumakok	35-19295-B
burun	31-40489-B
burun hablado	31-40574-B
burundes	50-4256-S
burundi	12-42427-B,32-17163-S
burunge	29-15164-B
burushaski	30-58522-B
burushaski escrito	30-58753-B
burushaski escrito con escritura ipa	30-59321-B
burushaski escrito con escritura perso arabica	30-58894-B
burushaski escrito con esritura latina	30-59111-B
burushaski hablado	30-59498-B
burusu	37-87824-B
buruwai	35-86233-B
bus	65-57074-S
bus pullman	1-112259-S
busa	37-87762-B
busam	38-33626-B
busami	37-91315-B
busan	63-65076-B
busang kayan	36-56072-B
busardo halcon	11-103252-S
buscaminas dragaminas	63-37899-B
buscar	25-89319-B
buscar buscar en internet	8-86169-B
buscar con google	11-1233-B
buscar en internet	8-86169-S
buscar procurar	8-84554-B
busere bongo	28-40647-B
bushoong	38-17692-B
business process execution language	54-21323-B
buso	28-37119-B
busoa	38-24036-B
busqueda	8-84359-B,64-69251-S
busqueda en amplitud	25-35531-B
busqueda en profundidad	25-35045-B
bussa	29-4588-B
busto	33-24670-B
busto mamas pechos senos tetas	63-47015-B
busuu	36-72790-B
butan	12-41757-B
butanes	44-8847-S
butano	50-63743-B
butbut kalinga	49-20110-B
butmas tur	37-20511-B
butoxyetanol	18-94085-B
butuanon	38-13406-B
buwal	28-7203-B
buxinhua	38-33692-B
buya	38-42483-B
buyang	27-38815-B
buyu	38-35860-B
buyuan jinuo	43-43725-B
buyumbura	18-74537-S
buzo	57-71114-S
buzon	33-24901-B
buzon casilla postal	13-48421-S
bwa	38-32168-B
bwaidoka	38-29660-B
bwamu	38-30142-S,38-32480-S
bwatoo	38-29347-B
bwe karen	38-29751-B
bwela	38-30329-B
bwile	38-29519-B
bwilim	38-74382-S
bwisi	38-32562-B
byangsi	36-54155-B
byte	36-76024-S
bytecode codigo intermedio	52-72721-B
bzip2	64-83568-B
bzyb	28-13850-B,34-74434-B
c	23-61070-S,27-57034-S,28-11817-S,29-436-S,29-22027-S,29-56041-S,30-5027-S,30-17641-S,30-22254-S,30-37344-S,31-35864-S,32-0-S,32-21231-S,32-26969-S,32-29656-S,32-39984-S,32-57522-S,32-58178-S,37-35769-S,54-29923-S,64-45079-B
c 	64-44808-B
c d mcd maximo comun divisor	16-13645-S
c lela	40-41323-B
c m mcm minimo comun multiplo	16-13146-S
caac	43-31351-B
cabal integra integro	59-13963-B
cabal justa justo	9-59871-B
cabalgadura	64-79633-S
cabalgata	15-68304-B
cabalidad a conciencia cabalmente minuciosamente rigurosamente	59-79606-S
caballerescamente caballerosamente	59-80140-B
caballeria	54-93283-B
caballeria cabalgadura	64-79633-S
caballero	8-87905-B,21-30333-B
caballero jinete	58-53768-S
caballero senor	21-54610-B
caballeros de cristo y del templo de salomon	64-80053-S
caballeros templarios orden de los pobres caballeros de cristo y del templo de salomon	64-80053-B
caballerosamente	59-80140-S
caballeroso	41-39106-S
caballete	57-91567-B
caballito de mar hipocampo	68-54064-B
caballo	3-41350-B,9-76182-B,18-37708-S,52-11239-S,61-3811-S
caballo caballo de fuerza	63-35539-B,63-35904-B
caballo con arcos potro	9-76974-B
caballo de batalla	68-1073-B
caballo de carreras	56-60683-B
caballo de fuerza	63-35539-S,63-35904-S
caballo de madera	16-45501-B
caballo de troya regalo envenenado	58-82840-B
caballo de troya trojan horse troyano	65-70008-B
caballos	22-64815-S,48-51660-S
cabalmente minuciosamente rigurosamente	59-79606-S
cabana	38-46188-B
cabana choza	14-97673-B
cabaret	50-64126-B
cabasita	65-6039-B
cabe	38-60675-S
cabecar	39-418-B
cabecera medico de familia medico generalista	16-54039-S
cabeciblanco aguila calva	66-25336-S
cabecigris	67-52965-S
cabellera	20-51190-B
cabellera de berenice coma berenices	66-36450-B
cabello	7-80723-B,13-13922-B,61-37243-S
cabestante cabestrante cabrestante malacate	67-61974-B
cabestrante cabrestante malacate	67-61974-S
cabeza	7-81103-B,7-88912-B,10-25835-S,56-43461-S
cabeza de	62-1255-S
cabeza de turco	23-107166-B
cabeza de turco chivo expiatorio	62-52729-B
cabeza descubierta	48-73032-S
cabeza jefe lider	7-89212-B
cabeza tirar a la cabeza	56-43461-S
cabezas	24-14281-S
cabida capacidad	38-46365-B
cabilio	17-70864-B
cabilio escrito	27-59444-B
cabilio escrito con alfabeto latino	27-59542-B
cabilio hablado	27-59719-B
cabina	66-85659-B
cabina de pasajeros	66-62759-S
cabina de peaje peaje	48-54804-B
cabina de votacion	24-94588-B
cabina del piloto	53-85033-B
cabiyari	38-59823-B
cable	1-113541-B,9-8297-S,38-28066-S,38-34748-B,67-75610-S
cable cabo maroma	58-46440-B
cable de alimentacion	21-29075-B
cable de par trenzado	65-32877-B
cable modem cablemodem	38-27745-B
cableado	22-47044-B
cablemodem	38-27745-S
cabo	6-59440-B,20-48035-S,33-71409-S,37-57761-B,42-55401-B,68-8467-S
cabo de hornos	37-69510-S,37-69734-B
cabo maroma	58-46440-S
cabo munon tocon	19-98704-B
cabo realizar	22-5811-S
cabo verde	12-87823-B,32-35631-S
cabotaje	53-80932-S
caboverdiana caboverdiano	46-92040-B
caboverdiano	44-13572-S,46-92040-S
caboverdiano criollo de cabo verde	32-35631-B
cabra	8-109419-B,25-37977-S
cabra chivo	8-106341-B
cabrestante	67-66551-B
cabrestante malacate	67-61974-S
cabrilla	16-84700-B
cabriola	50-75328-B
cabriole descapotable	18-24697-B
cabrito	51-6251-B
cabron chivo	49-72380-B
cacahuate cacahuete comun mani	66-67955-B
cacahuete	52-60799-S,52-61415-S
cacahuete comun mani	66-67955-S
cacahuete mani	13-79804-B
cacahuetes	13-80477-S
cacao	53-71470-S,53-71692-S,56-55300-B
cacao cacaotero	45-73377-B
cacao en polvo	67-18935-B
cacao mantequilla de cacao	53-71692-S
cacaotero	45-73377-S
cacataibo	38-61607-S
cacatua	35-76319-B
cacerola olla	8-71585-B
cache	53-1165-B
cache dns	65-60944-S
cachemir	50-80190-B
cachemir cachemiro	65-24221-B
cachemira	50-80508-S,50-80688-B
cachemiro	65-24221-S
cachetada tortazo	36-2354-S
cachimba narguile pipa de agua	60-83132-B
cachiporra	55-63676-B
cachorro de zorro	60-48129-B
cacio e pepe	69-75011-B
cacofonia	24-19308-B
cactacea	50-66547-B
cactaceas	52-11514-B
cacto	10-100926-B
cacua	38-61931-B
cada	11-78325-B,14-33402-B
cada manana	11-4384-B
cada noche	65-54146-S,65-54261-B
cada una cada uno	19-32660-B
cada una cada uno todas todos	14-3474-B
cada uno	7-100149-B,14-47004-B,19-32660-S
cada uno todas todos	14-3474-S
cada vez mas de plus en plus	59-49922-B
cada vez que siempre que	59-10915-B
cadaver carcasa	10-70539-B,49-67127-B
cadaver femenino	58-25726-B
cadaver fiambre muerto	14-71003-B,15-65007-B
cadaver infantil	56-67201-B
cadaver masculino	58-25872-B
caddo	17-71182-B
cadena	9-68628-B,9-68827-B,12-528-S,12-819-S,14-42876-B
cadena alimentaria cadena trofica	2-148618-B
cadena collar	50-18209-B
cadena de caracteres	52-107975-B
cadena de islas	24-93872-B
cadena de markov	17-547-B,44-72818-B
cadena de suministro	54-51811-S,54-52164-B
cadena perpetua	58-52992-B
cadena sierra electrica	51-14465-S
cadena trofica	2-148618-S
cadera	40-58922-B,67-73961-S,68-8120-S
cadete	23-97188-B
cadiz	49-35616-B
cadmio	1-113845-B,1-114075-S,40-57446-S,40-57579-S
cadorino	32-22462-S
caducidad fecha de vencimiento	59-53281-S
caducifolia	44-40633-B
caducifolio	2-29411-S
cae en desuso	60-21570-S
caelum	38-23387-B
caen	34-42528-B
caer	7-98922-B,15-6151-B,68-79803-S,69-73553-B
caer justo	10-14548-B
caer sucumbir	49-54759-B
caerllion	28-30556-S
caerse resbalarse	58-101163-B
cafe	7-108122-B,11-26032-S,51-57624-S,54-0-S,67-74179-S
cafe con leche	17-12180-B
cafe expreso	13-60039-B
cafe helado	25-5933-B
cafe internet cibercafe	66-84958-B
cafe sarro	54-200-S
cafeina	24-19423-B
cafetal	49-67495-B
cafetera	13-60077-B,54-120696-B
cafeteria cafe	11-26032-B
cafeto cafe	67-74179-B
caftan	51-1441-B
cafundo	32-36940-S
cagar defecar	13-90214-B
cagayan central	35-9283-S
cagliare	32-29790-B
cagliari	34-46727-B
cagua	38-60526-B
cahuarano	38-58114-B
cahuilla	38-75817-B
cai	20-79123-S
caicos	33-76355-S
caida	14-50917-B,38-45562-B
caida colapso	23-46394-B
caida de un avion	11-64799-B
caida precipitacion	2-128289-B
caido	8-10478-B,52-86569-S
caiman	32-67930-S,50-67409-B,55-40820-S
cairo	19-96451-S
caja	8-82628-B,10-110733-B,37-64033-S,37-64218-S,44-53347-B
caja blanca	65-29046-S
caja de arena sandbox	45-17511-B
caja de cambios	11-28991-B
caja de cerilla	23-80738-B
caja de instrumento	66-79453-B
caja de seguridad caja fuerte	11-15780-B,19-103508-S
caja de sorpresa	67-86966-B
caja fuerte	11-15780-S,19-103508-S
caja negra	54-13827-S
caja toracica cavidad toracica torax	56-37117-B
cajas	13-79588-B
cajera	60-96943-B
cajera cajero vendedora	23-19257-S
cajero	50-79086-B
cajero automatico	66-78004-B
cajero vendedora	23-19257-S
cajon	10-111848-B
cajon gaveta	60-44482-B
cajun	32-13168-S,32-13685-S
cajun escrito	32-13366-S
cajun escrito con escritura latina	32-13509-S
caka	39-10850-B
cakfem mushere	28-49728-B,28-49810-S
cal	3-109186-B
cala nicho ahuecado por las olas	6-58676-B
calabaza	11-40340-B,16-1543-S,16-1708-B,16-32647-S,65-3921-S,67-1001-S
calabozo	62-82177-S
calabria	34-68709-S,35-17081-S,50-17985-B
caladora	11-26861-S,11-27498-S
calais	34-13776-S,34-51915-S,50-22917-B
calais estrecho de dover	34-52048-S
calamar	21-22120-B
calamar colosal cranquiluria antartica	68-65438-B
calamar gigante	68-65262-B
calambre espasmo	55-89000-B
calamidad	11-102502-B
calaminta	13-10317-B
calamo o canon	68-25205-B
calao	30-22342-B
calavera	33-61964-B
calcar	69-9420-B
calcarea calcareo caliza calizo	50-67606-B
calcareo	37-67580-B
calcareo caliza calizo	50-67606-S
calcario	12-21221-B
calcetin	9-7644-B
calcica calcico	52-62542-B
calcico	52-62542-S
calcicola calcifila	13-19503-B
calcifila	13-19503-S
calcio	1-114558-B,1-115276-S
calcita	41-44658-B
calco lexico calco semantico	21-96511-B
calco semantico	21-96511-S
calcogeno	2-83074-S
calculable	50-67832-B
calculacional	63-123174-B
calculada calculado	50-67969-B,50-68175-S,53-44767-B
calculado	50-67969-S,50-68175-S,53-44767-S
calculador calculadora	15-25828-B,23-2859-B
