acufeno tinnitus	65-76743-B
acuicultura	1-57446-B,3-129897-B
acuifero	1-59124-B
acuifero artesiano pozo artesiano	51-73484-B
acuitar	45-36199-B
aculturacion	25-63486-B
acumulacion	20-38460-B,44-40020-B
acumulacion contaminante	4-103563-B
acumulador bateria	1-2800-B
acumular	34-22105-B,56-6747-B
acumulativa acumulativo	56-6968-B
acumulativo	56-6968-S
acunar	39-3412-B,50-30474-B
acuoso	25-21493-B
acupuntura	42-34193-B
acurrucarse	11-24166-S
acusacion	20-28989-S
acusacion denuncia imputacion	44-43772-B
acusada acusado	20-23307-B
acusado	20-23307-S
acusador acusadora	55-201-B
acusadora	55-201-S
acusar	44-45619-B
acusar chismorrear chismosear reportar	9-73964-B
acusar culpar incriminar	69-47453-B
acusar denunciar	47-10026-B
acusar el recibo acusar la recepcion	69-66520-B
acusar imputar	46-63607-B
acusar la recepcion	69-66520-S
acusativo	19-2843-S
acusatorio	44-44607-B
acustica	1-4849-S,1-5019-B,4-32624-S,6-120720-S
acustica acustico	44-47308-B
acustica trombeta	68-38467-S
acusticamente	13-66805-B
acusticas	4-30893-S
acustico	1-4106-S,1-4281-S,1-4583-S,3-73929-S,4-32322-S,5-72829-S,44-47308-S
acv acva accidente cerebrovascular apoplejia ataque cerebral ataque cerebrovascular derrame cerebral ictus apopletico ictus cerebral	46-40529-B
acva accidente cerebrovascular apoplejia ataque cerebral ataque cerebrovascular derrame cerebral ictus apopletico ictus cerebral	46-40529-S
ad hoc	64-31287-S
adabe	34-85183-B
adagio	16-17050-B,44-52174-B
adamawa fulfulde	41-47049-B
adamorobe	35-315-S
adamstown	55-44650-B
adan	15-3660-S,48-952-B
adan cromosomal y	46-1353-B
adana	26-21028-B
adang	34-86174-B
adangbe	35-84-B
adangme	17-62695-B
adap	35-0-B
adaptabilidad	37-69953-B,61-52455-B
adaptable	1-8033-S,38-3152-B
adaptacion	34-81129-S,35-2966-B,37-70326-B,65-99763-B
adaptacion biologica	25-63968-B
adaptacion personalizacion	19-40228-B
adaptaciones ecologicas	2-68419-B
adaptado	65-421-S
adaptador	65-42365-S
adaptar	69-65861-B
adaptar ajustar conformar regular	19-40671-B
adaptarse adecuarse	33-28954-B
adaptativa adaptativo	53-2484-B
adaptativo	53-2484-S,54-15299-S
addendum apendice	24-52754-B
addis abbaba addis abeba adis abeba	18-73204-B
addis abeba adis abeba	18-73204-S
addison	65-9166-S
adecuada adecuado apropiada apropiado	9-66069-B
adecuadamente apropiadamente convenientemente	53-10309-B
adecuadamente satisfactoriamente suficientemente	19-100692-B
adecuado	19-69142-B
adecuado apropiada apropiado	9-66069-S
adecuar ajustar	19-41080-B
adecuarse	33-28954-S
adelaida	47-41836-B
adelantamiento	40-37543-B
adelantar pasar	15-18262-B
adelante	47-42225-B
adelante ante	12-17955-B
adelante desde ahora	37-32060-S
adele	34-85399-B
adelgazar	10-113160-B
adelia	67-32735-S
ademan gesto	21-16867-B
ademas ademas de	14-5530-B
ademas de	14-5530-S
ademas mas a fondo	10-83184-B
adempiere	65-90410-B
aden	43-41402-S
adeni hablado	34-83693-S
adenina	45-37499-B
adenitis	62-30733-B
adenocarcinoma	68-56131-B
adenoidectomia	65-79214-B
adenosina	64-10835-B
adentro	67-92214-S,67-92444-S
adentro dentro	9-54744-B
adepta adepto seguidor seguidora	44-54118-B
adepto seguidor seguidora	44-54118-S
aderezos	51-21932-S
adeudo endeudamiento	20-63636-B
adewada	30-30098-B
adherencia agarre	67-55251-B
adherir	39-32936-B
adherir apoyar plegarse suscribir	68-85682-B
adherir asegurar fijar sujetar	68-83125-B
adherir militar	22-49979-B
adhesion	19-0-B,21-78501-B,44-53872-B,51-72295-S
adhesiva	43-4572-S,66-44410-S,68-82347-S
adhesivo pegamento	1-9705-B
adhola	31-40121-B
adhola escrito	31-40209-B
adhola hablado	31-40358-B
adi	34-85861-B,34-86084-S
adi dravida	30-41088-B
adiccion	56-76300-B,58-52221-B
adiccion dependencia	19-93359-B
adicion	1-8129-B
adicion suma	13-34868-B
adicional	1-8555-S,1-8729-S
adicional suplementaria suplementario	20-65427-B
adicionalmente	46-97159-B
adicionar agregar anadir	10-46871-B
adicionar anexar anadir	46-45317-B
adicionar juntar	10-47362-B
adicionar sumar	11-19463-B,25-38895-B
adicto	44-52250-B
adictologia	65-9036-B
adiestrar amaestrar entrenar	54-90393-B
adiestrar capacitar entrenar preparar	69-32899-B
adiestrar educar instruir	14-14684-S
adiestrarse entrenar entrenarse	68-86926-B
adigues	28-10085-B
adigues escrito	28-10302-B
adigues escrito con escritura arabica	28-10571-B
adigues escrito con escritura cirilica modelo termirgoi	28-10421-B
adigues escrito con escritura latina	28-10686-B
adigues formal	28-10939-B
adigues hablado	28-10862-B
adiguesia	18-75036-B
adilabad gondi	30-28639-B
adinerada adinerado rica rico	14-16194-B
adinerado rica rico	14-16194-S
adios	21-9018-B,68-23636-B
adios de despedida	56-16798-S
adios despedida	7-91031-B
adioukrou	34-85940-B
adipocera	66-16655-B
adipocito	51-73871-B
adiposo	45-39795-B
adiposo subcutaneo	23-51741-S
adis abeba	18-73204-S
aditiva	37-78800-S
aditiva aditivo	53-102372-B
aditividad	61-68930-B
aditivo	1-9196-B,53-102372-S
aditivo alimentario	2-148099-B
aditivo de combustible	3-2276-B
adivasi oriya	30-8238-S
adivina adivinador adivinadora adivino clarividente vidente	57-70050-B
adivinacion prediccion	2-152788-S
adivinador adivinadora adivino clarividente vidente	57-70050-S
adivinador adivino agorero clarividente	68-57941-B
adivinadora adivino clarividente vidente	57-70050-S
adivinanza enigma misterio	19-64141-S
adivinar	12-78936-B
adivino agorero clarividente	68-57941-S
adivino clarividente vidente	57-70050-S
adiwasi garasia	29-36501-B
adiwasi girasia	29-36932-B
adjaria	34-62728-B
adjetival	64-10574-B
adjetivo	8-75923-B
adjetivo i	21-28061-S
adjetivo na	21-28327-S
adjetivo prenominal	21-48280-B
adjetivo tipo i adjetivo i	21-28061-B
adjetivo tipo na adjetivo na	21-28327-B
adjudicacion	24-17177-B
adjudicacion asignacion	1-38233-B
adjudicar asignar	45-78103-B
adjudicar asignar atribuir	34-57490-B
adjudicar distinguir galardonar homenajear honrar laurear premiar condecorar	19-52660-B
adjunta adjunto sustituta sustituto	20-6560-B
adjuntar anexar unir	43-22741-B
adjunto anejo anexo anadidura	34-26087-B
adjunto sustituta sustituto	20-6560-S
adkuri	30-2075-B
administrable	47-2847-B
administracion	20-20490-S
administracion de contenidos sistema de gestion de contenido	68-76297-S
administracion de la cadena de suministro	54-51811-B
administracion gerencia gestion	1-10357-B
administracion gestion	21-64355-B
administrado por	44-44984-S
administrador administradora	44-58348-B
administradora	44-58348-S
administradores	25-85149-S
administrar	47-3115-B
administrar comandar dictar gobernar mandar reinar	11-60213-B
administrar encargarse gestionar	69-33056-B
administrar gestionar	54-121871-B
administrar regir	44-58241-B
administrativa	1-10955-S,1-11198-S,23-70124-S,67-81317-S
administrativa administrativo	39-6096-B
administrativamente	47-2966-B
administrativo	1-10725-S,1-11413-S,6-82619-S,6-107505-S,20-72423-S,39-6096-S
administrativos organo administrativo	1-10725-S
admirable	24-54677-B
admiracion	34-27579-B
admiracion signo de exclamacion	59-1221-S
admirador admiradora	44-58496-B
admiradora	44-58496-S
admirar contemplar	34-27396-B
admisibilidad	44-58666-B
admisible licito	25-74057-S
admisible maxima	3-138089-S
admision	25-70956-S,54-106596-S
admitir	19-100897-B,47-52876-B,69-39898-S
admitir conceder reconocer	55-5367-B
admitir incluir integrar	69-52962-B
admitir permitir	69-64888-B
admonitorio precautorio	61-71666-B
adn	2-53198-S,25-98096-S
adn bicatenario	33-49205-B
adn circular	58-31186-B
adn mitocondrial	58-30265-B
adn nuclear	58-31524-B
adn polimerasa	21-77683-B
adn recombinante	45-81960-B
adobe	17-12450-B,17-12713-S
adoctrinamiento	64-19938-B
adolescencia	14-65015-B
adolescente	10-108175-B,42-8807-B
adonara	35-187-B
adonde	65-19993-B
adonis	47-78555-B,47-78842-B
adopcion	16-47301-B,22-1535-B,23-69367-S
adoptar	19-41686-B,60-14265-B
adoptar apropiarse	11-21514-B
adoptar seguir tomar	69-56534-B
adoptivo	13-51866-S,61-66745-B,67-23181-S
adoptivos	65-5903-S
adoquinado	40-29854-B
adorable	44-63788-B
adoracion devocion veneracion	25-104950-B
adorador	61-16811-B
adorar	44-63902-B,69-56474-B
adormecer	24-93645-S
adormecida	18-96000-S
adormecido adormecida	18-96000-B
adormilar adormecer	24-93645-B
adornar decorar embellecer ornar	40-39254-B
adorno	17-53100-B
adorno decoracion	44-63979-B
adosable	47-6153-B
adosar	34-23824-B
adquirida	23-5076-S
adquirir comprar	12-2579-B
adquirir ganar	19-77486-B
adquirir lograr obtener procurarse	14-7613-B
adquisicion	19-36249-B,19-36799-B,20-46554-B
adrede deliberadamente	59-77475-S
adrenal glandula suprarenal	41-43036-S
adrenalina epinefrina	44-64169-B
adrenoleucodistrofia	21-19195-B
adriatico	21-25051-S
adriatico mar adriatico	21-25051-B
adsl	21-28613-S,22-75346-B
adsorber	62-42029-B
adsorcion captacion	1-11851-B
adsorcion quimica	1-135025-B
aduana	2-22231-B
aduana hacienda	10-70372-B
aduanero	7-11610-S,23-107149-B,58-42184-S
aducir alegar	22-111-B
adufe	45-10597-B
aduge	35-775-B
adulacion	24-53727-B
adulacion lisonja	61-36830-B
adulador aduladora	20-30264-B
adulador chupamedias sicofante	60-71449-B
adulador profesional aduladora profesional	55-81988-B
aduladora	20-30264-S
aduladora profesional	55-81988-S
adular	44-65356-B
adulta adulto	1-12346-B
adultera	66-5314-B
adulteracion	44-65489-B
adulterado puro	24-26414-S
adulterar	25-44342-B,60-80743-B
adulterar falsear falsificar	25-44218-B
adulterino	44-65722-S
adulterio	17-12749-B,39-50140-S
adultero	44-65607-B
adultero adulterino	44-65722-B
adultescente	65-47891-B
adulto	1-12346-S
adultos	1-12570-S
adveccion	51-36530-B
adverbio	7-96743-B
adverbio causal	19-7806-B
adverbio conjuntivo	19-12404-B
adverbio de direccion	19-7461-B
adverbio de lugar	19-7355-B
adverbio interrogativo	19-8597-B
adverbio local	19-7277-B
adverbio modal	19-7778-B
adverbio pronominal	19-12366-B,33-25724-B
adverbio sentencial	19-7927-B
adversaria adversario oponente	25-109979-B
adversario antagonista enemigo opositor	18-57101-B
adversario oponente	25-109979-S
adversativa	20-44863-S
adversidad tribulacion	42-68228-B
adverso	20-28635-B
advertencia alarma	1-31942-B
advertir alertar avisar prevenir	47-63403-B
advertir contemplar distinguir divisar mirar observar ojear percibir ver vigilar	49-39449-B
advertir notar percatarse percibir	20-74814-B
advervio de tiempo	19-7584-B
adviento	44-71410-B
advininanza misterio	19-64446-S
advocatus diaboli	17-97325-S
adware	68-71834-B
adyacente	44-54989-B
adynyamathanha	35-562-B
adyuvante	68-97990-B
adzera	36-20402-B
ae	49-16428-S
aekyom	36-10787-B
aequo	60-24831-S
aer	29-30353-B
aer hablado	29-30440-B
aeracion	1-14432-B
aerea	1-14576-S,1-30173-S,7-30191-S,19-48998-S,21-24515-S,34-24126-S,44-79957-S,45-22417-S,45-28300-S
aerea aereo	47-106996-B
aereo	1-31166-S,1-31317-S,1-31614-S,1-31739-S,6-121078-S,10-118735-S,11-64664-S,22-16331-S,45-26956-S,45-27064-S,45-27172-S,47-106996-S
aereo civil	1-141582-S
aereo militar	4-2246-S
aerobico	1-14971-S,6-139235-S,33-47609-B
aerobicos	44-80067-B
aerobiologia biologia del aire	1-15158-B
aerodeslizador	20-56959-B,20-73270-B
aerodinamica	19-6422-B,66-6145-S
aerodinamica aerodinamico	44-81210-B
aerodinamico	1-15870-S,44-81210-S
aerodromo	9-33447-B,44-80214-B
aeroespacial	55-7581-S
aerofobia miedo a volar	56-46072-B
aerofon	18-3889-B
aerolinea linea aerea	19-48998-B
aeromoza azafata	67-83604-B
aeromozo auxiliar de vuelo azafato tripulante de cabina de pasajeros	66-62759-B
aeronauta	48-21050-B
aeronautica	44-81638-B
aeronautica aeronautico	44-81430-B
aeronautico	44-81430-S
aeronave	1-26483-B
aeronaves	1-26932-S
aeroplano avion	9-50595-B
aeropuerto	1-29408-B
aerosol	1-16086-B
aerosol atmosferico	6-125033-B
aerostatico	48-58828-S
aerostato globo globo aerostatico	48-58828-B
af abgaal	29-13252-B
af ajuraan	29-13588-S
af ashraaf	29-13464-S
af benaadir	29-13012-S
af benaadir a	29-13140-B
af daarood	29-12222-S
af degodiya	29-12782-B
af digil	29-13712-S
af dolbohaante	29-12566-B
af gaaljaal	29-13356-B
af geedabuursi	29-11966-S
af hawiyya	29-12888-S
af helledi	29-14242-S
af iise	29-11850-S
af iroole	29-14434-S
af isaaq	29-12106-S
af majeerteen	29-12346-B
af ogadeen	29-12678-B
af soomaali g	29-11484-S
af warsangeli	29-12456-B
afabilidad	45-1416-B
afable	20-27953-B
afable agradable amable encantador encantadora gentil simpatica simpatico	13-56432-B
afable amable	46-498-B
afable cordial	23-104637-B
afable docil	46-0-B
afablemente amablemente cordialmente	59-79935-B
afade	28-4453-B
afan brio celo	55-27677-B
afan deseo	48-1347-B
afanarse bregar desvivirse esforzarse esmerarse luchar	64-27570-B
afar	8-95818-B,44-77994-B
afar c	29-436-B
afar escrito	29-140-B
afar hablado	29-251-B
afar ne	29-520-B
afar no	29-350-B
afasia	51-99915-B
afasiologia	18-78992-B
afeccion	10-3490-B
afeccion caracteristica del sida	23-8613-B
afeccion enfermedad dolencia mal	2-49516-B
afectada afectado	33-31304-B
afectado	33-31304-S,68-60083-B
afectar	47-102398-B
afectivo	45-4610-B
afectuosa afectuoso	43-18922-B
afectuoso	43-18922-S
afeitada bien afeitado	52-71348-S
afeitado	52-71348-S
afeitadora maquina de afeitar maquinilla de afeitar rastrillo	66-60202-B
afeitar	56-78395-S,69-19334-B
afeitar maquinilla de afeitar rastrillo	66-60202-S
afeitar rapar rasurar	69-19253-B
afeitar rastrillo	66-60202-S
afelio	36-35816-B
afeminado	57-99489-S,57-99662-B
afeminado ahembrado amadamado amaricado amariconado amujerado marica maricon mariquita	62-30459-S
aferente	42-29976-B
aferrar	68-87646-B
afgana	64-57090-B
afgana afgano	20-38602-B,64-57216-B
afgani	14-24202-B
afganistan	8-731-B
afgano	20-38602-S,64-57216-S
afgano alamo blanco alamo plateado	60-76825-S
aficion pasatiempo	8-43633-B
aficionada aficionado amateur	12-70839-B
aficionado amateur	12-70839-S
afido	69-27091-B
afijo	61-76422-B
afilada afilado aguda agudo cortante	8-48574-B
afilado aguda agudo cortante	8-48574-S
afilar	69-47615-B,69-47833-B
afilar agudizar	69-47670-B
afiliacion	45-6562-B
afiliada afiliado filial	42-76978-B
afiliado	45-4892-B
afiliado filial	42-76978-S
afiliar	45-4701-B
afin	53-57623-S
afinar entonar	21-44683-B,52-77430-B
afinidad	45-6703-B
afirmacion confirmacion	45-6931-B
afirmar alegar declarar	69-61802-B
afirmar aseverar sostener	46-84100-B
afirmar avanzar	69-61243-B
afirmar confirmar	45-6827-B
afirmar mantener sostener	23-37513-B
afirmarse establecerse	24-57916-B
afirmativa discriminacion positiva	64-41925-S
afirmativamente responder si	65-51715-S
afirmativo	45-7339-B
afirmcion	20-28879-B
afitti	31-24552-B
afitti hablado	31-24722-B
aflasto proa	67-62334-B
afligida afligido	18-68373-B
afligido	18-68373-S
afligido apesadumbrado infeliz triste	14-8962-B
afligir apenar apesadumbrar entristecer	53-91744-B
afligir apesadumbrar	69-49020-B
afligirse deplorar lamentar	49-71242-B
afligirse entristecerse	53-91929-B
afloja	68-33846-S
aflojar	22-11016-B
afluencia	34-25338-B
afluente tributaria tributario	48-378-B
aflujo	45-7440-B
aforar valuar	46-53126-B
aforismo	20-58708-B
afortunada afortunado sortaria sortario	60-46145-B
afortunadamente felizmente	17-21988-B
afortunado sortaria sortario	60-46145-S
afrecho	51-84443-S
afrenta	45-7996-B
afrentar	45-8141-B
africa	1-16642-B,32-14936-S
africa austral	5-78604-B,30-45546-B
africa central	1-126913-B
africa del norte	4-35176-B
africa del sudoeste alemana	51-5637-B
africa hablado	32-15112-S
africa occidental	6-36139-B,43-37436-S,68-100450-S
africa oriental	2-65832-B
africa oriental alemana	51-5860-B
africana	47-106730-S
africana africano	52-57239-B
africana de unas	65-14474-S
africano	30-23388-S,52-57239-S,65-51991-S,68-100037-S
africano africana	47-106730-B
africano de bosque	65-52307-S
