mancha de sangre	50-16159-B
mancha hepatica	69-22936-S
mancha manche	34-11081-B
mancha solar	37-39306-B
manchas cortas	41-23891-S
manchas de brushfield	44-14632-B
manche	34-11081-S
manchester	63-83252-B
manchu	26-52886-B
manchu tigre siberiano	24-70498-S
manco sunco	56-76440-B
mancuerna yunta	56-4983-S
manda	33-29093-S
mandado quehacer	17-97856-B
mandaico	58-6847-S
mandaico clasico	57-100614-B
mandaico mandaico	58-6847-S
mandaico mandaico moderno	57-100881-B
mandaico moderno	57-100881-S
mandailing	38-12500-S
mandal	31-24492-B
mandamiento	54-41316-B
mandamientos diez palabras	66-5379-S
mandan	41-16799-B
mandar	23-35402-S
mandar ordenar	23-35561-B
mandar ordenar regular	8-88283-B
mandar reinar	11-60213-S
mandara	28-3559-S
mandara biu mandara	28-3559-S
mandari escrito	31-41263-B
mandari escrito con escritura latina	31-41382-B
mandarin	13-24907-B,51-31266-S
mandarin simplificado	45-87353-B
mandarin tradicional	45-87529-B
mandarina	13-16898-B
mandato	3-126752-B
mandibula	15-2314-B,67-58884-B
mandibulas	46-90934-B
mandil	46-55158-S
mandinka	37-21470-B
mandioca yuca	17-75276-S,17-76547-S
mando	32-47609-B,55-44898-S
mando que comanda	54-41180-S
mando telemando	13-27213-S
mandobo atas	34-77395-B
mandobo bawah	38-30536-B
mandolina	18-26350-B
mandos	56-18086-S
mandragora	68-50658-S,68-50764-B
mandragora mandragora	68-50658-B
mandura	31-27793-B,36-60495-B
manduri	37-11058-S
manejador de bases de datos relacional sistema de gestion de bases de datos relacional	64-59845-B
manejador de bases de datos sistema de gestion de base de datos	35-33417-B
manejar	14-46472-S,14-46623-S,67-41575-S,67-42301-B
manejar manipular tocar	22-50782-B
manejo	54-89517-S
manejo de excepciones	54-112141-B
manem	43-38171-B
manera	62-3425-S,67-94971-S,69-17083-S
manera bioclimatica	65-71801-S
manera erotica	59-30017-S
manera modo	70-11798-B
manera modo metodo procedimiento	69-16927-S
manera modo via	13-18440-B
manera perceptiva	53-52887-S
manera predecible predeciblemente	63-13747-S
manera sombreada	38-76827-S
manera somnifera	62-101056-S
manes	17-20703-B
manes escrito	28-26153-B
manes hablado	28-26566-B
mang ram	27-15214-S
manga	49-4692-B,68-2446-B
manga kanuri	32-45534-B
manga red	57-16217-B
mangalore	30-37658-B
manganeso	13-91823-B
mangar robar	14-17587-S
mangareva	36-7408-B
mangas	21-18091-S
manglar	3-127161-B
manglluri	29-43484-B
mango	17-76249-S,17-76430-B
mango arbol de mango	17-76249-B
mango bajito oportunidad	46-88725-B
mango oreja	7-80258-S
mani	13-79804-S,66-67955-S
maniaca maniaco	40-31522-B
maniaco	40-31522-S
manica	66-79977-B
manicura	62-60183-B
manicurista manicuro	63-38215-B
manicuro	63-38215-S
manida manido sabida sabido sobada sobado trillada trillado	19-8145-S
manido sabida sabido sobada sobado trillada trillado	19-8145-S
manifestacion	56-69046-B
manifestante	33-81960-B
manifestar	21-89008-S,56-68895-B
manifestar decir	8-69071-B
manifestarse	40-31669-B
manifiesto	60-7535-S
manija manilla picaporte pomo	19-65734-B
manila	43-19313-B
manilla picaporte pomo	19-65734-S
manillar	25-102763-B
manillar manubrio	67-54316-B
maninkakan oriental	41-1533-B
maniobra obstruccionista	12-60050-B
manipulacion	23-58013-B
manipulacion del clima	6-33939-B
manipulador	68-90132-B
manipular	22-50932-B
manipular tocar	22-50782-S
manipuri	37-59125-S
mankanya	46-13115-B
mann	17-19825-B
mano	5-35915-S,7-97217-B,17-34275-S,25-28630-S,38-5172-S,44-65214-S,49-57439-S,56-10988-S,57-65629-S,58-73951-B,62-36518-S,66-40245-S,67-86184-S
mano de obra	3-127634-B,7-25029-B
mano entregar pasar	7-98024-S
mano proponer matrimonio	62-68372-S
mano que cien volando mas vale pajaro en mano que ciento volando no dejes camino viejo por camino nuevo	65-99338-S
mano que ciento volando no dejes camino viejo por camino nuevo	65-99338-S
mano ronda	58-73666-S
mano unica calle de un solo sentido flecha	67-1677-S
mano usado	18-34628-S
manobo	36-1868-S,55-19156-S
manojo punado	25-102649-B
manometro	63-44809-B
manos	18-60578-S,51-97149-S,66-71790-B
manos atadas con los ojos cerrados	19-39737-S
manos handshake	18-60885-S
manos libres	33-79758-B
manosear	21-98653-S
mans	50-20961-S
manta	15-5409-B
mantauno	32-34333-S
manteca	50-61178-S
manteca crema de mantequilla	65-21015-S
manteca de cacao mantequilla de cacao	53-71692-B
mantel	66-61990-B
mantener	21-72221-S,23-37256-S,69-28595-B,69-40168-B
mantener en suspenso	63-57621-B
mantener sostener	23-37513-S
mantenibilidad	36-45661-B
mantenimiento	7-26368-B
mantenimiento de la paz	7-20567-B
mantenimiento de software	54-83238-B
mantequera	56-39171-S,57-76172-B
mantequilla	7-76605-B,7-76890-S,58-110252-S,65-21015-S
mantequilla clarificada	66-74767-B
mantequilla de cacao	53-71692-S
manticora	49-37136-B
mantis religiosa	33-39712-B
manto	35-62989-B,41-68523-B,51-40242-B
mantoux	55-91181-S
mantra	18-89844-B
mantua	34-53377-B,35-16010-B
manual	9-64732-B,21-43849-B,21-44912-B
manualmente a mano	49-57439-B
manubrio	67-54316-S,67-75460-B
manufactura	63-37007-S
manufacturar	58-77145-S
manumanaw karen	49-18632-B
manupuri meitei	47-33045-B
manuscrito	60-23708-B
manuscrito iluminado	60-24134-B
manusquino	32-1981-S
manutencion	20-82658-S
manutencion pension de manutencion	20-82658-S
manx escrito con escritura latina	28-26222-B
manx escrito con escritura latina moderna	28-26392-B
manzana	8-6848-B,14-94258-B,23-27329-S,24-88607-S,26-11414-S,46-49208-S,52-16773-S,69-39350-S
manzana de adan	15-3660-B
manzana zumo de manzana	24-88607-S
manzanilla	25-2389-S,51-16528-B
manzanilla manzanilla tisana de manzanilla te de manzanilla	25-2389-S
manzanilla te de manzanilla	25-2389-S
manzanilla tisana de manzanilla te de manzanilla	25-2389-S
manzano	8-6730-B,8-7181-B
mao	32-46822-B
maori	11-55443-B
mapa	3-128200-B
mapa de bits imagen rasterizada	53-1552-S
mapa de suelo	5-66517-B
mapa del tesoro	61-30015-B
mapache oso lavador	15-44183-B
mapache tanuki	67-46589-S
mapeo	36-12200-B
mapeo objeto relacional	65-17787-B
mapo mechudo mocho mopa palo de trapear suape trapeador trapero	68-37630-S
mapos buang	38-43198-B
mapuche mapudungun	9-96054-B
mapudungun	9-96054-S
mapun	28-49650-B
maputo	44-10906-B
maqueta modelo	4-8590-B
maquia maquis monte bajo	6-72559-B
maquiavelico	61-38461-B
maquillaje	66-63150-B
maquillar	17-58646-B
maquina	7-9644-S,35-32822-S,66-40683-S
maquina analitica	58-89484-B
maquina de afeitar maquinilla de afeitar rastrillo	66-60202-S
maquina de escribir	67-88512-B
maquina de estado finito	52-104410-S
maquina de fax telecopiadora	66-49542-B
maquina de hacer dinero	52-15921-B
maquina de pila	63-95492-B
maquina de truenos	37-25407-B
maquina de turing	38-6500-B
maquina de vapor	12-78777-B
maquina de votacion	16-69528-B
maquina del tiempo	51-60605-B
maquina expendedora	48-40356-S
maquina hiladora	40-30866-B
maquina mecanografiar teclear	9-63579-S
maquina panificadora panificadora	49-80330-B
maquina virtual	58-100003-B
maquinacion	56-22442-S
maquinaria	3-122885-S
maquinaria agricola	1-20378-B
maquinaria maquina	7-9644-B
maquinilla de afeitar rastrillo	66-60202-S
maquis	60-94216-B
maquis monte bajo	6-72559-S
mar	1-2374-S,3-133194-S,5-32088-B,5-32571-S,6-61795-S,8-86892-B,16-71498-S,16-71797-S,26-10334-S,41-49359-S,42-62557-S,42-63787-S,42-64428-S,42-64714-S,54-118959-S,61-69694-S
mar adriatico	21-25051-S
mar agua marina	5-34770-S
mar amarillo	21-25307-B
mar arabigo mar de arabia mar de oman	21-25574-B
mar balear mar balearico mar iberico	68-74411-B
mar balearico mar iberico	68-74411-S
mar baltico	13-29594-B
mar caribe	37-65349-B
mar caspio	7-33865-B
mar cerrado	16-71694-B
mar de andaman	43-56209-B
mar de arabia mar de oman	21-25574-S
mar de aral	21-74404-B
mar de azov	44-55520-B
mar de china meridional	21-26519-B
mar de china oriental	49-1076-B
mar de filipinas	21-37865-B
mar de groenlandia	21-36905-B
mar de icaria	68-74916-S
mar de icaria mar de icaria	68-74916-B
mar de irlanda	43-67139-B
mar de java	21-37209-B
mar de laquedivas	55-34184-B
mar de liguria	68-74221-B
mar de los sargazos	21-25843-B
mar de luz	16-59766-B
mar de marmara	44-7394-B
mar de ojotsk	66-75954-B
mar de oman	21-25574-S
mar de wadden	6-14893-B
mar del japon	21-37607-B
mar del norte	11-90500-B
mar egeo	43-66881-B
mar erizo marino	17-76816-S
mar hipocampo	68-54064-S
mar iberico	68-74411-S
mar jonico	43-21638-B
mar lleno marea alta pleamar	20-9294-B
mar marginal	21-38464-B
mar mediterraneo	7-34124-B
mar muerto	21-38218-B
mar negro	7-33712-B,44-82710-S
mar profundo	2-30436-B
mar rojo	11-87733-B
mar tirreno	43-21825-B
maracaibo	45-15997-B,45-16542-B
maracuya	66-60820-S
marari	29-53430-B
marathi	29-53757-S
marathi escrito	29-38390-B
marathi hablado	29-38468-B
marathi marati	9-96370-B
marati	9-96370-S
maraton	24-70050-B
maratsa	28-42424-S,28-42556-B
maravilla	49-79779-S,59-78884-S
maravillar sorprender	45-105628-S
maravillosamente de maravilla	59-78884-S
maravilloso	15-55211-B
maravilloso esplendido estupendo fabuloso fantastico magnifico	13-20781-B
marburgo	51-68861-S
marca	10-5103-B,47-5601-B,47-5728-B,47-5944-B,48-39596-S
marca notoriamente conocida	33-52639-B
marca oreja	48-73746-B
marca paginas	17-34421-B
marca record	23-36417-B
marca registrada	15-40541-B
marca registrada de propiedad	53-77503-S
marcado lenguaje de marcas	54-62678-S
marcador	3-133603-B,10-78928-B,10-91086-S,17-34715-S
marcador biologico	6-111697-B
marcador celular	42-39387-B
marcador plumon rotulador	10-77999-B
marcador rotulador	60-55198-B
marcaje	54-89179-B
marcar	10-91482-S,11-48691-S,33-26553-B,33-26670-B,40-12098-B,45-63168-S,69-73119-B
marcar precintar	65-89249-S
marcas	54-62678-S
marcha	23-58223-B,23-58434-B
marcha movil	52-47104-S
marcha nupcial	7-110801-B
marcha partida salida	56-75513-B
marchar	8-8867-S,33-27066-B
marcharse partir salir	56-75318-S
marchigiano c	32-26969-B
marchigiano s	32-27664-B
marchitamiento	61-8475-B
marchitar	23-73828-B,66-75473-B
marcial	43-7373-S
marcial tribunal militar	55-75562-S
marciales mixtas	66-82740-S
marciana marciano	18-12376-B
marciano	18-12376-S,66-21307-B
marco	2-156986-S,17-25290-B,39-56845-S,40-40108-S,52-98159-B,63-109933-S,64-44726-B
marco convertible	44-3770-S
marco de puerta	66-18167-B
marco marco convertible	44-3770-B
marco para aplicaciones web	63-99611-S
mare	52-13923-S
marea	5-123844-S,44-71697-S,44-74358-S,68-39370-S
marea agua	3-39165-S
marea alta pleamar	20-9294-S
marea baja	20-9165-S
marea baja marea muerta	44-74088-B
marea ecologica	6-132678-B
marea muerta	44-74088-S
marea negra	4-51255-B
marea roja	4-144336-B
mareada mareado	57-71785-B
mareado	57-71785-S
mareas	3-79556-S,5-123939-B
mareas energia mareomotriz	5-123442-S
maremoto tsunami	5-38890-B
maremotriz	6-122058-S
marense	32-61324-B
mareo	11-79107-B,60-84179-S
mareomotriz	5-123442-S
marfil	3-86910-B,11-83515-S,16-65786-S,32-15926-S,34-79583-B
marfilena marfileno	59-99458-B,59-99662-B
marfileno	59-99458-S,59-99662-S
marga	69-57197-B
margarina	62-63504-B
margarita comun pascueta vellorita	23-73367-S
margen	54-89018-B
margen orilla	15-99896-S
margen raya	9-45134-B
margen ribera	7-25557-B
marginacion	23-87248-B
marginacion segregacion	62-54341-S
marginal	3-129633-S,12-96109-S,21-38464-S,23-76889-S,54-4045-B
marginal seno subcapsular	42-29603-S
marheti	29-39910-B
mari	42-56476-B
mari el	18-77457-B
maria	13-23334-B,13-28428-B,13-30059-B,30-29998-S,30-30186-S,30-30381-S,30-30679-S,40-52503-S
maria de jesus	39-1316-S
maria del mar	42-64714-S
maria escrito	30-29609-B
maria escrito con escritura telugu	30-29724-B
maria hablado	30-29895-B
maria puerta de eje rotatorio	65-50190-S
maria yerba	21-44999-S
marianas del norte	33-81034-S
mariano	67-15673-B
marica maricon mariquita	62-30459-S
maricon mariquita	62-30459-S
maricopa	41-16888-B
marido	7-62657-S
marido ex pareja	60-65496-S
mariguana marihuana hierba maria yerba	21-44999-B
marihuana hierba maria yerba	21-44999-S
marik	39-31420-B
marimba xilofono	10-108691-B
marina	2-30627-S,3-130453-S,3-130698-S,3-131827-S,3-131889-S,3-132086-S,3-132449-S,3-132949-S,5-32381-S,5-34770-S,5-34921-S,6-32682-S,12-21864-S,21-24674-S,67-5660-S
marina aguila marina de cola blanca	24-61905-S
marina de cola blanca	24-61905-S
marina marino	21-24890-B
marina mercante	6-98333-B
marina puerto deportivo	3-130163-B
marinada	51-110672-B
marinados	50-74856-S
marind	37-58591-S
marinera marinero	14-64227-B
marinera marinero marino canotier	32-62841-B
marinero	14-64227-S
marinero marino	69-54523-B
marinero marino canotier	32-62841-S
marino	3-131025-S,3-131676-S,3-133029-S,5-32281-S,6-64017-S,6-67031-S,6-69139-S,7-54679-S,12-90681-S,17-76816-S,21-24890-S,55-44286-S,66-17918-S,69-54523-S
marino canotier	32-62841-S
marino del sur	12-76406-S
marino otaria	56-33207-S
marino perejil marino	66-17918-S
mariologia	67-15585-B
marioneta	15-95771-B
marioneta de mano	67-86184-B
mariposa	1-112806-B,25-47317-S
mariposa de la reina vulcana	47-50984-B
mariposa diurna	10-102396-B
mariquita	22-84973-B,33-30400-B,62-30459-S
mariscal	15-39296-B
marisco	21-10685-B,37-83350-B
marisco conchifero	5-44839-B
mariscos	6-73719-S
marisma	4-14243-B
marisma pantano	7-30280-S
maritima	3-131206-S,3-133487-S
maritima milla nautica	51-69741-S
maritimo	13-88759-S,32-1241-S,34-4658-S,34-16506-S,51-60393-S
maritimos	34-2361-S
marketing no diferenciado	20-64239-B
markov	17-85-S,17-547-S,44-72818-S
markoviana markoviano	53-103461-B
markoviano	53-103461-S
markunda	28-39173-B
marmara	44-7394-S
marmol	3-129548-B
marmota	56-81204-B
marmota canadiense	67-14847-B
marmota de vientre amarillo	64-37887-B
marne	34-11536-B,34-11718-S,34-16640-S,34-20600-S,34-38060-B
maroma	58-46440-S
maromero gavilan blanco gavilan maromero halcon blanco milano blanco	67-51240-S
maromero halcon blanco milano blanco	67-51240-S
marques	46-57148-B
marques del norte	36-7500-B
marques sur	36-7815-B
marqueteria	24-70223-B
marquina	27-49579-B
marrakech	63-66020-B
marrana puerca	8-25287-S
marrano puerco	8-18998-S
marron	10-17210-S
marron parda pardo	10-17395-S
marronaceo	18-13478-S
marroqui	35-20685-S,35-84576-S,44-44109-S,44-44198-B
marroquineria	63-22288-B,63-22505-B
marruecos	12-49868-B
marsabit	29-4462-S
marsella	34-59601-B
marsh	32-13821-S
marshales	46-49849-B,55-46059-S
marshalesa marshales	55-46059-B
marshall	12-95158-S
marsihes	32-2559-B
marsopa	63-58625-B
marsupiales	3-136222-B
marta cibelina	68-95872-B
marte	13-73235-B,13-73454-B,34-56414-S
martes	10-27617-B,45-27356-S
martillar	10-84527-S,33-22473-B,33-22663-B
martillo	8-92261-B,9-88138-B
martillo de bola	43-14058-B
martillo de carpinteria	42-75186-S
martillo martillo de carpinteria	42-75186-B
martin	60-87823-S
martin pescador	34-69720-B
martinica	19-91999-B
martirologio	63-87429-B
marudu talantang	42-6634-S
marudu tinagas	48-95388-S
marwari	16-62321-B,16-62712-B,29-31545-S
marwari escrito	29-31668-B
marwari escrito con escritura nagari	29-31813-B
marwari escrito con escritura perso arabica	29-32012-B
marxismo	15-40917-B
maryam	29-4338-S
maryland	16-18633-B
marzo	10-23585-B,22-39497-S
mas	8-38959-B,10-84065-B,15-74508-B,15-74581-B,44-52886-S,46-29235-S,52-46191-B
mas a derecha	17-38159-B
mas a fondo	10-83184-S
mas a la izquierda	17-38025-B
mas alla de	53-82317-B
mas alla ultratumba	13-57499-B
mas amplio	26-19026-B
mas bajo	13-69062-S,50-46709-B
mas bien	40-50766-B
mas de plus en plus	59-49922-S
mas grande	10-64620-S
mas grave posible	65-9413-S
mas lejos	10-84136-B
mas limitado	1-466-S
mas o menos si pero	12-7304-B
mas papista que el papa	63-33393-B
mas pero sin embargo	9-39071-S
mas que nada sobre todo	62-1345-S
mas rapido posible tan pronto como sea posible	61-69246-S
mas reciente	36-33872-S
mas restringido	26-19132-B
mas suplementario	19-48313-B
mas tardar	41-23981-S
mas tarde	22-7093-S
