digrafo	66-31587-B
digresion	22-12289-S,22-25329-B
dih bri	27-17830-B
dii	40-47922-B
diisopropylfenol propofol	66-79141-S
dijim bwilim	38-74382-B
dijon	10-106276-B
dilacion	56-48751-S
dilacion retraso tardanza	50-36827-S
dilapidar	57-14237-B
dilema	59-101353-B
dilema disyuntiva	59-28189-S
dili	43-52761-B
diligente	33-33191-B
dilling	31-23774-B
dilling hablado	31-23839-B
dilucidar	21-82256-S
diluido	2-46455-S,20-24049-B
diluvial	65-76284-B
diluvio gota fria lluvia torrencial	19-36028-S
dima	43-44598-B
dimasa	39-43697-B
dimbong	39-43341-B
dime	31-45638-B
dimension talla tamano volumen	13-3902-B
dimensional	53-23050-B,62-15855-S
diminuendo	38-10608-B
diminuta diminuto	26-12226-S
diminutivo	11-78036-B
diminuto	26-12226-S
diminuto exiguo insignificante	14-97423-B
dimir	39-53101-B
dimisionario	23-69606-B
dimitir renunciar resignar	23-38253-B
dimli	39-43555-B
dimorfica dimorfico	63-764-B
dimorfico	63-764-S
dimorfismo	59-33155-B,59-33356-B
dimorfismo sexual	58-109133-B
dinamarca	11-96478-B
dinamica	51-62933-B
dinamica de fluidos	45-56396-B
dinamica de memoria	63-115760-S
dinamica de poblaciones	4-109497-B
dinamica de vehiculos	45-61040-B
dinamica dinamico	11-101177-S,59-72519-B
dinamica social	5-58234-B
dinamicamente	57-30393-B
dinamico	11-101177-S,52-69789-S,54-28737-S,59-72519-S
dinamismo	68-91344-B
dinamita	57-76339-B
dinamo	51-63252-S
dinamo dinamo	51-63252-B
dinamometria isocinetica	44-61599-B
dinamometrica torquimetro	69-66668-S
dinar	14-44192-B,55-43522-B
dinar dinar jordano	43-50247-B
dinar dinar kuwaiti	43-68699-B
dinar dinar libio	43-68335-B
dinar dinar macedonio	44-9060-B
dinar dinar serbio	44-9318-B
dinar jordano	43-50247-S
dinar kuwaiti	43-68699-S
dinar libio	43-68335-S
dinar macedonio	44-9060-S
dinar serbio	44-9318-S
dinastia aquemenida	33-26811-B
dinastia carolingia carlovingios carolingios	57-67733-B
dinastia familia linaje	33-67252-S
dinastia ming	42-33791-B
dinastico	69-37803-B
dinero	5-119386-S,9-24932-B,15-80059-S,52-15921-S
dinero falso moneda falsa	51-68583-B
dinero fiduciario	56-67498-B
ding	39-44461-B
dinik	31-25067-B
dinka	12-39141-B
dinka del sudeste	31-37506-B
dinka del sudeste hablada	31-37616-B
dinka noroccidental	31-33809-B
dinka noroccidental escrito	31-33897-B
dinka noroccidental escrito con escritura latina	31-34072-B
dinka noroccidental hablado	31-34293-B
dinka nororiental	31-32806-B
dinka nororiental escrito	31-32916-B
dinka nororiental escrito con escritura latina	31-33086-B
dinka nororiental hablado	31-33303-B
dinka sur central	31-36762-B
dinka sur central hablado	31-36849-B
dinka sur occidental	31-35152-B
dinka sur occidental escrito	31-35265-B
dinka sur occidental escrito con escritura latina	31-35442-B
dinka sur occidental hablado	31-35665-B
dinler	26-21583-B
dinosaurio	33-55676-B
diocesis	42-14269-B
diodio	39-36847-B
diodo varicap varactor	61-26730-B
diol geminal	65-53262-B
diol glicol	65-53122-B
diol vecinal	65-53426-B
dione	67-42724-B,67-42838-B
dionisio del mar	42-64428-S
diorama	36-62668-B
dios	7-69981-B,24-66202-S,48-82112-S
dios idolo	48-82281-B
dios manda	33-29093-S
diosa	49-54681-B
dioula	39-38651-S
dioxido de azufre	5-101353-B
dioxido de carbono	1-118627-B,65-82071-S
dioxido de nitrogeno	4-29900-B
dioxido de titanio	5-125327-B
dioxina	2-46569-B
dioxina de polychlordibenzo p	4-105467-B
diplodocus	33-55499-B
diploide	25-28010-B
diploma	14-98360-S
diploma grado titulo	23-98071-B
diplomacia	57-15648-B
diplomado	21-16394-S
diplomatica	22-26001-S,65-4025-B
diplomatica diplomatico	57-16009-B
diplomaticamente	57-33108-B
diplomaticas	66-76917-S
diplomatico	20-4045-B,57-16009-S
diplomatura licenciatura	21-67836-B
dipteros	7-31723-B
diptongo	24-30441-B
diputada diputado	20-6315-B,48-81615-B
diputada diputado representante	48-81833-B
diputado	20-6315-S,48-81615-S
diputado representante	48-81833-S
dique	2-63045-B,2-63387-S
dique presa represa	2-24427-B,5-94983-B
dique seco	49-26515-B
dir gaernarfon	28-27980-S
dirari	39-43759-B
dirasha	29-5256-B
direccion	9-47610-B,13-72943-B,19-7461-S
direccion asistida	62-25217-B
direccion de correo electronico	68-27772-B
direccion junta directiva	21-91503-B
direccional	53-60153-B
directa	2-46703-S,15-31563-S,37-63047-S
directa directo	53-29770-B
directamente	48-83620-B
directiva	2-46862-B,19-62177-S,19-62625-S,21-91503-S,38-67830-B
directiva directriz	40-55002-B
directiva instruccion orden comando directriz	53-4493-B
directivo medio	24-79200-B
directo	35-41119-S,53-29770-S,64-52049-S
directo en vivo	62-3592-S,62-5558-S
directo programa en vivo	62-5317-S
director	7-89513-B
director de coro	58-101352-B
director directora	45-20220-B
director ejecutivo	32-65185-B
directora	45-20220-S
directorio	20-23623-B,20-23790-S
directriz	39-16555-B,40-55002-S,53-4493-S
dirham	14-44305-B,51-66246-B
dirham marroqui	44-44109-B
diri	28-48605-B
dirigente	5-108025-S
dirigente gobernante soberana soberano	8-92424-B
dirigible	55-14774-B,57-17626-B
dirigida dirigido	23-106943-B
dirigida por eventos	65-19527-S
dirigida por modelos	63-112208-S
dirigido	23-106943-S
dirigir gerenciar llevar conducir guiar	24-35707-B
dirigir liderar	21-85045-S
dirigirse	53-16182-B
dirigirse encaminarse partir trasladarse	14-8066-S
diriku	39-43829-B
dirim	39-43633-B
dirong guruf	32-48828-B
dirrecion	57-92514-B
dis 639 6	26-18922-S
disa	40-42658-B
disc jockey discjockey pinchadiscos	56-91561-B
discalculia	57-6917-B
discapacitado minusvalido	70-12670-B
discernir distinguir	58-55695-S
discernir observar	56-90052-S
disciplina	54-88582-B,57-23549-B
disciplinar	14-2703-S
disciplinaria disciplinario	57-23326-B
disciplinario	20-4809-S,57-23326-S
discipulo	39-22265-B
discjockey pinchadiscos	56-91561-S
disco	33-5036-S
disco compacto	48-17214-B
disco de marcar	45-63168-S
disco de stop	22-17027-S
disco duro	18-64807-B
disco vinilo	68-50917-B
discografia	48-83997-B
discografica discografico	48-83349-B
discografico	48-83349-S
disconformidad	49-66011-B,57-18488-S
discontinuar interrumpir	25-90708-S
discontinuidad	69-15977-B
discordante	57-28761-B
discordia	57-28199-B,60-36998-S
discoteca	13-39085-B
discovery and integration	66-12329-S
discrecion	57-34427-B
discrepancia	64-5295-B
discrepar disentir	57-18214-B
discreta discreto	48-83045-S,57-34555-B
discreta discreto recatada recatado reservada reservado	56-69966-B
discretizacion	53-60337-B
discreto	48-83045-S,57-34555-S
discreto recatada recatado reservada reservado	56-69966-S
discriminacion	15-84748-B,64-41491-S
discriminacion marginacion segregacion	62-54341-B
discriminacion positiva	64-41925-S
discriminatorio	20-42568-B
disculpa	46-38943-S
disculpa excusa	46-40025-B
disculpame lo siento perdoname	14-62790-B
disculpar perdonar	9-9135-B
disculparse excusarse	46-39588-B
discurso	42-61940-B
discurso del ascensor	46-39171-B
discurso habla	6-144595-B
discurso indirecto libre estilo indirecto libre	64-52211-B
discusion	14-38370-B,57-55087-B
discusion enfrentamiento	33-19776-B
discutible	46-58842-S,55-35983-B,57-54936-B
discutidor discutidora	47-25889-B
discutidora	47-25889-S
discutir	53-46781-B
discutir negar replicar	22-73311-S
disecar anatomizar	57-57578-B
diseccion	57-57779-S
diseminacion dispersion propagacion	39-34799-B
diseminar esparcir propagar	69-66340-S
disenador	20-2183-B
disenar	22-72956-B,69-56188-B
diseno	54-16385-S,54-47478-S,54-47820-S
diseno asistido por computador diseno asistido por ordenador	36-49457-B
diseno asistido por ordenador	36-49457-S
diseno de juegos	54-57408-B
diseno de negocios modelo de negocios	54-20576-B
diseno de paginas web	22-70070-S
diseno de software	54-80768-B
diseno estrategico	54-84984-B
diseno grafico	38-11659-B
diseno guiado por dominio	54-48095-B
diseno industrial	38-11418-B
diseno instruccional	37-14432-B
diseno inteligente	37-81217-B
diseno urbano	5-151526-B
diseno visual	63-96766-S
diseno web diseno de paginas web	22-70070-B
disenteria	57-76745-B
disentir	57-18214-S
disentir protestar	13-16356-S
disertacion	40-52229-B
disfemismo	61-6714-B
disfemistica disfemistico	61-12877-B
disfemistico	61-12877-S
disfraz	59-93649-B
disfrutar gozar	14-48272-B
disfrute goce usufructo	20-59533-B
disfuncion	23-74024-B
disfuncion erectil	50-50710-B
disfuncional	57-76917-B
disgregacion	39-22560-B
disgregar	39-22420-B
disgustada disgustado	57-40238-S
disgustado	57-40238-S
disgustar	57-53507-S
disgusto	57-45152-S,57-53806-B
disidente	57-60712-B
disilabico disilabo	57-33567-S
disilabo	57-33567-S
disimulado encubierto oculto secreto	69-36204-S
disimular esconder ocultar	13-86670-B
disimular fingir aparentar pretender simular	57-58253-B
disipacion	53-60679-B
disipar	57-49681-S
dislexia	19-29586-B
dismenorrea	61-49246-B
disminucion	23-45037-S
disminucion de voltaje	9-98037-S
disminucion mengua merma minoracion reduccion	61-69778-S
disminucion merma	15-1352-B
disminuir	12-21383-S
disminuir menguar mermar	25-44716-B
disociativa	68-68824-S
disoha	31-28546-B
disolucion	2-51517-B
disolvente	5-72445-B,57-61210-B
disolvente organico	4-54182-B
disolver	61-50176-B
disonancia	57-28393-B,57-40584-B
disparador trigger	53-7735-B
disparar a la cabeza tirar a la cabeza	56-43461-B
disparar tirar	14-86366-B
disparatado	39-6571-S
disparate	56-16939-B
disparo	21-15324-B
disparo parto	44-2093-B
dispensable innecesaria innecesario sobrante superflua superfluo	57-49805-B
dispensacion	23-88279-B
dispersar	62-29683-B
dispersion	2-50965-B,63-2916-B
dispersion propagacion	39-34799-S
dispersion suburbana dispersion urbana	5-43584-B
dispersion thomson	46-77686-B
dispersion urbana	5-43584-S
disponer de	20-45392-B
disponer estipular	23-89689-B
disponer posicionar	14-23838-S
disponer preparar	47-16369-S
disponibilidad	47-81764-B
disponibilidad biologica	1-84531-B
disponible	38-4528-B,47-81950-B,70-13841-S
disposicion	19-76405-B,68-59528-S
disposicion de materiales de guerra	2-51309-B
disposicion en rejilla	7-52034-B
disposicion inclinacion predileccion predisposicion proclividad propension tendencia	17-53367-B
disposicion preparacion	68-90756-B
dispositivo	22-91434-S,23-74308-B
dispositivo de almacenamiento memoria	22-86745-B
dispositivo de escape	2-122210-B
dispositivo de proteccion	5-44960-B
dispositivo de seguridad	16-80244-B
dispositivo intrauterino hormonal	60-77439-S
disprosio	13-43285-B
dispuesta dispuesto docil lista listo preparada preparado presta presto	61-7999-B
dispuesta poco dispuesto	57-43608-S
dispuesto	57-43608-S
dispuesto docil lista listo preparada preparado presta presto	61-7999-S
disputa	11-61710-B,33-53394-B,33-53549-S,64-86824-S
disputar	69-3790-S
distancia	3-116723-S,3-117506-S,25-87012-S,48-60878-B,48-61030-B,56-59989-S
distancia apartada apartado distanciada distanciado separada separado	45-94142-S
distancia auditiva	57-81351-B
distancia de tiro	24-58261-B
distancia relacion a larga distancia	56-59989-S
distanciada distanciado separada separado	45-94142-S
distanciado separada separado	45-94142-S
distante	56-99405-B
distante reservada reservado	45-94507-B
distension	56-101997-S
distincion	55-40332-S
distinguida distinguido	57-62289-B
distinguida distinguido refinada refinado	56-5801-S
distinguido	57-62289-S,68-48846-B
distinguido refinada refinado	56-5801-S
distinguir	58-55695-S
distinguir divisar mirar observar ojear percibir ver vigilar	49-39449-S
distinguir divisar percibir vislumbrar detectar discernir observar	56-90052-B
distinguir galardonar homenajear honrar laurear premiar condecorar	19-52660-S
distinta distinto	11-73513-S,61-34938-S
distinto	11-73513-S,61-34938-S,67-95300-S
distopia	51-51182-B
distorcionar falsear invertir tergiversar falsificar	39-49537-S
distorsion	20-45557-B,57-62600-S
distorsionado	23-74757-B
distorsionar	57-62457-S,61-60759-S
distraer	54-84213-B
distraida distraido	15-96982-S,49-51929-S
distraido	15-96982-S,49-51929-S
distribucion	1-62029-S,14-88913-B,48-80211-B,48-80591-B,63-7029-B,64-84904-B
distribucion de agua	6-24149-S
distribucion de contenidos	64-36096-S
distribucion de gas	3-9834-B
distribucion de informacion	7-43083-S
distribucion de la poblacion	4-109323-B
distribucion reparticion	39-35216-B
distribuida sistemas distribuidos	54-108817-S
distribuido	58-92677-S
distribuidor	48-48051-B,57-64294-B
distribuidor distribuidor vial	48-47734-B
distribuidor distribuidora mayorista	57-64004-B
distribuidor vial	48-47734-S
distribuidora mayorista	57-64004-S
distribuidos	54-108817-S
distribuir	13-94069-S,44-67377-B,53-720-B
distribuir repartir	16-48319-S
distributiva	20-45261-S
distributiva distributivo	57-63786-B
distributivo	57-63786-S
distrito	38-60154-S
distrito de aveiro	34-61910-S
distrito de beja	34-62269-S
distrito de columbia	33-80701-B
distrito de evora evora	34-62345-B
distrito de explotacion minera	4-4580-B
distrito de vila real	35-70104-S
distrito de viseo distrito de viseu	34-62443-S
distrito de viseu	34-62443-S
distritos electorales	63-53295-S
distrofia muscular de becker	44-22438-B
distrofia muscular de duchenne	41-35100-B
disturbio	39-22587-B
disuadir	13-81830-S
disuasion	7-54530-B,23-74735-B
disuasiva disuasivo horrorosa horroroso	56-102334-B
disuasivo horrorosa horroroso	56-102334-S
disuasoria	2-38098-S
disuelto	2-51652-S
disyuncion	54-6833-B
disyuntiva	20-44994-S,54-7203-S,59-28189-S
disyuntiva disyuntivo	54-7072-B
disyuntivo	54-7072-S
ditirambo	66-4735-B
ditransitivo	17-27726-S
ditti	31-24797-B
ditti hablado	31-24855-B
diu hormonal dispositivo intrauterino hormonal	60-77439-B
diuretica diuretico	49-79137-B
diuretico	44-26844-B,49-79137-S
diurna	10-102396-S
diuwe	39-44376-B
divan	19-33289-B
divehi maldivo	39-43935-B
divergencia	57-68939-B
divergente	42-44742-B
divergir	54-92048-B
diversa diverso variada variado	57-69832-B
diversidad	40-34345-B,42-64899-B
diversidad biologica	1-86951-S
diversidad genetica	3-12630-B
diversificacion	63-6070-B
diversificar variar	54-93171-B
diversion	9-10675-B
diverso heterogeneo	21-30843-B
diverso variada variado	57-69832-S
diverticulitis	62-31042-B
divertida divertido entretenida entretenido	58-27557-B
divertida divertido graciosa gracioso	9-70616-S
divertido	46-5853-B
divertido entretenida entretenido	58-27557-S
divertido graciosa gracioso	9-70616-S
divertir	46-5698-B
divertir entretener	58-27252-B
divertirse	42-75681-B
dividendo	48-39030-B,48-39316-B,48-39446-B
dividir	22-74384-B
dividir particionar seccionar	10-92300-B
dividir partir desunir separar	57-67489-B
divinidad	39-35421-B
divino	7-92115-B
divisa	14-98166-B
divisar mirar observar ojear percibir ver vigilar	49-39449-S
divisar percibir vislumbrar detectar discernir observar	56-90052-S
divisible	52-102960-B
division	16-7852-B,34-39893-B,49-25700-B,53-80793-B,68-61387-B
division bentica	1-80999-B
division digital	23-62161-S
division silabica incorporacion de guiones	25-76283-S
divisor	16-13645-S,57-71608-B
divisoria	38-48507-S
divorciada	44-28803-B
divorciado	44-28888-B
divorciar	44-28487-B
divorciarse	44-28633-B
divorcio	23-74821-B
divulgar proclamar publicar	24-61350-B
divulgar revelar	22-40343-B
divulgativo	23-74876-B
dixon	34-44373-S,39-44298-S,57-21150-S
di’e	27-37678-B
djambarrpuyngu	39-48216-B
djamindjung	39-46944-B
django	63-100056-B
djangun	39-47229-B
djauan	39-48043-B
djawi	39-48393-B
djeebbana	39-47373-B
djerid	27-60842-B
djimini senoufo	40-49797-B
djinang	39-47301-B
djinba	39-46593-B
djingili	43-41263-B
djiwarli	39-47564-B
djongkang	39-48113-B
djudezmo bosnia serbia	32-32801-B
djudezmo buenos aires	32-33034-B
djudezmo formal	32-32053-B
djudezmo israel	32-33152-B
djudezmo kerkira	32-32249-B
djudezmo nueva york	32-32922-B
djudezmo skopje	32-32695-B
djudezmo sofiya	32-32589-B
djudezmo thessaloniki	32-32359-B
djudezmo turkiye	32-32479-B
dnestr m	32-56657-B
dnestr no	32-56212-B
dnieper	44-55880-B
dns	65-60611-B,65-60944-S,65-61623-S
do	12-43422-B,30-49899-S,30-50013-S,30-50175-S,30-50283-S,30-50441-S,30-50559-S,30-50923-S,30-51045-S,30-59972-S,31-11269-S,67-44192-B
do douro	37-2211-S
