antichristian	61-74687-S
anticipate	34-28274-B
anticipate await expect look wait	9-55173-B
anticipate forebode	59-30722-S
anticipation	19-79195-B
anticipation of danger	1-55602-B
anticlimax	46-26374-B
anticlockwise	24-80781-S
anticoagulant	65-103851-B
anticoagulant blood thinner blood thinner	48-27448-B
anticonstitutionally	40-17510-B
anticorrosive	46-26613-B
anticyclone	46-26965-B
antidepressant	61-74881-B
antiderivative	16-11824-S
antidote	22-18653-B
antidote counterpoison	12-13823-B
antifreeze	46-27380-B
antifungal	23-10960-B
antigen	23-7690-B
antigua and barbuda	8-1388-B
antigua and barbuda creole english kokoy creole english montserrat creole english saint kitts creole english antiguan creole	35-18408-S
antiguan creole	35-18408-S
antihypertensive	48-21990-B
antiinflammatory antiphlogistic	35-35897-S,59-41529-S
antikythera	52-23101-B
antikythera mechanism	35-42616-B
antillean gulden	44-75512-S
antilles	33-73459-S
antilles dutch antilles	33-73459-S
antilock brake antilock brake system antilock braking system wheel lock control	63-46304-S
antilock brake system antilock braking system wheel lock control	63-46304-S
antilock braking system wheel lock control	63-46304-S
antilocking system abs abs brake anti lock anti lock brake system anti lock braking system anti skid system antiblocking system antilock brake antilock brake system antilock braking system wheel lock control	63-46304-B
antimatter	45-37385-B
antimicrobial	68-69734-B
antimilitarism	63-47871-B
antimony	13-21428-B
antineoplastic antineoplastic drug	23-11197-S
antineoplastic drug	23-11197-S
antineutrino	67-29929-B
antineutron	67-30027-B
antioxidant	35-12752-B
antipanic anxiolytic anxiolytic drug	65-88180-S
antiparticle	16-9881-B
antipathy aversion distaste	57-11578-B
antipattern	54-16385-S
antiphlogistic	35-35897-S,59-41529-S
antipolitical	61-76851-S
antipope	60-68284-B
antiproton	47-90613-B
antiprotozoal	23-11484-B
antipyretic febrifugal febrifuge fever reducing	35-36245-B
antique	54-101129-B
antique shop	54-99577-B
antiquity	47-3711-B
antiretroviral	23-11831-B
antiretroviral therapy	23-12109-B
antiseismic earthquake resistant earthquake proof earthquake resistant	62-26127-S
antisemitism	47-46837-S
antiseptic	19-84213-B
antiskating	55-60853-B
antiskid system traction control system acceleration slip regulation	11-47365-B
antispasmodic	66-64648-B
antispasmodic spasmolytic	66-64808-B
antiterrorism counterterrorism	63-48153-S
antithesis	46-28201-B
antiviral	23-12481-B
antivirus antivirus software	65-70467-B
antivirus software	65-70467-S
antiziganism	57-25576-S
antler	46-28876-B
antlia	38-22210-B
antonym	11-22291-B
antonymy	65-7952-B
antruzi	29-42819-B
antwerp	48-6054-B
anu	35-56078-B
anuak	31-39040-B
anufo	39-10419-B
anuki	36-6449-B
anus	36-7106-B
anus arsehole asshole	47-82998-B
anuta	45-3632-B
anvil	9-87941-B,9-88055-B
anxiety	19-42754-B,62-56162-S
anxiety disquiet uneasiness	57-55674-B
anxiolytic anxiolytic drug	65-88180-S
anxiolytic drug	65-88180-S
anxious	46-29077-B
any	10-22009-B,39-16395-B
any rate at least leastways leastwise	61-82263-S
anybody anyone	19-85346-B
anyin	35-59221-B
anymore	46-29235-B
anyone	11-43943-B,19-85346-S
anything	59-76684-B
anything aught	14-6052-B
anytime	13-88674-B
anyway	12-45346-B,40-39842-B
anywhere	53-82183-B
anzoátegui	48-5566-B
análisis web digital analytics web analytics	69-63740-B
anæsthesiology	59-88455-S
ao	15-45294-S
ao naga	42-9358-B
ao yao	31-9959-B
aoeur gnaeux auregnais aurignais	32-8896-B
aore	35-75597-B
aorta	46-29356-B
aortic	62-83044-B
aortic valve stenosis	42-44800-B
aosta	35-4609-B
aosta valley	34-26543-B
ap ma	43-71567-B
apache	11-27678-B,11-27933-B,35-78696-S,35-79051-S,35-79152-S,35-79254-S,35-80564-S
apache axis axis	66-14335-B
apache ofbiz apache open for business ofbiz	65-92300-B
apache open for business ofbiz	65-92300-S
apache openoffice openoffice	70-6463-B
apache struts struts	63-100389-B
apak	31-38530-B
apalaí	35-80784-B
apali	41-3688-B
apalik	35-79654-B
apart	46-85821-S,58-55695-S
apart aloof	24-82877-B
apart come away separate	8-24527-S
apartheid	19-51730-B
apartment	32-62485-B
apartment block	1-55971-B
apastron	38-19541-B
apatani	35-80091-B
apathetic	46-30193-B,64-40258-S
apathy	25-48753-B
ape	43-8089-S
apec asia pacific economic cooperation	24-50401-B
apennine mountains	44-59044-B
aper emulator imitator	60-42470-B
aperture	47-93928-B
apetalous	39-33674-B
apex head over heels	64-65233-S
apex peak summit top	41-23709-B
apex shoot tip	25-19825-S
aphasia	51-99915-B
aphasiology	18-78992-B
aphelion	36-35816-B
aphid plant lice	69-27091-B
aphorism	20-58708-B
aphrodisiac	46-30379-B
aphthous ulcer	23-12714-B
api application programming interface	63-95051-B
api for xml	64-53550-S
apia	47-7383-B
apiacá	35-78606-B
apiales	15-71825-B
apical	62-83202-B
apiculture beekeeping	1-56388-B
apiculturist beekeeper	16-88751-B,35-83909-B,35-84111-B
apiece	46-31272-B
apinayé	35-79393-B
apiology	66-9242-B
aplasia	66-73840-B
apma	35-79764-B
apnea	60-87140-S
apnea apnoea	46-31381-B
apnoea	46-31381-S
apocalypse apocalypse of john apocalypse of st john book of revelation book of the revelation of john revelation revelation of saint john the divine	46-32053-B
apocalypse of john apocalypse of st john book of revelation book of the revelation of john revelation revelation of saint john the divine	46-32053-S
apocalypse of st john book of revelation book of the revelation of john revelation revelation of saint john the divine	46-32053-S
apocope	18-3372-B
apocrypha	46-32628-B
apocryphal	46-38468-B
apodictic	46-38648-B
apogamy	63-12948-B
apogee	35-51247-B
apolitical nonpolitical	61-77046-B
apologetic	46-38943-B
apologize	46-39588-B
apology	46-40025-B,47-35041-B
apomixis	63-12641-B
apophenia	69-32119-B
apoplexy	46-40529-B
apoptosis	23-13195-B
apostasy	24-90633-B
apostate	42-48475-B
apostille	23-71001-B
apostle	26-10232-B
apostrophe	46-43066-B,46-64724-B
apotheosic	46-64513-B
apotheosis	46-43309-B
apotheosise apotheosize	68-59411-S
apotheosize	68-59411-S
app application application program application software applications software software application	19-63883-B
appal	46-43509-B
appalling bewildering	46-43625-B
apparatchik	60-67312-B
apparatus	5-10236-S,14-82378-B
apparel clothing garments	1-148666-B
apparent	47-29636-B,47-29814-B
apparent air temperature felt air temperature	67-72019-B
apparent evident obvious	19-74796-B
apparently ostensibly seemingly at first blush	19-90915-B
apparition	47-96279-B
appeal	1-56658-B,21-11962-B
appeal procedure	1-56939-B
appealing beautiful pretty	47-56724-S
appear	15-37025-B
appear look seem	9-7515-B
appearance	19-73316-B,47-30095-B,47-30226-B,61-40110-B
appearance appearing coming into court	61-39854-B
appearance bearing look air manner mien	15-36797-B
appearance show	61-40259-B
appearing coming into court	61-39854-S
appease propitiate	46-44835-B
appelate court	22-70478-B
appellation byname cognomen epithet sobriquet	20-16332-S
append	46-45317-B
append supply	10-46871-S
appendage	46-45551-B
appendectomy appendicectomy appendisectomy	43-35598-B
appendicectomy appendisectomy	43-35598-S
appendicitis	46-46072-B
appendisectomy	43-35598-S
appendix	60-15570-B
appendix caecal appendix cecal appendix vermiform appendix vermix	68-52457-B
appendix cecal appendix vermiform appendix vermix	68-52457-S
appendix vermiform appendix vermix	68-52457-S
appendix vermix	68-52457-S
appenzell ausserrhoden	51-81724-S
appenzell ausserrhoden canton of appenzell ausserrhoden	51-81724-B
appenzell innerrhoden	51-81489-S
appenzell innerrhoden canton of appenzell innerrhoden	51-81489-B
apperception	46-46431-B
appertain	46-46522-B
appetite	46-46630-B
appetizer	46-47705-B
appetizing	46-48011-B
applaud acclaim clap	46-48277-B
applaud clap	47-33180-B
applause	46-48462-B
apple	8-6848-B,8-7181-B
apple apple tree	8-6730-B
apple butter	63-34064-B
apple core	52-16773-B,56-40033-B
apple doesn t fall far from the tree	11-46170-S
apple juice	24-88607-B
apple laryngeal prominence	15-3660-S
apple peel	23-27329-B
apple pie	26-11414-B
apple polisher apple polisher ass kisser bootlicker brown nose brown noser lickspittle sycophant toady	60-71449-B
apple polisher ass kisser bootlicker brown nose brown noser lickspittle sycophant toady	60-71449-S
apple sauce	46-49208-S
apple tree	8-6730-S
applesauce apple sauce	46-49208-B
appliance	2-55796-S,20-48593-S,46-50130-B
appliance industry	20-64630-S
applicability	46-50345-B
applicable	46-50480-B
applicant	46-51054-B
application	19-63883-S,35-43810-S,40-36798-B
application application program application software applications software software application	19-63883-S
application framework	63-99611-S
application integration eai	54-111735-S
application program application software applications software software application	19-63883-S
application programming interface	63-95051-S
application protocol	65-46110-S
application server	54-106949-B
application software applications software software application	19-63883-S
applications software software application	19-63883-S
applied ecology	1-57103-B
applied mathematics	35-35511-B
applied research	6-90259-B
applied science	1-57219-B
appliqué	36-63407-B
apply	24-75733-B
apply employ use utilize utilise	11-29870-B
apply hold	21-73444-B
apply practice	69-56319-S
apply put on	24-75613-B
appoint	20-70977-B
appointed	20-78031-B
appointment	14-84215-B
appointment with	22-57984-S
apposition	46-52291-B
appraisal	6-143604-B,59-59153-S
appraise	46-53126-B
appraise assess valuate	63-1723-S
appraiser	46-53244-B
appreciable considerable	46-53453-B
appreciate	20-1211-B,22-66110-B
appreciate value	22-66001-B
appreciation	19-75941-B
appreciative	46-54317-B
appreciative grateful thankful	58-54448-B
apprehend arrest grab seize	13-11646-B
apprehend compass dig get the picture grok savvy	55-2793-S
apprehension	47-36995-B
apprentice	46-54991-B
apprise inform notify	44-48225-S
approach	6-96378-B,19-72025-B,36-39701-S,36-39965-S
approach accostamento approaching	22-53844-B
approach approximate come on draw close draw near go up near	42-51410-B
approach cognitive psychology	36-39430-S
approach go about set about	34-25447-B
approaching	22-53844-S
approbation	7-28472-S
approbation praise	39-4093-B
appropriate capture	15-86134-S
appropriate earmark reserve set aside	69-64954-S
appropriate fit suitable	9-66069-B
appropriately	50-39661-B
approval approbation	7-28472-B
approve	19-88733-B
approximate	54-126386-B
approximate come on draw close draw near go up near	42-51410-S
approximate estimate make	53-438-B
approximately close to just about roughly	9-27895-S
approximation	19-75502-B
approximation algorithm	58-89821-B
apricot	15-75094-B
april	10-24202-B
april fool	23-68374-S
april fool april fool s joke april fool	23-68374-B
april fool s joke april fool	23-68374-S
april fools day	49-2310-B
apron	46-55158-B
aproumu aizi	35-11406-B
apse	17-31223-S,47-39639-B
apsidal conch	17-24150-B
apsis	36-7916-B
aptitude	22-52410-B
aptitude talent	16-39875-B
aptness inclination penchant predilection predisposition proclivity propensity tendency proneness	17-53367-B
aptois	32-2114-B
apuk	31-36316-B
apulia	47-83459-B
apure	45-13291-B
apure apure river	45-13016-B
apure river	45-13016-S
apurinã	35-80179-B
apurucayali	39-16926-S
apus	38-22544-B
aputai	35-80672-B
apéritif	47-32235-B
aquaculture	1-57446-B
aquamarine	18-69434-B
aquaplaning hydroplaning	61-54615-B
aquaporin	68-28091-B
aquarium	46-55403-B,66-89551-B
aquarius	38-20887-B
aquatic	47-106381-B
aquatic animal	1-57767-B
aquatic bird	34-61110-B
aquatic ecology	1-57897-B
aquatic mammal marine mammal	1-58067-B
aquatic organism	1-58437-B
aquatic plant hydrophyte	1-58615-B
aqueduct	1-58731-B,38-37365-B
aqueduct conduit duct main main pipe water main	38-36702-B
aqueous watery	25-21493-B
aquifer	1-59124-B,51-73484-S
aquila	34-26972-S,38-22769-B
aquilano	32-27774-S
aquitaine	34-33212-B
aquitard	45-36199-B
ar acknowledgement of receipt advice of delivery advice of receipt a r	66-32364-B
ar are	10-70009-B
ara	38-23007-B
arab	17-57494-B,44-60121-S
arab emirates	12-94218-S
arab jamahiriya libya	12-39337-S
arab league	45-69343-B
arab republic	12-85193-S
arab republic of egypt egypt	12-49058-B
arab script	27-52222-S,27-58164-S,31-22589-S,32-49270-S
araba	18-65544-B
arabana	35-82248-B
arabela	35-82851-B
arabesque	47-94587-B
arabia	11-91289-S
arabia arabian subcontinent	45-66741-S
arabia kingdom of saudi arabia	11-91289-S
arabia red sea	11-87733-S
arabian gulf gulf of arabia red sea	11-87733-B
arabian peninsula arabia arabian subcontinent	45-66741-B
arabian sea	21-25574-B
arabian sign language	46-72730-S
arabian subcontinent	45-66741-S
arabic	8-73386-S,17-57196-B,21-97704-S,21-97901-S,33-39845-S,34-76389-S,34-78645-S,34-81973-S,34-83429-S,34-83693-S,34-84588-S,34-84743-S,34-84897-S,34-85636-S,35-1586-S,35-1710-S,35-5655-S,35-20100-S,35-20559-S,35-20685-S,35-77998-S,35-78156-S,35-83304-S,35-83730-S,35-84576-S,35-84746-S,36-9629-S,36-14579-S,36-14860-S,36-27260-S,43-54957-S
arabic alphabet	33-41294-B
arabic baharnah bahrani bahrani arabic	34-81973-S
arabic balkh arabic bukhara arabic buxara arabic jugari tajiji arabic	34-78645-S
arabic bukhara arabic buxara arabic jugari tajiji arabic	34-78645-S
arabic buxara arabic jugari tajiji arabic	34-78645-S
arabic eastern egyptian bedawi arabic	36-9629-S
arabic jugari tajiji arabic	34-78645-S
arabic numeral	46-59138-B
arabic saharan arabic tamanghasset arabic tamanrasset arabic	34-76389-S
arabic script	26-19985-S,26-24600-S,26-28675-S,27-55211-S,27-56303-S,27-61607-S,28-10571-S,29-31027-S,29-32012-S,29-45110-S,30-58894-S,31-13485-S,32-47251-S,32-48570-S
arabic script kalat model	30-25193-S
arabic speaking	60-90096-B
arabic standard arabic	8-73386-B
arabic tamanghasset arabic tamanrasset arabic	34-76389-S
arabic tamanrasset arabic	34-76389-S
arabic western egyptian bedawi arabic	36-14579-S
arability cultivability	63-43617-B
arabism	63-44581-B
arabization	63-43240-B
arabize	63-43152-B
arable	47-23363-B
arable farming	1-59351-B
arabness	63-43372-B
arabo persian perso arabic	33-39845-B
aracaju	35-24795-B
arachnephobia arachnophobia	65-8246-B
arachnid	65-8025-B
arachnids	65-8156-B
arachnology	67-13022-B
arachnophobe	65-8338-B
arachnophobia	65-8246-S
arachnophobic	65-8450-B
arafundi	35-82461-B
aragon	21-40191-B
aragonese	9-78741-B,48-13041-B,48-13356-B
aragonese spoken	31-59975-B
aragonese written	31-59637-B
aragonese written latin script	31-59768-B
aragua	48-5817-B
aragusuku	30-56868-B
araki	35-30444-B
aral sea	21-74404-B
aralle tabulahan	36-4053-B
aramaic	9-79163-S,35-52878-S,36-67568-S,36-71452-S,39-11097-S,57-69277-B,57-75133-S,57-82016-S,58-7073-S,58-29355-S,62-78848-S
aramaic alphabet	57-69424-B
aramaic jewish babylonian aramaic	58-29355-S
aramaic jewish babylonian babylonian talmudic aramaic jewish babylonian aramaic	58-29355-B
aramaic jewish palestinian aramaic	62-78848-S
aramaic jewish palestinian galilean aramaic jewish palestinian aramaic	62-78848-B
aramaic lishan hozaye lishana deni	57-100231-S
aramaic official aramaic	9-79163-S
aramaic official hebrew	62-78679-B
aramaic old aramaic	57-75133-S
aramanik	31-44518-B
aranadan	30-42767-B
aranadan spoken	30-43183-B
aranadan written	30-43041-B
arandai	43-33567-B
arandui	29-17151-B
aranese	60-51519-B
araona cavina	35-82915-B
arapaho	35-83119-B,51-75044-B
arapaso	35-82669-B
arapesh	35-75469-S
arauca	45-13506-B,45-13809-B,45-14109-B
arava	30-41358-B
aravon	27-47056-B
arawak	35-84324-B
araweté	36-11522-B
arawum	36-11100-B
arbiter	17-83328-B
arbitrager	47-23543-B
arbitrarily at random every which way haphazardly indiscriminately randomly willy nilly	59-42837-B
arbitrariness	47-23703-B
arbitrary	17-83121-B
arbitrate	47-23817-B
arbitration	19-51839-B
arbitrator	47-24010-B
arbore	35-84233-B
arboreal	47-24265-B
arboreal arboricolous	67-29381-B
arboretum	6-71115-B
arboricolous	67-29381-S
arboriculture	1-59582-B
arborol cascade molecule dendrimer	66-17322-B
arbëresh arbëreshë arbëreshë albanian arbërisht arbërishte	8-95484-B
arbëreshë albanian arbërisht arbërishte	8-95484-S
arbëreshë albanian spoken	27-43544-B
arbëreshë albanian written	27-43154-B
arbëreshë albanian written latin script	27-43311-B
arbëreshë arbëreshë albanian arbërisht arbërishte	8-95484-S
arbërisht arbërishte	8-95484-S
arbërishte	8-95484-S
arcade archway	40-51956-B
arcade shopping mall shopping precinct	5-47551-S
arcaded	40-52211-B
arcane	47-24442-B
arch	10-81429-S,16-35691-B,16-35758-B,16-36024-B,47-24703-S
archaeologic archeologic archeological archæologic archæological	46-55819-S
archaeological archaeologic archeologic archeological archæologic archæological	46-55819-B
archaeological science archaeometry	33-3113-B
archaeological site	1-59796-B
archaeologist archeologist	16-14750-B
archaeology archeology archæology	1-60225-B
archaeometry	33-3113-S
archaeopteryx archaiopteryx archeopteryx archæopteryx	66-45484-B
archaic	34-67465-B
archaic latin early latin old latin	42-68421-B
archaiopteryx archeopteryx archæopteryx	66-45484-S
archaism	46-56105-B
