bridge	1-105822-B,15-19607-B,19-28599-S,23-65744-B
bridge beringia	44-67591-S
bridge bridge of the nose	38-73229-B
bridge of the nose	38-73229-S
bridgetown	43-13000-B
bridle	50-55166-B
bridle path bridle road bridleway	50-55328-B
bridle road bridleway	50-55328-S
bridleway	48-51660-B,50-55328-S
brie	37-53561-B
brie de meaux	37-53398-B
brie de melun	37-53747-B
briefcase	50-55486-B
briefing	22-57254-B
briefly summarily	47-90100-B
briefs boxerbriefs tight boxers	68-94442-S
brieuc	50-20800-S
brigade	50-55767-B
brigade attack man in the middle attack	64-77410-S
brigand	48-2939-S
brigant	37-16765-B
bright	20-56656-B
bright blue cerulean sky blue	9-21756-S
bright intelligent clever quick witted sharp witted smart witty	14-1084-B
bright luminous radiant	14-1317-B
bright pale	20-90835-B
brighten enliven exhilarate	58-23014-B
brightness	35-66356-B
brighton	50-43784-B
brights	25-29282-S
brights country beam drive light driving beam driving light headlamp main beam long distance light	21-93230-B
brij bhasha	17-67770-S
brijia	26-58488-B
brilliance	50-55919-B
brilliant	32-65737-B
brim	50-56019-B
brimful brimfull	50-56144-B
brimfull	50-56144-S
brindisi	34-35189-B,35-11755-B
brine	19-3045-B
bring	20-19567-B
bring action sue	32-65222-B
bring around cure	13-31356-S
bring contribute impart lend	10-47987-S
bring convey fetch get	69-42031-B
bring convey take	14-5641-B
bring forth give birth	26-3721-S
bring in clear earn gain pull in realise realize take in make	67-37011-B
bring institute	69-65178-B
bring to a boil bring to the boil	13-2231-S
bring to the boil	13-2231-S
bring together	22-13939-S
bring up cite mention name refer advert	12-30253-B
brinjal eggplant	18-90843-S,24-10493-S
brink	50-56374-B
brinkmanship	63-61409-B
briny	60-77017-S
brio	50-56485-B
brisbane	50-44419-B
brisk	14-16812-S
bristle	50-17909-B
bristol channel	52-14110-B
brit	17-7853-B
britain	16-45858-S
britain and northern ireland	12-41190-S
britain great britain	16-45858-B
brithenig	38-43988-B
british	17-7589-B
british english bre	16-74597-B
british indian ocean territory biot	32-67377-B
british isles	16-46158-B
british pound pound sterling sterling	39-44892-S
british sign language	25-59032-B
british virgin islands	35-73597-B
britlle	50-56824-B
briton	50-56644-B
brittany bretagne	16-57563-B
brivadois	32-5426-B
broach	50-57062-B
broad leaved garlic buckrams wild garlic wood garlic	53-33109-S
broad leaved tree	6-69003-B
broad minded	50-57234-B
broad spacious wide	52-59265-B
broadband	63-28654-B,63-28824-B
broadcast	15-35536-S,22-37046-B,62-5317-S,67-72946-B
broadcast engineering	55-77707-B
broadening widening	61-7866-B
broadleaf sage common sage culinary sage dalmatian sage garden sage kitchen sage meadow sage ramona sage true sage	65-622-B
broadly broadly speaking generally loosely	48-28523-B
broadly speaking generally loosely	48-28523-S
brocade	50-57378-B
broccoli	15-71258-B
brochure	20-72263-B
broil	17-81949-B
broke hard up penniless	50-57598-S
broken	10-1353-B,13-71590-B
broken defective erroneous faulty mistaken unsound	44-71958-B
broker business broker intermediary middle man middleman	20-66297-B
broker intermediary middle man middleman	20-66297-S
brokkat brokkat brokpa	37-89378-B
brokkat brokpa	37-89378-S
brokpa	37-89378-S
brokskat	29-20929-B
brokskat spoken	29-21430-B
brokskat written	29-21078-B
brokskat written balti script	29-21229-B
bromeosin eosin	60-52291-B
bromide cliche commonplace platitude	19-43718-S
brominated biphenyl polybrominated biphenyl polybromobiphenyl	4-105064-S
bromine	1-106083-B
bronchiolitis	62-24622-B
bronchitis	50-57699-B
bronchocele	50-6238-S
bronchoscopy	48-34895-B
bronze	49-37692-B
bronze age	47-53007-B
bronze bull	66-49165-S
bronze cuckoo	65-76868-S
bronze medal	53-91525-B
bronzed sun tanned tanned	33-25309-B
brood	63-6723-B,63-6877-B,64-11641-B
brook	1-106271-B
brook digest endure stand stick out stomach suffer support take tolerate bear with	15-53240-S
broom	69-43063-B
broome pearling lugger pidgin	37-57496-B
broth	51-108113-B
brothel bordello whorehouse	61-7477-B
brother	7-84236-B,7-84554-S,7-87588-B,10-62691-S,10-62926-S,16-29910-B,16-30016-B,61-84242-S,61-85160-S
brother african american black nigger	16-30114-B
brother buddy chum comrade crony pal sidekick	43-28038-B
brother elder brother older brother	10-62691-S
brother half brother	7-84554-S
brother in law	45-11571-B,63-37233-B
brother maternal half brother	61-84242-S
brother monk	13-13083-B
brother older brother	10-62691-S
brother younger brother	10-62926-S
brotherhood confraternity fraternity	55-23024-B
brotherhood fraternity	48-70062-S
brow supercilium	24-95207-S
brown	10-17210-B,10-17395-B,10-17707-B,10-17907-B,13-22014-S
brown eyed	25-6824-B
brown nose brown noser lickspittle sycophant toady	60-71449-S
brown noser lickspittle sycophant toady	60-71449-S
brown out	9-98385-B
brown out brownout	9-98037-S
brown out decrease in voltage brown out brownout	9-98037-B
brown pelican	63-68057-B
brown rat wharf rat	40-55781-S
brown rice hulled rice	65-12754-B
brown sugar	51-108238-B
brown tiger catamount cougar deer tiger ghost cat king cat mountain lion mountain screamer painted cat painter panther puma red lion red panther red tiger silver lion sneak cat	12-27648-S
brownish	18-13478-B
brownout	9-98037-S
browse surf surf the net	23-63952-B
browser	17-86771-B,17-87067-S
browser cookie cookie web cookie	65-57947-S
browser web browser	17-87067-B
bru	27-12834-S,27-13306-S
bru dong sen keo	27-13187-B
bru kok sa at	27-13074-B
bru spoken	27-12949-S
bruise contuse	55-46971-B
bruise contusion	24-26534-B
bruise contusion ecchymosis	42-22803-B
brumaire	38-65683-B
brumal hibernal winterly wintery wintry	55-70933-B
brunch	50-57859-B
brunei	17-22319-B
brunei bisaya	37-90497-B
brunei darussalam	12-41934-S
brunei negara brunei darussalam	12-41934-B
bruschetta	45-25141-B
brush	11-19896-B,11-20208-B,11-20477-B,11-20745-B,11-20843-B,11-20952-B,11-21166-B,67-46232-B
brush shoebrush	18-27894-S
brush sweep	11-21050-B
brushfield spots	44-14632-B
brusqueness	50-57974-B
brussels	15-82548-B
brussels sprout spruitkool	55-51483-B
brutal	50-58103-B
brutality	50-58198-B
bryansk	37-19080-B
bryanskiy	32-53992-B
brycheiniog	28-29482-B
bryologist	13-19007-B
bryology	13-18775-B
bryophyte	1-106896-B
brāhmani	29-38917-S
brāhmī brahmi	63-108842-S
bsd unix	64-83011-B
bu	43-40858-B
bu dong	58-13130-B
bu nao bunu	31-8693-B
bu nar	27-17624-B
bu rung	27-17726-B
bua	38-13783-B
bualkhaw chin	38-60862-B
buamu bwamu ouarkoye bwamu	37-25008-B
buang	38-43198-S
bubble	22-61947-B
bubble chamber	19-17612-B
bubble policy	1-107321-B
bube	38-25346-B
bubi	38-24565-B
bubia	36-26955-B
bubonic plague	57-90561-B
bucharest	15-83084-B
buck goat	49-72380-S
buck jack	56-26551-B
buck s night buck s party bull s party stag do stag night stag party	64-35044-B
buck s party bull s party stag do stag night stag party	64-35044-S
bucket	11-62882-B
bucket brigade attack man in the middle attack	64-77410-S
bucket pass pass away pass on ring down the curtain buy the farm cash in one s chips choke conk croak drop dead give up the ghost go perish pop off snuff it	8-103554-S
bucket rain cats and dogs rain dogs and cats	12-22849-B
buckle	23-94089-B
buckle up wear one s safety belt	38-51575-B
buckrams wild garlic wood garlic	53-33109-S
buckthorn sandthorn sea buckthorn sea buckthorn seaberry seabuckthorn	61-26052-S
buckthorn sea buckthorn seaberry seabuckthorn	61-26052-S
buckthorn seaberry seabuckthorn	61-26052-S
buckwheat	17-90189-B
buckwheat flour	51-84709-B
bud	38-72626-B
bud cannabis dope ganja grass herb marihuana reefer weed	21-44999-S
bud tastebud	66-65059-S
budapest	15-81871-B
buddhism	37-50894-B
buddhist	37-51061-B,46-10558-B
budding knife	13-19286-B
buddy chum comrade crony pal sidekick	43-28038-S
budgerigar budgie	35-80271-B
budget	1-107702-B,6-79025-S
budget act	23-107110-B
budget policy	7-1864-B
budgetary	50-58319-B
budgie	35-80271-S
budibud	38-12880-B
budong	36-48000-S
budong budong	36-48000-B
budu	38-24368-B
budukh	28-22151-B
buduma yedina	36-35377-B
budza	36-70838-B
buenos aires	18-74426-B,32-33034-S
buffalo	17-94467-S,25-30857-S,50-1634-B
buffalo domestic asian water buffalo	25-30857-S
buffalo north american bison bison buffalo	17-94467-S
buffer	50-58749-B,58-88380-B
buffer overflow buffer overrun	58-88066-B
buffer overrun	58-88066-S
bug	24-42466-S,38-47703-B,68-3045-S,68-32104-B
bug cheeselog doodlebug monkeypea pill bug potato bug roll up bug roly poly slater sow bug woodlouse	19-11489-S
bug hemipterous insect	1-107905-B
bug ladybeetle ladybird ladybug	33-30400-S
bug potato bug roll up bug roly poly slater sow bug woodlouse	19-11489-S
bug roll up bug roly poly slater sow bug woodlouse	19-11489-S
bug roly poly slater sow bug woodlouse	19-11489-S
bug ten lined potato beetle	38-37898-S
bug woodlouse	19-11489-S
bugan	36-25101-B
bugawac	38-23720-B
bugfix	20-93490-B
bughotu	36-66079-B
buginese bugis	17-66768-B
bugis	17-66768-S
bugler	50-59080-B
bugun	36-58022-B
buhid	37-616-B
buhutu	38-33094-B
build	11-45993-B,39-40735-B
build construct produce make	14-34285-B
build on to	62-27097-B
build up fortify gird	15-37661-S
building	1-19030-S,1-108194-B,1-140710-S,4-126446-S,5-8217-S
building area	1-108409-B
building component	1-108824-B
building construction	11-69819-B
building destruction	6-99746-S
building land	1-109313-B
building material	1-109452-B
building permit construction permit	6-103555-B
building planning	1-109841-B
building related illness sick building syndrome	5-48769-B
building restoration	6-100029-B
building sector	39-41057-S
building service	7-10291-B
building site	1-110032-B
building syndrome	5-48769-S
building technology	1-110230-S
building trade	20-47208-B
building worker construction worker	16-39543-B
built environment	1-111105-B
built in obsolescence planned obsolescence	66-14601-B
built thickset	42-45057-S
built up area	1-111380-B
built up area urban area urban region urban zone	57-83452-B
buinak	26-33082-B
bujhyal	38-35796-B
bujumbura	18-74537-B
bukat	38-25924-B
bukhara arabic buxara arabic jugari tajiji arabic	34-78645-S
bukharic	36-67120-B
bukit malay	38-27278-B
bukitan	37-0-B
bukiyip	35-78278-B
bukusu	38-33346-B
bukwen	38-24726-B
bulagat	26-48654-B
bulang bulang cluster	27-5088-B
bulang cluster	27-5088-S
bulb cultivation	1-111613-B
bulb electric bulb electric light electric light bulb incandescent lamp incandescent light bulb light bulb lightbulb	18-31562-B
bulb electric light electric light bulb incandescent lamp incandescent light bulb light bulb lightbulb	18-31562-S
bulb incandescent lamp incandescent light bulb light bulb lightbulb	18-31562-S
bulb light bulb lightbulb	18-31562-S
bulb lightbulb	18-31562-S
bulgaria	13-71697-S
bulgaria e	30-13787-S
bulgaria republic of bulgaria	13-71697-B
bulgarian	8-64389-B,8-64608-B,17-4566-B,66-30386-B
bulgarian lev	44-8960-B
bulgarian old church slavonic old macedonian	17-68231-S
bulgarian sign language	37-87579-B
bulgarian spoken	32-60177-B
bulgarian written	32-60120-B
bulge	68-90318-B
bulgebi	37-11925-B
buli	38-43895-B
bulimia bulimia nervosa	67-21049-B
bulimia nervosa	67-21049-S
bulimic	67-21213-B,67-21282-B,67-21355-B
bulk modulus	69-30681-B
bulky	47-28880-B
bulky corpulent heavily built thickset	42-45057-S
bulky waste	6-134887-B
bull	19-57005-B,50-2036-B,60-82810-S,66-49165-S
bull bronze bull	66-49165-S
bull fighting bull	60-82810-S
bull s eye	23-19024-B
bull s party stag do stag night stag party	64-35044-S
bull sicilian bull bronze bull	66-49165-S
bull terrier	42-33937-B
bulldozer	50-59195-B
bullet	54-80296-S
bullet ball	22-57045-B
bullet hole	54-31489-B
bulletin board	24-27680-B
bulletproof	50-59416-B
bullfight	50-61463-B
bullfighter	50-62206-B
bullfinch	50-62373-B
bullion	19-62791-B
bullock ox	24-76790-B
bullom so	38-24624-B
bullosa	17-38546-S
bullring	50-62647-B
bullshit rubbish shit	13-90918-B
bulo stieng written latin script	27-18443-B
bulu	36-71869-B,38-23809-B
bulwark	15-45828-B
bulwark rampart stronghold	15-45607-B
bum	37-12272-B
bum buns butt buttocks derriere fanny fundament hind end hindquarters keister nates posterior prat rear rear end rump seat stern tail end tooshie tush	15-56048-S
bum cheap cheesy chintzy crummy punk sleazy tinny	62-1565-B
bum derelict vagabond vagrant	56-85553-S
bumaji	38-42012-B
bumbita arapesh	35-75469-B
bumble bee	33-36708-S
bumble bee bumble bee	33-36708-S
bumblebee bumble bee bumble bee	33-36708-B
bumbling cackhanded gauche awkward	17-82861-B
bump	13-84226-B,68-97097-S
bump come across find	14-21216-S
bump hit impact	10-85083-B
bump off dispatch off polish off remove slay	22-59113-S
bumper	50-59642-B
bumper car dodgem dodgem car	65-68334-B
bumps	57-76475-S
bumthangkha	45-24352-B
bun	38-24484-B,52-8507-S,55-96058-S
bun chignon	64-56397-B
bun cinnamon snail cinnamon swirl	66-20514-S
buna	38-26088-B
bunaba	36-29375-B
bunak	36-56894-B
bunama	36-34466-B
bunan erankad gahri ghara keylong boli lahuli of bunan poonan punan	36-57362-S
bunan poonan punan	36-57362-S
bunch	50-59889-B
bunching onion welsh onion escallion green onion salad onion scallion spring onion	51-28787-S
bundeli	29-50155-B
bundeli a	29-50754-B
bundeli spoken	29-50613-B
bundeli written	29-50414-B
bundeli written devanagari script	29-50492-B
bundesliga	50-5222-B
bundle sheaf	50-60050-B
bundt pan	60-68840-B
bung	37-86997-B
bungain	38-24279-B
bunghole	33-37492-S
bungku	37-1056-B
bungle	50-62781-B
bungler	50-17620-S
bunion	56-26865-B
bunk	50-60612-B
bunker	50-60717-B
bunny	23-84731-S
bunny dust kitten dust kitty dust mouse slut s wool	68-60618-S
buns butt buttocks derriere fanny fundament hind end hindquarters keister nates posterior prat rear rear end rump seat stern tail end tooshie tush	15-56048-S
bunu	31-8693-S,31-8765-S,31-8835-S
bunun	37-19929-B
buol	37-1499-B
buoy	47-77078-B
buoy life belt life buoy life preserver life ring life buoy life saver lifebelt lifering lifesaver	58-52449-S
buoy life preserver life ring life buoy life saver lifebelt lifering lifesaver	58-52449-S
buoy life saver lifebelt lifering lifesaver	58-52449-S
buoyancy	24-78141-B
buoyant	13-19453-B
buoyant charming debonair jaunty	56-26362-S
bura pabir	28-7986-B
burak	38-42165-B
buraka	36-76472-B
buram	30-47540-S
burarra	38-27122-B
burate	38-1113-B
burble	50-60847-B
burden	56-32405-S
burden saddle	69-49297-B
burduna	38-33488-B
bure	28-47573-B
bureau chest of drawers dresser	19-78542-B
bureaucracy	19-61248-B
bureaucrat paper shuffler	18-34257-B,18-35644-B,18-35765-B
bureaucratic	50-60953-B
burek börek	51-3922-S
buret burette	56-27196-B
burette	56-27196-S
burgandi	30-41442-B
burgenland	33-85463-B
burger	51-85008-S
burger hamburg hamburger hamburger sandwich	13-91491-B
burglar	50-63015-B
burglary breaking and entering	46-7513-B
burgos	50-26324-B,50-26694-B
burgundy	60-13937-S
burial ground churchyard graveyard cœmetery	37-86627-S
burial interment entombment inhumation sepulture	19-45966-B
buriat	26-45736-S,26-48757-S
buriat buryat	26-45155-B
buriat buryats	54-37016-B
buriat cyrillic script	26-46039-S
buriat russia buryat	26-46832-S
buriat script buriat script buryat script	54-37763-B
buriat script buryat script	54-37763-S
buriat spoken	26-46276-S,26-47726-S,26-49219-S
buriat written	26-45886-S,54-37618-S,54-38609-S
buriat written buryat script	26-47038-S
buriat written cyrillic script	26-47491-S
buriat written latin script	26-47266-S
buriat written mongolian script	26-48987-S
buriram	27-19946-B
burji	29-3448-B,36-38768-B
burji a	29-4226-B
burji marsabit	29-4462-B
burji spoken	29-4099-B
burji written	29-3578-B
burji written ethiopic script	29-3900-B
burji written latin script	29-3713-B
burkina faso	12-92143-B,32-15779-S
burkina faso fulfulde	41-47577-S
burkinabe burkinabé	55-31361-B,66-9652-B
burkinabé	55-31361-S,66-9652-S
burma tamil	30-41810-B
burmese	8-76434-B
burmese alphabet burmese script	63-108049-B
burmese python	67-28035-B
burmese script	63-108049-S,63-108276-S
burmeso	38-44408-B
burn	8-60437-B,8-74224-B,8-84734-B,47-47776-B,66-21762-B
burn culture	6-92998-S
burn out cease burning	62-29520-B
burner	50-73942-S
burner whisper burner	50-73942-S
burning	2-7765-S,62-29520-S
burnout	68-29944-B
burnt offering altar of holocaust altar of the burnt offering brazen altar	66-41706-S
burnt offering brazen altar	66-41706-S
burnt sacrifice holocaust	65-45251-B
burqa	50-63209-B
burrow	52-59958-B
bursitis	62-16379-B
burst	38-26229-B,38-26397-B,38-26617-B,38-26754-B,38-26941-B
buru	37-88226-B
burui	37-90207-B
buruli ulcer searl ulcer searle s ulcer	65-48333-S
burum mindik	37-12173-B
burumakok	35-19295-B
