basicas	1-77709-S
basico	1-77932-S,5-88943-S,52-22461-S,52-22753-S,52-22897-S
basico elemental	22-13147-S
basicos estudios primarios	4-115266-S
basidiomiceto	1-78030-B
basilea campana basilea campina	51-81262-B
basilea campina	51-81262-S
basilea ciudad	51-81089-B
basilica	17-23054-B,17-23564-B
basketo	31-47525-B,35-81936-B
basketo escrito	31-47687-B
basketo hablado	63-107947-B
baskir	17-65857-B,58-82624-B
baskir escrito	26-34704-B
baskir hablado	26-34757-B
basmati	65-12485-S
basmati basmati	65-12485-S
basquetbol	9-17166-S
bassa	38-203-B
bassa kontagora	38-299-B
bassari	37-90575-B
bassossi	37-91171-B
basta de	19-89327-B
bastante abundante copioso	46-5151-B
bastante profusamente	11-29701-S
bastante suficiente	12-17394-B
bastarda bastardo	48-87985-B
bastardear	48-15647-B
bastardo	48-87985-S
bastari	30-2161-B
bastia	50-21810-B
bastidor	39-22115-B
bastidor marco	40-40108-B
bastilla	38-69376-B
bastion	15-45828-S
bastion baluarte	15-45607-B
baston	7-106463-B,7-120838-B,20-85277-B,22-60437-B,47-68439-B,68-96719-S
baston de pescado	33-80024-B
baston vara	47-69033-B
basura	5-1059-S,6-17259-S,18-84907-S,21-85893-B,63-115431-B,63-116114-S,70-14835-S
basura chatarra deshecho	17-36653-B
basura comida chatarra comida rapida	10-97498-S
basura de naves	5-46741-B
basura lecho residuo	3-114665-B
bata	28-8658-B,28-8744-S,33-79312-B
bata de bano albornoz	48-92545-B
bataan ayta	36-15436-B
batacazo	68-52834-B,68-97097-B
batad ifugao	42-74652-B
batak	38-35339-B,69-36806-B
batak alas kluet	38-13673-B
batak angkola	35-27092-B
batak dairi	38-772-B
batak karo	38-13490-B
batak mandailing	38-12500-B
batak simalungun	38-13160-B
batak toba	36-23028-B
batalla	13-53240-B,48-96063-S,68-1073-S
batalla de sekigahara	23-20356-B
batalla empate	61-4944-B
batallon	48-92793-B
batanga	37-19817-B
batata	66-80585-B
batata boniato camote chaco papa dulce	66-80443-B
batear sencillo	16-32048-B
batek	27-22133-B,27-22220-S,51-74797-B
batek hapen	27-22510-B
batek iga	27-22416-B
batek teq	27-22324-B
bateri	29-20628-B
bateri hablado	29-20714-B
bateria	1-2800-S,1-78195-B,41-39895-S,45-32138-B,51-22793-S
bateria bateria electrica pila	6-135496-B
bateria de pruebas	54-91640-B
bateria electrica pila	6-135496-S
baterias	48-94331-S
baterista bateria	41-39895-B
bathari	36-67487-B
bati	29-16890-S,38-708-B,38-27194-B
batida	19-31622-S
batida redada	43-29004-B
batidas	43-29848-S
batido	18-68568-B,43-29624-B
batidora de inmersion	52-60169-B
batidora licuadora mezcladora	50-6922-B
batik	36-62163-B
batimetrico	36-30811-B
batir	20-5943-B
batir derrotar triunfar vencer	64-8085-B
batir vencer	22-60643-B
batiscafo	20-10976-S
batiscafo batiscafo	20-10976-B
batista	50-70689-B
batman	10-113855-B
batna	27-60456-B
batoideos raya	18-92110-B
baton rouge	16-4495-B
bator	43-47140-S
bats	28-16201-B
bats escrito	28-16370-B
bats escrito con escritura georgiano	28-16502-B
bats escrito con escritura latina	28-16677-B
bats hablado	28-16840-B
battambang	34-33651-B
battle	9-77766-B
batu	38-13344-B
batuley	36-22602-B
bau	36-23150-B
bauchi	37-90861-B
baudio	44-37551-B
baudo	36-34358-S
baula tortuga canal tortuga laud	41-62961-S
baupres	50-48277-B
baure	37-88820-B
bauria	29-36415-B
bauro	38-32642-B
bautismal	48-29312-S
bautismo bautizo	15-76041-B
bautismo de fuego	10-12746-B
bautista	38-44866-B
bautisterio	17-23665-B
bautizado	34-81380-B
bautizar denominar llamar nombrar	22-69208-B
bautizar designar llamar nombrar	67-34643-B
bautizo	15-76041-S
bauwaki	38-30240-B
bauxita	56-21942-B
bauzi	38-27535-B
bavariano bavaro	13-28838-B
bavaro	13-28838-S
baviera	10-64251-B
bawah	38-30536-S
bawm chin	36-65886-B
baya	17-20142-B
baya de enebro	69-30476-B
bayali	36-73027-B
bayat	26-29970-B
bayesiana	35-38562-S
bayesiana bayesiano	53-40692-B
bayesiana recursiva	53-40150-S
bayesiano	53-39821-S,53-40692-S
bayeux	50-21554-B
baygo beigo	31-19716-B
bayit	26-50319-B
bayoneta	47-73275-B
bayono	38-36042-B
bayot	36-34166-B
bayungu	38-33274-B
baza	28-7416-B
baza dakwa	28-7292-S
bazigar	30-43442-B
bazigar escrito	30-43530-B
bazigar hablado	30-43677-B
bazo	40-56409-B
bce	33-18199-S
bea	26-55714-S
bea bea	26-55714-S
beami	36-54769-B
beata beato piadosa piadoso pia pio	47-69183-B
beatboxing	42-56089-B
beatificacion	23-73069-B
beato piadosa piadoso pia pio	47-69183-S
beatriz	9-57377-S
beaver	36-53810-B
beba	36-57116-B
bebe	7-102580-B,38-44497-B
bebe con el agua del bano	8-3984-S
bebe de probeta	56-34214-B
bebe nina nina de pecho nino nino de pecho	6-46835-B
bebe prematuro	60-70274-B
bebedor bebedora	49-71987-B
bebedora	49-71987-S
bebele	36-53875-B
bebeli	36-54683-B
beber	15-20479-B
beber tomar	8-49381-B
bebida alcoholica fuerte licor	15-69412-B
bebida destilada	56-62601-B
bebida trago	1-82692-B,15-20615-B
bebidas	1-82602-S
bebil	38-33560-B
bebote	28-38447-B
becaria	59-88969-S
becario becaria	59-88969-B
becerra becerro novillo ternera ternero	52-11027-B
becerra novilla ternera vaquilla	19-57691-B
becerro novillo ternera ternero	52-11027-S
becker	44-22438-S
becquerel	14-54091-B
bedawi	36-9629-S,36-54607-B
bedawi de egipto occidental arabe libio	36-14579-S
bedjond	28-38210-B
bedjond hablado	28-38296-B
bedoanas	36-54040-B
beduino	45-71291-B
beeke	36-76354-B
beele	28-48002-B
beembe	36-54968-B
beezen	37-20942-B
befang	36-27045-B
begawan	33-37681-S
begbere ejar	37-88148-B
begu	31-40821-S
behrain	29-20817-S
beida	27-60514-S
beige beis	49-39957-B
beigo	31-19716-S
beijing	10-52206-S
beirut	18-74191-B
beis	49-39957-S
beisbol	16-17723-B
beja	34-60667-B,34-62269-S
beja distrito de beja	34-62269-B
bekati	36-54509-B
bekwarra	37-694-B
bekwil	37-764-B
bel	31-14337-S
belait	36-54328-B
belanda bor	31-39140-B
belanda viri	38-25787-B
belarus bielorrusia	11-69588-B
belarusa belaruso bielorrusa bielorruso	14-25639-B,14-26210-B
belaruso bielorrusa bielorruso	14-25639-S,14-26210-S
belem	35-25367-B
belen	17-81589-B,17-84614-B
belfast	50-44062-B
belfort	34-19786-S
belga	17-5729-B,17-5857-B,37-91872-S,50-3727-S
belga frances de belgica	32-14595-S,47-34797-S
belgica	7-112814-B,16-74175-S,32-14595-S,47-34797-S
belgrado	15-66927-B
belhariya	38-42299-B
beli	28-40839-S,32-49618-S,36-55601-B,37-6111-B
beli escrito	32-49159-B
beli escrito con escritura arabe	32-49270-B
beli escrito con escritura latina	32-49431-B
belice	11-97816-B
beliceno	31-52808-B,38-43295-S
belicosa belicoso	49-46289-B
belicoso	49-46289-S
bella bello bonita bonito	9-25827-B
bella bello hermosa hermoso	15-54918-B
bella bello hermosa hermoso linda lindo	8-59882-B
bella bello linda lindo	56-12974-B
bella coola	37-1235-B
bellari	30-35544-B
bellas artes	53-32541-B
belleza	11-738-B,13-23503-B,49-11763-S
bello bonita bonito	9-25827-S
bello hermosa hermoso	15-54918-S
bello hermosa hermoso linda lindo	8-59882-S
bello linda lindo	56-12974-S
bellota	18-83818-B
belluno	34-31494-B,35-5502-B
belmopan	18-74093-B
belo horizonte	35-28775-B
belo krajinsko	32-57828-B,32-57938-S
belo krajinsko c	32-58178-B
beltir	26-42489-B,33-10296-B
beluga	17-94045-S
bemba	17-66522-B,37-12508-B
bembe	37-10809-B
bemol	12-56399-B
bena	36-55684-B
benaadir	29-13012-S
benaadir a	29-13140-S
benabena	36-54237-B
benceno	1-81582-B
bench	31-48117-B
bencina bomba de gasolina estacion de servicio gasolinera	59-85818-S
bende	36-47552-B
bendecir santificar ungir	39-3713-S
bendi	28-44078-B,38-13270-S
bendicion	49-53986-B,50-7119-B
bendita	17-19030-S,17-19246-S,18-92000-S
beneficiar	53-7009-B
beneficiar matar sacrificar	43-52600-B
beneficiario	22-61229-B
beneficiarse	47-73844-B
beneficio	2-13525-S,5-15753-S,21-6101-B,40-54152-B
beneficio ganancia ingreso neto lucro	25-89792-B
beneficio ganancia utilidad	21-73009-B
beneficio neto	4-122114-B
beneficio plus	22-56869-B
beneficioso	1-80459-S,23-79812-B
beneficioso lucrativo rentable	22-41055-S
benelux	45-1134-B
benga	37-13609-B
bengala	43-18365-S
bengala occidental	63-75903-B
bengali	8-74443-B,27-183-S,29-27734-S,30-3540-S,30-5900-S,37-9112-S
bengali bengali	37-9112-S
bengali escrito	30-3246-B
bengali escrito en bengali	30-3540-B
bengali escrito en bengali historico	30-3371-B
bengali hablado	30-3687-B
bengali historico	30-3371-S
bengali musulman	30-4065-B
benggoi	36-66375-B
bengkulu	36-76260-B
benigna benigno	48-35095-B
benigno	48-35095-S
benin	12-42146-B,32-16198-S,43-66399-S
benin golfo de benin	43-66399-S
benshangul gumaz	36-59135-B
bentica	1-80999-S
bentico	1-81115-S
bentong	37-20585-B
bentos	1-81354-B
benyadu	38-35549-B
benzodiazepina	56-10722-B
benzopirenos	1-81752-B
beothuk	38-17608-B
bepour	36-68944-B
bera	37-88704-B
beradi	30-33092-B
berakou	28-37354-B
berat	32-43659-S
berau	38-25610-S
berawan	50-50097-B
berberecho	21-21763-B
berbice	22-75949-S
bereber	27-50806-B,27-57158-S
bereber escrito	27-57212-S
bereber escrito con escritura hebrea	27-57302-S
bereber hablado	27-57427-S
bereber propio	27-51434-B
bereber propio del norte	27-54821-B
bereber propio occidental	27-51509-B
bereber propio oriental	28-1476-B
bereberhablante bereberparlante	60-90414-B
bereberparlante	60-90414-S
berenice coma berenices	66-36450-S
berenices	66-36450-S
berenjena	18-90843-B,24-10493-B
berezina	46-93821-B
bergamo	34-31191-B
beriberi	62-45510-B
berik	36-77245-B
berilio glucinio	1-81897-B
beringia	44-67591-B
berinomo	36-70364-B
berkelio	13-27986-B
berlin	10-18891-B
berlin tokio	49-9833-S
berlines	53-81921-B
berlusconiana berlusconiano	63-73037-B
berlusconiano	63-73037-S
berlusconismo	63-73511-B
bermejo colorado rojo	66-77041-B
bermejo pelirrojo rojo	42-74079-B
bermudas	32-66830-B
bermudena bermudeno	55-46743-B
bermudeno	55-46743-S
bermudeno dolar	55-46627-S
berna	15-90073-B,51-80967-B
bernard	32-21344-S
bernde	28-37474-B
bernde hablado	28-37558-B
berom	37-23521-B
berro	64-33982-B
berro berro hortelano mastuerzo	37-54917-B
berro de agua mastuerzo de agua	64-87698-B
berro hortelano mastuerzo	37-54917-S
berta	31-30231-B
berta hablado	31-30331-B
berti	32-50099-B
besada para ser besado	19-34391-S
besado	19-34391-S
besamanos	21-11321-B
besancon	34-59003-B
besar	13-51797-B
besi de sur	36-67879-S
besi norte	44-53758-S
besme	36-55030-B
beso	13-46769-B
beso frances	18-89732-B
beso mononucleosis mononucleosis infecciosa	22-24446-S
besoa	36-54854-B
best seller exito de libreria	49-70417-B
bestia	49-7374-B
bestial	49-11619-B
besugo	50-52144-B
bet gurage	46-71215-S
beta	1-82426-S,45-83224-S,49-46492-B,49-46614-B
beta caroteno caroteno	48-35343-B
betaf	36-55887-B
betawi	36-55410-B
bete	36-55088-S,36-55317-S,38-872-S,38-35734-B
bete bendi	38-13270-B
betel	67-33006-B
betelgeuse	47-98821-S
beterraga remolacha	65-77190-B
beti	38-644-B,41-8534-B
betsimisaraka	36-72382-S,37-11725-S
betta kuruba	30-38722-B
betta kurumba a	30-38620-B
betta kurumba hablado	30-38507-B
betta kurumba kadu kuruba	16-68786-B
betun bitumen	1-99105-B
beya	17-66200-B
bezhta	28-20775-B
bezhta hablado	28-20844-B
bezier	46-78874-S,63-93948-S
bezshagh	28-15332-B
bhadauri	29-50690-B
bhakha formal	29-48791-S
bhalay	29-41034-B
bhalay hablado	29-41120-B
bhamani maria	30-29998-B
bharia	30-43828-B,63-109429-B
bharia escrito	30-43914-B
bharia escrito con escritura devanagari	30-44057-B
bharia hablado	30-44270-B
bharmauri	29-27309-B
bhasa	54-42232-S
bhasa newah bhaye newari	19-64559-S
bhasha	30-3800-S,30-41706-S,37-88568-S
bhasha e	30-4180-S
bhatiari	30-4378-B
bhatola	38-12255-B
bhatri	30-7906-B
bhatri hablado	30-7992-B
bhattiani	29-24110-B
bhattiyali	29-27481-B
bhattiyali escrito	29-27575-B
bhattiyali escrito con escritura bengali	29-27734-B
bhattiyali hablado	29-27953-B
bhaya	29-31454-B
bhaye newari	19-64559-S
bhele	36-68281-B
bhil	29-36581-S
bhilali	29-37643-B
bhili	29-36331-B,29-37040-S,29-37140-S,29-37238-S,29-37440-S,29-37542-S
bhiloi bhili	29-37238-B
bhilori	29-37338-S
bhojpuri	29-54090-B
bhrami	63-109057-S
bhubaliya lohari	29-35323-B
bhuksa	29-49014-B
bhunjia	30-2685-B
bhunjia hablado	30-2772-B
bi	49-43380-S
biafada	36-69031-B
biafra	43-21210-S
biak	36-68198-B
biali	36-54417-B
bian marind	37-58591-B
biangai	36-69111-B
bianual semestral	16-84025-B
biao	27-37856-B
biao jiao mien	31-8907-B
biao jiao mien hablado	31-9009-B
biao mon	31-12210-B
biao mon hablado	31-12300-B
biatah	38-974-B
biatlon	25-39094-B
biberon tetero mamadera	8-7679-B
biblia	47-73969-B,47-74471-B
biblia de youngs	27-1812-S
biblia revisada de mynama	27-1601-S
biblia sagrada escritura sagrados textos santos libros	47-74195-S
biblico	9-79163-S,56-89462-B
bibliofilo	49-71799-B
bibliografa bibliografo	49-71599-B
bibliografia	1-82849-B
bibliografica	3-114059-S,7-40612-S,7-41156-S
bibliografico	3-113171-S
bibliografo	49-71599-S
bibliologia	25-66001-B
biblioteca	3-106586-B,7-42392-S,54-109481-B
biblioteca digital	25-66452-B
biblioteca estante estanteria	16-1975-B
biblioteca nacional	25-66881-B
biblioteca publica	25-67330-B,51-93287-B
biblioteca universitaria	51-93530-B
bibliotecario	7-42740-S,17-73183-B
bicatenario	33-49205-S
bicefala bicefalo	60-72067-B
bicefalo	60-72067-S
bicentenario	16-84453-B,16-84607-B,55-13109-B
biceps	67-18667-B
bicha	5-56344-S
bicho	68-32104-B
bichos	6-8344-B
bicicleta	1-83446-B,60-58335-S
bicicleta acuatica	13-99826-B
bicicleta de montana bicicleta todo terreno	8-27484-S
bicicleta plegable	54-131052-B
bicicleta todo terreno	8-27484-S
bicicletas	16-33661-S,48-51982-S
biciclista ciclista	24-41655-B
bicolano	38-12765-S
bicolano central	36-29469-B
bicolano de albay	36-67279-B
bicolano del norte de cataduanes	39-27209-B
bicolano del sur de catanduanes	37-6170-B
bicolor bicromatica bicromatico dicromatica dicromatico	60-10319-B
bicromatica bicromatico dicromatica dicromatico	60-10319-S
bicromatico dicromatica dicromatico	60-10319-S
