observador	24-59954-B,65-39828-S
observancia	56-27984-B
observar	9-92321-S,12-74699-S,47-36154-B,56-90052-S
observar ojear percibir ver vigilar	49-39449-S
observar supervisar vigilar	67-1466-S
observatorio	25-41364-B
obsesion	25-41502-B
obsesionado	13-12149-B
obsesivo compulsivo	13-26148-S
obsolescencia	62-52122-B
obsolescencia planificada obsolescencia programada	66-14601-B
obsolescencia programada	66-14601-S
obsolescente que cae en desuso	60-21570-B
obsoleta obsoleto	22-57751-B
obsoleto	22-57751-S
obstaculizar	24-3644-B
obstaculo	45-12848-B
obstaculo barrera dificultad escollo impedimento	19-34736-S
obstaculo traba	11-85063-S
obstante sin embargo	10-116118-S
obstinada obstinado pertinaz recalcitrante terca terco testaruda testarudo	61-961-S
obstinada obstinado porfiada porfiado testaruda testarudo	57-6388-B
obstinada obstinado reaccionaria reaccionario	11-49998-B
obstinada obstinado terca terco testaruda testarudo	55-41422-B
obstinado	11-49415-B
obstinado pertinaz recalcitrante terca terco testaruda testarudo	61-961-S
obstinado porfiada porfiado testaruda testarudo	57-6388-S
obstinado reaccionaria reaccionario	11-49998-S
obstinado terca terco testaruda testarudo	55-41422-S
obstruccion obstaculo barrera dificultad escollo impedimento	19-34736-B
obstruccionista	12-60050-S
obstructiva cronica epoc	42-26557-S
obtencion	20-19847-S
obtener	22-55297-S
obtener procurarse	14-7613-S
obtener sonsacar	46-42920-B
obturacion	5-32977-B
obtusa obtuso	37-74452-B
obtuso	37-74452-S
obtuso romo	8-48813-S
obvia obvio	19-74796-S
obviamente	49-57550-B,59-20134-S
obviar	24-91210-B
obviedad	63-20315-B
obvio	19-74796-S
obwalden	51-79607-B
oc occitano	48-95497-S
oca ansar	25-61012-S
ocarina	18-24202-B
ocasion	51-4523-B
ocasion vez	22-4344-B
ocasional	50-42429-B
ocasionalmente	50-42604-B
ocasionar	58-24211-S
ocasionar producir provocar	69-53370-S
ocasionar provocar	52-63480-S,58-21409-S
occam	63-29858-S
occidental	6-36139-S,6-36782-S,6-37099-S,14-71744-S,16-22795-S,18-41720-B,18-59478-S,21-96118-B,26-31442-S,26-33204-S,26-39203-S,26-39925-S,26-41339-S,26-43211-S,27-3482-S,27-4154-S,27-11064-S,27-13306-S,27-13807-S,27-13882-S,27-47585-S,27-51509-S,28-35406-S,28-37229-S,28-51358-S,29-5878-S,29-33820-S,30-48192-S,31-4770-S,31-18228-S,31-35152-S,31-47435-S,31-49677-S,31-58380-S,31-59489-S,34-78326-S,35-39018-S,35-52878-S,35-80564-S,35-82344-S,36-10481-S,36-58554-S,38-78242-S,39-10755-S,40-4333-S,40-41461-S,41-15325-S,42-18472-S,42-54730-S,43-2309-S,43-30562-S,43-37436-S,43-47031-S,44-28322-S,44-44721-S,45-23382-S,46-18017-S,48-9966-S,49-21641-S,49-22194-S,49-85125-S,50-13684-S,61-12121-S,63-75903-S,65-49619-S,65-80473-S,68-100450-S
occidental aleman del oeste aleman occidental	61-12121-S
occidental arabe libio	36-14579-S
occidental escrito	29-5975-S,30-59637-S,31-4863-S,31-6752-S,31-35265-S,51-112980-S
occidental escrito con escritura etiopica	54-41527-S
occidental escrito con escritura latina	29-6152-S,30-59788-S,31-5040-S,31-6933-S,31-35442-S
occidental escrito con escritura tai	27-3961-S
occidental hablado	29-6358-S,31-35665-S
occidental turquico occidental	26-31442-S
occidental virus del nilo occidental	65-49619-S
occidentales	31-49511-S,39-27095-S,59-82812-S
occidente	41-37879-S,46-34011-S,50-82347-S,52-80557-B
occitano	48-95497-S
occitano formal	31-61233-B
occitanohablante	60-91835-B
ocde organizacion para la cooperacion y el desarrollo economico	25-92465-B
oceania	4-47336-B,32-19636-S
oceania hablado	32-19732-S
oceanica	4-46692-S,4-46803-S
oceanico	6-127563-S
oceanico de puntas blancas	68-41704-S
oceanico tiburon oceanico de puntas blancas	68-41704-S
oceano	4-46361-B,4-46912-S,4-47820-S
oceano antartico	1-52574-B
oceano artico	1-61159-B
oceano atlantico atlantico	11-88198-B
oceano atlantico norte	4-36659-B
oceano atlantico sur	5-77173-B
oceano indico	3-59638-B,32-67377-S
oceano pacifico	11-87925-B
oceano pacifico norte	4-36935-B
oceano pacifico sur	5-79886-B
oceanodroma oceanodromo	47-92181-S
oceanodroma oceanodromo oceanodroma oceanodromo	47-92181-B
oceanodromo	47-92181-S
oceanodromo oceanodroma oceanodromo	47-92181-S
oceanografia	4-47582-B
oceanografia de estuarios	2-111885-B
oceanografia fisica	4-83879-B
oceanografia quimica	1-132284-B
ocelote	43-60509-B
ochavo octavo	57-31476-B
ochenta	10-35429-B
ochenta anos	25-13866-S
ochenta y ocho	67-73091-B
ocho	10-30559-B,10-45732-S,10-55629-S,10-56589-S,11-102120-B,67-73091-S
ocho mil	66-76472-B
ocho patas	19-69918-S
ochocientos	67-56581-B
oclusion	15-60432-S
ocre	40-37853-B
octagonal	17-40292-B
octagono octogono	17-47460-B
octano	50-65781-B
octava	14-81012-B
octavo	25-45788-S,57-31476-S
octavon	53-70836-B
octavona	53-70947-B
octeto byte	36-76024-B
octodecagono	25-60175-B
octogono	17-47460-S
octubre	10-25266-B,67-14486-S
ocular	22-63983-S,69-37421-S
oculista	16-49342-S
ocultar	13-86670-S,17-86163-S,53-56001-B,57-58097-B
ocultar tapar velar	10-66452-S
oculto	69-36391-S
oculto secreto	69-36204-S
ocupa solo de su campo nerd	63-38804-S
ocupacion	12-1154-B,12-1283-B,48-86784-S
ocupacion invasion	48-87123-B
ocupacion profesion trabajo	6-53713-S
ocupacional	59-35434-B
ocupacional enfermedad profesional	4-45425-S
ocupada ocupado	10-4269-B
ocupado	10-4269-S,67-12557-B
ocupar	10-4460-B,15-86134-S,21-6903-S,22-30295-S,68-80230-B
ocupar saturar	53-56386-S
ocuparse de	47-10405-S
ocurrir	22-6332-B,47-15996-S
ocurrir pasar acontecer suceder	14-57895-B
oda poema poesia	69-19397-B
oddar mean chey	34-54576-B
odham	41-27277-S
odiai	36-66918-B
odiar	9-55471-S
odio	9-57837-B
odiosa odioso	14-59069-S,20-88660-S,58-37942-S
odioso	14-59069-S,20-88660-S,58-37942-S
odisea	22-27886-B
odo gadaba escrito con escritura oriya	26-60964-B
odonato	4-47962-B
odontoiatra odontologa odontologo	62-52465-B
odontologa odontologo	16-54561-S,62-52465-S
odontologia	20-85395-B
odontologia cosmetica odontologia estetica	65-18779-B
odontologia estetica	65-18779-S
odontologica odontologico dental	61-90090-B
odontologico dental	61-90090-S
odontologo	16-54561-S,62-52465-S
odoodee	45-25848-B
oeste	2-67306-S,11-16503-B,36-25954-S,36-47618-S,38-49607-S
oeste aleman occidental	61-12121-S
oeste alemana occidental aleman del oeste aleman occidental	61-12121-S
oeste de los sudanicos del este	31-15137-S
oestradiol	56-36618-S
ofbiz	65-92300-S
ofbiz ofbiz	65-92300-S
ofender	8-53058-S,48-15046-S
ofendido	45-12692-S
ofensiva	19-19518-S
ofensiva ofensivo	19-19355-B,19-19653-B
ofensivo	19-19355-S,19-19653-S,44-29701-S
oferta	5-101514-B,11-76191-B,24-16852-S
oferta de dinero	15-80059-S
oferta de trabajo	13-70751-B
oferta exceso de produccion sobreoferta sobreproduccion superproduccion	68-36474-S
oferta y demanda	6-80280-B
ofertar pujar	17-91467-B
oficial	4-48651-S,22-15449-S,22-88933-B,22-92634-B,61-43937-S,62-78679-S,65-94254-S
oficial arameo biblico	9-79163-S
oficial de cubierta	55-42525-B
oficial disciplinario	20-4809-B
oficial funcionaria	53-63292-S
oficial lengua oficial	22-15449-S
oficial oficiosa oficioso	49-61754-S
oficialmente	50-34490-B
oficina	4-48306-B,9-2729-B,70-5118-S
oficina de trabajo	14-40364-B
oficio	7-61438-B,24-56060-S
oficios pobre seguro piedra movediza nunca moho la cobija piedra que rueda no cria moho piedra que rueda no prende musgo	69-45442-S
oficiosa oficioso	49-61754-S
oficiosamente	12-37516-S
oficioso	49-61754-S
ofidio serpiente sierpe	5-43007-B
ofimatica	63-97369-B
ofir	43-69017-B
ofiuco	44-26660-B
ofrecer	9-77255-B
ofrecer proponer	17-91129-B
ofrecer regalar	17-18345-B
oftalmia	61-39538-B
oftalmologa oftalmologo oculista	16-49342-B
oftalmologia	45-93571-B
oftalmologo oculista	16-49342-S
ogadeen	29-12678-S
ogami jima	30-54739-B
ogea	41-8740-B
ogigia	66-31216-B
ogliastra	34-61216-B
ogliastrino	32-29964-B
ogro	25-41605-B
ohio	16-20890-B
ohlone del norte	39-25905-B
ohlone del sur	39-25786-B
ohmetro	13-96776-B
ohmio	13-95620-B
oia	30-8374-S
oidio	67-82487-B
oido	3-35203-S,3-35598-S,7-77351-B,57-81027-S,62-38845-S
oido absoluto	42-17621-B
oido medio	67-74292-B
oido musical	67-9259-S
oiea organismo internacional de energia atomica	12-35206-B
oir	8-51275-B
oirat	26-50934-S
oise	34-13419-B,34-20779-S,34-38246-B
ojal	24-15176-B
ojaranzo	68-40161-S
ojear percibir ver vigilar	49-39449-S
ojeras	49-82029-B
ojete	59-101625-B
ojhi	29-53546-B
ojitjano	38-75583-S
ojituerta ojituerto tuerta tuerto	61-73078-S
ojituerto tuerta tuerto	61-73078-S
ojo	7-77650-B,7-79213-B,7-79690-B,69-20122-S
ojo de buey	35-21346-B
ojo de cristal	50-32270-B
ojo morado	18-87010-B
ojos	49-69129-S,64-38367-B,66-63239-S
ojos azules	25-6643-S
ojos castanos	25-6824-S
ojos cerrados	19-39737-S
ojos claros	25-7145-S
ojos enrojecidos	63-27275-S
ojos negros	25-6935-S
ojos oscuros	25-7040-S
ojos rojos	63-26659-B
ojos verdes	25-6719-S
ojotsk	66-75954-S
ok vale	18-60026-B
oka	26-48462-B,44-57416-B
okanagan	41-19660-B
okapi	47-77880-B
okinawa	63-88092-B
okinawense central	30-51394-S
okinawes	63-88416-S
okinawesa okinawes	63-88416-B
oklahoma	16-21082-B
oko juwoi	26-54954-S
okolod	47-67224-B
okoume	59-64428-B
okroshka	60-27204-B
ol chol	39-27335-S
ola	24-58106-S,25-109875-B
ola de calor	9-25071-S
ola de marea	68-39370-S
ola marina	6-32682-S
ola ola marina	6-32682-B
olas	6-58676-S
olas energia undimotriz	6-32394-S
olbia tempio	34-61354-B
oleaginosa	47-84181-S
oleaginosa planta oleaginosa	47-84181-B
oleoducto	4-49636-B
oler	9-44594-B,9-44804-B
olfaccion olfato	19-34556-S
olfactofobia olfatofobia	63-30905-B
olfactometro olfatometro	62-69279-B
olfativo	19-34263-B
olfato	19-34556-S
olfatofobia	63-30905-S
olfatometria	4-51749-B
olfatometrica olfatometrico	63-30716-B
olfatometrico	63-30716-S
olfatometro	62-69279-S
oligarca	24-50093-B
oligarquia	23-99510-B
oligoelemento	5-129516-B
oligohidramnios	65-3246-B
oligonucleotido	45-81724-B
oligopolio	25-41684-B
oligosacarido	52-37475-B
oligotrofico	36-32605-B
oliguria	62-69813-B
olimpiada	52-27771-S
olimpiada olimpiada	52-27771-B
olimpiadas	44-67981-S
olimpiadas olimpiadas	44-67981-S
olimpico	44-67889-B
olimpicos olimpiadas olimpiadas	44-67981-S
olimpo	25-41828-B
oliva	51-43751-S,51-44003-S,66-85191-S
olivaceo verde oliva	51-44003-S
olivo	55-98530-S
olivo aceituno	56-57090-B
olivo olivo	55-98530-S
olivos	51-44122-S
olla	8-71585-S
olla arrocera	51-11414-B
olla para pescado	51-11279-B
ollar gadaba	30-27876-S
olm	67-9168-B
olmo	12-9707-B,69-45005-S
olong	27-16829-B
olor	7-93703-B,53-16594-S
olp organizacion para la liberacion de palestina	64-82077-B
olpc para ninos	16-59179-S
olulumo ikom	43-2163-B
olvidar	15-60649-B
olvidar desconocer	9-7752-B
olvido	25-108509-B
olympia	16-5364-B
olympo vlach	32-44064-B
omaha ponca	41-19945-B
oman	12-5937-B,21-25574-S,43-19959-S
omanes hablado	34-84743-S
omanes omani	44-3219-S
omanesa omanes omani	44-3219-B
omani	44-3092-S,44-3219-S
omaso	15-54080-S
ombligo	11-42909-B
omega	18-4759-B
omegawiki	7-83655-S,22-23430-B
ometo	31-46378-B
ometo gimira	31-46179-S
ometo occidental	31-47435-B
omie	35-75361-B
omision	20-71652-B
omitir	58-76728-S
omnipotente	14-32639-S
omnisciente	13-7769-B
omnivoro	23-99989-B,67-29793-B
omoplato	67-22882-B
omotico	31-44750-B
omotico norte	31-45838-B
omotico sud	31-44893-B
omotik	31-44688-B
oms organizacion mundial de la salud	41-43285-B
on rails	63-99356-S
onagro	16-64961-S
once	10-30845-B
onceavo	57-31852-B
oncocercosis	4-51964-B
oncologa	56-68172-B
oncologia	4-52157-B
oncologico	56-68394-B
oncologo	16-64481-B
onda	18-93019-B,51-33222-B,51-33398-S
onda repentina	51-71283-B
onda sismica	49-6604-B
ondeado ondulado	66-78889-B
ondulada hierro ondulado	55-62575-S
ondulado	40-37983-B,55-62575-S,66-78889-S
one	36-6900-S
oneida	41-20044-B
oneroso	8-59718-S
ong organizacion no gubernamental	9-30312-B
onge	26-56589-B
onirica onirico	19-97298-B
onirico	19-97298-S
onna s	58-12518-B
onomasiologia	13-25831-B
onomastica	18-79288-B
onomatopeya	17-82723-B
onondaga	41-20272-B
ontario	20-41570-B
ontogenesis	6-148751-B
ontologia	10-105684-B,10-106010-B
ontologia fundamental	21-59399-B
onu naciones unidas	5-148810-B
onu secretario general de las naciones unidas	15-19821-S
onza	47-82393-S
ooforectomia	66-90008-B
ooforitis	62-13043-S
ooforitis ovaritis	66-90306-B
oologia	45-51136-B
oor	27-4284-S,27-4387-S
oor escrito	51-112584-S
oor escrito con escritura tai	51-112703-S
opaca opaco	23-100293-B,40-38405-S
opaco	23-100293-S,40-38405-S
opalo	28-9861-B,59-25165-B
opcion	13-8221-B
opcion de compra opcion financiera	13-63584-B
opcion de venta	13-63839-B
opcion financiera	13-63394-S,13-63584-S,20-38785-B
opcion opcion financiera	13-63394-B
opcional	43-59044-S,56-16027-B
opencl	63-94237-B
openerp	65-91890-B
opengl	63-94626-B
openoffice	70-6463-S
openoffice openoffice	70-6463-S
openstreetmap	48-47578-B
opentaps	65-92800-B
opera	15-28929-B,15-29261-B,15-29419-B,15-29555-B,51-66538-S
opera sobre	44-7992-B
operacion	9-91231-B,69-2601-S
operacion operacion quirurgica	9-91418-B
operacion quirurgica	9-91418-S
operacion trueno	10-73857-B
operacional	11-100774-S,53-87234-S,53-87392-S,63-116456-S
operaciones	53-3631-B
operaciones investigacion operativa	25-82403-S
operador	52-80758-B
operador operadora	52-80685-B
operadora	52-80685-S
operar ser activo	40-38562-B
operaria operario trabajador trabajadora	61-15818-S
operario trabajador trabajadora	61-15818-S
operativa	25-82403-S
operativa operativo	58-69400-B
operativo	22-82616-S,58-69400-S
opereta	25-42072-B
operistica operistico	51-66850-B
operistico	51-66850-S
opiaceo	60-82759-B
opilion	33-37829-B
opinar	9-5532-S
opinion	6-89258-S
opinion parecer	4-52483-S
opinion persuasion	18-3125-B
opinion publica	4-126947-B,4-127165-S
opio	15-29151-S,23-100441-B
oponente	25-109979-S
oponer	56-69649-S,68-82081-B
oponerse a oponer	56-69649-S
oporto	12-6478-B,34-61518-B
oportuna oportuno tempestiva tempestivo	24-68265-B
oportunidad	46-88725-S
oportunidad posibilidad probabilidad	14-8497-B
oportunismo	59-22774-B
oportuno tempestiva tempestivo	24-68265-S
oposicion	6-73928-B,22-58676-S,22-89624-B,48-11089-B
oposiciones	38-73683-S
opositor	18-57101-S
opresion tirania	68-14822-S
oprimir	51-90574-B
optar	25-99518-B
optar por no hacerlo pretexto	55-52441-B
optativo	46-74676-B
optica	17-94791-B,63-102896-S
optica optico	53-29060-B
optico	17-95804-B,42-54088-S,53-29060-S
optima optimo	21-65178-S,52-88887-B
optimismo	43-52942-B
optimismo con suerte	14-23175-S
optimista	23-85238-B,61-20741-B
optimizacion	38-7408-B
optimizar	54-11164-B
optimo	21-65178-S,22-88233-B,52-88887-S,58-90653-S
optometra	51-103969-S
optometria	51-103519-B
optometrista optometra	51-103969-B
opuesta opuesto	19-83932-S
opuesto	8-18112-B,16-48664-S,19-83932-S,21-44510-B,55-41287-S
opulencia riqueza	10-94952-B
opuuo	31-31836-B
or	34-5268-S
ora	41-885-S
oracion	15-73055-S,19-58670-S
oracle solaris solaris	68-89643-B
oral	16-39406-S,22-92786-B,64-76389-S
oralmente	59-44172-B
oralmente verbalmente	59-44258-B
oranais c	27-57034-B
orang seletar	45-31549-B
orangerie	22-12106-B
oraon	30-26898-B
oraon sadri	29-57530-B,30-0-S
orar	57-8895-B
oratoria	62-76161-B
orbita	10-7894-B,61-28878-B
orbita alrededor de	57-78408-B
orbita circular intermedia orbita media terrestre	64-14919-B
orbita circumsolar orbita heliocentrica	64-15272-B
orbita de transferencia geoestacionaria	64-15544-S
orbita geocentrica orbita terrestre	64-15382-B
orbita heliocentrica	64-15272-S
orbita media terrestre	64-14919-S
orbita planetaria	35-66226-B
orbita terrestre	64-15382-S
orbita terrestre baja	64-14800-S
orbital	25-42174-B,25-42295-B
orco	21-854-B
ordalia	41-61981-B,60-70453-B
orden	45-64117-B,61-37969-B,61-38199-B,61-39081-B
orden comando directriz	53-4493-S
orden de los pobres caballeros de cristo y del templo de salomon	64-80053-S
orden ejecutiva	2-121934-B
orden hasta nuevo aviso	63-80373-S
