cinda regi tiyal	38-72540-B
cine	48-66849-S
cine cinematografia	15-21719-B
cine de terror	16-89984-B
cine sala de cine	48-66849-B
cinematografia	15-21719-S
cinematografica	6-145003-S
cinematografica cinematografico filmica filmico	45-96722-B
cinematografico filmica filmico	45-96722-S
cineni	28-5074-B
cinetica	38-15419-S,59-71164-B
cinetica cinetico	59-71009-B
cinetica quimica	4-142063-B
cinetica relativista	38-15623-S
cinetico	37-49373-S,59-71009-S
cinetismo arte cinetico	37-49373-B
cinetosis	66-90954-B
cingales	25-40999-B,30-8925-S,63-109237-S
cingales antiguo	29-44193-S
cingales escrito	30-8723-B
cingales escrito con alfabeto cingales	30-8925-B
cingales escrito con alfabeto cingales historico	30-8805-B
cingales hablado	30-9023-B
cingales historico	30-8805-S
cingales singales sinhala	17-59242-B
cinica cinico	56-13186-B,56-13507-B
cinica cinico descarada descarado	43-6980-S
cinica cinico sarcastica sarcastico sardonica sardonico	11-10389-B
cinico	56-13186-S,56-13507-S
cinico descarada descarado	43-6980-S
cinico sarcastica sarcastico sardonica sardonico	11-10389-S
cinismo	56-13378-B
cinofoba cinofobo	65-81118-B
cinofobia	65-81016-B
cinofobo	65-81118-S
cinologia	16-92629-B
cinorrodon	50-75042-B
cinta	18-38009-S
cinta adhesiva	66-44410-B
cinta de regalo cinta	18-38009-B
cinta espectral	7-44851-B
cinta larga	38-77848-B
cinta magnetica	3-123699-B,55-80691-S
cinta metrica	66-60982-B
cinta transportadora correa transportadora	55-50026-B
cintura	38-56944-B
cinturon	14-76067-B,60-96297-B
cinturon de asteroides	35-64233-B
cinturon de clarke	51-62769-B
cinturon de seguridad	22-85548-B,38-51575-S
cinturon ronda	38-51090-B
cinturon verde	3-24979-B
cipo hito jalon	16-10949-B
ciprinido	13-61921-S
circo	62-99014-B
circo geografico	6-59691-B
circon zircon	42-0-B
circonio	16-28145-B
circuiteria circuito	51-97403-B
circuito	10-6139-S,47-91855-S,51-97403-S
circuito cerrado de television	33-51114-B
circuito circuito electrico	38-14732-B
circuito electrico	38-14732-S
circuito impreso placa tarjeta	15-63814-B
circuito judicial	38-15014-B
circulacion	51-27213-B
circulacion atmosferica	1-69077-B
circulacion de capitales	7-2511-S
circulacion de la sangre corriente sanguine	23-50230-B
circulacion marina	5-32381-B
circulacion oceanica	4-46692-B
circulante	37-63253-S,37-63560-S
circulante masa monetaria oferta de dinero	15-80059-B
circulante sencillo	8-70514-B
circular	18-83186-S,56-77071-B,58-31186-S,69-66208-B
circular girar	61-28990-B
circular intermedia orbita media terrestre	64-14919-S
circulation	7-16243-S
circulatorio	47-47258-S
circulo	8-83218-B,22-17241-S
circulo de calidad	25-69502-B
circulo polar artico	51-37411-B
circulo vicioso	65-102663-B
circumpolar antartica	37-66456-S
circumposicion	18-97737-B
circumsolar orbita heliocentrica	64-15272-S
circuncidado	67-7266-B
circuncidar	67-7356-B
circundante	45-106927-B
circundar rodear	11-68415-B
circunferencia	59-46804-B
circunnavegar rodear	59-53764-B
circunscribir	11-68001-B
circunscribir restringir	11-68628-B
circunscripcion distrito	38-60154-B
circunspeccion recato	51-102255-B
circunstancia	51-111416-B
circunstancial	58-32549-S
circunvolucion giro	66-62516-B
cirenaica	66-214-B
cirilica	18-23768-S,26-22977-S,26-24413-S,26-26284-S,26-31948-S,26-32677-S,26-33423-S,26-35134-S,26-36415-S,26-37032-S,26-44505-S,26-46039-S,26-47491-S,26-51525-S,28-12202-S,28-51895-S,28-53222-S,28-54292-S,32-45138-S,32-55250-S,32-58872-S
cirilica historica	32-55081-S
cirilica modelo chochua	28-12930-S
cirilica modelo gulya	28-12680-S
cirilica modelo tapanta	28-14720-S
cirilica modelo termirgoi	28-10421-S
cirilica modelo ushar	28-12404-S
cirilica moldava escritura moldava cirilica	32-45138-S
cirilica servio escritura cirilica	18-23768-S
cirilico	30-12395-S,30-14966-S,30-17021-S,30-19246-S,33-40907-S,59-82561-S
cirilico cirilico	33-40907-S
cirro cirrus	51-40441-B
cirrosis cirrosis hepatica	41-55931-B
cirrosis hepatica	41-55931-S
cirrus	51-40441-S
cirth	55-82922-B
ciruela	52-9204-B
ciruela damascena	56-17228-B
ciruelo	52-8926-B
cirugia	17-87561-B
cirugia asistida por video	37-34236-B
cirugia estetica	65-19038-B
cirugia plastica	65-19196-B
cirujana cirujano	17-87876-B
cirujano	17-87876-S
cisalpina cisalpino	48-14557-B
cisalpino	48-14557-S
cisalpino lepontico	28-23796-S
cishingini	35-86028-B
cisjordania	16-72389-B
cisma	25-50648-B
cisne	22-85348-B
cisnes	46-87096-S
cistectomia	65-79368-B
cisterna	13-34284-B,25-43680-B
cistitis	62-10852-B
cita	14-84215-B,15-14204-B,46-86235-B
citacion	24-19103-B
citar	22-57984-B,54-67745-B
citar hacer notar mencionar	53-12390-B
citar mencionar nombrar	12-30253-B
citar notificar	67-80700-B
citara	18-20159-B
citarse	67-44001-B
citera citerea	52-23407-B
citerea	52-23407-S
citologia	2-23288-S
citomegalovirus	23-59877-B
citoplasma	25-55413-B
citoplasmatica citoplasmatico citoplasmica citoplasmico	63-970-B
citoplasmatico citoplasmica citoplasmico	63-970-S
citoplasmica citoplasmico	63-970-S
citoplasmico	63-970-S
citosina	45-75801-B
citotoxicidad	2-23790-B
citotoxico	65-11735-B
citrico	23-26147-S,23-26637-B,55-85226-S
citrino	22-8736-B
citronela hoja de limon melisa toronjil	67-15093-B
citronella pasto de limon te de limon yerbalimon zacate de limon	55-71584-S
citrus citrico	23-26147-B
ciudad	1-140955-B,1-141479-S,51-81089-S
ciudad de guatemala guatemala	21-23185-B
ciudad de kuwait kuwait	21-32113-B
ciudad de mexico mexico	11-16385-B
ciudad de panama panama	21-23315-B
ciudad del cabo	33-71409-B
ciudad del vaticano	12-83454-B
ciudad fantasma despoblado pueblo fantasma	65-94461-B
ciudad ho chi minh	42-57030-S,55-28494-B
ciudad jilin	63-81648-S
ciudad prohibida	46-36105-B
ciudad pueblo villa	8-45763-B
ciudad sub provincial ciudad subprovincial	63-72108-B
ciudad subprovincial	63-72108-S
ciudadana	5-59095-S,7-56843-S
ciudadana ciudadano	6-83514-B
ciudadania	51-113327-S,52-0-B
ciudadania ambiental	6-66097-B
ciudadano	6-83514-S,6-102260-S
ciudadanos ciudadania	51-113327-B
ciudadela	51-113129-B
civ comunicacion interventricular	60-86255-B
cividale del friuli	23-99785-B
civil	1-141582-S,1-141803-S,1-142203-S,1-142493-S,6-141492-S,13-26890-S,20-377-B,20-798-S,23-96823-B,24-48717-S,36-50700-S,36-51075-S,42-61407-S
civil estadounidense	47-45472-S
civil internacional	1-74304-S
civil situacion familiar	7-24479-S
civilizacion	61-42809-B
civilmente responsable	18-10270-B
cladistica	37-2435-B
clado	37-4956-B
clallam	39-11463-B
clamidia	23-53705-B
clamoroso	22-86046-B
clandestina clandestino	42-54324-B
clandestinidad	22-86071-B
clandestino	42-54324-S
clara	33-25491-S,45-32473-S
clara claro	25-107445-B,47-26522-S
clara claro comprensible entendible	20-15630-B
clara claro inequivoca inequivoco	49-60933-B
clara pajaro que madruga se come al mejor gusano	18-56902-S
claramente	50-37409-B,52-1666-B
clareo	21-47624-B
claridad	52-20165-B,52-20331-B,55-3384-B
clarificacion elucidacion	42-76665-S
clarificada	66-74767-S
clarificar dilucidar	21-82256-B
clarificar esclarecer explicar	14-12259-S
clarin	52-18272-B
clarinete	14-78177-B
clarinete bajo	14-80861-B
clarinetista	45-12313-B
clarividente	68-57941-S
clarividente vidente	57-70050-S
clarke	51-62769-S
claro	19-14354-B,25-107445-S,47-26522-S,64-80842-S
claro comprensible entendible	20-15630-S
claro de luna	14-88658-B
claro de luna luz de la luna	14-88493-B
claro del bosque	6-42105-B
claro en el bosque	53-70039-B
claro inequivoca inequivoco	49-60933-S
claro palido	69-45877-B
claros	25-7145-S
claroscuro	38-50999-B
clase	9-62254-B,18-7262-S,45-64363-B,48-75570-B,48-81363-S,66-19251-B,69-49654-B,69-50025-B
clase baja	67-82271-B
clase clase de complejidad	69-50245-B
clase companero de clase	48-81363-S
clase comunitaria	45-10338-S
clase curso	48-75784-B
clase de aritmetica	23-48111-B
clase de complejidad	25-33851-B,69-50245-S
clase de la base de datos comunitaria	43-12046-B
clase economica	67-7480-B
clase magistral	67-18814-B
clase media	67-82147-B
clase modelo tipo	21-61154-B
clase obrera	25-70043-B
clase social estrato social	22-84735-B
clase tipo	15-74041-B
clases	69-50762-S
clases ensenanza	66-58165-B
clasica clasico	53-83056-B
clasica mitologia grecorromana mitologia grecolatina	61-52663-S
clasico	21-97901-S,26-38306-S,26-38397-S,26-38480-S,38-10047-B,38-10268-B,53-83056-S,53-83275-B,57-100614-S,64-88163-S
clasificacion	1-142605-B,52-110671-B
clasificacion biologica clasificacion cientifica	37-5224-B
clasificacion cientifica	37-5224-S
clasificacion de imagenes	7-47289-B
clasificacion de residuos	6-21299-B
clasificacion ordenamiento	52-90464-B
clasificador	21-71433-B
clasificador clasificadora	53-97222-B
clasificadora	53-97222-S
clasificar ordenar	46-88538-B
clasificar subdividir	34-39582-B
clastica clastico	52-65299-B
clastica clastico desarmable	52-65149-B
clastico	52-65299-S
clastico desarmable	52-65149-S
clatrato	64-25415-S
clatrato compuesto de clatrato estructura de clatrato	64-25415-B
clatrato estructura de clatrato	64-25415-S
clau	27-10421-S
claustro	17-24698-B
claustrofobia	22-60217-B
claustrofobica claustrofobico	52-67323-B
claustrofobico	52-67323-S
clausula	53-102873-B,53-103094-B
clausula escapatoria	58-63498-B
clausura	62-58284-B
clavado	64-25147-S,64-25201-B
clave	14-81273-B,49-33071-S
clave de acceso contrasena	53-75920-B
clave del exito	37-17192-B
clave foranea	64-59083-B
clave indicio pista	34-29633-B
clave primaria	64-59623-B
clavelina	40-31697-B
claves asimetricas	65-55574-B
clavicula	52-67545-B
clavija	11-65106-B
clavo	11-9060-B,13-33652-B
clavo clavo de olor	53-16594-B
clavo de olor	53-16594-S
claxon	22-85882-S,51-95122-S
clema	66-2612-B
clemencia perdon	16-68458-B
clemente	52-74493-B
cleopatra cleopatra vii	50-16473-B
cleopatra vii	50-16473-S
clepsidra reloj de agua	25-42665-B
cleptomania	44-15859-B
cleptomano	69-31492-B
clerigo	16-40035-B
clermont ferrand	34-59459-B
clermontois	32-5188-B
clero	52-86969-B
clic	65-87402-S
cliche	19-43718-B
cliente	19-97443-B,39-6738-S,39-6997-S,39-7366-S,44-62190-B,68-97538-S,68-97800-S
cliente comprador	38-61120-B
cliente de correo electronico	68-77345-B
cliente servicio de atencion al cliente	68-97538-S
clientela	20-601-B
clientes	37-15964-S
clima	1-144292-B,1-144454-S,6-33939-S
clima continental	6-126360-B
clima de desierto	6-126518-B
clima de montana	6-127047-B
clima ecuatorial	6-126693-B
clima mediterraneo	6-126829-B
clima oceanico	6-127563-B
clima templado	6-127759-B
clima tiempo tiempo atmosferico	6-33445-B
clima tropical	6-127906-B
climatica	1-144954-S,1-145931-S
climatico	1-144727-S,1-145588-S,69-72951-B
climatico artificial	3-127416-S
climatizacion	1-26079-S
climatizador	54-93827-S
climatizar	47-17631-S
climatoesceptica climatoesceptico	65-23655-B
climatoesceptico	65-23655-S
climatologia	1-146186-B
climax	1-146721-B
climax cuspide	22-18849-B
climax orgasmo	20-81541-B
clinica	36-40690-S
clinica clinico	52-39269-B
clinica hospital	3-41839-B
clinico	52-39269-S
clinicos	1-148298-S
clitico	19-16971-B
clitoris	11-42344-B,52-72527-S
clivaje segmentacion	68-61746-B
cloaca	45-41925-B
clon	69-18185-B
clonacion	1-148451-B
clonal genet	67-9884-S
cloracion	1-137468-B
cloracne	68-49260-B
clorados	1-136525-S
clorhidrico acido muriatico	3-47424-S
clorinar	57-46418-B
cloro	1-137637-B
cloroetilenos	1-137976-B
clorofenoles	1-139202-B
clorofila	1-139322-B
clorofluorocarbono cfc	1-138268-B
clorofluorohidrocarburos	1-138780-B
cloroplasto	45-40356-B
clorosis	1-139667-B
cloruro	1-136219-B
closet ropero	66-75693-S
club	46-82662-B
club cofradia colegio gremio liga logia	48-70062-B
club nocturno	15-30878-B
cluster	64-37102-B
cn	30-50127-S
co	32-53640-S
co bashai	30-39366-B
co incineracion	1-152742-B
co2	1-118837-S
coaccion	53-106709-B
coagulacion	1-149090-B
coagulante	65-103746-B
coagular cuajar	13-50418-B
coagularse	53-68696-B
coalescencia	54-5569-B
coalicion	53-68846-B,60-53857-S
coartada	45-33502-B
cobalto	1-152092-B
cobarde	55-84064-B
cobarde gallina	8-6588-B
cobarde miedosa miedoso	17-22152-B
cobardia	19-11042-B
cobaya	51-5382-B
cobayo conejillo de indias	13-59098-B
cobertor colcha	9-69151-B
cobertura	2-16044-B,20-34741-B,21-24279-S,53-68374-B
cobertura de seguro	3-74740-B
cobertura justificacion	41-3525-B
cobija piedra que rueda no cria moho piedra que rueda no prende musgo	69-45442-S
cobijar guarecer refugiar resguardar	68-86031-S
cobijarse guarecerse refugiarse resguardarse	68-85922-S
coblenza	43-16403-B
cobrar	69-47556-S
cobrar devengar embolsar ganar	67-37011-B
cobrar embolsar	68-87708-B
cobre	2-10362-B,21-28828-S,39-57937-S,51-96879-S
cobriza cobrizo	56-7375-S
cobrizo	39-58013-B,56-7375-S
cobro	21-18822-B,33-8446-B
cobro de impuestos	25-57554-B
cobro de impuestos recaudacion	25-58724-B
coc	31-11549-S
coca	15-61477-B,66-14514-B
cocaina	16-32151-B
cocama cocamilla	39-15004-B
cocamilla	39-15004-S
coccidioidomicosis fiebre del desierto	23-28447-B
coccion al vapor	52-4974-B
cocer el dobladillo hacer dobladillo repulgar	11-48555-B
coche	1-116588-S,60-57983-S
coche cama vagon dormitorio	68-63570-B
coche de caballos	22-64815-S
coche de policia vehiculo policial	62-47237-B
coche de remolque remolque	43-18684-B
cochecito de nino	41-34858-B
cochera estacionamiento garaje	22-69690-B
cochinilla	19-11489-B
cochinilla de humedad	19-18479-B
cochino marrano puerco	8-18998-S
cocido	20-96453-S,25-104182-S
cociente	23-100793-B
cocina	8-31617-B,22-32555-B,24-60102-B,57-40697-S,57-40854-S,66-74111-S,67-88844-S
cocina a gas cocina de gas estufa a gas estufa de gas	50-62017-B
cocina de gas estufa a gas estufa de gas	50-62017-S
cocina economica	12-69286-B
cocina estufa	15-69210-B
cocina gastronomia arte culinario	22-30765-B
cocina japonesa gastronomia de japon	22-31144-B
cocina recetario	55-50739-S
cocina tradicional	37-17706-B
cocina trapo de cocina	57-40854-S
cocinado	69-57964-B
cocinar	7-105809-B,22-33449-B
cocinar al vapor	67-70446-B
cocinar para	36-73200-B
cocinar preparar	47-16737-B
cocinera	7-105446-S,7-105597-S
cocinera de frituras cocinero de frituras	51-83314-B
cocinero cocinera	7-105446-B,7-105597-B
cocinero de frituras	51-83314-S
cockburn town	55-47432-B
coclea	64-26009-S
coclear	64-26120-B
coco	18-85085-B,24-87294-S,69-30818-S
cocodrilo	2-17292-B,65-14386-S
cocolito	67-53396-B
cocolitoforo	51-40697-B
cocomo	54-22712-B
cocopa	39-14894-B
cocos	39-14558-S
cocotero	66-45941-B
cocoteros	50-60347-S
coctel	16-74817-S,66-39077-S
coctel coctel	16-74817-B
coctelera	68-37374-S
codez parsimonia	65-14755-S
codicia	54-93468-S,54-93713-B
codicia mezquindad	24-77526-S
codiciar	54-114994-B
codiciosa codicioso	44-49071-B,54-94321-B
codiciosa codicioso mezquina mezquino tacana tacano avida avido	38-24792-S
codicioso	44-49071-S,54-94321-S
codicioso mezquina mezquino tacana tacano avida avido	38-24792-S
codificacion	6-101288-B
codificar	53-62406-B
codigo	1-152435-B,51-86202-B,54-44778-S,54-83738-S,68-72524-S
codigo abierto	15-86569-B
codigo automodificable	68-73101-B
codigo civil	20-798-B
codigo de acceso	44-32464-B
codigo de barras	48-36186-B,48-37649-S
codigo de etica codigo deontologico	54-23151-B
codigo de hammurabi	60-75044-B
codigo deontologico	54-23151-S
codigo fuente	25-37078-B
codigo genetico	33-46945-B
codigo intermedio	52-72721-S
codigo iso 4217	43-36501-B
codigo legado	54-62308-B
codigos 3166 1	14-20762-B
codigos iso 15924	25-40813-B
codigos iso 4217	39-44576-B,39-44722-B
codigos iso 639 1	18-63750-B,20-75408-B
codigos iso 639 3	12-16770-B
codigos iso dis 639 6	26-18922-B
codo	18-96878-B
codon	33-45905-B
codon de terminacion	33-47270-B
codorniz	12-30742-B
coeficiente	37-72541-B
coeficiente intelectual	10-3774-B
coenzima	46-2621-B
coesposa	67-23098-B
coetaneo	65-47224-B
coeur d alene	39-20341-B
coevolucion	45-42631-B
coexistencia	53-106908-B
coexistir	52-65599-B
cofactor	59-89280-B
cofan	39-15637-B
cofis	54-29822-S
cofradia	55-23024-B
