haute provence	34-1882-S
haute savoie	34-16285-B
haute saône	34-15496-B
haute vienne	34-19262-B
hautes alpes	34-2149-B
hautes pyrénées	34-14519-B
hauts de seine	34-20209-B
havakuk	65-101744-S
havana	24-10868-B
havasupai walapai yavapai upland yuman	41-12912-B
have	10-50723-S,14-76824-B,21-62091-B,40-52940-B
have a bone to pick have a crow to pick	38-29138-B
have a crow to pick	38-29138-S
have a drink	64-29291-B
have a nice meal	11-29132-S
have access	34-21644-B
have birth bring forth give birth	26-3721-S
have breakfast	50-50586-S
have fear	8-57166-S
have fun	42-75681-B
have got	67-34363-S
have hold have got	67-34363-B
have made one s pile	11-46550-B
have own possess	14-76598-B
have sex	10-92659-S
have sex make love	10-93776-B
have sex make love make out	24-8467-S
have sex make love sleep with	10-96579-B
have the hiccups	66-84307-S
have to	18-85785-S
haveke	42-64536-B
havel	55-22122-B
haversack packsack rucksack	61-66527-B
havu	42-36338-B
havyaka	30-37549-B
hawai i creole english	41-13293-B
hawai i pidgin sign language hawaii pidgin sign language	41-17519-B
hawaii	14-28689-B
hawaii pidgin sign language	41-17519-S
hawaiian	41-13417-B
hawiyya spoken	29-12888-S
hawk eyed sharp eyed	57-77356-S
hawk moth hawkmoth hornworm hummingbird moth sphingid sphinx moth	65-15231-B
hawk moths hornworms sphinx moths	65-15106-B
hawkmoth hornworm hummingbird moth sphingid sphinx moth	65-15231-S
hawrami	42-21727-S
hawser	58-46440-B
hawthorn	24-75803-B
haya	42-36534-B
hazaragi	42-36601-B
hazard	3-32493-B,4-22031-S,6-142203-S
hazardous perilous risky	8-90042-S
hazaribagh	26-58974-B
haze	3-32789-B,11-12723-B
haze over obnubilate	10-66452-S
hazel	10-63559-B
hazel nut brown	13-22014-B
hazelnut	18-21461-B
hazelnut oil	45-92533-B
hazārā hindko	29-28345-B
hcf highest common factor	16-13645-S
hd	18-64807-S
hd add adhd attention deficit hyperactivity disorder	48-7438-S
hd hansen s disease leprosy	60-62306-B
he	7-66636-B,39-41123-B
he she	11-59924-B
he yellow	46-83118-S
head	7-81103-B,7-88912-B,10-14548-S,15-61605-S,56-43461-S
head bream gilthead bream sea bream	16-89783-S
head chef head cook	66-74111-S
head cook	66-74111-S
head covering	24-33686-S
head headmaster	7-89513-B
head leader	7-89212-S,23-41724-S
head light low beam low beam light low beam light meeting beam passing beam passing light	63-17622-S
head office	23-80534-S
head over heels	64-65233-S
head shot to the head	56-43461-S
head skull and crossbones	33-61964-S
head tax poll tax	64-4554-S
headache	10-25835-S
headed	60-72067-S,66-29897-S
headed featherbrained giddy light headed lightheaded silly	11-79107-S
headed kite	67-52965-S
headed kite grey headed kite	67-52965-S
headed lightheaded silly	11-79107-S
headed vain	58-22638-S
headhunter	24-14114-B,24-14281-B
headlamp headlight	62-60515-B
headlamp main beam long distance light	21-93230-S
headland	3-33061-B,6-59440-B,37-57761-S
headless acephalic acephalous	34-81401-B
headlight	62-60515-S
headlight dimmed headlights dipped head light low beam low beam light low beam light meeting beam passing beam passing light	63-17622-S
headlights dipped head light low beam low beam light low beam light meeting beam passing beam passing light	63-17622-S
headmaster	7-89513-S
headphone	62-38957-S
headphones	57-85202-B
headquarters head office	23-80534-B
headset	9-74103-B
headstone tombstone	56-38155-S
headstrong obstinate wayward	61-961-S
heal bring around cure	13-31356-B
heal cure	13-31248-B
heal mend	33-8010-B
healable	56-7612-S
healing	50-46394-B
health	3-33327-B,3-44208-S,4-126591-S,37-42201-S
health care	5-132119-S,14-10377-S
health care healthcare	3-33629-B
health care profession	7-23369-B
health facility	3-34090-B
health insurance plan medical insurance plan	19-86801-B
health organization	41-43285-S
health professional	62-43802-B
health regulation	3-34261-B
health right as rain sound as a bell sound in wind and limb	69-39350-S
healthcare	3-33629-S
healthy	8-31293-B
healthy diet	62-43506-B
heap	52-73423-B,52-73646-B,52-73775-B,69-53580-B
heap pile pot stack batch good deal great deal hatful lot mass mess mountain raft	52-73162-B
heap pile up	58-99005-S
hear	8-51275-B
heard	21-48572-S
hearing	3-35598-B,4-48651-S
hearing acuity	6-120214-B
hearing impairment	3-34721-B
hearing protection	3-35203-B
heart	7-70862-B,14-77043-B,14-77159-B,48-24575-S
heart atrium	64-40358-S
heart attack	13-75230-B
heart by memory by rote	60-95022-S
heart defect	66-88039-S
heart disease	57-88174-S
heart disease coronary artery disease	43-11083-S
heart failure	43-9408-S
heart failure chf hf congestive heart failure	43-9408-B
heart of	23-19051-S
heart shaped cordate	62-9955-B
heartbeat beat	9-92069-B
heartburn acid indigestion pyrosis	64-18737-B
hearted	43-18922-S,54-31687-S
heartily warmly	59-79935-S
heartsickness	43-64805-S
heat	6-19507-S,19-18674-S,50-8835-S,64-33022-S
heat balance	51-65195-B
heat boiling heat scorching heat sweltering heat	64-33022-S
heat capacity	13-98350-S
heat charge	6-19952-S
heat exchanger	14-30563-B
heat heat up	8-20675-B,26-10665-B
heat lightning summer lightning	9-67412-B
heat of fusion	19-21184-B
heat pump	3-36766-B
heat scorching heat sweltering heat	64-33022-S
heat specific heat capacity	13-98350-S
heat stroke sunstroke	64-33115-B
heat supply	3-37063-B,7-56168-S
heat sweltering heat	64-33022-S
heat thermal energy	3-35907-B
heat up	8-20675-S,26-10665-S
heat wave	9-25071-S
heated	56-4943-B
heater	3-36277-B
heath	59-87988-B
heathen	40-19132-B
heathen infidel pagan gentile	24-14483-B
heathland	3-36456-B
heating	2-52393-S,3-36564-B,5-70836-S
heave	13-33197-S
heaven	9-28837-S,9-29159-B
heaven and earth pull out all the stops	66-10826-S
heavenly	7-85681-S,7-92115-B
heavenly body	12-71055-B
heavily built thickset	42-45057-S
heavy	7-66412-B
heavy metal	3-37273-B
heavy oil oil sand tar sand	5-108416-S
heavy water	55-15822-B
hebbar	30-42356-B
hebraism	57-84213-B
hebrew	8-80236-B,58-8329-S,62-78679-S
hebrew alphabet	33-42021-B
hebrew israelite hymie kike sheeny yid	18-22544-S
hebrew nikkud	68-46189-B
hebrew script	26-35250-S,27-48288-S,27-57302-S,32-31726-S,32-33481-S
hebrides	66-49017-B
heckle	14-91789-S
hectagon	17-45791-B
hectare	58-67798-B
hectic feverish	39-54073-B
hectopascal	51-69444-S
hector	58-64137-B
hedge	3-37371-B
hedgehog	43-58204-B
hedonism	12-44162-B
hedonistic	12-45277-B
heed	47-9871-S
heed listen mind	9-55935-B
heel	18-73067-B,18-96684-B
heels	64-65233-S
hegemony	17-44171-B
hehe	42-46183-B
heian palace	46-35177-B
heian period	46-35445-B
heiban	30-46774-B
heifer	19-57691-B
height	9-55666-B
heights	16-24356-S
heiligendamm	33-81739-B
heiltsuk	42-46250-B
heinous monstrous	58-37942-S
heir	39-41371-B
held fan	50-7922-S
held for damages liable for damages liable to indemnify liable to pay damages	18-10270-B
helena	58-51678-S,58-51828-S
helicobacter pylori	62-40089-B
helicopter	9-31552-B
heliocentric	35-64870-B
heliocentric orbit	64-15272-S
heliopause	68-59030-B
heliosphere	68-58888-B
heliport	56-16467-B
helium	10-99103-B
helix	25-95390-B,33-49504-S
hell	16-36782-B,16-36875-B,62-35664-S
hellaceous hellacious hellish infernal	51-94746-B
hellacious hellish infernal	51-94746-S
helledi spoken	29-14242-S
hellenic	48-28298-S
hellenic republic	11-89706-S
hellish infernal	51-94746-S
hellman	65-59645-S
hello so long	7-90818-S
helmet	38-50645-B
helminth parasitic worm	69-33608-B
helmsman	56-16387-B
helong	42-46081-B
help	14-67814-S,69-66081-S
help aid assist	46-88097-B
help ministration relief	14-67622-S
helping verb subsidiary verb auxiliary	17-28542-S
helsinki	14-87253-B
hem	11-48365-B,11-48555-B
hem in surround	13-39243-S
hematophagia	66-56091-S
hematophagy haematophagy hematophagia	66-56091-B
hematopoiesis	13-58467-B
hematopoietic	13-58585-B
hematotoxic	23-16943-B
hemba	42-46319-B
hemicrania	68-95175-B
hemicycle	17-26037-B
hemiplegia	51-105825-B
hemiplegic	67-33381-B
hemipterous insect	1-107905-S
hemisphere	54-104195-B
hemispheric	40-12445-B
hemispherical	9-10211-B
hemodynamics haemodynamics	69-30180-B
hemoglobin	23-16445-S
hemolysis	23-16754-B
hemolytic uremic syndrome	66-22202-S
hemophilia	23-15913-B
hemophilia hæmophilia	23-71727-S
hemophilic haemophilic hæmophilic	66-84152-B
hemorrhagic fever	42-50126-S
hemp	24-15025-B,34-61001-S
hemp abaca fiber abacá abacá fiber	69-25150-S
hen	9-5864-B,66-67751-S
hen do kitchen tea stagette	64-35205-S
hen s egg	20-98213-S
henagon	24-87869-B
hence so therefore	14-48996-S
henceforth as of now from now on henceforward	37-32060-B
henceforward	37-32060-S
hendaye	50-21104-B
hendecagon undecagon	25-62643-B
hendecagonal	17-47715-B
henderson ducie and oeno islands	33-73921-S
heneng	35-27781-S
henry	14-89955-B
hep b hepatitis b	66-9082-B
hepatic	23-15785-B
hepatic necrosis	23-15644-B
hepatic steatosis hepatosteatosis	23-17110-S
hepatitis	23-17388-B
hepatitis b	66-9082-S
hepatitis b virus	23-60771-B
hepatitis c virus	23-61070-B
hepatomegaly	23-17630-B
hepatosteatosis	23-17110-S
hephaestus	53-81084-B
heptadecagon	17-46508-S
heptagon	17-48742-B,50-24236-B
heptagonal	17-40506-B
heptane	50-65578-B
her	14-59008-B
heraldic	34-31474-B
herb	12-32900-B,53-62543-S
herb garden	58-25500-B
herb marihuana reefer weed	21-44999-S
herb tea ptisan tisane	18-56124-S
herbaceous	51-65417-B
herbal tea infusion herb tea ptisan tisane	18-56124-B
herbicide	3-37586-B
herbivore plant eater	3-37778-B
herbivorous	67-29877-B
herbology	9-58722-B
herculaneum	41-62637-B
herculean herculæan	43-3873-B
hercules	44-72169-B,44-72592-B
herculæan	43-3873-S
herd on supervise	48-11428-S
herdsman	69-57428-B
herdé	42-46021-B
here	7-74134-B,65-103673-B
here you are	7-93572-B
hereditary	68-13357-B,68-13543-B,69-15528-B
heredity	25-93878-B,25-94157-B
heredity inheritance	52-71021-B
herero	42-46441-B
heretic	39-41933-B
heretical	39-41948-B
heretofore hitherto so far thus far yet	8-38199-S
heritability	45-87706-B
heritable	59-32646-B
heritage	2-21408-S,4-22211-S,6-71605-S,10-61576-S,23-78420-B,26-4024-B,26-4191-B
heritage site	6-43988-S,10-60542-S
heritage site world heritage site	10-60542-S
hermaphrodite	25-95504-B,25-95775-B
hermaphrodite intersexual	58-102083-B
hermes	65-30166-B
hermione granger	11-53908-B
hermit	50-11733-B,50-11837-B
hermit crab	25-110939-B,50-60347-S
hero	10-115927-S,61-15312-B
hero role model	12-36108-B
heroin	22-76171-B
heroine	22-76472-B
heron	14-60858-B,22-9419-S,44-56944-S,44-57216-S
heron black crowned night heron	44-57216-S
herpes simplex virus 1	23-61373-B
herpes simplex virus 2	23-61715-B
herpes zoster shingles zona zoster	60-71094-B
herpesvirus	23-59283-B
herpetologist	45-76754-B
herpetology	45-50947-B
herring	16-56538-S,47-49687-B,50-74856-S
herrings	69-44836-S
hers	14-61038-B
hertogenbosch	35-23694-S
hertz	13-97229-B
hertzsprung russell diagram	55-58372-S
herzegovina	15-47971-S,16-97382-B
herzegovina republic of bosnia and herzegovina	15-47971-S
hesitancy hesitation indisposition reluctance	57-43081-S
hesitant	48-74395-B
hesitate	11-103494-B
hesitate stammer stutter	11-103720-S
hesitation	54-72269-B,61-30841-S
hesitation indisposition reluctance	57-43081-S
hesitation vacillation wavering	61-22885-B
hesse	18-59871-B
hessian	56-4476-B
heterocyclic compound	3-37967-B
heterodox	67-83045-B
heterodoxy	67-83235-B
heterogeneity	59-32448-B
heterogeneous	21-30843-B
heterograde	40-58478-B
heterologous	25-95282-B
heterosexual straight	10-36397-B
heterosexuality	16-38197-B
heterotroph	45-12143-B
heterozygote	37-81027-B
heuristic	38-6098-B,38-6315-B
heuristics	58-94878-B
hewa	42-35879-B
hex	70-5300-S
hex incantation spell magic spell	9-51979-S
hex key allen key	67-71802-S
hexadecagon hexakaidecagon	17-46657-B
hexadecaroon quintroon	53-71063-B
hexafluoride	47-48970-S,66-6616-S
hexagon	17-48850-B
hexagonal	17-39799-B
hexahedron	20-22299-S
hexahedron regular hexahedron	20-22299-S
hexakaidecagon	17-46657-S
hexane	50-65381-B
hey hi howdy hello so long	7-90818-B
hey what what the fuck wtf	21-83073-S
heyo	36-6558-B
hf congestive heart failure	43-9408-S
hgv lgv large goods vehicle lorry medium goods vehicle truck	3-118399-B
hi howdy hello so long	7-90818-S
hiatus	61-50551-B
hibernal winterly wintery wintry	55-70933-S
hibernate	64-70283-B,65-103444-B
hibernation winter sleep	65-103061-B
hiberno scottish gaelic	28-23870-B
hiberno scottish gaelic written	28-24000-B
hiberno scottish gaelic written latin script	28-24187-B
hibiscus bamia moschata galu gasturi musk mallow musk okra musk seeds muskdana ornamental okra rose mallow seeds tropical jewel hibiscus yorka okra	69-25765-S
hibiscus yorka okra	69-25765-S
hibito	42-46979-B
hiccup	67-8026-B
hiccup have the hiccups	66-84307-B
hiccups	33-31231-B,66-84307-S
hidatsa	41-13804-B
hidden agenda ulterior motive	23-50035-B
hidden obscure	69-36391-B
hidden out of sight	69-36065-S
hidden secret	69-36204-B
hide	69-57710-B
hide hide out	13-86670-B
hide out	13-86670-S
hide secrete	55-5043-S
hidebound	68-62665-B
hidebound myopic narrow minded narrow of mind narrow minded narrowminded small minded	68-62805-S
hierarchical	53-35680-B
hierarchy	22-77352-B,48-44451-B,65-74342-S
hieratic script	28-2388-S,28-2922-S
hieroglyph	33-69872-B
hieroglyphic luwian	50-71312-B
hieroglyphic script	28-2246-S,28-2802-S
hieroglyphics	33-70077-S
hieroglyphs hieroglyphics	33-70077-S
hierophant	44-16560-B
hietshware	30-46030-S
higgs boson higgs particle	67-71498-S
higgs particle	67-71498-S
high	14-64384-B,14-64560-B,14-64723-B,40-20021-B
high blood sugar hyperglycaemia hyperglycemia	65-51295-B
high calorie	50-67147-B
high german	9-65941-B,40-807-S,40-1790-S,40-2106-S
high grade high quality	51-82833-B
high low lift truck sideloader stacker truck tow motor trailer loader	62-67450-S
high middle ages	65-1693-B
high mountain	3-38595-B
high performance computing hpc	54-58670-B
high quality	51-82833-S
high rise	3-38798-B
high speed railway	3-38902-B
high tension high voltage	18-30298-B
high tide	3-39165-B,20-9294-B
high tide happy as a king happy as a lark happy as a sandboy happy as can be over the moon overhappy overjoyed	61-2462-S
high treason treason	17-16712-B
high voltage	18-30298-S
high voltage line	3-39257-B
highborn	68-40905-B
higher education	3-38106-B
highest common factor	16-13645-S
highland chatino	39-11736-S,39-27095-S
highland konjo	45-23271-B
highland oaxaca chontal	38-75019-B
highland puebla nahuatl	36-20624-B
highlands great dividing range	38-48507-S
highlight	20-55176-B
highly	46-97283-B
highness	50-69246-B
highway	3-39501-B,4-12473-B
higir written latin script	31-26124-B
hijab ḥijāb	65-20332-B
hijack	57-79882-B
hijacking session hijacking session stealing	65-66196-S
hijacking session stealing	65-66196-S
hijazi spoken arabic	34-84588-B
hijuk	42-47144-B
hiking trail	7-26712-B
hilarity	24-56309-S
hiligaynon ilonggo	42-47770-B
hill loma	3-39753-S
hill start	63-63107-B,63-63291-B
him	14-61248-B
himachal pradesh	33-39271-B
himalaya himalayas	33-38229-B
himalayas	33-38229-S
himarimã	42-47981-B
himbeergeist	47-85100-B
hims	26-21274-S
himāchal pradesh	29-45711-S
himālaya	29-46845-S
hind	55-76450-S
hind end hindquarters keister nates posterior prat rear rear end rump seat stern tail end tooshie tush	15-56048-S
hindi	8-80741-B,29-54688-S,29-54823-S,29-54954-S,29-55084-S,42-45758-S
hindi arunāchal pradesh	29-45974-B
hindi fijian hindi fijian hindustani	29-51782-S
hindi fijian hindustani	29-51782-S
hindi himāchal pradesh	29-45711-B
hindi himālaya	29-46845-B
hindi karnātaka	29-46680-B
hindi kerālā	29-46526-B
hindi script	29-47436-S
hindi speaking	60-92757-B
hindi spoken	29-45596-B
hindi tamil nādu	29-46357-B
hindi written	29-45384-B
