1	21-53002-S,23-61373-S,65-11240-S
1 alpha 2	20-81806-S
1 codes	14-20762-S,18-63750-S,20-75408-S
1 nitroxymethyl phenyl ester m no aspirin nitric oxide donating asa nitric oxide releasing aspirin nitro aspirin nitro aspirin nitroaspirin	69-22400-S
1 phenyl 1 propanone benzoylethanamine cathinone	67-78942-S
1 phenylpropan 2 amine n methyl 1 phenylpropan 2 amine n methylamphetamine crystal crystal meth desoxyephedrine ice metamfetamine meth methylamphetamine tik tina tweak	68-43522-S
1 phenylpropan 2 amine n methylamphetamine crystal crystal meth desoxyephedrine ice metamfetamine meth methylamphetamine tik tina tweak	68-43522-S
1 propanone benzoylethanamine cathinone	67-78942-S
100basetx	47-96533-B
10baset	47-96780-B
10th tenth	67-8747-B
11	54-105820-S
11 802 11	54-105820-S
12	37-35409-S
12 acetylactein	10-86432-B
12 dozenal duodecimal duodecimal system	57-30657-S
15924	32-67829-S
15924 codes	25-40813-S
17 gon heptadecagon	17-46508-B
17th century	42-2851-B
18th century	42-9190-B
19th century	42-31301-B
1st	14-31101-S
2	20-81806-S,23-61715-S,26-42665-S,45-82877-S,48-9335-S,65-29562-S
2 1 nitroxymethyl phenyl ester m no aspirin nitric oxide donating asa nitric oxide releasing aspirin nitro aspirin nitro aspirin nitroaspirin	69-22400-S
2 4 2 methylpropyl phenyl propanoic acid ibuprofen isobutylphenyl propionic acid	65-98432-S
2 6 diisopropylphenol propofol	66-79141-B
2 acetoxybenzoate 2 1 nitroxymethyl phenyl ester m no aspirin nitric oxide donating asa nitric oxide releasing aspirin nitro aspirin nitro aspirin nitroaspirin	69-22400-B
2 amine n methyl 1 phenylpropan 2 amine n methylamphetamine crystal crystal meth desoxyephedrine ice metamfetamine meth methylamphetamine tik tina tweak	68-43522-S
2 amine n methylamphetamine crystal crystal meth desoxyephedrine ice metamfetamine meth methylamphetamine tik tina tweak	68-43522-S
2 amino 1 phenyl 1 propanone benzoylethanamine cathinone	67-78942-S
2 br	35-17847-S
2 methylpropyl phenyl propanoic acid ibuprofen isobutylphenyl propionic acid	65-98432-S
2 ve	52-44692-S
20 system vigesimal system	62-733-S
2d	53-19862-S
2nd second	8-42709-B
3 codes	12-16770-S
3 d 3 dimensional 3d	53-18991-S
3 dimensional 3d	53-18991-S
3166 1 alpha 2	20-81806-S
3166 1 codes	14-20762-S
3166 2 br	35-17847-S
3166 2 ve	52-44692-S
3d	53-18991-S
3des triple des	65-65371-B
4 2 methylpropyl phenyl propanoic acid ibuprofen isobutylphenyl propionic acid	65-98432-S
4 dimensional 4d	62-15737-S
4217 code	43-36501-S
4217 codes	39-44576-S,39-44722-S
4d	62-15737-S
5	36-74420-S
5 methoxytryptamine melatonin	68-58725-S
6 codes	26-18922-S
6 diisopropylphenol propofol	66-79141-S
639 1 codes	18-63750-S,20-75408-S
639 3 codes	12-16770-S
639 6 codes	26-18922-S
67	58-33765-S
69 69 position	16-37892-B
69 position	16-37892-S
7th seventh	66-60490-B
8	65-28689-S
802 11	54-105820-S
802 11 802 11	54-105820-S
9th ninth	57-31602-B,66-84251-B
a	7-100149-B,18-50648-S,21-63466-S,21-79970-B,26-37341-S,26-40662-S,27-14509-S,27-15840-S,27-16381-S,27-17934-S,27-34046-S,27-55544-S,27-62184-S,28-332-S,29-4226-S,29-6523-S,29-6983-S,29-7895-S,29-13140-S,29-19755-S,29-21925-S,29-38685-S,29-49864-S,29-50754-S,29-53191-S,30-1987-S,30-23111-S,30-38620-S,30-39282-S,31-16848-S,31-39511-S,35-49327-S,35-76095-S,37-35156-S,44-53088-S,45-47494-S,47-37708-S,56-91949-B,61-38807-B,66-15157-S
a aj teco tectiteco tektitek tektiteko	56-82065-S
a an	7-99480-B
a bath	66-18304-S
a bell fit as a fiddle fit as a flea in rude health right as rain sound as a bell sound in wind and limb	69-39350-S
a bell sound in wind and limb	69-39350-S
a big spread	59-59734-S
a bird in the hand is worth two in the bush a little thing in hand is worth more than a great thing in prospect	65-99338-B
a bit a little a trifle	50-37555-S
a blank	15-60649-S
a boil bring to the boil	13-2231-S
a bone to pick have a crow to pick	38-29138-S
a book by its cover	68-47159-S
a book by its cover the cowl does not make the monk you can t judge a book by its cover you can t tell a book by its cover	68-47159-S
a book by its cover you can t tell a book by its cover	68-47159-S
a bottle	21-75229-S
a brac bric à brac	15-70728-S
a brave face put up a brave front take up arms against a sea of sorrows	65-45662-S
a brave front take up arms against a sea of sorrows	65-45662-S
a breed of	46-6421-S
a butcher s dog as fit as a fiddle as sound as a bell fit as a fiddle fit as a flea in rude health right as rain sound as a bell sound in wind and limb	69-39350-S
a cappella	19-57553-B
a census	22-84697-S
a cheshire cat smile from ear to ear	63-59241-S
a clam at high tide happy as a king happy as a lark happy as a sandboy happy as can be over the moon overhappy overjoyed	61-2462-S
a clam happy as a clam at high tide happy as a king happy as a lark happy as a sandboy happy as can be over the moon overhappy overjoyed	61-2462-S
a court	20-62458-S
a crap take a shit	13-90214-S
a crow to pick	38-29138-S
a d ad anno domini ce common era	49-1739-B
a divorce get divorced	44-28633-S
a drink	64-29291-S
a drum drum	63-19442-S
a e ed er ew accident emergency casualty department emergency department emergency room emergency ward	66-83230-B
a fiddle as sound as a bell fit as a fiddle fit as a flea in rude health right as rain sound as a bell sound in wind and limb	69-39350-S
a fiddle fit as a flea in rude health right as rain sound as a bell sound in wind and limb	69-39350-S
a flea in rude health right as rain sound as a bell sound in wind and limb	69-39350-S
a good face on the matter put a good face on things put on a brave face put up a brave front take up arms against a sea of sorrows	65-45662-S
a good face on things put on a brave face put up a brave front take up arms against a sea of sorrows	65-45662-S
a great thing in prospect	65-99338-S
a h5n1 h5n1 influenza a virus subtype h5n1	20-7897-B
a happy new year	18-36933-S
a kaili	49-22728-S
a king happy as a lark happy as a sandboy happy as can be over the moon overhappy overjoyed	61-2462-S
a lark happy as a sandboy happy as can be over the moon overhappy overjoyed	61-2462-S
a leg good luck	21-9215-S
a leopard can t change its spots a leopard doesn t change its spots	69-45005-S
a leopard cannot change its spots a leopard can t change its spots a leopard doesn t change its spots	69-45005-B
a leopard doesn t change its spots	69-45005-S
a line swash tout vaunt	62-18099-S
a little a trifle	50-37555-S
a little thing in hand is worth more than a great thing in prospect	65-99338-S
a lot loads profusely	11-29701-B
a m	67-50044-S
a m a m	67-50044-S
a matter of fact even in fact in truth indeed	44-50981-S
a meal	60-23901-S
a meal go out for a meal	60-23901-S
a mile	10-96258-S
a motion	20-90549-S
a mule	62-15993-S
a mule stubborn as a mule	62-15993-S
a new interpretation	37-16939-S
a nice meal	11-29132-S
a one	7-99917-B
a one ace best first rate super tiptop topnotch topper tops	15-57024-B
a picture	13-83608-S
a posteriori	61-52165-B
a program write code	22-37223-S
a pucikwar	26-55175-B
a r	66-32364-S
a rant mischivous ranting wild	12-36826-S
a rat	56-30121-S
a result by consequence consequently hence so therefore	14-48996-S
a result consequently in consequence	19-33481-S
a right all right alright okay	59-82026-S
a rolling stone gathers no moss	69-45442-B
a sanaa san‘a’	21-31737-S
a sandboy happy as can be over the moon overhappy overjoyed	61-2462-S
a sea of sorrows	65-45662-S
a seat	9-88975-S
a share of the capital	20-96880-B
a shit	13-90214-S
a shot right away straight off straightaway	50-35488-S
a small pond	25-115-S
a stir	22-86046-S
a stone s throw	34-35949-S
a stretch on end	61-71891-S
a stroll go for a walk take a walk	10-51865-S
a sudden out of the blue	34-80404-S
a third party	20-74516-S
a thousand million	12-52511-B
a tong	35-75794-B
a trice	24-91604-S
a trifle	50-37555-S
a u s a united states united states of america usa	9-56163-S
a united states united states of america usa	9-56163-S
a vacancy	24-49624-S
a very long time ago	34-67887-B
a virus subtype h5n1	20-7897-S
a vis	55-70094-S
a walk	10-51865-S
a walk take a walk	10-51865-S
a wave	24-58106-S
a way	22-33733-S
a wolf in sheep s clothing	11-46376-B
aabenraa	8-93515-B
aachen	23-95917-B
aalborg	8-93169-B
aardvark	56-30759-B
aardwolf	69-24510-B
aargau	51-77661-S
aargau canton of aargau	51-77661-B
aari	31-45224-B
aariya	34-77518-B
aaron aaron the priest	41-61001-B
aaron s rod common mullein flannelleaf flannelplant great mullein hag taper	69-24636-B
aaron s rod goldenrod	69-24813-B
aaron the priest	41-61001-S
aasáx	29-15258-B
aat animal assisted therapy zootherapy	67-77292-B
ab av	69-24883-B
ab sharin spoken	31-13002-B
aba	31-42389-B
ababa addis abeba	18-73204-S
abaca abacá	69-25021-B
abaca fiber abacá abacá fiber	69-25150-S
abaca manila hemp abaca fiber abacá abacá fiber	69-25150-B
abacama bachama bashamma besema bwareba gboare	28-9091-S
abacinate	69-25292-B
abacination	69-25452-B
aback	16-8693-S,43-63359-B
abacus	16-67505-B,19-67173-B,19-67327-B
abacá	69-25021-S
abacá abacá fiber	69-25150-S
abacá fiber	69-25150-S
abadi	43-71132-B
abadzekh	28-11079-B
abaga	34-78536-B
abai sungai	34-78419-B
abalone	61-69694-B
abamp abampere	60-68709-B
abampere	60-68709-S
abandon	24-89893-B
abandon desert forsake	56-91233-B
abandon leave	22-28400-B
abandoned debauched dissipated dissolute libertine profligate unchaste	56-24519-S
abandoned forsaken desert deserted	19-35811-B
abandoned industrial site	1-911-B
abandoned vehicle car wreck	1-1160-B
abandonment defection	60-69115-B
abandonment forsaking	60-69028-S
abanyom	34-79143-B
abase	38-62377-B
abasement debasement degradation	43-35040-B
abash	43-37053-B
abasia	43-52245-B
abatable deductable deductible subtractable	56-39359-B
abatage	19-20178-S
abatage building destruction	6-99746-S
abate decrease lessen wane	25-44716-S
abate subtract	20-37049-S
abatement	43-38299-B
abatement decline decrease diminution discount lessening reduction	61-69778-B
abatis abattis abbattis	61-29707-B
abattis abbattis	61-29707-S
abattoir butchery shambles slaughter house	5-53414-S
abau	34-77177-B
abawa	42-5876-S
abaza	28-14379-B
abaza cluster	28-12118-S
abaza cyrillic script tapanta model	28-14720-B
abaza latin script	28-14855-B
abaza spoken	28-14991-B
abaza written	28-14609-B
abazin	28-15396-B
abazin formal	28-15134-B
abbacy	16-66188-B
abbatial	61-34185-B
abbattis	61-29707-S
abbay	36-59906-S
abbess	15-89192-B
abbey	12-35615-B
abbey abbé abi	34-77732-S
abbey monastery nunnery	12-31681-B
abbot archimandrite	12-57026-B
abbreviate outline adumbrate sketch summarize	14-55909-B
abbreviate shorten	14-55746-B
abbreviated	47-89935-B
abbreviation	14-68170-B
abbruch abatage building destruction	6-99746-S
abbé abi	34-77732-S
abc abc book abecedary primer	61-44873-S
abc basics fundamentals rudiments	61-45123-B
abc book abecedary primer	61-44873-S
abciximab	60-12998-B
abdi	27-60584-S
abdicate renounce	54-90982-B
abdication	12-56745-B
abdomen abdominal cavity	61-70265-B
abdomen belly stomach venter	7-78573-B
abdominal cavity	61-70265-S
abdominal pain	48-7044-B
abdominal ventral	34-80066-B
abdominoplasty tummy tuck	66-1408-B
abduct kidnap	43-39634-B
abduction kidnapping	15-89529-B
abductor abductor muscle	62-18386-B
abductor kidnapper	43-44152-B
abductor muscle	62-18386-S
abeba	18-73204-S
abecedarian	69-25671-B
abecedarian abecedary	24-22513-S
abecedarium abc abc book abecedary primer	61-44873-B
abecedary	24-22513-S
abecedary primer	61-44873-S
abed	54-129688-B
abed bedfast bedridden	54-129778-B
abedju azaki	28-42754-B
abelmosk abelmusk ambrette seeds annual hibiscus bamia moschata galu gasturi musk mallow musk okra musk seeds muskdana ornamental okra rose mallow seeds tropical jewel hibiscus yorka okra	69-25765-B
abelmusk ambrette seeds annual hibiscus bamia moschata galu gasturi musk mallow musk okra musk seeds muskdana ornamental okra rose mallow seeds tropical jewel hibiscus yorka okra	69-25765-S
abenlen ayta	34-79407-B
aberdeen	50-8127-B
abergelle agaw spoken	28-56933-B
aberrance aberrancy	69-26075-B
aberrancy	69-26075-S
aberrant abnormal abnormous exceptional	15-94448-B
aberration	24-36690-S,47-93142-S,47-93425-B,47-93752-B
aberration optical aberration	47-93142-B
aberteifi	28-29768-B
aberystwyth	28-29671-B
abet	43-65905-B
abgaal	29-13252-S
abgue	28-44952-B
abhor detest loathe	20-1484-B
abhor execrate loathe	38-69143-S
abhorrence abomination aversion detestation disgust	15-94832-B
abhorrent disgusting	43-44375-B
abi	34-77732-S
abialang	31-33472-B
abidance compliance conformation conformity	47-87845-B
abide bear brook digest endure stand stick out stomach suffer support take tolerate bear with	15-53240-B
abide by comply	55-1328-S
abide by stand by stand to stick stick by stick to	69-28595-S
abiding	43-45329-B
abidjan	26-11669-B
abidji	34-78926-B
abigeat	55-16187-B
ability	63-3865-B
ability ality hood ia icity itas itia itude ity ivity ness ose osity ous ship th	63-45232-S
abinomn	37-90379-B
abiogenesis abiogeny biopoiesis	55-84973-B
abiogeny biopoiesis	55-84973-S
abiotic	36-27591-B
abiotic factor	1-1613-B
abipon abipón	36-12733-B
abipón	36-12733-S
abishira	35-86126-B
abjuration	21-98140-B
abjure abnegate deny disclaim disown reject disavow	14-54837-B
abkhaz	8-96394-S
abkhaz abkhazian	9-45729-B
abkhaz abkhazians	9-45832-B
abkhaz formal	28-13745-B
abkhazia	18-72785-B
abkhazian	9-45729-S
abkhazian abkhaz	8-96394-B
abkhazian cyrillic script	28-12202-B
abkhazian cyrillic script chochua model	28-12930-B
abkhazian cyrillic script gulya model	28-12680-B
abkhazian cyrillic script uslar model	28-12404-B
abkhazian georgian script	28-13393-B
abkhazian latin script	28-13206-B
abkhazian spoken	28-13592-B
abkhazians	9-45832-S
ablactate wean	69-29095-B
ablation	43-69249-B
ablative	60-69314-B
ablaze	43-69412-B,43-69480-B
able	16-29029-B,67-81146-B,69-37176-B
able to	18-86076-S
able to can	9-39443-S
ablen bleak common bleak	69-37233-S
ablepsia ablepsy blindness cecity sightlessness	61-15051-B
ablepsy blindness cecity sightlessness	61-15051-S
ablet ablen bleak common bleak	69-37233-B
ablins aiblins maybe mayhap peradventure perchance perhaps possibly	17-85047-B
ablution	24-7944-B,52-14526-B
ably	69-37343-B
abnaki	17-64276-B,34-77054-S,34-78326-S
abnegate deny disclaim disown reject disavow	14-54837-S
abnegation	43-69584-B
abnormal	34-80200-B
abnormal abnormous exceptional	15-94448-S
abnormality	43-69757-S
abnormally unusually	60-69602-B
abnormity abnormality	43-69757-B
abnormity monstrosity	69-41299-B,69-41460-B
abnormous exceptional	15-94448-S
aboard	43-71021-B
abodance abode abodement aboding augury forboding foreboding portending portent	62-80359-S
abode	50-36827-S
abode abodement aboding augury forboding foreboding portending portent	62-80359-S
abode augur bode foreshow foretell predict prophesy	68-79620-B
abode residence	61-48947-B
abode stay sojourn	40-18294-B
abodement aboding augury forboding foreboding portending portent	62-80359-S
aboding augury forboding foreboding portending portent	62-80359-S
abolish abrogate	44-1397-B
abolish annul revoke suppress	11-36948-B
abolishable	69-41679-B
abolisher	69-41788-B
abolishment abolition	34-20947-B
abolition	34-20947-S
abolitionism	60-69675-B
abolitionist	25-28983-B
abom	35-73896-B
aboma slender boa	70-9794-S
abomasum abomasus maw reed tripe rennet bag	68-52998-B
abomasus maw reed tripe rennet bag	68-52998-S
abominable loathsome execrable	38-68920-B
abominably abysmally atrociously awfully rottenly terribly	59-17467-B
abominate abhor execrate loathe	38-69143-B
abomination	67-3302-B
abomination aversion detestation disgust	15-94832-S
abon	34-79321-B
abondonware	67-11189-B
aboon above	10-46382-B
abord accost	44-39324-B
aboriginal aborigine	43-48461-B
aboriginal art	36-61841-B
aboriginal indigenous	44-51684-S
aboriginal native native species	36-36241-B
aborigine	43-48461-S
aborigines sign language	36-999-S
aborsement abortment	21-98256-S
abort	26-11540-B,47-13725-B
abortifacient	52-52465-B,52-52610-B
abortion	48-89444-S,48-89637-B,60-5183-S
abortion aborsement abortment	21-98256-B
abortionist	60-69761-B
abortive	44-171-B
abortment	21-98256-S
aboulia abulia	60-79885-B
abound	43-71217-B
about	9-26234-B,9-26690-B,9-28389-B,9-28582-B,34-25447-S,39-5950-S
about around	9-27042-B,9-27602-B
about around approximately close to just about roughly	9-27895-B
about drift away moon	11-63475-S
about it it was nothing no problem you re welcome	11-22775-S
about roughly	9-27895-S
about set about	34-25447-S
about set out start out	15-55480-S
about turn	20-66883-B
above	10-46382-S,10-46548-B,10-46758-B,62-1255-B,64-35819-S
above all	62-1345-B
aboveground overground	54-119096-B
abrade erode	23-88256-B,39-13594-B
abraham ibrahim	39-18633-B
abraham lincoln	47-64965-B
abrasion	39-18465-B
abrasion scrape	41-40991-B
abrasive	15-95683-B,23-102330-B
abrasive stone	49-62869-B
abreast side by side	44-290-B
abreviate	43-50470-B
abridge	44-1064-B
abridgement abridgment condensation	61-50412-S
abridgment condensation	61-50412-S
abroad	19-79519-B
abrogate	44-1397-S
abrogation	25-30139-B
abron	34-81508-B
abrupt	9-11777-S
abrupt wave	51-71283-B
abruptly suddenly all of a sudden out of the blue	34-80404-B
abruzzese	32-26842-B,32-27890-B
abruzzo	30-18614-S,54-29608-B
abs abs brake anti lock anti lock brake system anti lock braking system anti skid system antiblocking system antilock brake antilock brake system antilock braking system wheel lock control	63-46304-S
abs brake anti lock anti lock brake system anti lock braking system anti skid system antiblocking system antilock brake antilock brake system antilock braking system wheel lock control	63-46304-S
abscess	15-96025-B
abscissa	59-100030-B
abscond	44-1502-B
abseil	61-50613-B,61-50763-B
absence	15-96364-B,24-67188-B
absence rate absenteeism	61-54516-B
absent	15-96982-S
absent gone	14-6384-S
absent minded absent	15-96982-B
absentee	15-96560-B
absenteeism	44-24382-B,61-54516-S
absinth absinthe	47-39213-B
absinthe	47-39213-S
absolute	47-13899-B,47-14088-B,47-14361-B
absolute error	37-71995-B
absolute magnitude	55-58792-B
absolute monarchy	38-57241-S
absolute pitch perfect pitch	42-17621-B
absolute zero	35-57381-B
absolutely unconditionally	19-79358-B
absolution	44-27476-B
absolutism absolute monarchy	38-57241-B
absolutist absolutistic	38-57656-B
absolutistic	38-57656-S
absolutive absolutive case	65-22077-B
absolutive case	65-22077-S
absolve	44-28235-B
absorb	33-1447-B,47-14627-B,47-14739-B
absorb assimilate	68-100747-B
absorbed	47-15032-B,47-15234-B,47-15414-B
absorbent	44-29352-B,44-29475-B
absorbent paper tissue tissue paper	67-20809-B
absorber	65-98576-S
absorptiometer	60-78569-B
absorption	1-1790-B,51-31786-B
absorption band	51-71656-B
absorptiveness absorptivity	61-52008-B
absorptivity	61-52008-S
abstain	40-54885-B
abstain oneself control oneself curb oneself moderate oneself refrain oneself repress oneself restrain oneself	40-56640-B
abstainer teetotaller	15-97223-B
abstemious	43-49864-B
abstention	44-29625-B
abstinence	24-73390-B
abstract	42-21905-B
abstract abstruse	42-22068-B
abstract academic impalpable intangible philosophical untouchable	41-59072-B
abstract algebra	68-2108-B
abstract art	33-74699-B
abstract data type	25-32268-B
abstract inconcrete nonconcrete not concrete	36-63677-B
abstract noun	19-930-B
abstract summary	19-48776-B
abstraction	47-69487-B
