curettage	44-34105-B
curfew	14-10110-B
curie	45-38872-B
curio	56-8515-B
curiosity inquisitiveness	56-9294-B
curious	20-72911-B
curious funny odd strange unusual	56-9473-S
curious george	10-107366-B
curious inquisitive	20-73111-B
curium	13-35748-B
curler	56-9754-B
curling	38-4609-B
curly	56-9935-B
curmudgeon	26-16600-B
curmudgeon grouch	56-1118-S
curonia skalvian	27-40760-B
currant	56-10081-B
currency	14-98166-B
currency fiat money	56-67498-S
current	4-46803-S,37-62079-B,37-62283-S,37-62557-B,37-62811-S,37-63047-S,37-65067-S,37-66197-S,37-66456-S,37-66692-S,37-67218-S,37-69510-S,60-19490-B,62-14461-S
current account	23-3463-B
current asset	37-63253-B
current asset property plant and equipment	68-28798-S
current device	20-86827-S
current electric current	37-62283-B
current liability	37-63560-B
currently presently	21-70002-B
curriculum	2-21907-B
curriculum vitae	59-86707-B
curripaco	46-46747-B
curry	52-13135-B
curse cuss imprecate swear	48-45879-S
curse imprecation malediction	56-10267-B
curse jinx hex	70-5300-B
cursed doomed reprobate	57-22863-S
curser moon curser runner	43-15408-S
curser moon curser runner smuggler	61-17701-S,61-17857-S
curser runner	43-15408-S
curser runner smuggler	61-17701-S,61-17857-S
cursor	68-89928-B
curt	56-11206-B
curt laconic	59-199-S
curtail	33-22933-B
curtain	56-11477-B,66-56625-S
curtain buy the farm cash in one s chips choke conk croak drop dead give up the ghost go perish pop off snuff it	8-103554-S
curvature	53-42878-B,53-43247-S
curve	17-31393-B,39-10046-B,46-78874-S,63-93948-S
curveball hook	21-45548-B
curved curving	39-42693-B
curvilinear	41-4202-B
curving	39-42693-S
cushing s syndrome hypercortisolism	41-42812-B
cushion	51-67472-B
cushion inflatable safety bag	13-65406-S
cushion vehicle	20-73270-S
cushion vehicle hovercraft hover craft	20-56959-S
cushitic cushitic languages	28-55101-B
cushitic languages	28-55101-S
cusio ossola	34-73206-S
cuss gadfly pesterer	62-84153-S
cuss imprecate swear	48-45879-S
cussed	11-49998-S
custodian	59-5154-S
custody preventive detention	66-16409-S
custom practice use habit manner praxis usage way wont	41-2600-B
customary usual accustomed habitual normal	56-12064-B
customer care	39-6997-B
customer loyalty	39-7366-B
customer patron	19-97443-S
customer relationship management crm	37-15964-B
customer satisfaction	39-6738-B
customer service	68-97538-S,68-97800-S
customs	2-22231-B,10-70372-B,23-107149-B
customs tariff	7-11610-B
cut	8-61359-B,8-76620-B,9-99188-S,21-63386-B,39-51359-B,67-6383-B
cut across cut through get across get over pass over track traverse	40-53108-S
cut and paste	16-51394-B
cut class play truant skip class	63-90908-B
cut out	33-22826-B
cut somebody s throat	68-51965-B
cut through get across get over pass over track traverse	40-53108-S
cut up hoaxer practical joker prankster tricker trickster	59-63718-B
cutaneous dermal dermic	23-51355-B
cutback decrease reduction	23-45037-B
cutchi swahili	38-70938-B
cute	56-12974-B
cutely	61-34633-S
cutlery silverware tableware	67-46046-B
cutlet escalope	25-31624-B
cutoff	18-29284-S
cutter	51-93975-S
cutting	7-27081-B
cutting board	67-14170-S
cutting logging	2-22468-B
cuttlefish	21-22404-B,41-48777-S
cuyonon	39-29481-B
cvs concurrent versions system	64-85599-B
cw	32-53640-S
cwi bwamu	38-32480-B
cyanate	2-22625-B
cyanide	2-22705-B,49-13682-S
cyanobacteria	1-101142-S
cyanosis	48-26837-B
cybercafé	66-84958-S
cybercrime	21-13249-B
cybercriminal	21-13140-B,21-13466-B
cybercriminality	21-13340-B
cybernetics	25-68465-B
cybersecurity it security computer security	22-90466-B
cyberstalking	68-75617-B
cyberwarfare	68-75381-B
cybrid	26-6991-B
cycle	1-117988-S,3-49935-S,3-106980-S,3-137032-S,4-29300-S,4-42728-S,6-79335-S,25-68839-S,36-37885-S,37-41765-S,48-78374-B,52-25390-S,52-31555-S,52-33727-S,65-102663-S
cycle bike	1-83446-S
cycle cycling of substances substance turnover	1-88038-S
cycle engine four stroke cycle engine four stroke engine	2-156522-S
cycle engine four stroke engine	2-156522-S
cycle engine otto engine	3-10076-S
cycle management	4-144006-S
cycle path	6-74741-B
cycle power station	1-154579-S
cycleway	48-51982-B
cyclic	35-66962-B
cyclic redundancy check	68-72748-B
cycling	67-53300-S
cycling of substances substance turnover	1-88038-S
cyclist	24-41655-S
cycloid	60-57411-B
cyclone	2-22827-B
cyclotron	45-38491-B
cylinder	37-73047-B,39-18812-B,39-21346-B,39-21536-B,39-21689-B
cylinder block engine block	15-60195-S
cylinder hat stove pipe hat top hat topper	32-66483-S
cylindrical	23-4188-B,56-81415-B
cymbal	55-65906-B
cymlish	28-30361-B
cymraeg americanaidd	28-30754-B
cymraeg c	54-29923-B
cymraeg cs	28-29295-B
cymraeg n	28-27498-B
cymraeg n spoken	28-27873-B
cymraeg n written	28-27590-B
cymraeg n written latin script	28-27715-B
cymraeg ne	28-28438-B
cymraeg s	28-28813-B
cymraeg s spoken	28-29188-B
cymraeg s written	28-28905-B
cymraeg s written latin script	28-29030-B
cymraeg sir gaernarfon	28-27980-B
cymraeg w	28-29579-B
cymraeg y wladfa	28-30865-B
cymraeg émigré	28-30450-B
cynic	56-13186-B
cynic cynical	56-13507-B
cynical	56-13507-S
cynical sardonic	11-10389-B
cynicism	56-13378-B
cynology	16-92629-B
cynophobe	65-81118-B
cynophobia	65-81016-B
cypher cipher encipher encrypt	60-42844-B
cyprine vaginal lubrication	67-4503-B
cypriot	56-13828-B,56-13956-B
cypriot spoken arabic	34-84897-B
cyprus	11-96682-S,21-35750-S,68-74065-B
cyprus republic of cyprus	11-96682-B
cyrenaica	66-214-B
cyrillic	26-26284-S
cyrillic alphabet cyrillic script	33-40907-B
cyrillic faux russian pseudo cyrillic pseudo russian	59-82561-S
cyrillic pseudo russian	59-82561-S
cyrillic script	18-23768-S,26-22977-S,26-24413-S,26-31948-S,26-32677-S,26-33423-S,26-35134-S,26-36415-S,26-37032-S,26-44505-S,26-46039-S,26-47491-S,26-51525-S,28-12202-S,28-51895-S,28-53222-S,28-54292-S,30-12395-S,30-14966-S,30-17021-S,30-19246-S,32-45138-S,32-55250-S,32-58872-S,33-40907-S
cyrillic script chochua model	28-12930-S
cyrillic script gulya model	28-12680-S
cyrillic script historical	32-55081-S
cyrillic script tapanta model	28-14720-S
cyrillic script temirgoi model	28-10421-S
cyrillic script uslar model	28-12404-S
cyst	56-14130-B
cyst nabothian follicle	54-71963-S
cystectomy	65-79368-B
cystic fibrosis mucoviscidosis	66-46146-B
cystitis	62-10852-B
cytology	2-23288-S
cytomegalovirus	23-59877-B
cytoplasm	25-55413-B
cytoplasmatic cytoplasmic	63-970-B
cytoplasmic	63-970-S
cytosine	45-75801-B
cytotherapy	68-26644-S
cytotoxic	65-11735-B
cytotoxicity	2-23790-B
czar tsar tzar	51-6577-B
czarevitch tsarevich tsarevitch tzarevitch	51-6898-B
czarina tsarina tzarina	51-6778-B
czech	8-77238-B,15-48528-B,15-48846-B,15-49265-B,15-50128-B
czech republic czechia	12-68362-B
czech sign language	39-24472-B
czech spoken	32-51727-B
czechia	12-68362-S
cádiz	49-35616-B
cæsar	64-28062-S
cæsura	25-77509-S
cætera etc	48-59399-S
córdoba	21-87846-B,21-88108-B,43-67695-S,48-67702-B
córdoba cordova	48-67428-B
côte d ivoire	32-15926-S
côte d or	34-5268-B
côtes d armor	34-5416-B
côông	39-12532-B
cœmetery	37-86627-S
cɛwɛ	37-23668-S
d	37-36283-S,56-92057-B
d 3 dimensional 3d	53-18991-S
d acadie	32-12939-S
d ad anno domini ce common era	49-1739-S
d afrique	32-14936-S
d afrique spoken	32-15112-S
d alene	39-20341-S
d ambu	32-36848-S
d armor	34-5416-S
d auvergne	37-53236-S
d c	25-21732-S
d doctor of philosophy	37-42908-S
d honneur	69-73312-S
d inde	32-18232-S
d inde spoken	32-18319-S
d ivoire	11-83515-S,32-15926-S
d ivoire ivory coast republic of cote d ivoire	11-83515-S
d ni	11-28891-B
d océanie	32-19636-S
d océanie spoken	32-19732-S
d oise	34-20779-S
d or	34-5268-S
d oreille	41-14700-S
d student doctoral student	65-93525-S
d ye do	66-31324-S
d état	45-69557-S
d état putsch	13-57618-S
da	28-40939-S
da a kaili	49-22728-B
da gamba	55-61873-S
daahan script	30-57906-S
daai chin mün ütbü	39-32147-S
daai daai chin mün ütbü	39-32147-B
daarood spoken	29-12222-S
daasanach	29-8929-B
daasanach spoken	29-9473-B
daasanach written	29-9020-B
daasanach written ethiopic script	29-9307-B
daasanach written latin script	29-9147-B
dab hand professional	44-53450-S
dabarre	29-14366-B
dabe	39-34028-B
dabuso	31-30892-B
dachshund	15-27874-B
dacia	42-72528-B
dacryocystitis	62-27490-B
dactyl	57-19545-B
dactyl digit	18-97177-B
dactylogram fingerprint	57-19376-B
dactyloscopy fingerprint identification	57-19094-B
dad daddy	17-21102-B
dada dadaism	67-49022-B
dadaism	67-49022-S
daddy	17-21102-S
dadiya	39-33962-B
dadès	27-56974-B
daegu	63-65560-B
daf	45-10597-B
daffodil	17-89953-B
daft insane	46-93498-S
daga	39-39544-B
dagaare	39-38459-S
dagaari dioula	39-38651-B
dagara	32-45771-B,39-38952-S
dagba	28-38093-B
dagbani	39-31684-B
dagestan	18-76133-B
dagger dirk	20-65965-B
dagik	30-47912-B
dagoman	39-39047-B
dagur cluster	26-51121-B
dahalo	29-15350-B
dahalo spoken	29-15411-B
daho doo	39-32294-B
dai	39-43411-B
daikon	52-5634-B
daily	20-21606-S,57-14892-B,59-78206-B
daily intake	1-9913-S
daily newspaper daily	20-21606-B
daimon genius	58-39689-B
dainty delicacy	60-97930-S
daiquiri	43-29264-B
dair	31-23193-B
dair spoken	31-23252-B
dairi	38-772-S
dairy	51-25953-S
dairy farm	2-23972-B
dairy farmer milk farmer	50-71927-B
dairy industry	2-24207-B
dairy product	51-26404-B
daisy	23-73367-B
daisy family sunflower family	47-55142-S
daju	31-17922-B,31-18597-S,31-18883-S,31-19428-S
daju daju	31-18883-S
daju daju spoken	31-19017-S
daju eastern cluster	31-20429-B
daju spoken	31-18799-S,31-19017-S,31-19634-S
daju western	31-18228-B
daka	38-70720-S
dakaka	37-56837-B
dakar	25-73098-B
dakhota	39-31906-S
dakka	39-50636-B
dakota	16-20653-S,16-21986-S
dakota dakhota	39-31906-B
dakpakha	39-50568-B
dakunza	31-28127-B
dakwa	28-7508-B
dakwa spoken	28-7292-S
dalai lama	48-96338-B
dalasi	55-32581-S
dalasi gambian dalasi	55-32581-B
daldi nawaits	29-42473-B
dale valley	6-3490-B
dalecarlian	43-64450-B
dallas	63-103830-B
dalmatia	59-90643-B
dalmatian	59-90074-B,59-90346-B,59-90478-B
dalmatian dalmatic	32-30368-B
dalmatian sage garden sage kitchen sage meadow sage ramona sage true sage	65-622-S
dalmatic	32-30368-S
daloa bété	36-55317-B
daloka	30-47826-B
dam	2-24427-B,5-94983-S,27-31239-S,28-36895-B,49-450-S,49-27117-S
dam spoken	27-31349-S
dama	40-2778-B
damage	2-24649-B,2-95575-S,2-133848-S,2-153621-S,3-54628-S,4-133637-S,5-95868-S,6-143493-S,6-143737-S
damage deface	56-41029-S
damage deteriorate	22-71737-B
damage insurance	6-142862-B
damaged	41-23465-S
damages	18-10270-S,20-22665-S
damages liable for damages liable to indemnify liable to pay damages	18-10270-S
damages liable to indemnify liable to pay damages	18-10270-S
daman shatt	31-21379-B
damar	40-2914-S,40-41461-S
damascene	57-20787-B
damascening	57-20937-B
damascus	18-74886-B
damask	24-86420-B
dambang	34-33651-S
dambi	39-31335-B
dame doll wench	8-17795-S
dameli	29-18522-B
dameli spoken	29-18778-B
damlale	28-5758-B
damnation	42-65340-B,42-65511-B
damned cursed doomed reprobate	57-22863-B
damot	28-57422-B
damp deaden	51-97908-S
dampelas	40-3010-B
dampen moisten	57-37148-B,57-37284-B
damping	57-41510-B
damsel maid	56-17030-S
damson damson plum	56-17228-B
damson plum	56-17228-S
dan	39-31571-B,49-14023-B,49-14159-B
dan lai	27-11531-B
danaru	40-4125-B
danau	27-7557-B
danau spoken	27-7863-B
danburite	57-29784-B
dance	12-14112-B,12-14350-B,56-26224-S
dance hall dive hop	69-71083-B
dance palace	48-21480-S
dance social dance	56-26224-S
dancer	57-29893-B,57-30029-B,61-0-S
dancing	57-29575-B
dandami maria	30-30679-B
dandelion	44-5053-B
dandruff	13-50006-B
dandy	15-1021-B
dane	16-7031-B
dang	41-57871-S
dangaléat	28-46172-B
danger	1-55602-S,11-3168-B,66-8977-S
danger of explosion	11-46670-B
danger to life mortal danger	66-8977-B
dangerous goods	2-24901-B
dangerous grave life threatening severe	70-12279-B
dangerous hazardous perilous risky	8-90042-B
dangerously	57-21039-B
dangerousness	57-30254-B
dangla	28-57312-B
dangme adangbe	17-62695-S
dani	40-3425-S,40-3816-S,40-4212-S,40-4333-S
danish	8-77509-B,12-85385-B
danish danish pastry	16-6859-B
danish krone	43-36584-B
danish pastry	16-6859-S
danish sign language	40-42714-B
danish speaking	60-90980-B
dano	36-407-B
danube	43-3043-B
dao	39-32675-B
daonda	40-3551-B
dappled mottled speckled spotted	56-17464-B
dar daju daju	31-18883-B
dar daju daju spoken	31-19017-B
dar es salaam	44-10165-B
dar fur daju	31-19428-B
dar fur daju spoken	31-19634-B
dar sila daju	31-18597-B
dar sila daju spoken	31-18799-B
darai	29-21585-B
darang deng	39-32383-B
dardic dardic languages	29-15850-B
dardic languages	29-15850-S
dare	42-69096-B
daredevil	56-17854-B,58-84691-B
darfur	12-39713-B
dargwa	28-21375-B
dari	41-54701-S,42-48936-S
dariganga	26-50553-B,63-86712-B,63-86981-B
daring	34-38200-B
daring venturesome venturous	61-57561-S
darjulā	29-26699-B
dark	14-12664-B,22-63856-S,67-22706-B
dark adaptor goggles	35-68598-B
dark arts	9-58883-S
dark blue	64-80892-B
dark chocolate semisweet chocolate	21-24037-S
dark circles eye circles	49-82029-B
dark depressing disconsolate dismal dispiriting gloomy grim	57-50541-S
dark dour glowering glum moody morose saturnine sour sullen	59-36309-B
dark energy	66-20845-B
dark eyed	25-7040-B
dark horse	68-52834-B
dark lord	9-86423-B
dark matter	11-90810-B
dark red	44-64808-B
dark skinned swart swarthy	33-25576-B
darken	57-38784-B
darken make darker	58-76159-B
darker	58-76159-S
darkhat	26-50864-B
darkness	15-59550-S
darknesss obscurity	56-17975-B
darkroom	43-62263-B
darling	40-41389-B
darling dear	49-50321-S
darling s disease	23-28757-S
darlong	39-52925-B
darmiya	40-40871-B
darmstadtium	13-38468-B
darning	57-41698-B
daro matu	40-41563-B
darth vader vader	9-95742-B
darussalam	12-41934-S
darwazi	40-41812-B
darwinian	53-96780-B,53-97020-B
dasari	30-33181-B
dashboard	56-18086-S
dashboard panel	65-23275-B
dashi	52-2495-B
dashing engaging	13-56432-S
dashwa	29-20191-B
data	3-75710-S,20-24564-B,36-37334-S,36-37511-S,52-108868-S
data analysis	2-25024-B
data bank	3-113171-S
data carrier	2-25598-B
data compression	40-27318-B
data compression ratio	40-27973-B
data conversion	40-26783-B
data definition language data description language	64-60821-S
data description language	64-60821-S
data encryption standard	65-58614-S
data entry	64-58422-B
data exchange	2-25758-B
data interface fddi	65-34767-S
data mining	35-36427-B
data processing	2-26198-B,69-28343-S
data processing system	7-22880-B
data protection	2-26650-B
data set dataset	53-2264-B
data storage storage computer memory computer storage memory	22-86745-S
data structure	58-92335-B
data terminal	58-40937-S
data type	25-32268-S
data visualization	54-43510-B
data warehouse	48-41555-B
data warehousing	48-41851-B
database	2-25272-B,7-43945-S
database class	43-12046-S
database management system	35-33417-S,64-59845-S
database refactoring	54-44448-B
datable	56-96965-B
datagram	65-35764-B
