luchar	59-82393-S,64-27570-S
luchar pelear	8-58127-S
luchazi	49-44911-B
lucia	12-91006-S,32-22578-S,47-47933-S
luciernaga	63-72821-B,68-3045-B
lucio	8-93102-B
lucion	50-7269-B
lucioperca	68-33239-B
lucirse ostentar pavonear	69-62995-S
lucrativo rentable	22-41055-S
lucro	25-89792-S
lucumi	55-12133-B
ludian	55-11798-B
ludificacion	70-9955-B
ludopatia	66-4410-B
lue yang	27-9257-S
luego	67-13587-S
luego mas tarde	22-7093-S
luego naturalmente por supuesto	56-72349-S
luego por consiguiente pues	14-48996-S
luego y luego	67-13587-B
lufu	49-52750-B
luganda	46-89445-B
lugar	9-92852-S,19-7355-S,40-19790-S
lugar aca aqui	7-74134-S
lugar de nacimiento tierra natal	49-79882-B
lugar de pesca	7-7582-B
lugar de trabajo	6-43641-B
lugar sitio ubicacion	14-23638-B
lugar suburbio territorio vecindad area	61-35503-S
lugar techado sitio cercado sitio cerrado y cubierto	25-101522-S
lugbara	28-42278-B
lugger	37-57496-S
lugubre	59-36309-S
luhu	49-45185-B
lui	49-43105-B
luino	8-96230-B
luis	10-104875-S
luis potosi	42-64202-S
luisa verbena de indias	66-81978-S
luiseno	41-16255-B
luisiana	16-18208-B,32-38105-S
lujo	56-102543-B
lujuriosa lujurioso viciosa vicioso	56-24519-S
lujurioso viciosa vicioso	56-24519-S
lukep	35-79850-S
lukpa	40-5564-B
lumbago lumbalgia	54-121286-B
lumbalgia	54-121286-S
lumbee	47-65726-B
lumen	14-54676-B,62-81743-B
luminancia	24-20205-B
luminaria lampara	3-91893-B
luminica	46-61954-S
luminol	59-95975-B
luminosa	20-90944-S
luminosidad	3-121388-B,35-66356-B
lumpia	21-77425-S
lumpur	43-30461-S
lumun	30-48324-B
luna	7-120018-B,13-59281-B,14-88493-S,14-88658-S,18-6451-S,18-6631-S,40-55392-B
luna creciente	14-6866-S
luna de miel viaje de novios	7-110159-B
luna llena plenilunio	47-70190-B
luna luz de la luna	14-88493-S
luna nueva	60-72772-B
luna satelite satelite natural	7-119760-B
lunanakha	55-11890-B
lunar	7-122728-S,11-3837-B,52-31783-B,65-72278-S
lunares	66-64939-B
lunda	55-11960-B
lundayeh	50-15209-B
lunes	10-27941-B,45-27417-S
lunes de pascua	48-89319-B
lungga	49-76829-B
lunigiano	32-25865-B
luo	31-38948-B
luo hua	27-38142-B
luopohe hmong escrito	31-3682-B
luopohe hmong escrito con escritura latina	31-3825-B
luoravetlan	28-51535-S
lupulo	15-49046-B,15-49413-B
lupus eritematoso	21-53296-S
lupus lupus eritematoso	21-53296-B
luri	28-48725-B
luri del norte	51-137-B
lusacia	17-37165-B
lusaka	44-21640-B
lusengo	55-11218-B
lushootseed	41-16348-B
lusi	44-58158-B
lusofona lusofono	56-25973-B,59-14148-B
lusofono	56-25973-S,59-14148-S
lustrar	14-13974-S
lustro quinquenio	20-51708-B
lutecio	13-87514-B
luvio	50-71312-S
luvio cuneiforme	50-71569-B
luvio luvita	50-70979-B
luvita	50-70979-S
lux	14-54280-B
luxemburgo	12-91491-B,43-67340-B
luxemburgues	14-44423-B,50-3859-S,55-31982-S
luxemburguesa luxemburgues	55-31982-B
luz	3-107597-B,16-59766-S,25-29282-S,37-14122-S,38-16439-S,50-21223-S
luz alta luz larga	21-93230-B
luz baja luz corta	63-17622-S
luz corta	63-17622-S
luz de cruce	63-7511-S
luz de fondo	52-58942-B
luz de la luna	14-88493-S
luz de navegacion	67-66322-B
luz de posicion	62-70175-B
luz de tope	67-66155-B
luz de vela	13-89271-B
luz del dia	36-24794-B
luz del sol	12-29287-B
luz fuente luminosa	20-90944-B
luz larga	21-93230-S
luz larga senales de luz	25-29282-S
luz parir	26-3721-S
luz velador	19-36513-S
luzon	43-45760-S
lviv u	32-56307-B
ly ha	27-11617-B
lyele	49-53206-B
lyme	42-30863-S
lyngngam	49-81817-B
lyon	34-41609-B
lyy	27-9634-B
m	32-56657-S
m ante meridiem	67-50044-S
m c d mcd maximo comun divisor	16-13645-B
m c m mcm minimo comun multiplo	16-13146-B
m mcm minimo comun multiplo	16-13146-S
m post meridiem	66-84853-S
ma	16-35134-B,43-71567-S
ma mbisa	31-39675-B
ma miri escrito	31-25283-S
ma miri escrito con escritura latina	31-25426-S
maa	17-75484-B
maasai	55-18702-B
maasina fulfulde	44-42187-B
maastricht	35-24382-B
maay escrito con escritura latina	29-13828-B
maba escrito con escritura latina	31-12843-B
mabaka	45-26067-S
macabra macabro	55-95348-B
macabro	55-95348-S
macaco de cara roja macaco japones	69-41904-B
macaco japones	69-41904-S
macadam	24-22312-B
macao	51-89582-B
macarela	24-22423-B
macareo ola de marea	68-39370-B
macaron macarron	68-54571-B
macarron	68-54571-S
macasar	50-60228-B
macchiato	55-96924-S
macedo rumano	32-42498-S,32-43391-S
macedo rumano escrito	32-42682-S
macedo rumano escrito con escritura griega	32-43126-S
macedo rumano escrito con escritura latina	32-42861-S
macedonia	12-52203-B
macedonia de frutas	14-66531-S
macedonico	60-67476-S
macedonio	8-99543-B,16-97878-B,16-98011-B,16-98199-B,16-98323-B,44-9060-S
macedonio antiguo macedonico	60-67476-S
macedonio macedonio antiguo macedonico	60-67476-S
macedonio macedonio macedonio antiguo macedonico	60-67476-S
maceio	52-12566-B
maceracion	25-102331-B
macerado	25-101847-B
macerata	34-53100-B
machacando se aprende el oficio	24-56060-B
machame	43-44681-B
macharia	29-29617-B
machete	24-20800-B
macho	9-20624-B,9-21579-B,68-49026-S
macho alfa	42-52421-B
machvanico	30-10603-S
maci	36-53943-S
macilenta macilento	58-8859-S
macilento	58-8859-S
macizo central	36-73533-B
macleod ganj	29-27195-B
macro	21-80585-B,21-80683-B
macrocefalia	66-71267-B
macroeconomia	3-123516-B
macroeconomico	3-123171-S
macroevolucion	58-104213-B
macrofago	42-4509-B,42-4773-B
macrofito	6-69545-B
macroinvertebrado	37-85750-B
macromolecula	25-54112-B
macronutriente	62-79141-B
macroscopico	21-10511-B
macushi	55-18949-B
madagascar	12-63700-B,32-17575-S
madare del norte	36-25806-S
madare sureno	38-30637-S
madeira	24-20352-B
madera	6-41706-B,6-42481-S,16-45501-S,23-67865-S,44-8441-B,48-19609-S,50-52522-S,62-67243-S
madera balsa madera de balsa	55-99475-B
madera de abedul	55-99296-S
madera de arce	55-99005-B
madera de avellano	56-437-S
madera de balsa	55-99475-S
madera de combustible	3-2884-B
madera de coniferas	7-31824-B
madera de haya	55-98780-B
madera de olivo olivo	55-98530-B
madera de pino	56-174-B
madera de roble roble	55-98626-B
madera de teca	55-99154-B
madera de tejo	56-307-B
madera perecedera	7-29685-B
maderas	6-42208-S
madi	42-6264-B
madona	13-28195-S
madona con nino	57-25928-B
madras	63-70237-S
madras bashae	30-42170-B
madras nilgiri	30-38117-B
madrastra	69-22091-B
madraza	16-39747-B
madre	7-68318-B,17-96224-S,22-87126-S,52-17789-S,60-69483-S
madre del vinagre	68-30488-B
madre huerfano de madre sin madre	52-17789-S
madre naturaleza	63-61760-B
madre politica	20-88525-S
madre sin madre	52-17789-S
madre tarjeta madre	22-87126-S
madreselva	57-85327-B
madrid	10-40392-B
madrigal	56-22688-B
madriguera	52-59958-S
madrilena madrileno	59-96838-B,59-96984-B
madrileno	59-96838-S,59-96984-S
madrina	25-102354-B
madrina padrino	65-30245-B
madruga coge agua clara pajaro que madruga se come al mejor gusano	18-56902-S
madruga se come al mejor gusano	18-56902-S
madrugador	60-83027-B
madukayang kalinga	45-99114-B
madura maduro	40-33413-B,40-33632-B,67-33737-B
maduracion	63-8240-B
maduracion maduramiento	40-33050-B
madurai	30-41618-B
maduramiento	40-33050-S
madurar	40-32883-B,67-34029-B
madures	11-52954-B
madurez	25-104273-B,44-65847-B
maduro	40-33413-S,40-33632-S,67-33737-S
mae hong	27-29346-B
maeng itneg	43-23742-B
maestra	23-76744-S
maestra maestro profesor profesora	20-43437-B
maestra profesora	66-61114-B
maestria	40-30993-B,46-66665-B,55-79638-S
maestro	15-88149-S
maestro profesor profesora	20-43437-S
mafa	28-6900-B
mafia	63-38478-B
mag indi	37-9826-S
maga mago	15-35123-S
magahi	29-55457-B,29-55739-S
magahi c	29-56041-S
magahi central magahi c	29-56041-B
magahi escrito	29-55620-B
magahi escrito con escritura devanagari	55-24206-B
magahi escrito con escritura kaithi	55-24057-B
magahi escrito con escritura nagari	55-24363-B
magahi formal	29-55847-B
magahi n	29-55949-B
magdalena rio magdalena rio yuma	38-40910-B
magdalena rio yuma	38-40910-S
magenta	46-78424-B
maghdi	41-67790-B
maghnia	27-59081-S
magiar	8-81161-S
magistrado	13-62825-B
magistral	49-61227-B,67-18814-S
magistralmente	40-31020-B
magistratura	15-83706-S,25-102621-B
magma	35-61443-B
magnanimidad	38-45123-B
magnate	64-6504-B
magnesio	13-50873-B
magnetica	3-123699-S,55-80691-S
magnetica magnetico	21-75373-B
magnetico	21-75373-S,45-26712-S,54-96974-S,67-87359-S
magnetico terrestre	68-69895-S
magnetismo	3-123880-B
magnetita	66-73065-B
magnetizar	66-73002-B
magnetometro	62-63248-B
magnetoscopio	14-81774-B
magnetosfera	37-38403-S
magnetosfera magnetosfera	37-38403-B
magnificacion	35-65101-B
magnificamente maravillosamente de maravilla	59-78884-B
magnificamente ostentosamente ricamente soberbiamente suntuosamente	63-54371-S
magnificar	68-88649-S,69-61619-S
magnifico	13-20781-S,69-8404-B
magnitud	21-63732-B
magnitud absoluta	55-58792-B
magnitud fisica	17-80233-B
magno	21-64996-B
magnolia	44-5584-B
magnolia de soulange magnolia tulipera	68-40556-B
magnolia tulipera	68-40556-S
mago	15-35123-S
magoma	41-68017-B
magra	10-113024-S
magullar	55-46971-B
maguncia	63-51340-B
mahafaly malgache	45-103557-S
mahari	29-39798-B
mahasu pahari	29-22232-B
mahatma gandhi	68-45990-B
mahe	32-18417-S
mahores	67-7067-B,67-7113-B
mai	27-29560-S
mai brat	36-15815-B
maicena maizena	68-58443-S
maidu del nordeste	41-16447-B,41-16557-B
maiduguri	32-46699-B
maijiru	28-43298-B
mail spoofing suplantacion de correo electronico	66-26771-S
maindo	39-29021-B
maine	16-18418-B,34-29494-B
maine y loira	34-11394-B
mainstream	60-33009-B
maiori	12-83288-B
maithili	46-87549-B
maiz	62-64212-S,62-83759-S
maiz maicena maizena	68-58443-S
maiz maiz	62-83759-S
maizena	68-58443-S
majagua	67-9030-B
majeerteen	29-12346-S
majh kumaiya	29-23630-B
majhi	29-55216-S
majhi hablado	29-55310-S
majuro	46-49981-B
makasar	50-58511-B
makayam	36-6993-B
makedonska escrito	32-59956-B
makedonska hablado	32-60041-B
makisu	52-6759-B
makonde	44-10808-B
makroraamatupidamine	6-84367-S
mal	2-49516-S,22-78298-B,52-46072-S,58-86170-B
mal aguero	70-5371-S
mal aguero agorero	60-67756-S
mal aguero cenizo gafe	60-25149-S
mal aliento	36-5085-S
mal de amores tristeza de amor	61-53606-B
mal de chagas	1-130227-S
mal de montana	11-102635-B
mal educado	8-53200-B
mal pobremente	53-53051-B
mal tiempo buena cara	65-45662-S
mala conducta	52-45961-B
mala espina haber gato encerrado	56-30121-S
mala fama	69-71083-S
mala fama vergonzosa vergonzoso	57-56268-S
mala hierba	6-34880-S
mala malo	11-60885-S,58-86056-B,62-1565-S
mala praxis	21-90380-B
mala reputacion	23-93281-S
malabar escrito	30-42613-B
malabar hablado	30-42693-B
malabar malayalam	9-95855-B
malabo	43-66296-B
malacate	67-61974-S
malaccan	38-71039-S
malagasy	36-68018-S
malagua medusa	67-63813-S
malakanagiri koya	30-29015-B
malang	40-47814-S
malar	41-55094-S
malaria	3-124508-B
malasia	12-54353-B
malasio	65-82310-B,65-82385-B
malaui	44-23370-S,50-64789-S,62-60355-B
malaui malawi	12-50306-B
malawi	12-50306-S
malay	34-81629-S,37-58105-S,43-31686-S,55-19056-S
malayalam	9-95855-S
malayo	9-95426-B,25-12069-S,68-99888-S
malayo bacanese	38-12150-B
malayo berau	38-25610-B
malayo bukit	38-27278-B
malayo criollo de malaccan	38-71039-B
malayo de la isla de cocos	39-14558-B
malba birifor	36-57026-B
malcriar	55-65776-B
malcriar consentir	41-48887-B
maldad	69-16609-B
maldecir	48-6524-B,48-45879-S
maldicion	22-17475-S,56-10267-B,70-5300-B
maldito	44-42014-B
maldito reprobo	57-22863-S
maldiva maldivo	55-34607-B
maldivas	12-63933-B
maldivo	39-43935-S,55-34607-S
male	55-34079-B
maleabilidad	53-92064-S
malecite passamaquoddy	41-16667-B
maledictologia	55-22457-B
maleku jaika	42-13732-B
malempleado	33-14819-B
malentendido	19-23482-S
malestar	23-70456-B
maleta valija	10-110955-B,10-111232-B,14-79282-B
maletero	13-52537-B
maletero superior	66-71568-B
maletin	47-6334-B
maletin cartera	50-55486-B
malevola	65-89128-S
malevolencia	62-50124-B
maleza mala hierba	6-34880-B
malformacion	3-124958-B
malgache	45-102865-S,45-103051-S,45-103220-S,45-103394-S,45-103557-S,45-103734-S,45-103898-S,46-45046-B,50-4701-S
malgache del norte de betsimisaraka	37-11725-B
malgache del sur de betsimisaraka	36-72382-B
malhumorada malhumorado	48-6708-B,56-1118-S
malhumorada malhumorado refunfunona refunfunon aspera aspero	55-86259-S
malhumorado	48-6708-S,56-1118-S
malhumorado refunfunona refunfunon aspera aspero	55-86259-S
mali	12-46946-B,16-35251-B,32-15538-S,50-4143-S
malicia	15-14518-B
malicioso	15-9955-B,51-61090-S
maligna satisfaccion malevola	65-89128-S
maligno	37-30512-S
malinterpretar	57-48956-B
malka	28-11629-B
malla	20-95386-S,20-95832-S,53-19404-B,69-9115-B
malla de anillos	20-95598-S
malla malla de anillos	20-95598-S
mallas	64-70975-S
malnutricion	3-125260-B
malo	7-104533-B,11-60885-S,50-19826-S,58-86056-S,62-1565-S
malo conocido que bueno por conocer mas vale pajaro en mano que cien volando mas vale pajaro en mano que ciento volando no dejes camino viejo por camino nuevo	65-99338-S
malograr	61-75286-S
malojillo pasto citronella pasto de limon te de limon yerbalimon zacate de limon	55-71584-S
maloliente nauseabunda nauseabundo pestilente	58-57547-S
malpais	69-64625-S
malsana malsano poco saludable	53-97588-S
malsano poco saludable	53-97588-S
malta	12-50063-B,15-47686-B
maltes	8-99773-B
maltesa	44-14001-S,44-14251-S
maltratar	69-66458-B
malva voileta	68-55630-S,68-55781-S
malvani	29-43376-B
malversacion	60-60965-B
malversar	58-9651-S
malvinas	24-2104-S
malware software malicioso	51-61090-B
mam	55-18464-B
mama	48-6883-S
mama de tarzan	12-56280-S
mamadera	8-7679-S
mamaria	25-25064-S
mamario	37-30993-B
mamas pechos senos tetas	63-47015-S
mameluco	43-5289-B
mamifero	3-125576-B
mamifero acuatico	1-58067-B
mamifero marino	6-67031-B
mamifero terrestre	3-95703-B
mamografia	37-31135-B
mamografo	65-25853-B
mamon	21-27177-S
mamoncillo	21-27472-B
mamoncillo mamon	21-27177-B
mamoplastia de aumento	51-11598-S
mamoudzou	55-49127-B
mamut	62-62296-B
man	16-58079-S
man do	31-11269-B
man in the middle	64-77410-S
managua	21-23629-B
manama	21-31967-B
manana	8-12079-B,8-19975-B,11-4384-S,14-86639-S,18-11242-B,18-11514-B,23-95272-S,25-22752-S,40-32425-B,60-88825-S,61-71779-S,64-46184-S,68-55152-B
manana de verano	36-36130-B
manana porvenir	8-33468-S
mananas buenos dias	11-32983-S
manangkari	11-58224-B
manantial	5-87541-B,6-32211-B,9-14380-S
manat manat turkmeno	44-7829-B
manat turkmeno	44-7829-S
manati	11-9906-B
manatial	5-87856-S
manceau	32-10184-B
mancha	34-42193-B,68-47075-B
mancha de la edad mancha hepatica	69-22936-S
