mineralogia	4-3776-B
mineralogia de suelo	5-66901-B
mineria	7-33469-B
mineria de datos	35-36427-B
mineria de textos	9-99921-B
mineria del carbon	1-150420-B
minero	54-33626-S
ming	42-33791-S
mingitorio urinario	61-47801-S,69-73017-B
mingreliano	28-22792-B
minh	42-57030-S,55-28494-S
mini glorieta mini rotonda	48-52739-B
mini rotonda	48-52739-S
miniafia	34-76058-S
minica huitoto	42-58978-B
miniestado	21-29835-S
minifalda	38-71667-B
minima minimo	52-97264-B,53-29222-B
minimizar	14-14428-B
minimo	11-54912-S,52-97264-S,53-29222-S,61-26615-S
minimo comun denominador	16-13351-B
minimo comun multiplo	16-13146-S
ministerio	4-5842-B,38-46712-S,60-60495-B,60-60553-B
ministerio uso	21-12330-S
ministra ministro	13-15626-B
ministro	13-15626-S,63-54838-S
ministro de asuntos exteriores ministro de relaciones exteriores	19-99532-B
ministro de relaciones exteriores	19-99532-S
ministros de la ce	2-67517-S
minna	30-55125-S
minnesota	16-18930-B
minoica	24-10994-S
minor	44-70273-S
minoracion reduccion	61-69778-S
minoria	4-6417-B
minorias y relaciones raciales	4-131644-B
minoritaria	24-32109-S
minotauro	25-17148-B,25-17331-B
minsk	15-82186-B
minuciosamente rigurosamente	59-79606-S
minucioso exhaustiva	60-19668-S
minuet minueto	15-90977-B
minueto	15-90977-S
minuscula	23-93028-B
minusculo	13-72827-B
minusvalido	70-12670-S
minuta	59-86207-B
minuto	8-19376-B
minuto de silencio	66-3048-B
minutos	20-10025-S
miocardio	47-7667-B
miocarditis	62-25594-B
miope	22-4461-B
miositis	62-15380-B
miquelon	34-21782-S
mir	54-97411-B
mirada	47-31455-S
mirana	37-22361-S
miranda del duero miranda do douro	37-2211-B
miranda do douro	37-2211-S
mirandes	31-58636-B
mirar	11-18343-B
mirar observar	9-92321-B
mirar observar ojear percibir ver vigilar	49-39449-S
miras estrechas	68-62805-S
miri escrito	31-25283-S
miri escrito con escritura latina	31-25426-S
miriada	21-43308-B
miriagono	17-45574-B
miriapodo	24-71595-B
mirliton	16-17584-B
mirlo	26-5427-B
mirmecologia	68-36882-B
mirmecologista	23-98993-B
miron voyeur	12-69408-B
mirzapuri	29-51196-B
misa	60-97424-B
misandria	51-43212-B
misantropia	24-77695-B
misantropo	17-88614-B
misato n	58-12296-B
misato s	58-12182-B
miscibilidad	4-6537-B
miserable	51-83668-S
miserable misero necesitado pobre	68-20517-S
miseria pobreza	56-98283-B
misericordioso	26-16019-B
misero necesitado pobre	68-20517-S
mishmi	39-11393-S
misil	21-56284-B
misil tierra tierra	25-106682-B
mision	25-17516-B,61-55863-S
mision diplomatica	22-26001-S
misionero	25-17690-B
misisipi	16-19027-B,44-60369-B,67-51930-S
misisipi elanio colinegro elanio del misisipi milano boreal milano del misisipi	67-51930-S
misisipi milano boreal milano del misisipi	67-51930-S
misiva	9-58349-S
miskito	11-101604-B
misma mismo	9-30570-S
mismo	9-30570-S,34-35949-S,68-221-S,68-99055-S
mismo idem	13-60305-S
mismo suficiente	40-43144-S
mismo tiempo simultaneamente	59-77269-S
miso	51-43472-B
misogamia	51-43323-B
misogina misogino	17-88390-B,58-101691-B
misoginia	51-43082-B
misogino	17-88390-S,58-101691-S
missouri	16-19218-B
misterio	11-17942-S,19-64141-S,19-64446-S
misterios	9-84682-S
misteriosamente	66-68750-B
misterioso	11-18064-B
mistral	24-71244-B,32-928-S
mitad	15-25721-B
mitad de	57-87975-S
mite	36-60109-S
mithilakshar	46-90780-B
mitica	21-42185-S
mitico criatura mitica	21-42185-S
mitigacion	4-7677-S
mitigar	14-1562-S
mitigar moderar	69-49131-S
mito	6-81102-S
mitocondria	23-21452-B
mitocondrial	45-102004-S,58-30265-S,59-31319-B
mitologia	58-69896-B,61-53155-B
mitologia clasica mitologia grecorromana mitologia grecolatina	61-52663-B
mitologia grecolatina	61-52663-S
mitologia grecorromana mitologia grecolatina	61-52663-S
mitologica mitologico	58-69580-B
mitologico	58-69580-S
miton	18-79755-B
mitosis	24-39707-B
mitral	68-6039-S
miwok	41-17674-S
miwok costeno	39-24966-B
miwok de la sierra central	39-25250-B
miwok de la sierra norte miwok de la sierra septentrional	41-17770-B
miwok de la sierra septentrional	41-17770-S
miwok de la sierra sur	41-18245-S
miwok de las planicies	41-18134-B
mixobacteria	58-104850-B
mixomatosis	62-64856-B
mixta	25-86607-S
mixtas	66-82740-S
mixteco occidental	43-47031-S
mixto	4-7859-S,7-29757-S
miyako	30-54048-B,30-54533-S
miyako escrito	30-54233-B
miyako escrito con escritura japonesa	30-54352-B
miyako jima	30-54641-B
mlahso	49-84752-B,57-99889-B
mlap	45-2784-B
mlomp	43-42665-B
mmen	36-56830-B
mnong central	27-17286-B,27-17390-S
mo da	28-40939-B
mo da hablado	28-41000-B
mobile	57-52391-S
mobiliario	3-6040-B
mobius sindrome de moebius	66-638-S
mobumrin aizi	35-11197-B
mochar	33-21799-S
mochila	12-39673-S,15-46030-S
mochila morral	61-66527-S
mocho	56-81707-B
mocho mopa palo de trapear suape trapeador trapero	68-37630-S
mochuelo comun mochuelo europeo	66-18434-B
mochuelo europeo	66-18434-S
mocion de fin de debate	45-21109-B
moco	68-11134-B,68-11411-S
moda	18-55462-S,24-9582-B,33-28231-S,56-58715-S
moda breve	43-37750-B
moda pasado de moda	56-58715-S
modal	19-7211-S,19-7778-S
modales en la mesa	61-36710-S
modales modales en la mesa	61-36710-S
modalidad manera	69-17083-B
modea	31-29390-B
model integration	54-22227-S
modelado de temas	9-100072-B
modelar	53-95909-B,53-96234-B
modelo	4-8590-S,12-32089-B,12-36108-S,13-65881-B,21-36538-B,33-1550-S,59-3324-B
modelo atmosferico	1-69557-B
modelo chochua	28-12930-S
modelo de negocios	54-20576-S
modelo de objetos de documento	64-54004-S
modelo de oviedo	31-57656-S
modelo de utilidad	33-52031-B
modelo digital de terreno	2-46048-B
modelo entidad relacion	64-61063-B
modelo guipuzcoano	27-48974-S
modelo gulya	28-12680-S
modelo kalat	30-25193-S
modelo kashubuan	32-51397-S
modelo mistral	32-928-S
modelo original	21-72531-B
modelo patron	49-11024-B
modelo tapanta	28-14720-S
modelo termirgoi	28-10421-S
modelo tipo	21-61154-S
modelo tolek	27-6144-S
modelo totham	27-5923-S
modelo ushar	28-12404-S
modelo vientiane	27-30940-S
modelo vista controlador	35-31112-B
modelos	54-63640-S,63-112208-S,63-113596-S
modem	21-82680-B
modem adsl	21-28613-B
modem cablemodem	38-27745-S
modena	34-55670-B
moderada moderado	20-20889-B,43-49864-B
moderadamente	68-88815-B
moderado	20-20889-S,43-49864-S
moderado templado	69-43790-S
moderar	12-31981-B,69-49131-S
moderarse	41-4668-B
moderarse refrenarse represarse reprimirse	40-56640-S
moderna	27-11830-S,28-26392-S,28-27063-S,28-27232-S,28-31910-S,28-32157-S,28-33362-S,30-31834-S,30-36089-S,30-40661-S,30-40827-S,57-50877-S
moderna moderno	9-26509-B,19-46540-S,55-75144-B
modernista	25-18122-B
modernizacion	59-99323-B
moderno	9-26509-S,19-46540-S,55-75144-S,57-100881-S
moderno escrito con escritura latina	28-33189-S
moderno estandar	21-97704-S
moderno revivido	28-32541-S
moderno temprano escrito	28-25448-S
moderno temprano escrito con escritura latina	28-25627-S
moderse las unas	69-66834-S
modesto	19-29415-B
modificable	60-28676-B
modificacion	7-85318-S,19-88305-S,19-91739-B,67-48394-S
modificacion genetica	3-14296-B
modificacion revision	53-100533-S
modificado	7-32190-S
modificar	67-11002-S,69-32655-B
modificar rectificar recuperar reformar remediar	35-26365-B
modificar transformar	25-43450-S
modo	36-55534-S,60-86766-B,70-11798-S
modo de andar	61-23105-B
modo metodo procedimiento	69-16927-S
modo pedagogico	60-29062-S
modo via	13-18440-S
modoc	41-15632-S
modos puesto que	40-39842-S
modular	21-78288-B
modularidad	65-74075-B
modulo	14-93535-B
modulo de compresibilidad	69-30681-B
moebius	66-638-S
mof	63-111993-B
mofeta zorrillo zorro hediondo	64-82298-B
mogadiscio	21-16292-B
mogol halh	26-49979-S
mohave	41-18520-B
mohawk	41-18609-B
moho	40-34533-B
moho la cobija piedra que rueda no cria moho piedra que rueda no prende musgo	69-45442-S
moho piedra que rueda no prende musgo	69-45442-S
mojado	10-36227-S
mojar	57-37284-S
mojarse	57-37148-S
mojigateria	63-69710-S
mojon	41-44783-S
mokkan tila sadri	30-472-B
mokpwe	37-88951-B
moksha	46-16014-B
mol	12-56523-B
molar	20-85800-B
molasa	25-18195-B
moldava cirilica	32-45138-S
moldava escritura moldava cirilica	32-45138-S
moldava escritura moldava latina	32-44915-S
moldava latina	32-44915-S
moldava moldavo	16-99220-B,32-44646-S
moldavia	12-5343-B,14-26541-B
moldavo	14-45028-B,16-99220-S,16-99411-B,16-99640-B,32-44646-S,44-13044-S
moldavo escrito	32-44835-B
moldavo hablado	32-45383-B
molde	24-72598-B,40-35995-B
molde de galletas	51-93975-B
molde para rosquillas	60-68840-B
moldear plasmar	69-63512-S
moldeo por compresion	66-70032-B
moldeo por inyeccion y reaccion	66-69326-B
moldeo por inyeccion y soplado	66-70096-B
moldeo rotacional rotomoldeo	66-69914-B
molecolare	45-59549-S
molecula	23-24995-B
molecular	4-9200-S,37-3376-S,45-76016-S,53-87706-B,53-88014-S,53-88334-S,53-88586-S,53-88974-S,63-103134-S
molecular fisica molecolare	45-59549-S
molengue	38-32729-B
moler	22-75783-B
molestar	11-46752-S,13-50747-S,18-49540-S,46-14102-S,57-24859-B
molestia	23-70548-S,46-14604-S
molestia problema	14-15927-B
molesto	46-14956-S
molesto residuo voluminoso	6-134887-S
molibdeno	14-22584-B
molida	51-17640-S,51-18030-S
molido	51-18205-S
molinero	45-19878-B
molinillo de cafe	51-57624-B
molino	4-3039-B
molino de agua	6-124005-B
molino de carne	51-8612-B
molino de pimienta	51-9133-B
molino de viento	6-40274-B
molisano	32-27989-B
molleja	21-34471-B
molmo one	36-6900-B
molo	29-10332-S
molo hablado	29-10395-S
molusquicida	65-83068-B
momento	51-94871-S
momento critico	18-71952-B
momento epoca	19-20466-B
momento escogido	62-106308-B
momento lineal momentum impetu	48-85259-S
momento rato tiempo	14-29570-B
momento un rato	47-98315-S
momentum impetu	48-85259-S
momia	15-78590-B
momia de los pantanos	65-78813-S
mon	31-12210-S,54-30015-S
mon hablado	31-12300-S
mon jemer mon khmer	26-62052-B
mon khmer	26-62052-S
monacato monaquismo	40-34369-B
monaco	12-5606-B,12-5800-B
monaquismo	40-34369-S
monaquismo monarquismo	64-46372-B
monarca	11-59781-B,12-56913-B
monarquia	13-8150-B
monarquismo	64-46372-S
monasterio	41-1235-S,45-34513-B
monasterio abadia	12-31681-S
monastico	40-34401-B
mondadientes	42-45332-S
mondol kiri	34-43842-B
mondongo tripa	60-11765-S
moneda	12-1720-S,37-8132-B,64-33390-S
moneda de 50 centimos	37-8310-B
moneda de cinco centimos	37-8857-B
moneda de diez centimos	37-8689-B
moneda de dos centimos	37-8981-B
moneda de dos euros	37-8438-B
moneda de euro	37-7911-B
moneda de veinte centimos	37-8552-B
moneda falsa	51-68583-S
monedero	12-3407-B
monedero talego	70-2078-S
monegasca monegasco	63-45055-B,63-45588-B
monegasco	32-24918-B,50-3517-S,63-45055-S,63-45588-S
monegasco escrito	32-25101-B
monegasco escrito con escritura latina	32-25245-B
monetaria	7-2280-S
monetaria monetario	20-70236-B
monetaria oferta de dinero	15-80059-S
monetario	7-12855-S,20-70236-S
monetario europeo	7-12256-S
monetario internacional	6-85336-S
mongo nkundu	50-64390-B
mongodb	69-70841-B
mongol	8-100541-B,26-44974-B,26-45736-S,26-46276-S,26-48987-S,54-37985-S,55-43765-B,63-108656-S
mongol escrito	26-45886-S
mongol escrito con escritura cirilica	26-46039-S
mongol halh	26-49838-S
mongol mongol	54-37985-S
mongol periferico	26-50417-B
mongolia	12-46840-B
mongolian tungus	26-44818-B
mongolica epicanthus medialis	60-53701-S
mongombo	31-47907-B
monitor	19-18187-B
monitor monitora	48-11635-B
monitora	48-11635-S
monja	16-30245-B
monje	13-13083-B,17-30367-B,68-47159-S,68-47479-S
mono	8-24737-B,41-19276-B,64-49867-B,64-56397-B,67-85107-S
mono resus	65-2284-B
mono sudadera	66-85473-S
monocausal	49-63013-S
monociclo	20-65982-B
monocigotico	19-53233-S
monocigoto gemelo monocigotico	19-53233-S
monocolor monocroma monocromo monocromatica monocromatico unicolor	60-9863-B
monocroma monocromo monocromatica monocromatico unicolor	60-9863-S
monocromacia monocromatismo	69-26764-S
monocromatica monocromatico unicolor	60-9863-S
monocromatico	37-50023-B
monocromatico unicolor	60-9863-S
monocromatismo	69-26764-S
monocromo	38-54195-B
monocromo monocromatica monocromatico unicolor	60-9863-S
monocultivo	24-70964-S
monocultura monocultivo	24-70964-B
monofiletica monofiletico	37-4109-B,63-4584-B
monofiletico	37-4109-S,63-4584-S
monofilia	63-4821-B
monogamia	65-23183-B
monogenico	24-39215-B
monolingue	62-63087-B
monologo	38-7919-B
monomero	24-38730-B
mononucleosis infecciosa	22-24446-S
mononucleosis mononucleosis infecciosa	22-24446-S
monoparental	37-26180-B
monopolio	4-10445-B
monorquido	62-101224-B,62-101424-B
monosemico	22-55180-B
monosilabica	57-34011-S
monosilabico monosilabo	57-33735-B
monosilabo	57-33735-S
monotono tranquilo	11-49101-B
monoxido de carbono	50-77025-B
monoxido de nitrogeno	4-30404-B
monrovia	24-72094-B
monserrat ingles criollo de san cristobal	35-18408-S
monstruosidad	69-41299-S,69-41460-S
montacargas	47-50580-B,62-67450-S
montaje	52-58529-S,61-55216-S
montana	3-38595-S,4-12899-B,6-72148-S,6-127047-S,7-57534-S,11-102635-S,16-19313-B,45-23271-S,66-3830-S
montana abajo	38-77348-B
montana arriba	38-77485-B
montana bicicleta todo terreno	8-27484-S
montana rusa	8-80472-B
montanas azules	38-49250-B
montanas occidentales	39-27095-S
montanas rocosas	44-61438-B
montanas virunga	66-4634-B
montanismo	4-13219-S
montanosa	4-13421-S
montanoso	42-70490-B
montar	15-63651-S,19-73025-S,25-11031-S
montar subir	22-34780-S
montar subir trepar	14-12554-S
montberones	32-6958-B
monte bajo	2-10917-B,6-72559-S
monte cerezo silvestre	67-83733-S
monte de venus	51-51822-B
monte fuji	21-96412-B
monte iriga	35-9864-S
monte koiali	46-51713-B
monte levistico	60-93108-S
monte saint michel	50-11280-B
monte sipilo	51-36117-B
montenegrin	16-95331-B
montenegro	11-84216-B,15-48395-S
montepertusano	38-12969-B,38-13837-B
monterrey	25-12924-B
montes apeninos	44-59044-S
montes domes	32-5543-B
montes urales	44-61219-B
montevideo	21-19606-B
montgomery	15-97716-B
monticulo	52-73775-S
monticulo monton	52-73423-S
monto	15-36020-B,19-63002-S
monton	52-73162-B,52-73423-S,67-53605-S
montpellier	34-58865-B
montreal	21-86557-B
montserrat	24-71913-B
monumental	54-36303-S
monumento	4-10551-B
monumento funebre	40-34457-B
monumento natural	4-23026-B
monza y brianza	34-56114-B
monzon	48-38847-B
moo	42-19949-B
moodle	68-93061-B
moose	39-22692-S
mopa palo de trapear suape trapeador trapero	68-37630-S
mopan	57-32744-B
moqaddam	26-29484-B
moqueta	15-41505-S
mora	35-61774-B,56-56466-B
mora artica	56-56718-S,56-56951-S
mora de los pantanos mora de ronces mora artica	56-56718-B,56-56951-B
mora de ronces mora artica	56-56718-S,56-56951-S
morada residencia	61-48947-S
morado	18-87010-S
moral	4-11179-S,20-77083-S,53-33754-S
moralidad	60-12025-B
morar residir vivir ocupar	22-30295-S
moravio	30-16179-B,30-16300-S
morbihan	34-12498-B,34-46356-B
morbilidad	65-2161-B
morcilla	50-15856-B
morcilla de higado	23-2496-S
mordaz	44-49268-B
mordedura mordisco	15-28369-B
morder	8-49837-B,8-54892-B
mordida	8-55025-B
mordisco	15-28369-S
mordovia	18-77622-B
more	43-22138-S
morello cerezo acido	57-10944-S
