additivity	61-68930-B
address	13-72943-B,53-16182-B,53-16299-B,64-38275-S,68-27772-S
address amplifier	55-60622-S
address email address	68-27772-S
address resolution protocol	65-55150-S
address translation	65-62043-S
addressee	44-52948-B
adduce	22-111-B
adduct cage compound clathrate clathrate compound host guest complex inclusion compound	64-25415-B
adelaide	47-41836-B
adele	34-85399-B
adelie penguin adélie penguin	67-32735-B
adempiere	65-90410-B
aden	43-41402-S
adeni spoken arabic	34-83693-S
adenine	45-37499-B
adenitis	62-30733-B
adenocarcinoma	68-56131-B
adenoidectomy	65-79214-B
adenosine	64-10835-B
adenous	64-72326-S
adept	44-53569-B
adept ace dab hand professional	44-53450-B
adequacy	44-53646-B
adequate	19-69142-B
adequately satisfactorily sufficiently	19-100692-B
adewada	30-30098-B
adhd attention deficit hyperactivity disorder	48-7438-S
adhere	22-49979-B,39-32936-B
adherence	44-53872-B
adherent disciple follower	44-54118-B
adhesion	19-0-B
adhesive bandage	43-4572-B
adhesive glue	1-9705-B
adhesive tape scotch tape sticky tape tape	66-44410-B
adhesive water	51-72295-B
adhola	31-40121-B
adhola spoken	31-40358-B
adhola written	31-40209-B
adi	34-85861-B,34-86084-S
adi dravida	30-41088-B
adieu	68-22671-S
adieu bye cheerio farewell good bye good day goodbye	7-91031-B
adilabad gondi	30-28639-B
adioukrou adjukru adyoukrou adyukru ajukru	34-85940-B
adipocere corpse wax grave wax mortuary wax	66-16655-B
adipocyte	51-73871-B
adipose	45-39795-B
adipose tissue	23-51741-S
adivasi oriya spoken	30-8238-B
adiwasi garasia	29-36501-B
adiwāsi girasia	29-36932-B
adjacent	44-54989-B
adjara	34-62728-B
adjectival	64-10574-B
adjectival noun na adjective na type adjective	21-28327-B
adjective	8-75923-B,21-28061-S,21-28327-S,21-48280-S
adjective i type adjective	21-28061-S
adjective na type adjective	21-28327-S
adjective possessive article possessive determiner	18-45111-S
adjoining	41-68941-S
adjourn postpone break up recess	24-80385-B
adjournment	44-55094-B
adjudge	44-55264-B
adjudicate	44-56579-B
adjudicate resolve settle	40-35356-S
adjukru adyoukrou adyukru ajukru	34-85940-S
adjunct	34-26087-B
adjunct assistant	19-75735-B
adjust	68-81032-B
adjust align aline line up	45-57248-B
adjust alter modify	25-43450-B
adjust arrange conform suit	19-40671-S
adjust correct set	19-41080-B
adjustable	44-57787-B
adjustment	16-69648-B,16-69718-B
adjuvant	68-97990-B
adkuri	30-2075-B
administer	44-58241-B
administer dispense	47-3115-B
administer dispense distribute parcel out	53-720-B
administered by	44-44984-S
administered justice vigilante justice	57-65629-S
administrable	47-2847-B
administration direction management	1-10357-B
administrative	39-6096-B
administrative authority administrative competence administrative power	23-70124-B
administrative board administrative council	20-20490-B
administrative body administrative organ	1-10725-B
administrative body board board of directors board of governors board of managers board of trustees executive board	20-72423-B
administrative competence administrative power	23-70124-S
administrative council	20-20490-S
administrative court	6-107505-B
administrative deed	6-82619-B
administrative fiat	1-10955-B
administrative jurisdiction	1-11198-B
administrative law	1-11413-B
administrative organ	1-10725-S
administrative power	23-70124-S
administrative sanction	67-81317-B
administratively	47-2966-B
administrator	44-58348-B
admirable	24-54677-B
admiral	18-93894-B,47-50984-S,63-39024-S
admiral rear admiral	63-39024-S
admiral rear admiral rear admiral	63-39024-S
admiralty	61-69013-B
admiralty law maritime law	61-69083-B
admiration	34-27579-B
admire	34-27396-B
admirer	44-58496-B
admissibility	44-58666-B
admissible	25-74057-B
admission	19-69270-B
admission charge admission fee admission price entrance fee entrance money	58-41871-B
admission control	54-106596-B
admission fee admission price entrance fee entrance money	58-41871-S
admission price entrance fee entrance money	58-41871-S
admission requirements	25-70956-B
admit	47-52876-B,69-64888-S
admit acknowledge concede	55-5367-B
admit concede	19-100897-S
admit hold	69-40022-S
admit include let in	69-52962-B
admittance	44-58790-B
admittedly	44-60914-B
admonish	44-61014-B
admonish berate harangue lecture heckle	14-91789-B
admonisher monitor reminder	48-11635-B
admonishment	40-34421-B
admonition	44-61108-B
admonitory cautionary exemplary monitory warning	61-71666-B
adnominal prenominal adjective	21-48280-B
adnyamathanha	35-562-S
adobe	17-12713-B
adobe adobe brick	17-12450-B
adobe brick	17-12450-S
adobe flash flash flash	53-65156-B
adolescence teenhood	14-65015-B
adolescent teen teenager	42-8807-B
adonara	35-187-B
adonis	47-78555-B,47-78842-B
adopt adoption	19-41686-B
adopt borrow take over take up	11-21514-B
adopt dramatise	69-65861-S
adopt follow espouse	69-56534-B
adopt take in	60-14265-B
adoption	16-47301-B,19-41686-S,22-1535-B
adoptive	61-66745-B
adoptive parents	65-5903-B
adorable	44-63788-B
adore	44-63902-B
adorn embellish decorate emblazon garnish grace ornament	40-39254-B
adornment decoration	44-63979-B
adposition	16-93563-B
adrenal gland suprarenal gland	41-43036-B
adrenal insufficiency hypoadrenalism hypoadrenocorticism hypocorticism hypocortisolism	65-9166-S
adrenaline epinephrine	44-64169-B
adrenoleukodystrophy	21-19195-B
adriatic sea	21-25051-B
adrift	44-64567-B
adroit dexterous	44-64656-B
adroitness deftness dexterity	44-65214-B
adsl asymmetric digital subscriber line asymmetric digital subscriber loop	22-75346-B
adsl modem	21-28613-B
adsorb	62-42029-B
adsorption	1-11851-B
adstringent	42-61032-S
adu	29-606-S
aduge	35-775-B
adulate flatter blandish blarney	44-65356-B
adulation	24-53727-B
adulation blandishment cajolery flattery sweet talk	61-36830-B
adulescent adultescent kidult	65-47891-B
adult	1-12346-B
adult education	1-12570-B
adult senior citizen	14-26713-S
adulterate	25-44342-B
adulteration	44-65489-B
adulterer	44-65607-B
adulteress	66-5314-B
adulterine	44-65722-S
adulterous adulterine	44-65722-B
adultery	39-50140-S
adultery philandery advowtry	17-12749-B
adultescent kidult	65-47891-S
adulthood	44-65847-B
adumbrate sketch summarize	14-55909-S
advance	24-55150-B,34-28577-S,48-87785-B,68-446-S,70-1955-B
advance further boost promote	10-82994-B
advanced	44-66055-B
advancement	44-66168-B
advantage	19-83816-B
advantage behoof profit	40-54152-S
advantaged	44-71181-B
advantageous	44-71302-B
advantageous beneficial profitable	23-79812-S
advection	51-36530-B
advent	44-71410-B
advent calendar	17-81280-B
adventure	44-74602-B
adventure if	12-28716-S
adventurer	44-75041-B
adventuresome	44-75751-S
adventurous adventuresome	44-75751-B
adverb	7-96743-B,19-7277-S,19-7584-S,19-7778-S,19-7806-S,19-7927-S,19-8597-S,19-12366-S,19-12404-S,33-25724-S
adverb of direction	19-7461-B
adverb of place	19-7355-B
adversarial	44-76774-B
adversary antagonist enemy foe opposer predator	18-57101-B
adversative conjunction	20-44863-B
adverse unfavourable	20-28635-B
adversity tribulation	42-68228-B
advert	12-30253-S
advert give ear hang pay heed	47-9871-S
advertise	44-76939-B
advertise a vacancy	24-49624-B
advertisement advertising	1-13160-S
advertisement commercial	20-31023-S
advertiser	44-77107-B
advertising	1-13160-S,1-13681-S,48-40659-B
advertising email marketing	65-87749-S
advertising supported software adware	68-71834-B
advice	1-14161-B
advice of delivery advice of receipt a r	66-32364-S
advice of receipt a r	66-32364-S
advisable	44-78258-B
advise	47-16266-B
advise against dismay	13-81830-S
advise apprise inform notify	44-48225-S
advisedly	44-78540-B
advisedly by choice by design deliberately designedly on purpose purposely willentlich	59-77475-S
adviser	44-78736-B
advisor	47-1409-S
advocacy	44-79037-B
advocate	17-97325-S,69-65602-S
advocate preach	19-49224-B
advocate proponent advocator exponent	19-67827-B
advocator exponent	19-67827-S
advowtry	17-12749-S
adware	68-71834-S
adygea	18-75036-B
adygei	28-10085-S
adyghe adygei	28-10085-B
adyghe formal	28-10939-B
adyghe spoken	28-10862-B
adyghe wriiten cyrillic script temirgoi model	28-10421-B
adyghe written	28-10302-B
adyghe written arabic script	28-10571-B
adyghe written latin script	28-10686-B
adynyamathanha adnyamathanha	35-562-B
adyoukrou adyukru ajukru	34-85940-S
adyukru ajukru	34-85940-S
adze	69-64519-B
adzera	36-20402-B
adélie penguin	67-32735-S
ae	49-16428-S
aedicula	17-25849-B
aegean sea	43-66881-B
aegir bore eager eagre eygre tidal bore	68-39370-B
aegis protection auspices	62-62688-B
aekyom	36-10787-B
aeolian islands lipari islands	48-93246-B
aeolic	27-43990-B
aequo	60-24831-S
aer	29-30353-B
aer spoken	29-30440-B
aerate air air out	15-35424-S
aeration	1-14432-B,6-134134-S
aerial	44-79347-B,47-106996-B
aerial indoor antenna internal aerial internal antenna	62-60762-S
aerial internal antenna	62-60762-S
aerial perspective	34-24126-B
aerial photograph	1-14576-B
aerial photography	7-30191-B
aerial tram aerial tramway cable car cable car cablecar ropeway	67-75856-B
aerial tramway cable car cable car cablecar ropeway	67-75856-S
aerobatics	44-79957-B
aerobic	33-47609-B
aerobic process	1-14971-B
aerobic treatment	6-139235-B
aerobics	44-80067-B
aerobiology	1-15158-B
aerodontalgia barodontalgia tooth squeeze	66-6390-B
aerodrome	44-80214-B
aerodynamic	44-81210-B
aerodynamic force	66-6145-B
aerodynamic lift lift	13-33431-B
aerodynamic noise	1-15870-B
aerodynamics	19-6422-B
aeronautic aeronautical	44-81430-B
aeronautical	44-81430-S
aeronautics	44-81638-B
aerophobia aviatophobia aviophobia pteromechanophobia	56-46072-S
aerophone	18-3889-B
aerosol	1-16086-B,6-125033-S
aerosol aerosol bomb aerosol can aerosol container aerosol tin spray can	5-87037-B
aerosol bomb aerosol can aerosol container aerosol tin spray can	5-87037-S
aerosol can aerosol container aerosol tin spray can	5-87037-S
aerosol container aerosol tin spray can	5-87037-S
aerosol tin spray can	5-87037-S
aerospace engineering	55-7581-B
aerostat hot air balloon balloon	48-58828-B
aesthete	44-81793-B
aesthetic	44-81988-B
aesthetic esthetic	58-66555-B
aesthetic surgery cosmetic surgery esthetic surgery	65-19038-B
af abgaal	29-13252-B
af ajuraan spoken	29-13588-B
af ashraaf spoken	29-13464-B
af benaadir a	29-13140-B
af benaadir spoken	29-13012-B
af boon boon	29-14554-B
af daarood spoken	29-12222-B
af degodiya	29-12782-B
af digil spoken	29-13712-B
af dolbohaante	29-12566-B
af gaaljaal	29-13356-B
af geedabuursi spoken	29-11966-B
af hawiyya spoken	29-12888-B
af helledi spoken	29-14242-B
af iise spoken	29-11850-B
af iroole spoken	29-14434-B
af isaaq spoken	29-12106-B
af majeerteen	29-12346-B
af ogadeen	29-12678-B
af soomaali g spoken	29-11484-B
af warsangeli	29-12456-B
afade	28-4453-B
afaka script	45-34230-B
afar	8-95818-B,44-77994-B
afar c	29-436-B
afar ne	29-520-B
afar nw	29-350-B
afar spoken	29-251-B
afar written	29-140-B
affability	45-1416-B
affable cordial genial	23-104637-B
affable courteous	20-27953-B
affair	25-14389-S,45-1510-B,45-2034-B
affair concern matter	45-1689-B
affaire d honneur	69-73312-B
affairs	10-37277-S
affect	47-102398-B
affect feign sham	24-34148-S
affecting	45-2659-B
affectionate goodhearted warm warm hearted	43-18922-B
affective	45-4610-B
affective disorder manic depression	54-5048-S
afferent	42-29976-B
affiance betroth get engaged	18-85306-B
affiance betroth trothplight	44-30597-B
affiant	46-28630-B
affidavit	46-28431-B
affiliate	42-76978-B,45-4701-B
affiliated	45-4892-B
affiliation	45-6562-B
affine transformation	53-57623-B
affinity	45-6703-B
affirm	45-6827-B
affirm assert attest aver avow swan swear verify	48-46393-B
affirm corroborate	42-23636-S
affirmation confirmation	45-6931-B
affirmative	45-7339-B,65-51715-S
affirmative action reverse discrimination	64-41925-B
affix	61-76422-B
affix attach fasten hold in place secure	68-83125-S
afflict	22-3230-B
afflux	45-7440-B
afford	45-7678-B
afford give yield	39-2040-B
affordable low cost low priced	49-27941-B
afforestation	36-53114-B,36-53419-B
afforestation afforestment tree planting	1-16327-B
afforestment tree planting	1-16327-S
affray	45-7840-B
affront	45-7996-B
affront debase	45-8141-B
affront insult	48-15046-S
afghan	20-38602-B,64-57216-B
afghan afghani	64-57090-B
afghan persian dari	42-48936-S
afghani	14-24202-B,64-57090-S
afghanistan	8-731-S
afghanistan transitional islamic state of afghanistan	8-731-B
afitti	31-24552-B
afitti spoken	31-24722-B
afoot by foot on foot	65-14306-B
afraid fear have fear	8-57166-S
afraid scared	11-25143-B
afresh	45-8235-B
africa	1-16642-B,1-126913-S,2-65832-S,4-35176-S,5-78604-S,6-36139-S,11-84596-S,30-23388-S,30-45546-S,51-5637-S,51-5860-S
africain france	32-18155-B
african	47-106730-B,52-57239-B,65-85684-S,65-85867-S
african american black nigger	16-30114-S
african bush elephant bush elephant	65-52139-B
african cfa franc franc	43-37436-S,43-65473-S
african clawed frog platanna	65-14474-B
african elephant	65-51991-B
african forest elephant	65-52307-B
african land snail	68-100037-S
african land snail giant african land snail	68-100037-S
african land snail giant ghana snail giant tiger land snail	68-100226-S
african land snail giant west african snail	68-100450-S
african penguin jackass penguin black footed penguin	68-8467-B
african republic	12-92545-S
african sign language	44-78423-S
african snail	68-100450-S
afrihili	35-6120-B
afrikaans	8-72400-B
afrique	32-14936-S
afrique spoken	32-15112-S
afro asiatic afro asiatic languages afroasiatic afroasiatic languages	9-98757-B
afro asiatic languages afroasiatic afroasiatic languages	9-98757-S
afro seminole creole	35-6935-B
afroasiatic afroasiatic languages	9-98757-S
afroasiatic languages	9-98757-S
afshar afshari	26-29232-B
afshari	26-29232-S
aft amniotic fluid test	46-2958-S
after	10-19252-B,10-19549-B,10-19654-B,10-19798-B
after behind	10-19412-B,59-23476-B
after lunch nap siesta	56-41957-B
after morrow	18-11514-S
after pill	11-96929-S
after sales service	19-76558-B
after tomorrow	25-22752-S
after treat care for	22-52860-S
afterbirth	60-79015-B
afterburner	23-72328-B
afterburning	1-17002-B
aftercare	45-8879-B
aftereffect	45-9049-B
afterfeather hypoptile hyporachis	68-25757-B
afterlife spiritual world	13-57499-B
aftermath	43-11889-B
afternoon	11-2984-B,11-33186-S,60-89053-S,61-71834-S
afternoon good afternoon	11-33186-B
afternoon tea	11-36285-B
afterpains	45-9164-B
aftershave	56-78395-B
aftershock	65-102849-B
aftertaste	45-9352-B
afterthought	45-9574-B
afterward afterwards	45-9727-B
afterwards	45-9727-S
aga	26-46521-B
agadir	27-55746-B
again	10-19948-B,21-18792-S
against	15-1277-B,33-31103-S,34-23824-S
against a sea of sorrows	65-45662-S
against dismay	13-81830-S
against payment	19-23354-B
against payment for remuneration nongratuitous	20-71931-B
against the clock against time	59-77106-B
against the dark arts	9-58883-S
against the others	24-35967-S
against time	59-77106-S
against with	8-20420-B
agalega	32-41693-B
agalo	31-27579-B
agalo mite	36-60109-B
agammaglobulinemia	23-12870-B
agar	31-37020-B,60-14696-B
agarabi	35-7764-B
agaric	65-82650-S
agariya	26-59384-B
agate	60-12744-B
agatu	35-7676-B
agave	47-103191-B
agave nectar agave syrup	67-14250-B
agave syrup	67-14250-S
agavotaguerra	36-9988-B
agaw spoken	28-56933-S
age	1-17260-B,15-34839-B,15-34986-B,25-103568-S,47-53007-S,47-53597-S,51-32395-S,66-36935-S
age lithic	12-32346-S
age of majority	55-10239-S
age old	45-11665-B
age period	15-36699-B
age spot liver spot	69-22936-B
age worn age worn decrepit	59-64650-B
age worn decrepit	59-64650-S
age zeitgeist	16-8284-S
aged	45-9884-B
aged long in the tooth old	25-4483-B
agelaste	59-36944-B
ageless	45-10063-B
agency	2-117090-S,12-35206-S,19-50611-B,19-92698-S,45-21893-S,47-19775-B,68-67674-S
agency causal agent cause	61-55328-S
agency means	70-11798-B
agenda	19-91136-B,19-91325-B
agenda ulterior motive	23-50035-S
agent	1-100407-S,1-160653-S,2-146471-S,4-48878-S,7-56382-S,22-84469-S,23-18681-S,25-21037-S,47-19916-B,47-20029-B,55-57807-S,60-14389-S,60-43437-S,68-77345-S
agent antianxiety drug antipanic anxiolytic anxiolytic drug	65-88180-S
agent bail fugitive investigator bounty hunter fugitive recovery agent	60-14389-S
agent cause	61-55328-S
agent commission agent sales agent manufacturer’s agent	60-43437-S
agent contrast material contrast medium medical contrast medium	69-29521-S
agent immunosuppressor	65-10679-S
agent lacrimator tear gas teargas	65-13961-S
