the holy see	12-83454-S
the knee jarret	51-12452-S
the last unicorn	21-40540-B
the latest not later than	41-23981-S
the least	61-82588-S
the lord	26-18145-S
the lord of the rings	21-0-S
the main	48-28925-S
the main mainly	49-37435-S
the maldives	12-63933-S
the managing board	19-62177-S
the marshall islands	12-95158-S
the matter put a good face on things put on a brave face put up a brave front take up arms against a sea of sorrows	65-45662-S
the middle attack	64-77410-S
the minute when	20-85000-S
the monk you can t judge a book by its cover you can t tell a book by its cover	68-47159-S
the moon overhappy overjoyed	61-2462-S
the morning	11-4384-S,23-95272-S,61-71779-S
the mouth downcast downhearted low low spirited	15-62202-S
the nail on the head	10-14548-S
the nazarene	48-43794-S
the neck	8-23633-S,13-84901-S,33-9284-S,46-14604-S
the negative	65-51856-S
the net	23-63952-S
the netherlands	8-12248-S
the netherlands netherlands holland the netherlands	8-12248-S
the northern mariana islands	33-81034-S
the nose	38-73229-S
the nose play false snow	48-38077-S
the one hand	62-18550-S
the other hand	62-1719-S
the others	24-35967-S
the ozone layer ozone hole	63-67248-S
the part of	20-36056-S
the past	24-27418-S
the peace	44-64860-S
the penalty mark penalty shootout	64-29055-S
the phone telephone	13-86163-S
the picture grok savvy	55-2793-S
the police	23-49599-S
the pooh	12-42717-S
the pooh winnie the pooh	12-42717-S
the pope	63-33393-S
the porcelain bus barf chuck chunder pray to the porcelain god ralph upchuck throw up hurl puke puke up regurgitate retch toss one s cookies yak	7-97481-S
the porcelain god ralph upchuck throw up hurl puke puke up regurgitate retch toss one s cookies yak	7-97481-S
the priest	41-61001-S
the proof of the pudding is in the eating	24-56060-B
the pudding is in the eating	24-56060-S
the purpose of	19-42489-S
the question	62-68372-S
the red army	62-55283-S
the revelation of john revelation revelation of saint john the divine	46-32053-S
the rhine	45-23535-S
the rings	21-0-S
the rings the lord of the rings	21-0-S
the robe	45-28666-S
the rough	65-99237-S
the same however just the same nevertheless nonetheless still though	10-116118-S
the same nevertheless nonetheless still though	10-116118-S
the sea	1-2374-S
the sharpest tool in the shed putz simpleton	8-62453-S
the shed putz simpleton	8-62453-S
the sign of	20-70722-S
the signalling disk	22-17027-S
the situation has changed	9-70456-S
the skin	13-78226-S
the states	47-45472-S
the steppes king oyster mushroom king trumpet mushroom	67-12761-S
the stops	66-10826-S
the summer	33-11950-S
the temple	67-15814-S
the temple of solomon templars	64-80053-S
the temple poor fellow soldiers of christ and of the temple of solomon templars	64-80053-S
the time	66-70702-S
the time being	51-94871-S
the tooth old	25-4483-S
the tree	11-46170-S
the valley	25-108715-S,44-45870-B
the vatican city the holy see	12-83454-S
the veil	55-22713-S
the wallis and futuna islands wallis and futuna	33-75620-S
the war	20-52897-S
the way	40-45434-S
the welfare state	5-119919-S
the wind	10-105201-S,10-105346-S
the winter	33-12022-S
the wood edge of the forest	53-69860-S
the world	19-58521-S
the worm	18-56902-S
the year	18-70253-S
the zodiac star sign zodiac sign planetary house	61-56626-S
thebaic	28-3261-S
thee thou ye yer you	7-67482-B
theft	54-115849-S
theft thievery	33-35240-S
their	14-56206-B
theism	36-42539-B
thelarche	57-56587-B
them	52-78432-B,52-78834-B
theme	1-0-S,38-8307-B,38-8505-B
theme park	38-8740-B
theme part of theme	1-0-S
then	10-29697-S,50-42604-S,67-13587-B
theobroma oil	53-71692-S
theocracy	25-14285-B
theodolite	49-64594-B
theologian	45-56178-B
theology	45-55884-B
theorem	42-60079-B
theorem proving automated deduction	58-87685-S
theoretic	52-101992-S
theoretical	20-83999-B
theoretical chemistry	45-54496-B
theoretical physics	45-54795-B
theoretical theoretic	52-101992-B
theoretically	53-10598-B,53-10685-B
theorise conjecture hypothecate hypothesise hypothesize speculate theorize	62-41470-S
theorise theorize	67-29293-B
theorize	62-41470-S,67-29293-S
theory	2-71937-S,5-106790-S,13-22585-B,25-46611-B,25-46685-S,35-37751-S,45-35630-S,45-61654-S,45-61937-S,54-42740-S,55-79153-S,58-97884-S,62-105494-S,68-1757-S,70-10255-S
theory of money	5-119386-B
theory of relativity	18-38198-B,38-15841-S,38-16754-S
theory of the welfare state	5-119919-B
therapeutic	38-0-B
therapist	16-61698-S,18-54663-B
therapy	5-120605-B,18-72421-S,23-12109-S,37-27670-S,41-32634-S,62-44664-S
therapy cytotherapy	68-26644-S
therapy equine therapy hippotherapy	67-77161-S
therapy hippotherapy	67-77161-S
therapy zootherapy	67-77292-S
there	7-74265-B,47-103013-B
therefore	14-48996-S
thermal	59-28529-B,59-28661-B
thermal energy	3-35907-S,38-17283-B
thermal insulation	5-120838-B
thermal pollution	5-121158-B
thermal power plant	5-121716-B
thermal underwear	69-44191-S
thermal water	5-121915-B
thermidor	38-67177-B
thermobaric device vacuum bomb	42-50978-S
thermocline metalimnion	51-31496-B
thermodynamic temperature	59-45933-B
thermodynamics	5-122251-B
thermogenesis	69-31622-B
thermometer	16-86495-B
thermoselect process	5-122842-B
thermosphere	51-34290-B
thermostat	16-86960-B
thesaurus	5-122930-B,7-83392-S
thesaurus general multilingual environmental thesaurus	7-83392-S
these	14-53727-B
thesis	6-146781-B
thessaloníki	32-32359-S
they	7-67163-B,11-49012-B,11-49330-B,11-54196-B,11-54565-B,13-28631-B,15-27083-B
they re hatched	69-45251-S
thiamin thiamine vitamin b1	62-46933-B
thiamine vitamin b1	62-46933-S
thick	7-76226-B
thicket copse	62-77004-B
thickness	59-63947-B
thickset	42-45057-S
thief	24-64874-B
thief robber crab terrestrial hermit crab	50-60347-S
thievery	33-35240-S
thigh	15-3261-B
thigh bone thighbone	36-5396-S
thighbone	36-5396-S
thighed kite	67-51731-S
thighs	64-39610-B
thika	56-82648-B
thimble	24-64609-B
thimerais	32-11863-B
thimphu	43-13098-B
thin	42-39811-B,66-86047-B
thin air	21-72718-S
thin lean	8-49107-S
thin out	21-47624-B
thing	14-38540-B,22-60963-S
thing in hand is worth more than a great thing in prospect	65-99338-S
thing in prospect	65-99338-S
thing things	12-34456-S
thingamajig	18-40936-B
things	12-34456-S,62-100291-S
things how are you doing how are you how do you do how s it going how d ye do	66-31324-S
things put on a brave face put up a brave front take up arms against a sea of sorrows	65-45662-S
think	8-55126-S,9-6243-B,13-93629-S,61-21736-S,69-41608-B
think contemplate	9-6774-S
think imagine opine reckon suppose	9-5532-S
thinner	48-27448-S
thinner blood thinner	48-27448-S
thinness	10-113100-S
third	11-92863-B,57-30972-B
third born	68-48234-S
third born third born	68-48234-B
third normal form	65-39410-B
third party	20-74516-S
third person	19-25112-B
third rail	65-63832-B
third reich	42-59484-S
thirst	15-74974-B,37-6484-S,37-6609-B,50-75153-S,50-75205-S
thirst for power	54-95430-S
thirsty	15-75525-B,54-95580-S,54-95871-S
thirsty power crazed power hungry power mad power obsessed power thirsty	54-95580-S
thirteen	10-31419-B
thirteenth	57-31975-B
thirtieth	57-35952-B
thirty	10-34046-B
thirty eight	10-45732-B
thirty five	10-44748-B
thirty four	10-44418-B
thirty nine	10-46066-B
thirty one	10-43459-B
thirty seven	10-45402-B
thirty six	10-45074-B
thirty three	10-44089-B
thirty two	10-43766-B
this	7-67329-B
this matter	20-62688-S
this morning	14-86639-B
this time	62-6480-B
this way thus	66-7352-S
thom	34-37027-S
thoma ma miri written	31-25283-B
thoma ma miri written latin script	31-25426-B
thomasina thomasine	60-0-S
thomasine	60-0-S
thomson scattering	46-77686-B
thoracic	38-1200-B
thoracic cavity thorax	56-37117-S
thoracic diaphragm	51-16099-S
thoracotomy	65-39721-B
thorax	56-37117-S,63-20411-B
thorium	15-94205-B
thorn	64-44330-B
thorn þorn	68-57754-B
thorny	18-49826-B
thorough	60-19668-S
thoroughbred truebred	66-64090-S
thoroughly	59-79606-S
thou ye yer you	7-67482-S
thou you	7-66528-B
though	10-116118-S
though in spite of	14-47442-S
thought	9-56630-S
thoughtful	54-103556-B
thoughtless	39-57646-B
thousand	11-52872-B,21-38656-S,66-76472-S,66-79765-S,67-794-S,67-11799-S,67-33527-S,67-45228-S,67-47468-S,68-46687-S,68-46869-S
thousand islands	55-97391-B
thousand million	12-52511-S
thousandth	57-36875-B
thread	24-65106-B
thread of execution	53-12805-S
thread thread of execution	53-12805-B
threadbare	68-41017-B
threadbare timeworn tired trito well worn	19-8145-S
threat	14-69272-B,14-69519-S,64-65933-B
threaten	25-106229-S
threatened species vulnerable species	37-59789-B
threatening	59-4251-S
threatening severe	70-12279-S
threateningly	59-4373-S
three	7-61866-B,8-105296-B,10-41257-S,10-44089-S,10-53996-S,10-58231-S,13-23607-B,26-3062-B
three and twenty twenty three	10-41257-B
three dimensional 3 d 3 dimensional 3d	53-18991-B
three gorges dam	49-450-B
three headed	66-29897-B
three hundred	66-40860-B
three laws of robotics	54-18916-S
three laws three laws of robotics	54-18916-S
three quarter shorts	68-93968-S
three thousand	67-794-B
thresh	69-60542-B
threshold	21-55771-B,40-18811-B
threshold limit value	3-138089-B
thrill throb	59-16842-S
thriller	56-62942-B
thrips thunderblight thunderbug thunderfly	68-21744-S
thrive	67-43330-S
throat	8-23504-B,68-51965-S
throat pain	66-68550-S
throat throat pain	66-68550-S
throb	59-16842-S
thrombocyte blood platelet	38-1433-S
thromboembolism	37-25620-S
thrombophlebitis	38-1702-B
thrombosis deep vein thrombosis deep venous thrombosis venous thromboembolism	37-25620-S
thrombosis deep venous thrombosis deep vein thrombosis deep venous thrombosis venous thromboembolism	37-25620-S
thrombosis deep venous thrombosis venous thromboembolism	37-25620-S
thrombosis venous thromboembolism	37-25620-S
thrombus	13-75396-S
throne	12-71560-B
throng	20-18022-S,55-10963-S
throttle	65-7046-S
throttler	65-7829-S
throttling	65-7256-S
through	10-118956-S,20-48035-S,20-73894-S,22-55297-S,33-64439-S,40-44847-S,43-15194-S,62-7184-B
through execute live up to	48-77788-S
through follow up go through implement put through	20-48035-S
through get across get over pass over track traverse	40-53108-S
through implement put through	20-48035-S
through railroad train crossing	61-1666-S
through see	19-82264-S
through use up	25-36922-S
throughput	20-39780-B
throw	8-68141-B,34-35949-S
throw off	64-79901-S
throw oil on the fire	61-83404-S
throw out	58-3018-S,68-52138-S
throw the baby out with the bathwater	8-3984-B
throw throw off	64-79901-B
throw up hurl puke puke up regurgitate retch toss one s cookies yak	7-97481-S
throwaway	57-54127-S
thrower	42-58598-S
thrush yeast infection	23-28162-S
thrust	22-73826-S
thrust driving force	40-34250-S
thrustworthy	55-94450-S
thuile	32-21792-S
thulium	16-8474-B
thumb	10-87374-B,47-101618-S
thumbtack drawing pin push pin tack	17-97675-B
thump	69-67397-S
thunder	24-28165-B,37-25244-S
thunder machine	37-25407-B
thunder peal of thunder thunderclap	37-25103-S
thunder rolling thunder	37-25244-S
thunder thunderclap	37-25103-S
thunderball	10-73857-B
thunderblight thunderbug thunderfly	68-21744-S
thunderbug thunderfly	68-21744-S
thunderclap	37-25103-S
thunderfly	68-21744-S
thunderous thundery	49-60105-S
thundershower thunderstorm	6-128125-S
thunderstorm	6-128125-S
thunderstruck dumfounded	15-65446-S
thundery	49-60105-S
thurgau	51-78895-S
thurgau canton of thurgau	51-78895-B
thurible	51-8152-S
thuringia	33-83509-B
thursday	10-26940-B,48-63567-S
thursday maundy thursday	48-63567-S
thursdays	45-27547-S
thus	66-7352-S
thus as a result by consequence consequently hence so therefore	14-48996-B
thus far yet	8-38199-S
thwart	61-75286-S
thwartwise transversal transverse	33-64229-S
thyme	55-72324-B
thymine	45-75479-B
thymosis	59-63316-S
thyroid gland	15-2551-S
thyroid thyroid gland	15-2551-B
thyroiditis	62-14687-B
ti spoken	28-41957-S
tiagbamrin aizi	35-10380-B
tiananmen square	46-35665-B
tianjin	63-69588-B
tiao tchaine	31-10601-S
tiber	44-59522-B
tibet	26-43831-S,48-66215-B
tibet autonomous region	48-67022-B
tibet spoken	26-43905-S
tibetan	37-22627-S,44-54503-S,69-19498-B,69-19614-B,69-19720-B
tibetan amdo	35-1083-S
tibetan dbus ü ü tsang	69-19786-S
tibetan language	16-30697-S
tibetan plateau	48-66420-S
tibetan plateau qingzang plateau tibetan plateau	48-66420-S
tibetan script	49-12633-B
tibetan standard tibetan	37-22627-S
tibia	40-58629-S
ticino	51-78761-S
ticino canton of ticino	51-78761-B
tick	33-41777-B,42-31093-S,54-67935-B
ticket	19-52947-B,19-57196-B,20-26469-S
tickle	18-80297-B
tickling titillating tingling	62-8125-B
tidal bore	68-39370-S
tidal power	5-123442-B
tidal power station	6-122058-B
tidal range	44-74358-B
tidal water	5-123844-B
tiddly tipsy	60-71741-S
tide	3-39165-S,4-144336-S,5-123939-B,6-132678-S,20-9165-S,20-9294-S,44-71697-S,44-74088-S
tide happy as a king happy as a lark happy as a sandboy happy as can be over the moon overhappy overjoyed	61-2462-S
tidings	68-27592-S
tidy	14-51938-S,14-52184-B,56-58542-S
tie	9-33721-B,9-45909-S,14-40210-S,18-25956-S,26-3342-S,47-45939-S,68-92395-S,70-9940-S
tied	47-72479-B
tied behind one s back	19-39737-S
tiemacèwè bozo tièma cièwè bozo tiɛma cɛwɛ	37-23668-B
tien	31-11359-S
tien pao	27-32120-B
tien tiao tchaine	31-10601-B
tierra del fuego	41-38928-B
tiff	60-36998-B
tifinagh	33-41574-B
tifinagh script	27-52353-S,27-53228-S,27-53680-S,27-55328-S,27-56474-S,27-61354-S
tigalu	30-41908-B
tiger	12-65156-B,24-70498-S
tiger amur tiger korean tiger manchurian tiger north china tiger siberian tiger ussuri tiger	24-70498-S
tiger catamount cougar deer tiger ghost cat king cat mountain lion mountain screamer painted cat painter panther puma red lion red panther red tiger silver lion sneak cat	12-27648-S
tiger ghost cat king cat mountain lion mountain screamer painted cat painter panther puma red lion red panther red tiger silver lion sneak cat	12-27648-S
tiger korean tiger manchurian tiger north china tiger siberian tiger ussuri tiger	24-70498-S
tiger land snail	68-100226-S
tiger manchurian tiger north china tiger siberian tiger ussuri tiger	24-70498-S
tiger mosquito forest day mosquito	13-33870-S
tiger north china tiger siberian tiger ussuri tiger	24-70498-S
tiger siberian tiger ussuri tiger	24-70498-S
tiger silver lion sneak cat	12-27648-S
tiger ussuri tiger	24-70498-S
tight	40-40336-B,47-81502-S
tight boxers	68-94442-S
tight lipped tightlipped	15-33225-S
tighten	43-26227-B
tightlipped	15-33225-S
tigress	66-20808-B
tigrigna tigrinya	47-71147-B
tigrinya	47-71147-S
tigris	33-44517-B
tik tina tweak	68-43522-S
tikka masala	62-34055-S
tila chol	39-26625-B
tila sadri	30-472-S
tilde	19-83118-B
tile	16-56793-S
tiler	17-26939-B
till farming	68-56520-S
tillage	2-20433-S
timber	6-41706-B
timbre	67-8237-B
time	3-104412-S,5-124070-B,10-82645-S,14-88288-S,16-28387-S,16-28837-S,19-16308-B,19-20466-S,21-64303-S,25-8211-S,47-42370-S,59-10915-S,59-21339-S,59-77106-S,62-6480-S,63-57849-S,66-70702-S
time ago	34-67887-S
time allocation	6-78313-B
time being	51-94871-S
time budget	6-79025-B
time cedt cest central european daylight saving time central european summer time mest middle european summer time	63-57849-S
time central european summer time mest middle european summer time	63-57849-S
time compilation	64-50565-S
time dependent	59-67734-B
time difference	66-29746-B
time flies	64-1532-B
time grammatical tense tense	19-14646-B
time half time halftime	64-16688-S
time halftime	64-16688-S
time in real time in realtime	62-5558-S
time in realtime	62-5558-S
time is it what s the time	66-70702-S
time loop	16-78411-B
time machine	51-60605-B
time mest middle european summer time	63-57849-S
time nighttime	7-73642-S
time no see	66-79550-S
time passes and the situation has changed	9-70456-B
time protocol	43-50784-S
time realtime real time	25-8211-S
time runtime	52-75316-S,52-75508-S
time summer time	16-28387-S
time table time table timetable	18-44224-S
time table timetable	18-44224-S
time then	10-29697-S
time to come	8-33468-S
time to market	9-53140-S
time unit unit of time	14-88288-B
time voter	23-88306-S
time winter time	16-28837-S
timeless existence timelessness	58-67377-S
timelessness	58-67377-S
timeline	60-98496-B
timely	24-68265-B
timer sandglass	33-23177-S
times	42-67783-B,57-50877-S
times in the past	24-27418-S
timetable	18-44123-B,18-44224-S
timeworn tired trito well worn	19-8145-S
timezone	43-65141-B
timidly	59-81532-S
timing	62-106308-B
timor leste	12-83795-S
timor leste east timor timor leste	12-83795-S
timor timor leste	12-83795-S
timpani kettledrums timpano	18-13394-B
timpano	18-13394-S
tin	5-124316-B,9-39959-S
tin can	20-89331-S
tin opener	50-73634-S
tin spray can	5-87037-S
tina tweak	68-43522-S
tinagas	48-95388-S
tinani	49-43250-B
tinauli	29-28579-B
tincture	2-62904-S
tindi	28-18688-B
tinea	52-19014-S
tingling	62-8125-S
tinie	32-61208-B
tinkle urinate wee	13-73855-S
