pronostico meteorologico	3-142568-S
pronostico prognosis	51-102447-B
pronta pronto rapida rapido veloz	59-37118-S
pronto	14-11686-S
pronto como	20-85000-S
pronto como sea posible	61-69246-S
pronto rapida rapido veloz	59-37118-S
pronunciacion	10-98343-B
pronunciado	40-32860-B
pronunciar	20-57480-B
propagacion	39-34799-S,52-99744-B
propagacion del sonido	5-75656-B
propaganda	36-64204-B
propagar	69-66340-S
propagar transmitir	68-83674-B
propagulo	25-51981-B
propano	50-63947-B
propension tendencia	17-53367-S
propia	20-62860-S
propia imagen	65-97620-S
propia mano	57-65629-S
propia meta	64-26167-S
propia propio	15-8392-B
propia voluntad voluntariamente	61-8343-S
propiamente	50-39661-S
propicio	12-62840-B
propiedad	3-93075-S,7-106647-S,19-78288-S,42-9803-B,53-77503-S
propiedad acustica	1-4849-B
propiedad de markov	17-85-B
propiedad fisica	4-84587-B,32-63472-B
propiedad gramatical	56-70264-B
propiedad intelectual	65-94713-B
propiedad organoleptica	6-118505-B
propiedad quimica	1-132534-B
propiedad software no libre software privativo software propietario	53-77742-S
propietaria propietario	20-30080-S
propietaria propietario titular	21-67178-B
propietario	20-30080-S,23-91172-B,53-77742-S
propietario titular	21-67178-S
propina	66-20715-B
propincuidad	42-5249-B
propio	15-8392-S,27-51434-S,28-54646-S,29-47772-S,30-31602-S,56-77744-S,64-22661-S
propio autoestima	59-88723-S
propio del norte	27-54821-S
propio occidental	27-51509-S
propio oriental	28-1476-S
propofol	66-79141-S
proponente partidario	19-67827-S
proponer	17-91129-S,50-26065-S,52-107837-B
proponer matrimonio	62-68372-S
proponer sugerir	68-92708-B
proponerse	21-48989-B,33-30934-B
proporcion	37-74835-B,37-75024-B
proporcionar	58-83814-B
proporcionar proveer suministrar suplir surtir	16-46415-S
proposicion	63-30510-B
proposicional	53-100896-B,53-101072-S
proposicional logica proposicional	53-101072-S
proposito	19-42542-S,24-68541-S
proposito adrede deliberadamente	59-77475-S
proposito deliberada deliberado intencional premeditada premeditado	20-14382-S
proposito resolucion	33-58871-S
proposito tema topico	33-59282-S
propuesta	21-18792-S,59-50945-S
propuesta de matrimonio	62-68134-B
propuestas	67-82101-S
propulsar	14-46764-B,68-86476-S
propulsor	4-122635-B
prorrogar	53-6382-S
proscribir	56-64779-S
proscripcion	48-61278-S
proscrito	11-94476-S
proseguir reiniciar	8-59416-S
prospectiva futurologia	23-78564-B
prosperidad	4-122996-B
prospero	39-45796-B
prospero ano nuevo	18-36933-S
prostaglandina	54-104720-B
prostata	24-66999-S,35-72813-B
prostatectomia	54-105164-B
prostatica prostatico	54-104577-B
prostatico	54-104577-S
prostatismo	54-105323-B
prostatitis	62-13664-B
prostitucion	16-37992-B
prostituirse putear	62-37124-B
prostituta callejera	57-2229-B
prostituta zorra	35-14376-S
protactinio	14-84924-B
protagonista	10-115927-B
protagonizar	22-11397-B
protagonizar recitar	47-79311-S
proteasa	26-8102-S
proteccion	4-123755-S,5-44960-S,22-90912-B,22-91271-B
proteccion al consumidor	2-4615-B
proteccion ambiental	2-103382-B
proteccion auditiva proteccion del oido	3-35203-B
proteccion civil	1-142203-B
proteccion contra el fuego	2-138269-B
proteccion contra inundaciones	6-141071-B
proteccion contra los aludes	1-73937-B
proteccion de agua	6-28669-B
proteccion de datos	2-26650-B
proteccion de especies	4-123471-B
proteccion de las plantas	4-92637-B
proteccion de las riberas	6-132244-B
proteccion de los animales	1-50099-B
proteccion de los biotopos	1-97669-B
proteccion de paisaje	3-96726-B
proteccion de ruido	4-33014-B
proteccion de sitio	6-65735-B
proteccion del clima	1-144454-B
proteccion del litoral	6-65928-B
proteccion del medio ambiente	2-103564-S
proteccion del oido	3-35203-S
proteccion egida	62-62688-S
proteccion forestal	6-72930-B
proteccion hidrica	4-123070-S
proteccion radiologica	4-135436-B
proteccion refugio	70-2356-S
proteccion respiratoria	5-10236-S
proteccionismo	68-70526-B
protector protectora	59-43453-B
protectora	59-43453-S
protectorado	45-68545-B
proteger	14-63703-S
proteger vigilar defender	8-14809-B
proteica	45-77038-S
proteica sintesis de proteinas sintesis proteica	45-77038-S
proteico	67-82577-S
proteina	4-124083-B
proteinas	63-103335-S
proteinas sintesis proteica	45-77038-S
proteles	69-24510-S
protesis	13-65227-B
protesta	63-52657-S
protestantismo	42-3547-B
protestar	10-53152-S,13-16356-S
protestar quejarse reclamar	11-22594-B
protio	47-89732-B
proto indo europeo	40-11433-B
protocelula	53-89592-B
protocol	43-50784-S,54-107984-S,66-11957-S
protocolo	52-96574-B
protocolo de comunicacion	65-37154-S
protocolo de kioto	39-7920-B
protocolo protocolo de comunicacion	65-37154-B
protogermanico	65-82903-S
protogriego	27-43614-B
protohistoria	48-56553-B
proton	12-21557-B
protoplasto	25-54978-B
prototipo internacional de kilogramo	53-84024-B
protozoarios	4-124506-B
provecho que aproveche	11-29132-S
provechoso beneficioso lucrativo rentable	22-41055-B
proveedor de servicios de internet	7-36089-B
proveedor proveedora	20-57207-B
proveedora	20-57207-S
proveer suministrar suplir surtir	16-46415-S
provenir	58-83985-S
provenza	34-1882-S
provenzal	9-30867-S,32-331-B,32-1119-S
provenzal antiguo	66-24099-B
provenzal castellano	32-2434-B
provenzal escrito	32-633-B
provenzal escrito con escritura latina	32-766-B
provenzal escrito con escritura latina modelo mistral	32-928-B
provenzal formal	32-1362-B
provenzal maritimo	32-1241-B
proverbial	39-4044-B
proverbio	23-24661-S
provincia	2-15109-S,4-124932-B,34-64843-B
provincial ciudad subprovincial	63-72108-S
provirus	48-33579-B
provocado	46-64311-S
provocador	64-22808-S
provocados por el hombre	3-44653-S
provocar	23-40453-B,24-63070-S,52-63480-S,58-21409-S,69-53370-S
provocar suscitar	23-40572-S
provocativa provocativo sugestiva sugestivo	52-24646-S
provocativo sugestiva sugestivo	52-24646-S
proxeneta	60-82098-S
proxima proximo	48-69033-S
proximal	63-21252-B
proximo	48-69033-S,64-18448-S
proximo siguiente	8-26326-B
proxy	22-92116-S
proxy servidor proxy	22-92116-B
proyeccion	38-64010-B,38-64245-B,38-64454-B
proyeccion de flujo de caja	37-64218-B
proyeccion geografica	7-52630-B
proyectil	19-13662-B
proyecto de investigacion	5-7329-B
proyecto de ley	6-104072-B,23-70802-B
proyecto genoma humano	45-97319-B
proyecto piloto	4-87646-B
proyector	67-30733-B
proyector de techo de nubes	35-68154-B
proyector de video	55-39741-B
proyectos	54-67012-S
prudencia	51-4621-S
prudente	60-97688-S
prudentemente sabiamente	61-14646-B
prueba	5-118345-S,5-118580-S,9-48068-B,13-12543-S,52-88520-S,61-59729-S
prueba aleatoria	4-141063-B
prueba comparativa	1-158136-B
prueba de ames	1-41738-B
prueba de balas antibalas blindada blindado	50-59416-S
prueba de carcinogenicidad	1-119239-B
prueba de cigosidad prueba de zigosidad	63-10350-B
prueba de concepto	19-12063-B
prueba de discriminacion	64-41491-B
prueba de fuego	19-89053-B
prueba de laboratorio	6-116821-B
prueba de ninos	51-54175-S
prueba de papanicolaou	23-33974-B
prueba de paternidad	17-41619-B
prueba de sangre	24-3282-B
prueba de zigosidad	63-10350-S
prueba nuclear	4-41334-B
prueba rapida	2-142295-B
prueba unitaria	54-54811-B
pruebas	54-18036-S,54-54017-S,54-86497-S,54-91640-S
pruebas basadas en modelos	54-63640-B
pruebas de aceptacion pruebas de validacion	54-14172-B
pruebas de caja blanca	65-29046-B
pruebas de caja negra	54-13827-B
pruebas de regresion	54-2705-B
pruebas de software	53-8606-B
pruebas de validacion	54-14172-S
pruebas toxicologicas	5-128571-B
pruriginoso	66-47934-B
prurito	48-33838-B
prurito rasquina	66-46488-S
prusia	54-131226-B
prusiana prusiano	59-83882-B,59-84099-B
prusiano	27-39950-B,59-83882-S,59-84099-S
prusico	56-54735-S
prut n	32-56568-B
pseudogen seudogen	45-80373-B
psicoactivo	65-82806-B
psicodelica psicodelico	68-68370-S
psicodelico	68-68370-S,68-68618-B
psicofisica	53-54397-B
psicofisica psicofisico	53-54184-B
psicofisico	53-54184-S
psicologa psicologo	42-5050-B
psicologia ambiental	2-103752-B
psicologia clinica	36-40690-B
psicologia cognitiva	36-39430-S
psicologia del desarrollo	36-41508-B
psicologia evolucionista	66-66104-B
psicologia experimental	36-41208-B
psicologia psicometrica	36-40960-B
psicologia sicologia	4-125589-B
psicologia social	6-81780-B
psicologicamente	66-66503-B
psicologico	62-61915-S,66-66413-B
psicologo	42-5050-S
psicometrica	36-40960-S
psicomotor	51-48392-B
psicopatologia	69-11950-B
psicosomatico	4-125959-S
psicrometro	20-1706-B
psiquiatra	17-98636-B
psiquiatria	17-95932-B
psiquiatrico	69-11199-B
pskov	32-53459-S,37-21018-B
psoriasis	52-21196-B
pspp	64-57818-B
pss	69-22728-S
pu xian	39-17351-B
puas	51-52681-S
pubarquia	67-77822-B
pubico	57-87461-S
pubis	66-24626-B
publica	4-126157-S,4-126591-S,4-126947-S,4-127165-S,4-127754-S,5-28619-S,6-105162-S,6-105326-S,6-143887-S,7-13301-S,7-40422-S,25-67330-S,51-93287-S
publica funcionario funcionario publico oficial funcionaria	53-63292-S
publica general de gnu gpl	50-45638-S
publicacion	35-14251-B
publicacion periodica	54-102296-B
publicaciones seriadas	21-60151-S
publicada publicado	58-85309-B
publicado	58-85309-S
publicar	11-86859-S,22-21774-S,24-61350-S
publicidad	1-13160-B,48-40659-B
publicidad de producto	1-13681-B
publicitar	44-76939-S
publico	4-126377-S,4-126446-S,4-126828-S,4-127362-S,4-128308-S,4-128516-S,4-128859-S,5-90619-S,6-76155-B,7-15572-S,19-66198-S,68-51497-S
publico institucion	20-49313-S
publico oficial funcionaria	53-63292-S
publico privada	4-127891-S
pucikwar	26-55175-S
pucikwar pucikwar	26-55175-S
puck	62-36290-B
pudin de chocolate	49-78323-B
pudin de frutas	10-75708-B
pudin de vainilla	49-78434-B
pudrir podrir	68-92587-B
pudrirse	57-38922-S
pudtol atta	36-3943-B
puebla de zaragoza	63-84927-S
puebla puebla de zaragoza	63-84927-B
pueblo	6-10143-S,14-87861-B,38-3810-S,60-88019-B
pueblo armenio armenio	58-50543-B
pueblo de a pie pueblo llano vulgo masas	60-88180-S
pueblo fantasma	65-94461-S
pueblo llano vulgo masas	60-88180-S
pueblo plebe populacho pueblo pueblo de a pie pueblo llano vulgo masas	60-88180-S
pueblo pueblo de a pie pueblo llano vulgo masas	60-88180-S
pueblo villa	8-45763-S
puedes ensenarle nuevos trucos a un perro viejo	69-45689-S
puente	1-105822-B,15-19607-B
puente de ferro carril	19-28599-B
puente levadizo	57-41260-B
puente peatonal	59-100195-S
puentes	23-65744-S
puerca	8-25287-S
puerco	8-18998-S
puerco espin	43-58777-B
pueril	24-5938-S
puerilmente	65-9777-B
puerperio	59-60310-B
puerro	17-73340-S
puerta	9-29514-B,64-80571-B,66-18167-S
puerta de eje rotatorio	65-50190-S
puerta de enlace	22-79745-B
puerta de los canones	64-88645-S
puerta de vidrio	43-3400-B
puerta santa maria puerta de eje rotatorio	65-50190-B
puerta trasera	65-56288-B
puertas cerradas	11-75298-S
puerto	37-16653-S
puerto deportivo	3-130163-S
puerto espana	55-35434-B
puerto foca moteada	66-19387-S
puerto principe	59-80459-B
puerto principe principena principeno	62-26595-S
puerto rico	33-80237-B
puertorriqueno	31-54133-B
pues	14-48996-S
puesta del sol	14-96754-B
puesto	8-69885-S
puesto de control	51-29866-B
puesto de vigilancia	7-105243-B
puesto que	24-58161-S,40-39842-S
puesto tenderete	15-10890-S,22-56231-B
puf preguntas frecuentes	68-95686-S
pug	64-8962-S
puget sound salish del sur	41-25219-B
pugliese n	32-28295-B
pujar	17-91467-S
puk do	30-49899-S,30-50559-S,30-50923-S
pula	43-42830-B
pulaar	22-94172-B
pular	41-47449-B
pulga	2-142381-B
pulga de agua	6-24855-S
pulgada	11-47011-B
pulgar	10-87374-B
pulimentar pulir lustrar	14-13974-S
pulir	21-89160-S
pulir lustrar	14-13974-S
pulir refinar	52-22119-S
pulitzer	10-105477-S
pulka	56-61674-B
pullman	1-112259-S
pulmon	14-4745-B
pulmonar	1-40548-S,4-129116-S,48-23825-S,48-24083-S,58-106368-S,59-43190-S
pulmonar obstructiva cronica epoc	42-26557-S
pulmones	64-38569-B
pulmonia	62-81088-S
pulpa	13-43476-B,13-43778-B,13-43978-B,13-46977-B
pulpitis	62-20280-B
pulpito	16-66765-B,17-31075-B
pulpo	21-22695-B
pulsada pulsado	59-66307-B
pulsado	59-66307-S
pulsar	59-67553-B
pulsera	8-91242-S,41-34566-S
pulso	48-22196-S,48-25818-S,69-9831-B
pultrusion	66-70438-B
pulverizador	5-87037-B
pulverizar	20-17348-B
pulverizar vaporizar	47-4945-B
puma	12-27648-B,17-20427-B
pumita	50-6331-S
punado	25-102649-S
puncion del liquido amniotico	46-2958-S
pune poona	63-73912-B
punetazo	36-63258-B
punible	44-50335-S
punicion	8-13638-B
puno	32-64698-B
punta	12-84909-B,56-27560-S
punta de flecha	46-63914-B
puntada en el estomago	10-95939-B
puntaje puntuacion	10-90766-B
puntas blancas	68-41704-S
punteria	68-64675-B
puntero	68-89928-S
punto	7-49158-B,12-84371-B,12-84494-B,12-84609-B,12-84749-B,55-25399-S
punto caliente	35-60711-B
punto ciego	66-62213-B
punto crucial	20-91426-B
punto de	9-28389-S
punto de articulacion	61-65169-B
punto de ebullicion	1-101985-B,45-36313-S
punto de fuga	22-48678-B
punto de fusion	57-8324-B
punto de giro	49-26593-B
punto de humeo punto de humo	52-61603-B
punto de humo	52-61603-S
punto de infleccion	18-72174-B
punto de inflexion	33-56438-B
punto de referencia	22-51274-S
punto de saturacion	46-28298-S
punto de venta	20-91454-B,38-39431-B
punto de vista	13-8404-S,53-25049-B
punto fijo	63-91832-S
punto flotante	63-91218-S
punto mas bajo	13-69062-S
punto medio	61-70369-B
punto penal	64-29055-S
puntos	12-57534-B,54-34726-S
puntuacion	10-47082-S,10-90766-S
puntual	4-97121-S
punzon	69-59386-S
pupa	58-38221-B,58-39135-B
pupila	37-42800-B
pupila pupilo	14-52395-S,15-36319-S
pupilo	14-52395-S,15-36319-S
pupitre	9-49545-S
pura	25-81775-S,66-64090-S
puramente	53-54077-B
purari	42-67696-B
pure	61-60580-S,70-1844-S
pure de manzana	46-49208-B
pure de patatas	13-77039-B
purgar	23-87872-S
purgatorio	16-36636-B
purificacion	4-129937-S
purificacion de agua	6-29103-B
purificador de aire	23-71549-B
purificador purificante	32-64787-B
purificante	32-64787-S
purines	4-130102-B
puro	18-88560-S,24-26414-S
purpura	65-49961-S
pursat	34-44835-B
purulento	44-24277-S
pus	44-27596-B
pusan u	58-13404-B
putanear	62-36979-B
putear	62-37124-S
putero	60-81600-B
putilla	57-2949-B
putukwam	35-5930-B
puy de dome	34-14004-B
pwo karen	45-24093-S
pwo karen oriental	45-23711-B
pyeongyang	33-65005-S
pylori	62-40089-S
pyme	61-45729-S
pyongyang p yongyang pyeongyang	33-65005-B
python	54-67427-B
q10	37-36938-S
qabala	26-27394-B,33-12098-B
qabaylith e	27-60008-S
qabaylith e hablado	27-60086-S
qaberdey c	28-11817-B
qaberdey e	28-11920-B
qaberdey formal	28-11516-B
qabiao	49-42226-S
qajar	26-30062-B,36-16568-B
qaqet	38-42398-B
qaragozlu	26-29678-B
qashqai	26-30706-B,29-19362-B
qashqai hablado	26-30974-B
qat	56-10885-B
qatar	12-65415-B
qatari	44-13687-S,44-13910-S,67-16223-S
qawasqar	35-44320-S
qazax	26-27646-B,33-14475-B
qiandong hmong del norte	31-7542-B
qiandong hmong del sur	31-8038-B
qiandong hmong norteno escrito	31-7639-B
qiandong hmong norteno escrito con escritura latina	31-7822-B
qiandong hmong occidental	42-54730-B
qiandong hmong oriental escrito	31-7147-B
qiandong hmong oriental escrito con escritura latina	31-7328-B
qiandong hmong sureno escrito	31-8133-B
qiandong hmong sureno escrito con escritura latina	31-8314-B
qiang del norte	39-12601-B
qimant	28-55558-B
qimant escrito	28-55970-B
qimant escrito con escritura etiopica	28-56115-B
qimant hablado	28-56264-B
qinghai	49-1473-B
