laboratory experiment	3-88559-B
laboratory research	3-88682-B
laboratory technique laboratory techniques	3-89280-B
laboratory techniques	3-89280-S
laboratory test	6-116821-B
laboratory waste	3-89715-B
laborer	65-95117-S
labour	13-70751-S
labour dispute	15-8682-B
labour movement	13-62659-B
labourdin basque	27-50198-S
labourdin basque written	27-50298-S
labourdin basque written latin script	27-50483-S
labourer	22-63116-B
labourer day laborer	65-95117-S
labu	49-43954-B
labuk kinabatangan kadazan	40-43902-B
labyrinth maze	23-94512-B
labyrinthine	25-3215-B
labyrinthine mazy	25-3375-B
labyrinthitis	62-28808-B
lacandon	49-25036-B
laccadive sea	55-34184-B
lace	12-86203-B,14-66201-B
lace spike	15-44050-S
laceration perineal rupture perineal tear	62-91868-S
lachi	27-38509-S
lachrymator lachrymatory agent lacrimator tear gas teargas	65-13961-B
lachrymatory agent lacrimator tear gas teargas	65-13961-S
lack	53-4039-B,56-49884-S
lack miss need being short being shy	13-17901-B
lack need	13-18145-B
laconic	59-199-S
lacquer	3-90214-B
lacrimal bone	67-59280-B
lacrimator tear gas teargas	65-13961-S
lactase	21-76925-B
lactic	52-1778-B
lactic acidosis	48-34101-B
lactone	52-44839-B
lactose free	64-30067-B
lactose milk sugar	51-110495-B
lacuna	64-31102-S
ladakhi	49-43446-B
ladder	8-75182-B,42-39637-S
ladder fish pass	56-2957-S
ladin	11-53118-B
ladino judeo spanish judæo spanish	32-31114-B
ladino spoken	32-31899-B
ladino written	32-31399-B
ladino written hebrew script	32-31726-B
ladino written latin script	32-31559-B
ladle	66-63697-B
lady	12-0-B,12-150-B,65-76082-S
lady beetle lady beetle lady bird lady bug ladybeetle ladybird ladybug	33-30400-B
lady beetle lady bird lady bug ladybeetle ladybird ladybug	33-30400-S
lady bird lady bug ladybeetle ladybird ladybug	33-30400-S
lady bug ladybeetle ladybird ladybug	33-30400-S
lady frau	10-118229-B
lady s cloak	41-68523-B
ladybeetle ladybird ladybug	33-30400-S
ladybird ladybug	33-30400-S
ladybug	33-30400-S
ladyfinger	67-76647-B
lae lahe	49-42923-S
laeko libuat	50-11116-B
lafofa	30-48624-B
lafofa languages tegem languages	30-48446-B
lag jetlag	10-76865-S
lager	13-45325-B
laghu	49-76914-B
laghuu	49-76997-B
lagonegro	19-22103-B
lagoon	3-90949-B,6-62393-S
lagos	25-77195-B
lagowa	31-19828-B
lagowa spoken	31-20027-B
lagwan	28-4289-B
laha	49-79587-B,49-84296-B
lahanan	49-84560-B
lahe	49-42923-S
lahmacun lahmajoun	65-0-B
lahmajoun	65-0-S
lahore	63-68643-B
lahta karen	49-15435-B
lahu	49-84994-B
lahul lohar	29-34553-B
lahul lohar spoken	29-34764-B
lahul lohar written	29-34625-B
lahul lohar written devanagari script	51-114505-B
lahuli of bunan poonan punan	36-57362-S
lai	27-11531-S
laid back	23-74234-B
laid have sex	10-92659-S
laimbue	50-14682-B
laiyolo	50-1350-B
lajenge romá	30-19870-B
lak	11-53721-B
lak spoken	28-21317-B
laka	28-37815-B,49-42102-B
lakalei	50-10835-B
lake	1-65317-S,3-91657-B,46-87096-S
lake basin	3-91169-B
lake geneva lake léman	66-29993-B
lake karachai lake karachay	42-67980-B
lake karachay	42-67980-S
lake léman	66-29993-S
lake miwok	41-17674-B
lake overturn limnic eruption	64-89370-B
lake pollution	3-91280-B
lake starnberg	50-19671-B
lakhota lakota teton teton sioux	41-16105-B
laki	50-10975-B
lakkia	27-37988-B
lakona	50-11215-B
lakota dida	39-42901-B
lakota teton teton sioux	41-16105-S
lakshadweep	59-14505-B
lala bisa	49-52945-B
lala roba	50-11533-B
lalana chinantec	39-12980-B
lalia	49-30243-B
lalla maghnia	27-59081-B
lallere	30-17435-B
lama	48-96338-S,49-42385-B,49-42861-B,55-87061-B
lamalera	50-14351-B
lamam	27-16078-B
lamang	28-5140-B
lamarck	69-14735-B
lamarckian	69-14504-B,69-14622-B
lamarckism	69-13913-B
lamatuka	50-14046-B
lamb lambkin	15-28518-B
lamb s lettuce rapunzel	55-53812-S
lamba	49-30361-B
lambadi	29-34489-B
lambichhong	50-13612-B
lambkin	15-28518-S
lamboya	50-14752-B
lambswool	61-36583-B
lambya	49-25401-B
lame	28-47007-B,37-10599-B
lament	10-2633-B,11-18776-B
lament lamentation plaint wail	60-96220-B
lament sorrow	49-71242-S
lamentation plaint wail	60-96220-S
lamenu	50-14551-B
lamiales	15-70344-B
laminate	62-49594-B,62-49744-B
laminated	37-68878-B
lamja dengsa tola	49-45726-B
lamkang	50-13804-B
lamma	49-76413-B
lammergeier	12-8939-S
lamnso	50-49440-B
lamogai	50-13523-B
lamp	37-39909-S,47-6819-S,67-65472-S
lamp aldis lamp signal lamp	67-65472-S
lamp fluorescent tube	53-35216-S
lamp fog light fog lamp foglamp foglight	63-18196-S
lamp foglamp foglight	63-18196-S
lamp incandescent light bulb light bulb lightbulb	18-31562-S
lamp light	3-91893-B
lamp marker light	62-70175-S
lamp signal lamp	67-65472-S
lamp traffic signal	15-18488-S
lampang	27-29676-B
lampshade	61-26537-B
lampung	50-1542-B
lamu	29-11075-B,29-15518-B,49-44340-S
lamu lamu	49-44340-B
lamusong	49-44037-S
lamuti	29-20015-B
lan	31-10339-S
lan local area network local network	22-92340-B
lan spoken	27-32008-S
lancet	24-46129-B
land	1-109313-S,2-129070-S,3-92107-B,3-129633-S,9-95142-B,47-54618-B
land and property register	3-93075-B
land bridge beringia	44-67591-S
land clearing	3-93340-B
land cloudcuckooland	16-59927-S
land consolidation	3-93607-B
land cover	3-93887-B
land dayak	40-49903-B
land ecology	3-94074-B
land holdings large scale landed property	20-67098-S
land line land phone landline landline telephone	60-48284-B
land mammal	3-95703-B
land mine	68-44412-S
land model	2-46048-S
land phone landline landline telephone	60-48284-S
land planning	3-95819-B
land register	3-96109-B
land salt steppe	1-35354-S
land snail	68-100037-S,68-100226-S
land snail giant african land snail	68-100037-S
land snail giant ghana snail giant tiger land snail	68-100226-S
land snail giant west african snail	68-100450-S
land survey planning	23-75998-B
land tax millage tax property tax	7-0-B
land value	3-98027-B
landed property	20-67098-S
landes	34-11278-B
landfill covering	3-94305-B
landfill degasification	3-94540-B
landfill garbage dump rubbish dump tip	3-94191-S
landform	3-94901-B
landfowl	3-6442-S
landing	26-15841-B,64-76736-S
landlady	23-91172-S
landline landline telephone	60-48284-S
landline telephone	60-48284-S
landlocked country	16-71498-B,16-71797-S
landlocked sea	16-71694-B
landlord landlady	23-91172-B
landmark	41-44783-B
landoma	49-52379-B
lands	33-6041-S
lands territory of the french southern and antarctic lands	33-6041-S
landscape	3-96371-B,6-189-S,47-28610-B
landscape architect	68-37163-B
landscape architecture	3-96568-B
landscape conservation	3-96726-B
landscape ecology	3-97048-B
landslide	3-97568-B
lane	40-29310-S,40-29467-S,44-32162-S
langam	50-49213-B
langbashe	50-14856-B
langi	49-25335-B
lango	31-40059-B,50-49379-B
langobardic	50-15349-B
language	7-116764-B,9-88742-S,10-6484-S,14-74437-S,14-74830-S,14-98851-S,15-6410-S,16-30697-S,17-75879-S,18-66622-S,22-2915-S,22-3489-S,22-15449-S,22-22636-S,22-22832-S,22-23105-S,22-58829-S,22-91753-S,24-32109-S,24-32491-S,24-82845-S,25-59032-S,28-44196-S,33-12305-S,33-13181-S,34-84405-S,35-315-S,35-1827-S,35-2173-S,35-34291-S,35-85868-S,36-514-S,36-665-S,36-999-S,37-23142-S,37-87579-S,37-88354-S,37-91755-S,37-91872-S,37-91985-S,37-92102-S,39-10912-S,39-23748-S,39-24139-S,39-24472-S,39-24573-S,39-24771-S,39-25157-S,39-25372-S,39-25573-S,39-25671-S,40-5944-S,40-19414-S,40-42577-S,40-42714-S,40-51532-S,41-9667-S,41-9908-S,41-10031-S,41-10545-S,41-17519-S,41-21985-S,41-31349-S,41-35806-S,41-46721-S,41-46821-S,41-46935-S,42-10690-S,42-10786-S,42-10981-S,42-11266-S,42-13626-S,42-21596-S,42-27157-S,42-34825-S,42-34925-S,42-35564-S,42-35757-S,42-45916-S,42-57030-S,42-58145-S,42-58248-S,42-64309-S,42-71484-S,43-4060-S,43-12374-B,43-20364-S,43-23192-S,43-34222-S,43-35472-S,43-49753-S,43-52440-S,43-64681-S,43-68597-S,44-11357-S,44-14251-S,44-16331-S,44-22039-S,44-36712-S,44-46705-S,44-55767-S,44-78329-S,44-78423-S,44-78803-S,44-79228-S,46-69483-S,46-69599-S,46-69730-S,46-69835-S,46-69944-S,46-70056-S,46-70342-S,46-70440-S,46-70537-S,46-71398-S,46-71501-S,46-71600-S,46-71721-S,46-71843-S,46-71964-S,46-72083-S,46-72395-S,46-72501-S,46-72610-S,46-72730-S,46-72846-S,46-72945-S,49-14750-S,49-54226-S,49-54442-S,50-12764-S,52-16157-S,52-16277-S,52-67981-S,54-16727-S,54-28737-S,54-56903-S,54-62678-S,54-114292-S,55-11340-S,57-34011-S,58-1137-S,58-1461-S,64-49453-S,64-60821-S,65-40681-S,65-40895-S,65-95996-S,65-102393-S,66-11691-S
language artificial language conlang planned language	14-74437-S
language artlang	65-102558-S
language asl	24-48053-S
language assembly code	58-90116-S
language bksl	36-56335-S
language bpel	54-21323-S
language conlang planned language	14-74437-S
language data description language	64-60821-S
language ebxml	54-48835-S
language egyptian sign language	41-9667-S
language family	65-94988-B
language hawaii pidgin sign language	41-17519-S
language infrastructure	64-47925-S
language isolate	14-74230-B
language level of speech stylistic level	21-62228-S
language modern language	49-54442-S
language mother language mother tongue native language native tongue	18-39489-S
language mother tongue native language native tongue	18-39489-S
language native tongue	18-39489-S
language nova scotian sign language	44-78803-S
language ordinary language	65-95996-S
language politically correct language	22-2915-S
language politically correct language politically correct language	22-2915-S
language register level of language level of speech stylistic level	21-62228-S
language runtime	64-48579-S
language selangor sign language	44-36712-S
language standardized dialect	21-69514-S
language system	18-34763-S
language taiwanese language	22-58829-S
language tongue	7-64960-B
language urubú kaapor sign language	46-70056-S
language word etymon	57-12339-S
language xhtml	64-54375-S
language xml	35-46670-S
languages	9-98757-S,17-72234-S,21-29406-S,27-24805-S,27-35149-S,27-38877-S,27-57682-S,28-55101-S,29-15686-S,29-15850-S,29-16174-S,30-14368-S,30-48446-S,31-44750-S,31-49124-S,31-49511-S,31-49677-S,31-49999-S,32-7168-S,67-66802-S,67-68476-S
languages afroasiatic afroasiatic languages	9-98757-S
languages ibero romance ibero romance languages	31-49999-S
languages indo aryan languages	29-15686-S
languages neo latin languages romance languages romanic languages	31-49124-S
languages of the americas	67-68765-S
languages romance languages romanic languages	31-49124-S
languages romanic languages	31-49124-S
languages tegem languages	30-48446-S
languages uto aztekan languages	67-68476-S
languedoc	50-23836-B
languedocian	31-60476-S,31-60984-S
languedocian moyen	31-61107-B
languedocian spoken	31-60850-B
languedocien	50-15117-B
languedocien languedocian	31-60476-B
languidness sluggishness exhaustion languor languour lassitude lethargy listlessness	23-95731-S
languor languour lassitude lethargy listlessness	23-95731-S
languour lassitude lethargy listlessness	23-95731-S
lanjoda	30-30881-B
lanka	11-15275-S
lankan sign language	46-71964-S
lankaran lencoran lenkoran	33-10905-S
lanna frontier	27-29996-B
lanna northern thai	27-28427-S
lanna tai tham tham yuan	63-120024-S
lantanai	50-17267-B
lantern	16-32647-S,24-60283-B
lantern bladder cherry bladder cherry ground cherry physalis winter cherry	54-35965-S
lantern jack o lantern	16-32647-S
lantern japanese lantern bladder cherry bladder cherry ground cherry physalis winter cherry	54-35965-S
lanthanide	13-67666-B
lanthanum	13-79210-B
lao	17-57956-B
lao kip	43-37185-B
lao numeral	63-117074-B
lao people s democratic republic laos	11-95334-B
lao script	27-30803-S,63-119804-B
lao script vientiane model	27-30940-S
lao spoken	27-31144-B
lao writen lao script	27-30803-B
lao written	27-30554-B
lao written lao script vientiane model	27-30940-B
lao written tham script	27-30661-B
laopang	49-43312-B
laos	11-95334-S,31-11837-S,32-19451-S
laos sign language	44-46705-B
laos spoken	27-10609-S
laparoscopy	43-32552-B
lapidate	10-84321-S
lapis lazuli lazuli	64-32552-B
lapse	64-922-B
laptop computer notebook notebook computer	11-87387-S
laptop laptop computer notebook notebook computer	11-87387-B
lapuyan subanun	49-24942-B
laqua qabiao	49-42226-B
lara	50-18401-B,51-0-B
laragia laragiya larrakiya	51-304-B
laragiya larrakiya	51-304-S
larboard	67-62418-S
larceny theft thievery	33-35240-S
larch	64-969-B
lard butterball chubster chunker fat ass fatass fatfuck fatshit fatso fattie fatty lardass lardo obeast oinker pig podge porker pudge salad dodger	69-39121-S
lardass lardo obeast oinker pig podge porker pudge salad dodger	69-39121-S
lardil	49-44443-B
lardo obeast oinker pig podge porker pudge salad dodger	69-39121-S
lare	32-46165-B
larevat	55-10895-B
larga	38-77848-S
large	7-63738-S,15-57743-S,47-0-S
large bowel cancer	37-29046-S
large calorie nutritionist s calorie	69-27962-S
large generally more often than not mostly	48-28742-S
large goods vehicle lorry medium goods vehicle truck	3-118399-S
large land holdings large scale landed property	20-67098-B
large scale landed property	20-67098-S
largely	59-45320-B
largeness	13-5182-B
larger than life	59-62628-S
larger than life larger than life	59-62628-B
largess largesse munificence openhandedness	38-45123-S
largesse munificence openhandedness	38-45123-S
lari	29-29537-B
larike wakasihu	35-48637-B
lark	46-63771-B
lark happy as a sandboy happy as can be over the moon overhappy overjoyed	61-2462-S
larn learn	13-36933-S
larrakiya	51-304-S
larteh	49-42323-B
laru	49-42164-B
larva	64-27361-B
larva larva stage	50-27568-B
larva stage	50-27568-S
laryngeal prominence	15-3660-S
laryngitis	33-23053-B
laryngotracheobronchitis spasmodic croup	5-82150-S
las vegas	50-18634-B
lasagna	10-26398-B
lasalimu	50-12447-B
lascivious lewd wanton	16-69022-B
lasciviousness	40-27930-B
laser coherent perfect absorber	65-98576-S
laser engraving	40-26225-B,40-26512-B
laser light amplification by stimulated emission of radiation	3-98301-B
laser printer	61-54119-B
lash	24-35042-B,33-61178-S
lash eye lash	33-61178-S
lasi	29-29372-B
lasi spoken	29-29437-B
lasi written	55-23205-B
lassitude lethargy listlessness	23-95731-S
last	17-72981-S
last at long last finally	10-20763-S
last endure	25-50804-B
last finally	10-20763-S
last meal	18-67450-B
last name surname	14-14847-B
last ultimate	9-9296-S
last unicorn	21-40540-S
last universal ancestor	58-105613-B
lasting	18-60415-S
lat	27-18201-B
latch	19-66056-B
late	13-2820-B,13-2989-B,56-58171-S
late belatedly	13-3178-B
late in the evening	23-95127-B
late lated tardy	49-40985-S
late middle ages	65-1863-B
late old japanese	40-11196-B
lated tardy	49-40985-S
lately recently	24-28371-B
latency	25-9080-B
latent	23-91923-B
later	22-7093-B
later than	41-23981-S
lateral	42-30252-B
lateral gene transfer	45-88014-S
lateral sclerosis	64-72654-S
lateral ventricle	66-90415-B
latest not later than	41-23981-S
lath	67-72675-S
lath roof lath	67-72675-S
lathe	23-91287-B
lathyrism neurolathyrism	67-172-B
latin	8-98702-B,26-26432-S,26-58207-S,28-51144-S,42-66712-S,42-68421-S,48-90325-B,48-90624-B,48-90835-B,48-91042-B,61-6536-B
latin alphabet roman roman alphabet	33-40341-S
latin america	47-44484-B
latin american	59-95447-B,59-95704-B
latin early latin old latin	42-68421-S
latin languages neo latin languages romance languages romanic languages	31-49124-S
latin languages romance languages romanic languages	31-49124-S
latin latin alphabet roman roman alphabet	33-40341-B
latin old latin	42-68421-S
latin pre modern script	27-11830-S
latin quôc ngu script	27-12013-S
latin script	26-20182-S,26-37613-S,26-37968-S,26-47266-S,26-51637-S,26-60062-S,26-62302-S,26-62572-S,27-0-S,27-1293-S,27-2790-S,27-3087-S,27-3334-S,27-4491-S,27-5756-S,27-18443-S,27-18675-S,27-23185-S,27-23567-S,27-24040-S,27-24645-S,27-31830-S,27-32765-S,27-34905-S,27-35720-S,27-36527-S,27-37085-S,27-41595-S,27-41938-S,27-42901-S,27-43311-S,27-45761-S,27-48612-S,27-50483-S,27-52090-S,27-59542-S,27-61471-S,28-10686-S,28-13206-S,28-14855-S,28-15567-S,28-15993-S,28-16677-S,28-17217-S,28-23144-S,28-24187-S,28-24534-S,28-25627-S,28-25914-S,28-27715-S,28-29030-S,28-33710-S,28-33874-S,28-34164-S,28-34468-S,28-36211-S,28-37934-S,28-40335-S,29-0-S,29-1085-S,29-1812-S,29-2171-S,29-2753-S,29-3285-S,29-3713-S,29-4841-S,29-5108-S,29-5596-S,29-6152-S,29-9147-S,29-10629-S,29-11290-S,29-13828-S,29-14098-S,29-14814-S,29-42031-S,29-44421-S,30-5754-S,30-6176-S,30-12576-S,30-15167-S,30-16847-S,30-19423-S,30-20755-S,30-22006-S,30-32041-S,30-44955-S,30-45394-S,30-58355-S,30-59111-S,30-59788-S,30-60330-S,30-60615-S,30-61241-S,30-61497-S,30-61982-S,31-177-S,31-749-S,31-1173-S,31-2080-S,31-2609-S,31-3112-S,31-3410-S,31-3825-S,31-4090-S,31-4562-S,31-5040-S,31-5520-S,31-6103-S,31-6540-S,31-6933-S,31-7328-S,31-7822-S,31-8314-S,31-12058-S,31-12843-S,31-13624-S,31-14894-S,31-15674-S,31-22738-S,31-24238-S,31-25426-S,31-26124-S,31-26287-S,31-29909-S,31-31417-S,31-32093-S,31-32356-S,31-33086-S,31-34072-S,31-35442-S,31-41382-S,31-43619-S,31-46912-S,31-48397-S,31-50613-S,31-51365-S,31-56729-S,31-57202-S,31-59768-S,32-766-S,32-3776-S,32-13509-S,32-20541-S,32-23551-S,32-24572-S,32-25245-S,32-27376-S,32-30935-S,32-31559-S,32-33660-S,32-35189-S,32-36004-S,32-37214-S,32-41311-S,32-42322-S,32-42861-S,32-44915-S,32-47099-S,32-47900-S,32-48048-S,32-48418-S,32-49431-S,32-50349-S,32-58703-S,32-59241-S,32-59645-S,45-87211-S
latin script church	28-24872-S
latin script guipuzcoan model	27-48974-S
latin script historical	28-26222-S
latin script kashubuan model	32-51397-S
latin script macedo romanian written latin script	32-42861-S
latin script medieval	28-24694-S,28-33021-S
latin script middle	28-26904-S
latin script mistral model	32-928-S
latin script modern	28-26392-S,28-27232-S,28-32157-S,28-33362-S
latin script mynama revised bible orthography	27-1601-S
latin script old	28-26746-S,28-31685-S
latin script oviedo model	31-57656-S
latin script prc chinese orthography	27-1425-S
latin script pre modern	28-27063-S,28-31910-S,28-33189-S
latin script standardised	28-25053-S
latin script tolek model	27-6144-S
latin script totham model	27-5923-S
latin script unified wa orthography	27-2006-S
latin script youngs bible orthography	27-1812-S
latin spoken	32-30724-B
latina	34-52545-B
latitude	7-52865-B
latrine	24-46800-B
lats	44-3956-S
latte	17-12180-S
latte latte	17-12180-S
latte macchiato	55-96924-B
latter	21-84633-B
lattice	59-54168-B,59-54711-B
lattice steel pylon	33-63364-B
latvia	12-49720-S
latvia republic of latvia	12-49720-B
latvian	8-99229-B,17-3212-B
latvian lats	44-3956-B
latvian lett	17-3102-B
latvian sign language	55-11340-B
latvian spoken	27-39881-B
lau	50-12879-B
lau sw	31-36536-B
lauan	50-12958-B
laud proclaim	69-61619-S
laugh	8-26437-B,18-51881-B
laughter	62-46819-B
lauje	49-42558-B
launch	21-83851-B,33-78108-B,68-91856-B
launch pad	65-85428-B
launder	43-53185-B
launderette	43-53279-S
laundering	3-98619-B
laundrette launderette	43-53279-B
laundry machine washer	59-97194-S
laureate nobel prize laureate nobelist	32-63694-S
laureate nobelist	32-63694-S
laurel	13-44706-S,22-12470-B
laurel bay bay laurel bay tree laurel sweet bay true laurel	13-44706-S
laurel bay tree laurel sweet bay true laurel	13-44706-S
laurel camphor tree camphorwood	62-23859-S
laurel sweet bay true laurel	13-44706-S
laurels	19-52413-S
laurentian	51-213-B
lausanne	23-92068-B
lav lavatory toilet water closet	8-34133-S
lava	35-61297-B
lavatbura lamusong	49-44037-B
lavatory loo toilet	9-40229-S
lavatory toilet water closet	8-34133-S
lavatory washbasin washbowl washstand	60-97759-S
lave	27-17121-S
laven	27-17063-B
lavender	17-95470-B,17-95552-B,67-79689-S
lavender narrow leaved lavender true lavender	67-79689-S
lavender oil	17-95724-B
lavender true lavender	67-79689-S
lavish wasteful	24-13840-S
lavishly extravagantly richly	63-54371-B
lavishly extravagantly wastefully	63-53870-B
law	1-11413-S,1-31317-S,1-74304-S,1-142493-S,1-155567-S,1-157990-S,2-2975-S,2-16784-S,2-95338-S,2-131823-S,3-54288-S,3-78823-S,3-98809-B,3-99408-B,3-133194-S,4-89882-S,4-99418-S,4-117406-S,4-118611-S,4-126828-S,5-82317-S,5-109477-S,6-103261-B,7-15239-S,7-15572-S,7-15788-S,7-16081-S,7-16672-S,20-377-S,20-88525-S,20-94331-S,20-94475-S,20-94621-S,20-95276-S,25-107800-S,33-3978-S,33-4100-S,45-11571-S,45-36570-S,61-69083-S,63-36758-S,63-36882-S,63-37233-S,67-22567-S,67-69432-S,67-69824-S,67-70306-S
