morena moreno	33-25576-B
moreno	33-25576-S,51-108238-S
moreno arroz pardo	65-12754-S
morera	35-61018-B
moresby	43-14482-S
morfema	16-52894-B
morfema libre	16-53066-B
morfema ligado	16-53150-B
morfina	37-33290-B
morfismo	63-111290-B
morfogenesis	52-46446-B
morfologia	4-11355-B,16-43956-B
morfologia submarina	5-99045-B
morfologico	69-15198-B
morir	19-97172-S
morir de frio	61-71101-S
morir de hambre	37-6297-B
morir de sed	37-6484-B
morir pasar a mejor vida perecer sucumbir	8-103554-S
morisco	40-34500-B
mornay	50-54806-S
moroni	46-44602-B
morral	61-66527-S
morron pimiento	11-78172-S
morsa	25-57875-B
mortainais	32-10640-S
mortal	10-78257-B,10-78448-B,18-17869-S,66-8977-S
mortalidad	4-11551-B,56-23024-S
mortalidad indice de mortalidad	56-23024-S
mortalidad infantil	3-64489-B
mortalidad materna	62-83461-B
mortem	59-7145-S,68-82220-S
mortem post mortem	59-7145-S,68-82220-S
mortero	40-31137-B,68-57031-B,68-57109-B
mortificar	20-17823-S
mortinatalidad	66-11325-B
mortis	60-22505-S
mortuaria	41-50825-S
mortuoria rigor mortis	60-22505-S
morueco	8-22808-S
morung	31-23620-B
mosa	34-12319-B,34-43286-B
mosaico	7-46388-B,40-40505-S
mosasaurido	64-17441-B
mosca	8-106998-B,18-25808-B
mosca de la fruta mosca del vinagre	63-0-S
mosca del vinagre	63-0-S
mosca tsetse	33-32758-B
moscada	17-55721-S
moscova	46-38211-B
moscovita	18-74980-B,32-53281-B,64-5653-B
moscu	8-95357-B,44-56125-B,46-37359-S,46-37830-B
mosela	34-12077-S,34-12915-B,34-43092-B,64-32405-S
mosquero real	69-23442-B
mosquito	33-32515-B,61-81679-B
mosquito de la fiebre amarilla	64-81602-B
mosquito tigre	13-33870-B
mostajo blanco mostajo comun mostellar serbal blanco	68-40371-S
mostajo comun mostellar serbal blanco	68-40371-S
mostajo mostajo blanco mostajo comun mostellar serbal blanco	68-40371-B
mostaza	55-72135-B,65-102954-S
mostaza con miel	51-22213-B
mostaza dulce	45-495-B
mostellar serbal blanco	68-40371-S
mostrador	51-83537-S
mostrar	20-15821-S,57-23747-S,69-33724-B
mostrar el culo	11-63171-B
mostrar presentar indicar revelar	20-50257-B
mostrarse	21-46090-S
mote sobrenombre	20-16332-S
moteada	66-19387-S
moteada moteado	56-17464-B
moteado	56-17464-S
motete	24-72181-B
motirizado	4-12248-S
motivacion	19-87596-S,52-84839-B
motivar	18-25538-B
motivo	15-88595-S,59-25679-B
motivo objetivo proposito	19-42542-S
motivo proposito tema topico	33-59282-B
motivo razon	59-73156-B,61-55571-S
motocicleta	4-11958-B,25-106995-S
motociclista	25-2592-B
motocompresor	1-161679-S
motoguadana podadora de baston	68-96719-S
motor	15-68473-S
motor a reaccion reactor	4-142311-B
motor de busqueda	64-69251-B
motor de combustion	1-155360-B
motor de combustion externa	63-25122-B
motor de combustion interna	63-24826-B
motor de cuatro tiempos	2-156522-B
motor de dos ciclos	5-146059-S
motor de dos tiempos motor de dos ciclos	5-146059-B
motor de explosion motor de gasolina	3-10076-B
motor de gas	3-8988-B
motor de gasolina	3-10076-S
motor diesel	2-43596-B
motor electrico	47-103932-B
motosierra sierra de cadena sierra electrica	51-14465-B
motu	42-54614-S
mountain gujuri	29-33716-B
mouse raton mickey raton miguelito	15-73385-S
moussaka	24-20521-B
movediza nunca moho la cobija piedra que rueda no cria moho piedra que rueda no prende musgo	69-45442-S
mover	14-69025-B,40-35010-S
mover cielo y tierra remover roma con santiago revolver roma con santiago valerse de todos los medios	66-10826-B
mover llevar traer	69-42031-B
moverse	69-20279-B
moverse rapidamente	20-5601-B
movida turno	48-45478-S
movido	25-106981-B
movil	4-8327-S,8-41751-S,21-13758-S,37-49800-B,52-47104-S
movilidad	59-35610-B
movilizacion	59-35858-B
movilizar	46-80626-B,59-35734-B
movilizarse	25-22647-S
movimiento	20-80499-B
movimiento contra horario	46-40253-B
movimiento de poblacion	4-110139-B
movimiento de tierras	62-39297-B
movimiento del aire	1-27327-B
movimiento libre tolerancia	52-71520-B
movimiento momento lineal momentum impetu	48-85259-S
movimiento movimiento social	15-37956-S
movimiento obrero	13-62659-B
movimiento social	5-58930-B,15-37956-S
moyadan itneg	43-24135-B
mozambique	12-53795-B
mozambiquena	44-11357-S
mozambiquena mozambiqueno	44-10995-B
mozambiqueno	44-10995-S
mozarabe romance andalusi	31-60032-S
mozdok	28-12023-B
mozilla firefox	70-7563-S
mozzarella	70-13466-B
mpur	35-27220-B
mrassa	26-41944-B
mro chin	39-12240-B
mser	28-4373-B
mte iraya	36-3395-S
mtianeti	34-66374-S
mtsjeta mtianeti	34-66374-B
mu	17-79241-B
mucha mierda	21-9215-S
mucha mucho	14-57712-S
mucha mucho muy	8-3349-B
muchacha nina	9-84451-S
muchacho nino	8-31891-S
muchas muchos	7-61741-B
muchedumbre multitud	11-23031-B,55-10963-B
mucho	14-57712-S,61-80270-S,65-26016-B
mucho bosque	37-54830-S
mucho gusto con placer gustosamente	61-8193-S
mucho muy	8-3349-S
mucho tiempo	34-67887-S
muchos	7-61741-S,64-61486-S,64-62231-S
muchos a muchos	64-61486-S
muchos en grupo	8-28634-S
muchos oficios pobre seguro piedra movediza nunca moho la cobija piedra que rueda no cria moho piedra que rueda no prende musgo	69-45442-S
mucosa mucoso	59-39697-B,59-39864-B
mucosidad moco	68-11411-B
mucoso	59-39697-S,59-39864-S
muda	65-100797-S
muda mudo silenciosa silencioso silente	10-1941-B
mudar	7-91734-S,68-87804-B,68-87917-B
mudarse	33-63710-B
mudhili gadaba	30-27797-B
mudo	33-17186-B
mudo pelicula muda	65-100797-S
mudo silenciosa silencioso silente	10-1941-S
mueble	14-99117-B
mueble mercaderia mercancia producto	52-92437-S
muela del juicio	24-74033-B
muelle	43-17684-B
muelle balancin	67-85310-B
muerta	9-15700-S,21-74506-S,21-74694-S,21-74872-S,44-74088-S,49-54226-S
muerta de sueno muerto de sueno	17-74786-B
muerta muerto	9-67914-B,54-35701-B,56-58171-S
muerte	16-62841-S,17-37939-B,23-88516-S,52-75057-B,53-90855-S,58-1859-S,59-53083-S,64-23596-B
muerte cerebral muerte encefalica	66-38779-B
muerte encefalica	66-38779-S
muerte peligro mortal	66-8977-S
muerte por ahorcamiento	22-15252-B
muerte por inanicion	37-7495-B
muerte subita del lactante	55-66533-S
muerto	9-67914-S,14-71003-S,15-65007-S,21-38218-S,54-35701-S,56-58171-S,66-68-S
muerto de sueno	17-74786-S
muerto de sueno sonoliento	18-96417-S
muertos	16-42887-S
muertos dia de los muertos	16-42887-S
muestra	10-90257-B,19-89912-B,66-78643-B
muestra extensa	20-50733-B
muestrario de colores	51-38179-B
muestreo	5-26360-B,5-26574-S,43-56742-S
muestreo tecnica de muestreo	5-26574-B
mufian	35-75027-B
muganly	26-27314-S
muggle	58-24060-B
mugido	17-79339-B
mugir	17-79436-B
mugla	26-20906-B
muguete	25-108715-B
muinane	37-12103-B
mujer	6-41385-B,6-41593-S
mujer de la limpieza	65-76082-S
mujer embarazada mujer prenada	64-18305-B
mujer ex pareja	60-65323-S
mujer fatal seductora vampiresa	60-72174-B
mujer fatal vampiresa	61-23398-B
mujer prenada	64-18305-S
mula	16-65231-B,24-41494-B,62-15993-S
mular delfin nariz de botella	63-68292-S
mulata	53-70387-B
mulato	53-70249-B
muledre	28-43208-B
mullu kurumba	30-38818-B
multa	2-136806-B
multi	69-9955-B
multi touch multicontacto multitactil	54-64104-B
multicelular pluricelular	53-95738-B
multicolor	61-30750-S
multicolor policromo	60-10230-B
multicontacto multitactil	54-64104-S
multidimensional	53-95579-B
multidisciplinaria multidisciplinario	63-102228-B
multidisciplinariedad	63-101714-B
multidisciplinario	63-102228-S
multidrogas	41-45794-S
multiespectral	7-44532-S
multifocal progresiva	23-31069-S
multiforme	23-42184-S,66-48141-S
multigenico poligenico	24-39498-B
multilateral	4-15356-S
multimedia	7-39519-S
multimetro	13-97086-B
multimorbido	54-129181-B
multinacional	4-15456-S
multinacional empresa multinacional multinacional	4-15456-S
multinacional multinacional	4-15456-S
multiplataforma	54-26858-S
multiplataforma software multiplataforma	54-26858-B
multiple	25-106847-B,37-30240-S,56-43893-S
multiples datos	52-108868-S
multiplicacion producto	16-11168-B
multiplicar	25-38720-B
multiplo	16-13146-S
multipotente pluripotente	52-49567-B
multirresistente	33-77041-S
multitactil	54-64104-S
multitud	11-23031-S,20-18022-B,55-10963-S
mulyen	28-9625-B
mum	46-64058-B
mumbai	21-18923-S
mun	31-12573-S
mun escrito	31-11939-S
mun escrito con escritura latina	31-12058-S
munda	26-57031-B,33-77269-B
munda andhra gadaba	26-61291-B
munda de koraput	26-59788-B
munda norte	26-57255-B
munda orissa gadaba	26-61167-B
munda sur	26-59472-B,26-59564-S
mundabli	37-22980-B
mundano	33-15312-B
mundial	12-76453-S,13-72656-S,42-53334-B,61-16536-S,66-38164-B,66-63899-S
mundial de la salud	41-43285-S
mundial de reservas de la biosfera	51-56169-S
mundial del agua	22-88014-S
mundial telarana mundial web www	7-36758-S
mundial web www	7-36758-S
mundo	6-43822-B,12-76908-B,19-58521-S,22-5727-S,66-38321-S
mundo de arn	45-90071-B
mundo espiritual	13-57153-B
mundo musica global musica universal	60-82239-S
mundo todos	10-82456-S
muneca	15-3075-B,37-44386-B
muneco de nieve	17-47835-B
munguia	27-49783-B
munich	10-64036-B
municion	19-78407-S
municiones municion	19-78407-B
municipal	4-15819-S,4-16628-S,58-70071-B
municipio	4-16420-B
munificencia	50-47916-S
munin	28-17730-B
munon tocon	19-98704-S
munster	37-54392-B
muoi	27-31476-S
muon	55-68848-B
muraemissioon	4-31046-S
muralla china	46-36823-S
muratayak	36-1215-B
murcia	25-18547-B,25-18705-B
murcielago	10-106580-B
muria	30-2517-B,30-30477-S,30-30581-S
muria del lejano occidente	41-37879-B
muria oriental	30-30780-B
muriatico	3-47424-S
murle	31-32508-B
murmullo	22-63786-B
murmurar	51-94255-B
murmuro	51-94419-B
murnau	60-166-B
muro	40-36605-B
muro pared	6-15508-B
murua	27-49987-S
murui huitoto	42-63689-B
murut	49-18880-S
musarana gris	50-6708-B
muscopola	32-43768-B
muscular	4-16758-S,42-23171-S
muscular de becker	44-22438-S
muscular de duchenne	41-35100-S
musculo	19-51545-B
musculo abductor	62-18386-S
museo	4-17017-B
musgo	4-11769-B,69-45442-S
musgum	28-3814-B
mushere	28-49728-S,28-49810-S
musica	4-17573-B,7-90551-B
musica de camara	51-15653-B
musica de fondo	62-1897-B
musica del mundo musica global musica universal	60-82239-B
musica etnica	41-40544-B
musica global musica universal	60-82239-S
musica instrumental	42-18883-B
musica papel pautado	67-14955-S
musica popular	40-8191-B
musica universal	60-82239-S
musical	18-62150-B,41-32433-B,67-9259-S
musical instrumento	33-82108-S
musicalidad	66-68819-B
musico	18-5401-B,61-19827-B
musicologia	18-3694-B
muskogee	41-19361-B
muslirrufo	67-51731-S
muslo	15-3261-B
muslos	64-39610-B
mussau emira	41-1434-B
mustelidos	4-18007-B
musulman	29-35543-S,30-4065-S,45-70802-S,48-97190-S
musulmana musulman	45-70802-B
mutacion	4-19087-B,58-32131-S
mutacion cromosomica	45-41127-B
mutacion postcigotica	63-3398-B
mutagenesis	52-47212-B
mutagenica	7-31332-S
mutagenica mutagenico	58-23782-B
mutagenicidad	4-18238-B
mutagenico	58-23782-S
mutageno	4-18582-B
mutante	4-18850-B
mutilacion	25-107422-B
mutua garantizada	9-60324-S
mutua mutuo reciproca reciproco	20-97657-B
mutualismo	36-32382-B
mutuo reciproca reciproco	20-97657-S
muy	7-118545-B,8-3349-S
muy bien	22-63477-B
muy danada muy danado	41-23465-S
muy danado	41-23465-S
muy grande	14-7096-S
muy peligroso	50-51528-B
muyu norte	48-31400-B
muyu sud	48-95885-B
mwenga	49-77312-S
mxedruli	36-18799-S
myanmar	12-54570-S
mycobacterium avium	23-30250-S
mynama	27-1601-S
mysore	30-37442-B
mysql	68-93195-B
mzab wargla	27-60902-S
n	26-55574-S,27-8414-S,28-20236-S,28-27498-S,28-42050-S,29-55949-S,30-10188-S,30-10943-S,30-17538-S,30-36846-S,32-4709-S,32-4803-S,32-6260-S,32-28295-S,32-39095-S,32-56568-S,58-12296-S
n acetil 5 metoxitriptamina melatonina	68-58725-B
n dimensional	62-15855-B
n escrito	28-27590-S
n escrito con escritura latina	28-27715-S
n hablado	28-27873-S
n k iche	39-28256-S
na	21-28327-S,28-39398-S
na adjetivo na	21-28327-S
naan	62-35019-B
nabicol rutabaga	55-56012-S
nabo	52-7769-B
naboth	54-71963-S
nabucodonosor el grande	67-37899-S
nabucodonosor ii nabucodonosor el grande	67-37899-S
nabucodonosor nabucodonosor ii nabucodonosor el grande	67-37899-B
nacar	61-39460-B
nacer venir al mundo	22-5727-B
nacido nonato	68-45132-S
nacido parido	14-5266-B
nacimiento	8-33087-B,8-34346-S
nacimiento parto	8-30390-B
nacimiento tierra natal	49-79882-S
nacion	11-45636-B
nacion insular pais insular	21-27767-B
nacion pais	5-89777-S
nacional	4-19576-S,4-20032-S,7-52518-S,21-65583-B,21-65706-B,24-32491-S,25-66881-S,38-70001-S,39-28849-S,43-32871-S,67-91243-S
nacional bruto	3-28603-S
nacional de identidad	56-79144-S
nacional makroraamatupidamine	6-84367-S
nacionalidad	68-8371-B
nacionalismo	15-30084-B
nacionalista	42-39094-B,61-16917-B,61-17074-B,61-17217-B
nacionalizar	25-90316-B
nacionalsocialismo nazismo	15-22425-B
naciones celtas	16-57845-B
naciones del sureste asiatico	1-66040-S
naciones unidas	5-148810-S,15-19821-S
nada	11-22775-S,14-4073-B
nada mas y nada menos que	22-60827-S
nada menos que	22-60827-S
nada sobre todo	62-1345-S
nadar	8-62705-B
nadie ninguna ninguna persona ninguno ningun	53-84403-B
nadir	13-68845-B
nadir punto mas bajo	13-69062-B
nado natacion	16-78618-B
nadu	29-46357-S,30-37962-S,33-39489-S
nafar	26-29778-B
nafusi	28-785-B
nafusi hablado	28-845-B
naga	42-9358-S,44-35352-S
nagari	29-31813-S,55-24363-S
nagoya	63-64018-B
nagpur	63-77713-B
nagpuri	29-38540-S
nagpuri marathi	29-53757-B
nagpuriya	29-23530-B
nahuas	67-68476-S
nahuatl de altos de peubla	36-20624-B
nahuatl de guerrero	67-69181-B
nahuatl de mecayapan	67-69299-B
nai	36-69972-B
nailon	36-65285-B,36-65457-B
naipe	19-80112-S
naira	43-41158-B
nairobi	21-15231-B
naitasiri serua	38-29427-S
najdi hablado	35-83730-S
nakagusuku	30-52458-B
nakhchivan	26-28214-B,33-14840-B
nakhon ratchasima	27-21698-B
nalga	22-85145-B
nam	31-39597-B
nam do	30-50013-S,30-50441-S,30-51045-S
nam tha	27-8242-B
namibia	11-93243-B,43-42924-S
namosi naitasiri serua	38-29427-B
nan	27-29894-B,27-34638-S
nan poj	66-21426-S
nan tradicional	66-21582-S
nanai	26-53030-B
nancowry	58-12628-B
nanga parbat	51-96290-B
nangalami	29-16613-B
nanomaterial	55-53948-B
nanomedicina	67-33453-B
nanosegundo	16-85579-B
nanotecnologia	52-47670-B
nanterre	50-20126-B
nantes	34-32588-B
nanti	39-16157-B
nao bunu	31-8693-S
napalm	63-4086-S
napier numero de euler	68-57292-S
napoles	8-94607-B,34-56274-B
napolitano	8-72597-B
napolitano escrito	32-27241-B
napolitano escrito con escritura latina	32-27376-B
napolitano hablado	32-27541-B
napolitano u	32-28187-B
nar	27-17624-S
naranja	8-15302-B,8-15592-S,23-25676-S,24-87513-S,67-47008-S
naranja sanguina	66-16991-B
naranja zumo de naranja	24-87513-S
narciso	17-89953-B
narcolepsia sindrome de gelineau	66-76161-B
narcotraficante	33-34419-B
narguile pipa de agua	60-83132-S
narim	31-31921-B
narim escrito	31-31982-B
narim escrito con escritura latina	31-32093-B
naritch	29-9782-B
nariz	7-69805-B,25-18845-B
nariz de botella	63-68292-S
nariz estrellada	66-74551-S
nariz olfaccion olfato	19-34556-B
narom	46-50704-B
narracion relato historia	13-369-B
narrar	40-5025-S
narrar relatar	22-73120-S
narrativa narrativo	59-51655-B
narrativo	59-51655-S
narsati	29-17053-B
narval	66-16034-B
nasa yuwe	48-84766-B
