categorica categorico enfatica enfatico explicita explicito	58-15693-B
categorica categorico incondicional tajante	51-2673-B
categoricamente con firmeza firmemente	61-31402-B
categoricamente con firmeza firmemente inquebrantablemente sin vacilacion	61-30841-B
categoricamente incondicionalmente tajantemente	59-81273-B
categorico enfatica enfatico explicita explicito	58-15693-S
categorico incondicional tajante	51-2673-S
catenativo	64-12772-B
cateter	24-81481-B
cateto	47-98589-B
cathedra	60-24475-S
catinona	67-78942-B
catio	39-26990-S
cation	1-122785-B
catodico	40-28622-B,40-28748-B
catodico tubo de imagen	33-68636-S
catodicos	40-22925-S,40-23510-S
catodo	40-28871-B,40-29031-B,40-29166-B
catolica catolico	48-65612-B,63-33059-B,63-33221-B
catolicismo	51-3499-B
catolico	15-76399-S,48-65612-S,63-33059-S,63-33221-S
catorce	10-31705-B
catorceavo	57-32102-B
catre	50-70807-B,56-74211-B,56-74420-B
cauca	38-70421-B
caucasica caucasico	8-23778-S
caucasico	8-23778-S
caucaso	34-74676-B,34-74900-B
caucho	5-21158-S,5-21550-S,5-21787-S
caucho hule poliisopreno	52-38169-B
caucho neumatico	5-146923-B
caudal	6-25109-B,19-10460-B,20-39780-B,26-16446-B
caulinar	25-19825-S
causa	20-74636-S
causa cometido cruzada empeno mision	61-55863-S
causa de debido a por ello	68-27327-S
causa fundamento motivo razon	61-55571-B
causa motivo	15-88595-B
causal	19-7806-S,53-102509-B
causalidad	51-4298-B
causante	61-55328-S
causante impulsor inductor instigador promotor provocador	64-22808-S
causar ocasionar producir provocar	69-53370-B
causar ocasionar provocar	52-63480-B,58-21409-B
causar producir provocar suscitar	23-40572-B
caustica caustico	15-73833-B
causticidad ironia sarcasmo	69-55316-B
caustico	15-73833-S,36-30711-B
cautela con tiento cuidadosamente	60-96834-S
cautela prudencia	51-4621-S
cautelosamente con cautela con tiento cuidadosamente	60-96834-B
cauteloso prudente	60-97688-B
cautivador cautivadora fascinante	58-21564-B
cautivadora fascinante	58-21564-S
cautivar	69-40753-S
cautivar conquistar embrujar enamorar encantar fascinar	69-60895-B
cautivar encantar	58-18775-B
cautivar entretener	49-33975-B
cautividad	50-75581-B
cautivo	48-39993-S
cauto	14-10854-S
cava	18-70586-S
cavar excavar	8-56974-B
cavatina	62-95040-B
cavdur	26-25854-B
caverna cueva gruta	1-123356-B
cavernicola	51-4903-B
cavernicola troglodita	56-68726-B
cavernicolo	67-77433-B
caviar	24-81816-B
cavidad	37-34166-B,40-13970-B
cavidad abdominal	61-70265-B
cavidad bucal cavidad oral	64-76389-B
cavidad oral	64-76389-S
cavidad pared doble	51-5099-S
cavidad toracica torax	56-37117-S
cavinena	38-59301-B
cayena	29-55084-S,51-108809-S,55-39164-B
cayubaba	39-29394-B
cayuga	38-59521-B
caza	3-45747-B,17-1477-S
caza furtiva	4-96993-B
cazacerebros	24-14114-B
cazador	20-92716-B
cazador de cabezas	24-14281-B
cazar	8-61883-B,61-46681-B
cazarlo	69-45251-S
cazarrecompensas	60-14389-B
cd autonomo	49-83446-B
cd rom	6-147161-B
ce	2-67517-S,30-49803-S,32-53816-S
cebada	17-89715-B
cebenol	31-62351-B
cebo carnadas	54-73078-B
cebolla	14-73240-B,65-98348-B
cebollar	63-86553-B
cebolleta	51-28787-B
cebolleta cebollino cebollin	14-72710-S
cebollin	14-72710-S
cebollino cebollin	14-72710-S
cebra	11-70437-B,13-61532-S
cebra paso de peatones	11-70640-S
cebra pez cebra	13-61532-S
cebuano sugbuanon	17-58295-B
ceder	18-41264-S,69-42184-B
cedi ghanes	44-41364-B
cedro	17-41890-B
cedron hierba luisa verbena de indias	66-81978-B
cedron pasto hierbalimon limonaria limoncillo malojillo pasto citronella pasto de limon te de limon yerbalimon zacate de limon	55-71584-B
cedula de identidad documento nacional de identidad	56-79144-S
cefalopodo	1-129352-B
cefaloraquideo neurolinfa	23-6940-S
cefalotorax	45-39982-B
cegado	69-25452-B
cegar	61-68149-B,69-25292-B
cegar deslumbrar	43-62862-B
ceguera	9-98385-S,22-71140-B,61-15051-B
ceilandesa	46-71964-S
ceja	24-95207-B
celada emboscada encerrona trampa	59-93347-B
celda de combustible	14-12933-B
celebracion fiesta	8-31087-B,18-27939-B
celebrar conmemorar	22-74931-B
celebre	51-6128-B
celebre famosa famoso	22-5418-B
celebre famosa famoso ilustre	9-6587-B
celebridad estrella	8-97106-B
celentereos	1-152653-B
celeste	48-10814-S
celeste objeto astronomico	12-71055-S
celestial	7-85681-B
celibato	24-81950-B
celo	55-27677-S
celofan	43-3540-S,51-7396-B
celometro	35-68371-B
celos envidia	54-76086-B
celosa celoso	17-85553-B
celoso	17-85553-S
celsius centigrado	35-56696-B
celta	28-23761-B,51-7883-B
celtas	16-57845-S
celula	1-125201-B,62-22097-S
celula beta	45-83224-B
celula cancerosa	18-83353-B
celula fotoelectrica	59-69946-B
celula fotoelectrica celula solar	5-69667-B
celula glial glia neuroglia	64-13174-B
celula madre	17-96224-B
celula solar	5-69667-S
celula somatica	25-52939-B
celular	2-44447-S,23-6559-S,33-48205-S,42-39387-S,52-50152-S,52-63714-B,52-103304-S,68-26644-S
celular citologia	2-23288-S
celular membrana plasmatica	58-30468-S
celular telefono movil	8-41751-B
celulitis	51-7687-B,62-17276-B
celulosa	1-126326-B
cementerio campo santo	37-86627-B
cemento	1-126556-B,10-109003-S
cemento a base de amianto	1-65711-B
cemento armado concreto armado hormigon armado	17-24371-B
cemuhi	38-58783-B
cena	11-35899-B
cenar	57-14975-B
cencerro	11-24638-S
cenicero	46-72182-B
cenicienta	10-73504-B
cenicienta ceniciento cenizo	46-70815-B
ceniciento cenizo	46-70815-S
cenir contraer estrechar	59-17184-B
cenit cenit zenit	36-66559-B
cenit petrolero pico petrolero	64-79313-B
cenit zenit	36-66559-S
cenital	62-8640-B
ceniza	1-66400-B,51-85895-S,65-101900-S
ceniza volante	2-146046-B
ceniza volcanica	49-64008-B
cenizas	8-69656-B
cenizo	46-70815-S
cenizo gafe	60-25149-S
cenotafio	50-70314-B
cenote dolina	64-11444-B
cenozoica era terciaria	52-63944-S
cenozoico era cenozoica era terciaria	52-63944-B
censo	6-88811-B,42-25544-B
censor censora	42-32279-B
censora	42-32279-S
censura	17-38868-B
censurable objetable rechazable	58-114871-B
censurar	17-11151-B,42-32708-B
cental	41-22550-S
centamil	30-40430-S
centauro	20-72342-B
centavo centesimo centimo	57-36724-B
centavo centimo	59-94101-B
centenaria centenario	51-8414-B
centenario	16-84208-B,16-84368-B,20-10434-B,51-8414-S
centeno	56-101081-B,56-101335-S
centesimo centimo	57-36724-S
centigrado	35-56696-S
centigramo	65-78577-B
centimo	57-36724-S,59-94101-S
centimos	37-8310-S,37-8552-S,37-8689-S,37-8857-S,37-8981-S
centrada en un problema	25-82166-S
central	1-126913-S,1-128039-S,1-128822-S,9-9590-B,9-42075-S,19-99891-S,21-76498-S,26-23887-S,26-36071-S,26-36875-S,26-43142-S,26-54427-S,27-12639-S,27-17286-S,27-17390-S,27-23817-S,27-24236-S,27-56025-S,28-35057-S,30-51394-S,30-61405-S,31-36762-S,31-51815-S,31-58126-S,32-45631-S,35-9283-S,36-11701-S,36-15138-S,36-27933-S,36-29469-S,36-73533-S,37-12892-S,39-723-S,39-13172-S,39-25250-S,40-44211-S,41-10245-S,41-10383-S,42-7392-S,42-60312-S,44-45187-S,46-12803-S,50-50186-S,55-18866-S,63-57849-S,69-19786-S
central centroamerica	1-127353-S
central de carbon	1-149860-B
central de proceso procesador	22-90174-S
central del munda sur	26-59564-S
central electrica	2-79416-B,4-111880-B
central electrica de ciclo combinado	1-154579-B
central eolica parke eoliko	6-41130-B
central escrita con escritura latina	31-4090-S
central escrito	27-23877-S
central escrito con escritura arabe	27-56303-S
central escrito con escritura latina	27-24040-S,30-61497-S
central escrito escritura tifinagh	27-56474-S
central europeo bce	33-18199-S
central hablado	27-56647-S,31-36849-S
central hidroelectrica	3-48024-B
central magahi c	29-56041-S
central maremotriz	6-122058-B
central nuclear	4-40048-B
central ordenador central	21-76498-S
central romance iberico septentrional central	31-51815-S
central solar	5-70953-B
central termica	5-121716-B
central turquico comun central	26-36071-S
centrales	27-31570-S,34-33921-S
centralizado de autenticacion	47-97216-S
centralizar	51-13041-B
centrar	19-103685-B
centrica centrico	54-88372-B
centrico	54-88372-S
centrifuga	45-40512-S,62-68678-B
centripeta	55-60853-S
centripeta centripeto	51-13227-B
centripeto	51-13227-S
centrismo	63-49065-B
centrista	63-49318-B
centro ciudad	1-141479-B
centro comercial	5-47551-B
centro de atencion foco	21-12625-B
centro de detencion	21-4170-B
centro de distribucion de informacion	7-43083-B
centro de postgrado	55-80888-B
centro de traumas	41-48463-B
centro de votacion	13-48684-B
centro medio	9-72813-B
centro nucleo	13-22215-B
centro occidental	28-35406-S,29-5878-S,49-85125-S
centro occidental escrito	29-5975-S
centro occidental escrito con escritura etiopica	54-41527-S
centro occidental escrito con escritura latina	29-6152-S
centro occidental hablado	29-6358-S
centro oeste	36-25954-S
centro oriental	28-41518-S
centro sud	50-48997-S
centro turistico de deportes de invierno	6-77097-B
centro turistico de playa	6-76973-B
centro urbano espacio urbano area urbana	5-151067-B
centroafricana	12-92545-S
centroafricano	32-16908-S
centroamerica	1-127353-S
centromero	45-79298-B
centum	65-40681-S
centuria	42-16763-B,42-17018-B
centurion	51-13390-B
centuron monedero talego	70-2078-S
centuum	38-74310-B
ceolita zeolita	60-86095-B
cepa	25-54401-B
cepillar	11-20745-S,11-20843-B,11-20952-S,67-46232-B
cepillar escobar escobillar	11-21166-S
cepillo	36-11824-B
cepillo cepillo de dientes	11-19619-B
cepillo cepillo del pelo	11-20477-B
cepillo de dientes	11-19619-S
cepillo de pelo	61-37016-B
cepillo del pelo	11-20477-S
cepillo escoba	69-43063-S
cepillo para el calzado	18-27894-B
cera	47-74900-B
ceramica	1-129708-B,1-129931-S,59-51483-B,60-25908-B
cerca	8-50619-B,14-10768-B
cerca alrededor	9-27042-B
cerca de	44-48372-S
cercado	39-41106-B
cercado sitio cerrado y cubierto	25-101522-S
cercana cercano proxima proximo	48-69033-B
cercano proxima proximo	48-69033-S
cercar	39-34679-B
cercenar	33-22933-B
cercenar cortar mochar	33-21799-S
cercha	23-67167-S
cerciorarse comprobar garantizar	69-75312-S
cerco	39-35111-B
cerco anual	43-57344-S
cerda	50-17909-B
cerda marrana puerca	8-25287-B
cerdena	66-19865-B
cerdo	21-4631-B
cerdo cochino marrano puerco	8-18998-B
cerdo hormiguero oricteropo	56-30759-B
cerdo molido	51-18205-B
cerdo verraco	8-24645-B
cereal	3-22601-B
cereal leche de grano	66-56923-S
cerebelo	45-40148-B
cerebral	33-62196-S,46-40529-S,46-74263-S,51-107196-S,56-45159-S,56-45505-S,61-88321-B
cerebral ataque cerebrovascular derrame cerebral ictus apopletico ictus cerebral	46-40529-S
cerebral hemorragia cerebral	56-45505-S
cerebral ictus apopletico ictus cerebral	46-40529-S
cerebral muerte encefalica	66-38779-S
cerebro	9-41363-B,9-41690-B,9-41816-B
cerebrospinalis liquido cefaloraquideo neurolinfa	23-6940-S
cerebrovascular apoplejia ataque cerebral ataque cerebrovascular derrame cerebral ictus apopletico ictus cerebral	46-40529-S
cerebrovascular derrame cerebral ictus apopletico ictus cerebral	46-40529-S
cerebrovascular ictus	12-16921-S
cerefolio perifolio perifollo	51-53078-B
ceremonia	51-13616-B
ceres	47-42658-B,47-43038-B
cereza	17-93561-B,37-61763-S,60-9230-S
cereza guinda	57-11390-B
cerezo	23-48370-S
cerezo acido	57-10944-S
cerezo comun cerezo de morello cerezo acido	57-10944-B
cerezo de monte cerezo silvestre	67-83733-B
cerezo de morello cerezo acido	57-10944-S
cerezo silvestre	67-83733-S
cerilla	23-80738-S
cerilla cerumen	57-82919-B
cerilla fosforo	23-71267-B
cerio	13-34684-B
cerma	39-11834-B
cerner cernir tamizar	61-58284-B
cernir tamizar	61-58284-S
cero	7-105065-B,17-73926-B,46-28790-B,66-30097-S,68-73313-S
cero absoluto	35-57381-B
cerrada	68-94772-S
cerradas	11-75298-S
cerrado	13-72571-B,16-71694-S
cerrado de television	33-51114-S
cerrado y cubierto	25-101522-S
cerrados	19-39737-S
cerradura	9-49900-B
cerradura de combinacion	54-39175-B
cerrajera cerrajero	16-27566-B
cerrajero	16-27566-S
cerrar	20-68247-B
cerrar con llave	54-90724-B
cerro aconcagua	47-78159-S
cerro colina loma	3-39753-B
cerrojo	19-66056-B
certeza	56-78949-B
certificacion	6-110062-B,24-18430-B,65-57391-S
certificacion de calidad	6-79533-B
certificado	32-65470-S
certificado diploma	14-98360-B
certificar garantizar jurar testimoniar	48-46393-S
cerumen	57-82919-S
cerumenolisis	62-65207-B
cerumenolitica cerumenolitico	62-65650-B
cerumenolitico	62-65438-S,62-65650-S
cervatillo	55-76357-B
cervecera	66-91769-S
cerveceria	50-54036-B
cervecero	16-64648-B
cerveza	1-105242-S,9-77919-B,43-13696-S,65-1141-S
cerveza con limon	66-5208-B
cerveza de barril	68-38105-B
cervical	61-83905-B,61-83986-B,61-84139-S
cervicitis	62-12575-B
cervicouterino	23-33061-S
cesar	64-28062-B,68-43340-S
cesar concluir fenecer parar terminar	47-69787-S
cesarea	62-92309-B
cese destitucion	21-5885-B
cesena	34-49343-S
cesion	19-103736-B
cesped	15-24973-S
cesped abierto	7-179-B
cesped prado	24-46477-B
cesta	15-52347-B,24-3540-B
cesta cesto	9-15858-B
cesto	9-15858-S
cesura	25-77509-B
cesura division silabica incorporacion de guiones	25-76283-B
cetaceo	1-130014-B
cetona	19-28080-B
cetral	31-4001-S
cetreria	24-1872-B,24-85417-B
cetrifugado	1-129034-B
cetro	12-72080-B
cfa	43-65473-S
cfa de africa occidental	43-37436-S
cfc	1-138268-S
cfp franco franco del pacifico	46-54688-S
ch ol chol	39-27335-B
ch orti	38-45690-B
chacal	25-74961-B
chachara farfulla habla palabreria parloteo verborrea	24-54324-S
chachi	38-60609-B
chaco papa dulce	66-80443-S
chacobo	38-58954-B
chad	10-103156-B,31-15524-S,32-16813-S,37-92102-S
chad escrito	31-15587-S
chad escrito con escritura latina	31-15674-S
chad hablado	31-15842-S
chadica	28-44196-S
chagang do	30-50175-B
chagas	1-130227-S
chagas enfermedad de chagas mazza mal de chagas	1-130227-S
chagas mazza mal de chagas	1-130227-S
chagatai	17-68924-B
chagatai clasico	26-38397-B
chagatai post clasico	26-38480-B
chagatai pre clasico	26-38306-B
chagos	32-41789-B
chaima	38-78172-B
chajul ixil	43-24919-B
chak	39-1226-B
chakali	39-11329-B
chakaviano	16-96170-B
chakma	30-5431-B,54-41739-B
chakma escrito	30-5639-B
chakma escrito con escritua bengali	30-5900-B
chakma escrito con escritura latina	30-5754-B
chala	44-42127-B
chala chancla chancleta chola pedal de acelerador	62-26262-S
chala chinela sandalia	67-46865-B
chalan	59-66793-S
chalana chalan	59-66793-B
chaleco	48-15752-B
chaleco salvavidas salvavidas	66-71982-B
chalota	52-8043-B
chalti bhasa	54-42232-B
cham	27-37259-S,27-37566-S,34-34129-S,35-18928-S
cham occidental	38-78242-B
cham oriental	39-159-B
chamacoco	38-74236-B
chamalal	28-18945-B
chamari	38-71839-B
chambeali	29-22396-B
chambery	50-23056-B
chambri	38-58865-B
chami	39-11949-S
chamicuro	38-70504-B
chamizado	6-92998-S
chamorro	17-69207-B
champan	18-14170-S
champana	53-33640-S
champana ardenas	34-51679-B
champana champan	18-14170-B
champinon ostra girgola	52-8193-B
champu	16-87848-B
chamuscar incendiar quemar	66-21762-B
chancaca empanizao panela panocha papelon piloncillo rapadura raspadura tapa de dulce	69-19027-S
chancla chancleta chola pedal de acelerador	62-26262-S
chancleta	50-32465-B
chancleta chola pedal de acelerador	62-26262-S
chancroide	23-53283-B
chandal mono sudadera	66-85473-B
chandannagar	32-18920-S
chandari	30-2249-B
chandpuri	29-24666-B
chane	38-58182-B
changchun	63-81835-B
changriwa	38-74596-B
changthang	39-12384-B
chantaje extorsion	59-103324-B
chantajear	33-2133-B
chantajear extorsionar	59-103529-B
chantajista	49-83754-B
chantajista extorsionista	59-103111-B
chantarela rebozuelo	61-79054-S
chantyal	38-76566-B
chaoui	27-60179-B
chaoui escrito	27-60241-B
chaoui hablado	27-60319-B
chapa lamina plancha	43-27526-B
chapa ondulada hierro ondulado	55-62575-B
chapa placa	43-27235-B
chapar	40-50788-B
chapeado de metales	3-142222-B
chapitel	17-30043-S
chapucear	50-62781-B
chapucear danar estropear	19-100443-B
chaqueta	50-74374-B
chaqueta de mezclilla	60-47429-B
chaqueta de piel	49-32967-B
chaqueta saco	13-86883-S
chaquete tablas reales	47-102068-S
chara	31-46312-B
charco	21-59112-B
charente	34-4378-B,34-53785-B
charente maritimo	34-4658-B
charentes	34-53641-S
charla chachara farfulla habla palabreria parloteo verborrea	24-54324-B
charlador charladora charlatana charlatan	51-24981-B
charladora charlatana charlatan	51-24981-S
