book abecedary primer	61-44873-S
book audio book audiobook	17-18175-S
book audiobook	17-18175-S
book by its cover	68-47159-S
book by its cover the cowl does not make the monk you can t judge a book by its cover you can t tell a book by its cover	68-47159-S
book by its cover you can t tell a book by its cover	68-47159-S
book christian bible good book holy scripture holy writ scripture word word of god	47-74195-S
book cookery book	55-50739-S
book guidebook	66-70461-S
book hold reserve	15-99443-B
book holy scripture holy writ scripture word word of god	47-74195-S
book number	21-59913-S
book of revelation book of the revelation of john revelation revelation of saint john the divine	46-32053-S
book of the revelation of john revelation revelation of saint john the divine	46-32053-S
book phonebook telephone directory	54-74787-S
book report book review literary review	56-38671-B
book review literary review	56-38671-S
book stall station bookstall	58-110447-S
book volume	15-53920-B
bookan	37-12809-B
bookbinder	16-63608-B
bookcase bookshelf	16-1975-B
booking reservation	66-74318-B
bookkeeper comptroller controller	19-87841-S
bookkeeping	1-102684-B,21-64355-B
bookmark	17-34715-B
bookmark bookmarker	17-34421-B
bookmarker	17-34421-S
bookshelf	16-1975-S
bookshop	50-31941-B
bookstall	58-110447-S
boolean	53-16969-S
boolean boolean	53-16969-B
boolean satisfiability problem sat	52-84009-B
boom	5-72829-S,46-77891-S
boom nail smash	59-17025-S
boomerang	65-98038-B
booming	24-34367-B
boon	29-14554-S
boon boon	29-14554-S
boon spoken	29-14699-B
boonan bunan erankad gahri ghara keylong boli lahuli of bunan poonan punan	36-57362-B
boor	28-46751-B
boost encouragement	58-19005-B
boost promote	10-82994-S
boot	13-61187-B
boot kick kicking	69-73161-B
boot trunk	13-52537-B
booth	24-94588-S,48-54804-S
booth stall	15-10890-B
booth voting booth	24-94588-S
bootilicious bootylicious callipygian callipygous	64-67399-B
bootlicker brown nose brown noser lickspittle sycophant toady	60-71449-S
boots wellies wellington boots wellingtons	65-93899-S
boots wellingtons	65-93899-S
booty spoils	19-89780-S
bootylicious callipygian callipygous	64-67399-S
booze fuddle	15-20479-S
booze hard liquor liquor spirits strong drink	15-69412-S
boozed up canned drunk drunken ebrious groggy inebriate inebriated intoxicated juiced out of it plastered shit faced sloshed smashed sozzled trashed wasted well oiled	8-74627-S
boozer drunk drunkard	8-85019-B
bopchi	26-57785-B,33-78565-B
bor	31-39140-S
bor gok	31-37809-B
bora miraña	37-22361-B
borail sadri	30-144-B
borana arsi guji oromo	29-7587-B
borana arsi guji oromo spoken	29-7723-B
borcala	26-26720-B
bord	19-1366-B
bordeaux	34-23844-B
bordello whorehouse	61-7477-S
border	1-102871-B,20-8964-B
border edge	15-99896-B
border gateway protocol bgp	54-107984-B
border kuna	49-15010-B
border margin perimeter	15-99705-B
border river	43-70247-B
borders on	43-14597-B
bore	68-39370-S
bore eager eagre eygre tidal bore	68-39370-S
boreal	51-40068-B
boreal forest taiga	68-67428-B
borealis northern lights	69-56953-S
borecole	55-51326-S
bored	56-43577-B
boredom tedium	50-33647-B
borei	41-51591-B
borena a	29-7895-B
borgu fulfulde	41-47344-B
boring	58-116104-S
boring deadly boring deathly boring	58-116104-S
boring deathly boring	58-116104-S
boring dull tedious	17-24797-B
born	14-5266-B,22-5727-S,68-48234-S
born innate natural	15-100264-B
born third born	68-48234-S
borna	38-33827-B
borna disease	66-78255-B
borne disease	51-33591-S
borneo kalimantan	47-76274-B
boro	31-48669-B
boro spoken	31-48795-B
boron	1-103055-B
borong	48-29628-B
bororo borôro	37-24666-B
bororro fulfulde	41-48093-S
borrow	11-21315-B,11-21656-B
borrow take over take up	11-21514-S
borsch borscht borshch borsht	60-29436-B
borscht borshch borsht	60-29436-S
borshch borsht	60-29436-S
borsht	60-29436-S
boruca	37-89307-B
borôro	37-24666-S
boselewa	38-29823-B
bosngun	37-87920-B
bosnia	16-97540-B
bosnia and herzegovina	15-47971-S
bosnia and herzegovina republic of bosnia and herzegovina	15-47971-B
bosnia serbia	32-32801-S
bosnian	8-76140-B,16-97037-B,16-97233-B
bosnian spoken	32-59842-B
bosnian written	32-59500-B
bosnian written latin script	32-59645-B
bosom	17-77588-S
bosom breasts funbags knockers tits	63-47015-S
boson	64-24552-B
boson higgs particle	67-71498-S
bosphorus istanbul strait	63-67820-B
boss chief head leader	7-89212-S
boss line manager manager supervisor	67-17284-B
bossage	17-23990-B
bossangoa	41-53589-S
boston	10-8852-B
bot	49-69791-B
botan rice glutinous rice mochi rice pearl rice sticky rice sweet rice waxy rice	56-67345-B
botanic botanical	36-27377-B
botanical	36-27377-S
botanical conservatory	6-71485-B
botanical garden	1-103259-B
botanist	17-92296-B
botany phytology	1-103441-B
botch	19-100443-B
botcher bungler	50-17620-S
bote majhi	29-55216-B
bote majhi spoken	29-55310-B
botfly	33-36597-B
both	10-68821-B
bother annoyance botheration infliction nuisance pain pain in the ass pain in the neck	46-14604-B
bother devil irritate nettle annoy chafe get at get to gravel nark rag rile vex	46-14102-B
bother trouble discommode incommode inconvenience put out	18-49540-B
botheration infliction nuisance pain pain in the ass pain in the neck	46-14604-S
bothersome	50-33987-B
bothersome irritating pesky troublesome vexatious	46-14956-S
bothnia	56-50656-S
botlikh	28-18156-B
botnet	65-56645-B
botswana	12-48198-S
botswana republic of botswana	12-48198-B
botswanan	66-11204-B,66-11271-B
bottle	8-7282-B,8-7679-S,15-100391-B,21-75229-S
bottle baby s bottle feeding bottle	8-7679-B
bottle bottleful	8-7530-B
bottle cap	7-1320-B
bottle feeding bottle	8-7679-S
bottle green	19-64794-B
bottle opener	50-41049-B
bottle stopper cork stopper	59-38612-B
bottled fruit bottled fruit or vegetables bottled vegetables preserves	70-4855-B
bottled fruit or vegetables bottled vegetables preserves	70-4855-S
bottled vegetables preserves	70-4855-S
bottled water	66-11108-B
bottleful	8-7530-S
bottleneck	46-1658-S,50-40890-B,68-51400-S
bottleneck genetic bottleneck	46-1658-S
bottlenose dolphin	63-68292-B
bottom	6-23022-S,14-5322-B,15-47533-S,16-0-B
bottom bum buns butt buttocks derriere fanny fundament hind end hindquarters keister nates posterior prat rear rear end rump seat stern tail end tooshie tush	15-56048-S
bottom line	44-44837-B
bottom sea floor seabed seafloor	5-32281-S
bottom whale	66-22576-S
bottom whale sulphur bottom whale	66-22576-S
bottomless	50-46594-B
bottommost	50-46709-B
botulinum toxin	48-102035-B
botulism	50-47258-B
bouches du rhône	34-3672-B
bougainvillea	25-93368-B
boule	36-2885-S
boulevard avenue	49-70608-B
boun neua	27-8326-B
bounce resile	61-33147-S
bouncer	49-80989-B
bound	52-97002-B,69-6799-B,69-6885-B
bound morpheme	16-53150-B
bound rebound recoil reverberate ricochet spring bounce resile	61-33147-B
boundary	7-52518-S,19-61615-B
boundary layer	1-103714-B
bounding main	4-46361-S
bounty	50-47916-B
bounty generosity	50-47834-B
bounty hunter fugitive recovery agent	60-14389-S
bouquet flower bouquet nosegay posey posie posy tussie mussie	60-84783-B
bouquet nosegay posey posie posy tussie mussie	60-84783-S
bourgeoisie	43-7998-B
bourgogne	34-38781-B
bourguignon beef burgundy	60-13937-S
bouriya	26-57530-B
bourmataguil	28-45308-S
boutique retail outlet	14-51521-S
bouvet island	32-67208-B
bouyei	27-34754-B
bouyei written	27-34790-B
bouyei written latin script	27-34905-B
bovid	1-103941-B
bovine	7-28117-S
bovine spongiform enecelophalopathy mad cow disease	35-53364-B
bovines bovine	7-28117-B
bow	18-5841-B,19-22187-B,67-62334-B
bow tie	18-25956-B
bow wow bowwow	17-90592-B
bowel cancer	37-29046-S
bowel movement movement shitting	61-53762-S
bower anchor	12-7723-B
bowl	9-9937-B,16-469-B
bowl organ glass armonica harmonica hydrocrystalophone	66-20072-S
bowl pasta plate	60-424-S
bowl stadium sports stadium	16-580-S
bowler	32-64329-B
bowling pin	11-65324-S
bowman	43-57662-S
bowsprit	50-48277-B
bowwow	17-90592-S
box	8-82628-B,16-1347-B,16-14971-S,19-103508-S,48-21325-S,67-86966-S
box corner	16-1142-B
box idiot box television television receiver tv tv set	10-98823-S
box loge	16-923-B
box package	16-1451-B
box penny bank piggybank	62-97213-S
box television television receiver tv tv set	10-98823-S
box testing	54-13827-S,65-29046-S
box testing black box testing	54-13827-S
box testing clear box testing glass box testing pruebas estructurales structural testing transparent box testing	65-29046-S
box testing glass box testing pruebas estructurales structural testing transparent box testing	65-29046-S
box testing pruebas estructurales structural testing transparent box testing	65-29046-S
boxer	36-71164-B
boxer briefs boxerbriefs tight boxers	68-94442-B
boxer shorts boxers loose boxers	67-21924-B
boxerbriefs tight boxers	68-94442-S
boxers	67-21924-S,68-94442-S
boxers loose boxers	67-21924-S
boxes	13-79588-B
boxing	42-30399-B
boxing glove	42-30623-B
boxing ring ring	70-721-B
boy	8-31891-B,23-107166-S,62-36813-S,62-52729-S
boyao	27-37768-B
boycott	36-49722-B
boyfriend	60-65666-S
boyfriend bf	11-35318-B
boyfriend friend girlfriend	8-9873-B
boyle law	45-36570-S
boyle s law mariotte boyle law	45-36570-B
bozaba	38-43678-B
bozo	37-56750-S,38-44632-S
bozo sorko sorogaama	38-42924-S
bozo tièma cièwè bozo tiɛma cɛwɛ	37-23668-S
bozo tiɛma cɛwɛ	37-23668-S
bozoum	41-53711-S
boötes	44-69552-B
bpa bisphenol a	66-15157-B
bpel	54-21323-S
br	35-17847-S
bra brassiere	22-11866-B
bra uidi formal	30-25517-B
brabant	33-86345-S
brabant north brabant	33-86345-S
braber central morocco tamazight tamazight	27-56025-S
brac	15-70728-S
brac bric à brac	15-70728-S
bracelet wristlet	41-34566-B
brachiation	66-67421-B
brachii	67-18667-S
brackish briny	60-77017-B
brackish water	1-104005-B
bract involucre	61-49072-S
bradyseism	1-104273-B
braeburn	8-46286-B
brag bray gasconade shoot a line swash tout vaunt	62-18099-S
bragat	35-74357-B
brageiragués	31-61454-B
brahmi	63-108842-S
brahmi brāhmī brahmi	63-108842-B
brahmi script	63-109057-S
brahmin	29-43143-S,30-36626-S
brahminy kite red backed sea eagle	67-52608-B
brahui brahvi	30-24556-B
brahui spoken	30-25414-B
brahui written	30-24832-B
brahui written nastaliq script	30-24947-B
brahui written perso arabic script kalat model	30-25193-B
brahvi	30-24556-S
braid	20-58216-B
braille	19-30140-B
brain	9-41363-B,9-41816-B
brain barrier	68-66405-S
brain chump dolt idiot not the sharpest tool in the shed putz simpleton	8-62453-S
brain death	66-38779-B
brain einstein brainbox brainiac genius mastermind	9-41690-B
brain haemorrhage	56-45505-S
brain mind intellect reason wit	9-26908-B
brain stem brainstem	9-42367-B
brain teaser enigma riddle	42-49215-S
brainbox brainiac genius mastermind	9-41690-S
brainchild	50-48410-B
brainiac genius mastermind	9-41690-S
brainstem	9-42367-S
brainwashing	19-39212-B
braj bhasha	37-88568-B
braj bhākhā formal	29-48791-B
braj braj brij bhasha	17-67770-B
braj brij bhasha	17-67770-S
braj spoken	29-48729-B
brake	18-80656-B,18-80828-B,33-5036-S,33-6874-S,62-27845-S,62-36518-S
brake anti lock anti lock brake system anti lock braking system anti skid system antiblocking system antilock brake antilock brake system antilock braking system wheel lock control	63-46304-S
brake antilock brake system antilock braking system wheel lock control	63-46304-S
brake emergency brake hand brake handbrake parking brake	62-36518-S
brake fluid	50-48682-B
brake hand brake handbrake parking brake	62-36518-S
brake handbrake parking brake	62-36518-S
brake horsepower horsepower mechanical horsepower	63-35904-B
brake kers	59-104909-S
brake pedal foot brake	62-27845-B
brake system anti lock braking system anti skid system antiblocking system antilock brake antilock brake system antilock braking system wheel lock control	63-46304-S
brake system antilock braking system wheel lock control	63-46304-S
braking system anti skid system antiblocking system antilock brake antilock brake system antilock braking system wheel lock control	63-46304-S
braking system wheel lock control	63-46304-S
bramble	26-5362-B
bran	51-84443-B,60-13391-S
branch	6-54711-S,9-10439-S,10-9346-S,15-37559-B
branch fork furcate ramify	40-16212-B
branch subdivision	34-39893-S
branch tree branch	9-10439-B
brand	10-5103-B
brand loyalty	48-39596-B
brandenburg	18-59708-B
brandy	50-48843-B,56-83065-B
brao lave	27-17121-B
brasil	30-11740-S,30-22726-S
brasilia	13-8979-B
brass	16-56083-B
brass altar of burnt offering altar of holocaust altar of the burnt offering brazen altar	66-41706-S
brassicales	15-71032-B
brassiere	22-11866-S
brat	36-15815-S
bratislava	15-83239-B
brave	9-30080-B,14-82517-B,14-82666-B,49-47301-B
brave courageuos valiant	55-72866-B
brave dauntless hardy unfearing	56-18393-S
brave face put up a brave front take up arms against a sea of sorrows	65-45662-S
brave front take up arms against a sea of sorrows	65-45662-S
bravo time cedt cest central european daylight saving time central european summer time mest middle european summer time	63-57849-B
bray gasconade shoot a line swash tout vaunt	62-18099-S
brazen altar	66-41706-S
brazen bull sicilian bull bronze bull	66-49165-B
brazen faced fresh impertinent impudent overbold sassy saucy smart wise	12-40276-B
brazen shameless	43-6980-B
brazenness cheek chutzpa chutzpah hutzpah	60-48641-B
brazil	12-41587-B,46-58164-S
brazilian	22-51938-B,23-5824-B
brazilian real	39-45408-B
brazilian sign language	37-91985-B
brazzaville	12-92342-S,16-49210-B
bre	16-74597-S
bread	8-32833-B,14-95072-S,46-91976-S,51-84306-S,52-42331-S,55-99876-S,56-101335-S,68-99161-S
bread dough	54-70173-B
bread drink kvas kvass	60-26931-B
bread flatbread	51-50974-S
bread knife	45-4004-B
bread machine breadmaker	49-80330-B
bread wheat	63-62389-S
breadmaker	49-80330-S
breadth first search	25-35531-B
breadth hairbreadth hairsbreadth	61-37243-S
breadth hairsbreadth	24-79811-S
breadth width	48-6367-B
breadwinner	50-51122-B
break	14-2052-B,15-57493-S,22-40064-B,22-40193-B,54-0-S
break a leg good luck	21-9215-B
break bone fracture fracture	61-46922-B
break check contain hold back stop turn back	69-35389-S
break in	50-51357-S,51-14077-S
break in break in	50-51357-B
break in domesticate domesticise domesticize reclaim	68-87131-S
break up	39-56578-B,50-6610-B
break up recess	24-80385-S
breakable fragile	20-27544-B
breakage	23-104952-B
breakbone fever	22-43758-S
breaker ground fault circuit interrupter residual current device	20-86827-S
breaker ice breaker icebreaker	61-78636-S
breaker icebreaker	61-78636-S
breakfast	8-7991-B,50-50586-S
breakfast have breakfast	50-50586-B
breakfast room	50-50436-B
breaking and entering	46-7513-S
breaking job	63-26460-S
breakneck	50-51528-B
breakout	50-51618-B
breakthrough	19-94747-B
breakthrough discovery	19-94606-B
breakwater	50-51795-B
bream	16-89783-S,50-52144-B
bream gilthead bream sea bream	16-89783-S
bream sea bream	16-89783-S
breast augmentation breast enlargement mammoplasty enlargement	51-11598-S
breast bust tit	8-49540-B
breast cancer	48-6883-B
breast chest	9-46705-B
breast enlargement mammoplasty enlargement	51-11598-S
breast feeding breast feeding breastfeeding nursing	59-41140-B
breast feeding breastfeeding nursing	59-41140-S
breast milk	1-104459-B
breast pocket	50-52749-B
breast removal mammectomy mastectomy	57-6722-B
breastbone	50-52323-B
breasted	63-88601-S
breasted buzzard black breasted kite	67-52833-S
breasted kite	67-52833-S
breastfeed	60-23157-B
breastfeeding nursing	59-41140-S
breastpin	11-65976-B
breastplate	50-52572-B
breasts funbags knockers tits	63-47015-S
breaststroke	50-52938-B
breath	16-24108-B,16-24198-B,16-24525-B,16-41264-S
breath breath odor fetor oris foul breath halitosis oral malodor	36-5085-S
breath halitosis oral malodor	36-5085-S
breath odor fetor oris foul breath halitosis oral malodor	36-5085-S
breathalyser breathalyzer	64-44398-B
breathalyzer	64-44398-S
breathe in inhale	14-75456-B
breathe out	14-75579-S
breathe respirate	8-50933-B
breathing in inhalation inspiration	47-52622-S
breathless gasping panting	19-92609-B
breathtaking	50-53699-B
breathtaking jaw dropping jawdropping	68-95317-B
breathtakingly jawdroppingly	68-95478-S
bred thoroughbred truebred	66-64090-S
breechcloth loincloth	50-53845-B
breed	46-6249-B
breed of	46-6421-S
breeder	22-12454-B
breeding	1-104631-B,3-115216-S,4-90682-S
breeding bird	1-104942-B
breeze	50-53953-B
breezy buoyant charming debonair jaunty	56-26362-B
brek karen	49-14868-B
brem	38-24126-B
bremen	33-82611-B
bremsstrahlung	46-81091-B
breri	37-89780-B
brescia	34-35329-B,35-11921-B
brest	50-10732-B
bretagne	16-57563-S
breton	16-75263-B
breton spoken	28-33535-B
breton written	28-32904-B
breton written latin script medieval	28-33021-B
breton written latin script modern	28-33362-B
breton written latin script pre modern	28-33189-B
breviary	56-24161-B
brevity conciseness concision terseness	55-9121-B
brew	66-63856-B
brewer	16-64648-B
brewer s yeast	65-1141-B
brewery	50-54036-B
brewing industry	1-105242-B
bri	27-17830-S
bri la	27-15124-S
brianza	34-56114-S
briançon	50-22351-B
bribe buy corrupt grease one s palms	24-71767-B
bribe money	33-50561-B
bribe payoff	24-71346-B
bribery	50-54212-B
bribri	38-42853-B
bric a brac bric à brac	15-70728-B
bric à brac	15-70728-S
brick	1-105527-B,17-12450-S
brick house	51-30102-B
bricklayer mason stonemason	16-36156-B
brickwork	40-36605-B
bridal nuptial	23-102186-B
bride	7-88302-B
bride to be fiancee	44-28962-S
bridegroom groom	7-93242-B
bridesmaid	50-54976-B
