respiratory tract infection	62-22264-S
respite	54-74629-B
respond	7-95547-S
responder	54-112750-S
response	16-55350-S,42-4292-S
response relationship	2-57219-S
response relationship exposure response relationship	2-57219-S
responsibility	5-11137-B,21-5147-S
responsible	59-42710-B
rest	67-18166-B
rest ease relaxation	68-90878-B
rest foot stool footrest footstool	67-17912-S
rest on	40-51327-B
rest stay stay on	22-52188-S
restaurant	9-29986-B
resting form	5-11418-B
restive	41-55708-B
restless	62-71007-B
restoration	2-143978-S,5-11560-B,6-100029-S
restore touch on	14-77503-S
restrain oneself	40-56640-S,40-57395-B
restrain tie	68-92395-S
restrained reticent tight lipped tightlipped	15-33225-S
restrict	11-68628-S,69-32788-S
restricted	52-50900-B
restriction	5-131376-S,21-92353-B
restriction enzyme	45-80735-B
restroom	15-52719-S
restructure	39-42532-S
restructuring	19-38576-S,33-8611-B
result	59-36561-B
result by consequence consequently hence so therefore	14-48996-S
result consequently in consequence	19-33481-S
result solvent	13-84618-S
result turn out	40-13494-B
result upshot	54-8050-S
resume	59-22488-B
resurgence	51-77132-B
resurrection	23-95372-B
resuscitate	13-61065-B
retail	68-6331-B,68-6662-B
retail outlet	14-51521-S,20-91454-B
retail retail trade	25-91015-B
retail trade	25-91015-S
retailer	20-70646-B
retaining reservoir	6-132449-B
retaliation retribution revenge vengeance	13-25177-S
retarded	67-2198-S
retarded retarded	67-2198-S
retarding basin	5-11817-B
retargeting	36-46737-B
retch	42-11369-B
retch toss one s cookies yak	7-97481-S
reticent tight lipped tightlipped	15-33225-S
reticulum	52-35236-B,52-36250-S
retina	11-91680-B,42-71739-B
retinitis	48-32876-B,62-27946-S
retinue	14-70711-B
retire	23-39279-B,66-90122-B
retired	58-83200-B
retirement	42-5601-B
retirement home	56-59035-B
retouch	21-46237-B
retract	68-78745-B
retransmit	68-84103-S
retreat	33-8798-B
retribution revenge vengeance	13-25177-S
retrieval	52-111108-B,52-111339-B
retrieval ir	54-116204-S
retrieve	35-26258-B
retroactive authorization	33-16043-B
retrospective	21-5857-B
retrovirus	48-32994-B
rett syndrome	41-51007-B
return	17-17613-B,25-58374-S,52-83501-S,61-54283-S
return come back	13-55207-B
return give back	24-90283-B
return home	66-23109-B
return to conformism	33-8326-B
return to reunite	54-70465-S
returnable container	4-34858-S,7-30862-B
reunionese creole réunion creole	32-17714-B
reunite	54-70465-S
reusable container	5-11965-B
reusable throwaway	57-54127-S
reuse	33-2691-B,54-83738-S
reuse software reuse	54-83738-S
rev counter revolution counter tachometer	61-44143-S
revaluate	41-32114-B
reveal	20-50257-S
reveal oneself	40-31669-B
reveal uncover	22-40343-S
reveal unveil	57-23747-S
revegetation	5-12231-B
revelation	18-86572-S
revelation book of the revelation of john revelation revelation of saint john the divine	46-32053-S
revelation divulgence	18-86380-B
revelation of john revelation revelation of saint john the divine	46-32053-S
revelation of saint john the divine	46-32053-S
revelation revelation	18-86572-S
revelation revelation of saint john the divine	46-32053-S
revenge vengeance	13-25177-S
revengeful vengeful	18-57615-B
revenue yield	21-6101-S
reverberate ricochet spring bounce resile	61-33147-S
reverberating reverberative rolling	59-65698-S
reverberative rolling	59-65698-S
reverential	66-69038-B
reverie	56-19221-S
reverse	33-29231-B,49-67359-B
reverse contrary opposite	55-41287-B
reverse discrimination	64-41925-S
reverse engineering	35-42244-B
reverse hanging	63-98585-S
reverse osmosis	5-12788-B
revert	41-31451-B
review	14-62550-S,53-64490-B,54-85627-S,56-12856-B,56-38671-S
review literary review	56-38671-S
reviled unsavory	14-59069-S
revilement verbal abuse	19-60377-S
revise	33-2118-B
revise rewrite	53-99285-B
revised bible orthography	27-1601-S
revision	53-100402-B,53-100533-B
revision control source control version control	54-87527-B
revision rewrite	53-100719-S
revisionism	62-72889-B
revival	21-18573-S,39-45772-B
revived cornish	28-32541-S
revoke suppress	11-36948-S
revolt eighty years war dutch war of independence	25-13866-S
revolt rising uprising	13-10845-S
revolution	3-27386-S,25-108877-S,38-56287-S,41-44300-B,45-70269-S,49-55494-B
revolution bolshevik revolution great october socialist revolution october uprising red october	67-14486-S
revolution counter tachometer	61-44143-S
revolution great october socialist revolution october uprising red october	67-14486-S
revolution october uprising red october	67-14486-S
revolutionary	58-71067-B,58-71304-B
revolutionary calendar	38-65140-S
revolve	39-53734-B
reward	54-1556-S
rewrite	53-99285-S,53-99444-B,53-100719-S
rewriting	53-93731-B
rey rhages	18-92849-S
reykjavík	15-67035-B
rhages	18-92849-S
rheinische dokumenta	61-32161-B
rhenish rhine wine	64-32316-B
rhenium	15-4563-B
rheology	51-77415-B
rhesus macaque bhunder rhesus monkey	65-2284-B
rhesus monkey	65-2284-S
rheumatoid arthritis	21-52694-S
rheumatologist	18-33367-B
rheumatology	45-65951-B
rhin	34-14935-S,34-15073-S
rhine	34-32916-B,45-23535-S
rhine westphalia	18-58717-S
rhine wine	64-32316-S
rhineland palatinate	33-83001-B
rhinitis coryza runny nose	62-21994-B
rhino rhinoceros	12-47128-B
rhinoceros	12-47128-S,42-33451-S
rhinopharyngitis viral upper respiratory tract infection	62-22264-S
rhinoplasty	44-30159-B
rhinorrhea runny nose	62-23445-B
rhinoscope nasoscope	63-82744-B
rhinoscopy	63-83069-B
rhizotomy	57-8597-S
rhode island	16-21664-B
rhodesia	44-21031-B
rhodium	15-8172-B
rhodomontade rodomontade	58-75148-B,58-75318-B
rhodopsin	16-92456-B
rhomb rhombus	17-50354-B
rhombus	17-50354-S
rhondda	28-30176-S
rhubarb	66-18745-B
rhyme rime	61-68273-B
rhymni	28-30274-B
rhythm	43-28593-S
rhythm rhythm	43-28593-S
rhytidectomy rhytidoplasty	66-1549-S
rhytidoplasty	66-1549-S
rhêmes	32-22016-S
rhône	34-3672-S,34-15236-B,34-24726-B
rhône alpes	34-39721-B
ri	42-11640-S
rial	44-2712-S,44-3092-S
rial rial	44-2712-S
rib	15-3576-B,17-25621-B,68-30359-S
ribbing tantalization teasing	58-13622-S
ribbon	18-38009-S
ribnica	15-66573-B,15-66759-B,15-66841-B
riboflavin vitamin b2	62-74660-B
ribonucleic acid	14-32212-S
ribosomal rna	45-79576-B
ribosome	46-2180-B
ribow	28-8845-B
rica	12-50506-S
rica republic of costa rica	12-50506-S
rican	59-89354-S,59-89560-S
rican colón	43-70364-S
rican sign language	39-25671-S
rice	5-13008-B,17-75556-B,25-104182-S,56-67345-S,65-12485-S,65-12618-S,65-12754-S,65-13007-S,65-13085-S,70-9773-B
rice congee	20-79832-B
rice cooker rice steamer	51-11414-B
rice field paddy field	66-19767-B
rice glutinous rice mochi rice pearl rice sticky rice sweet rice waxy rice	56-67345-S
rice grain	17-76107-B
rice growing	65-96171-B
rice hulled rice	65-12754-S
rice japonica	52-2980-S
rice jasmine rice	65-12618-S
rice milk	66-57038-B
rice mochi rice pearl rice sticky rice sweet rice waxy rice	56-67345-S
rice oil	68-55882-B
rice pearl rice sticky rice sweet rice waxy rice	56-67345-S
rice pudding	65-105-B
rice rice	25-104182-S
rice steamer	51-11414-S
rice sticky rice sweet rice waxy rice	56-67345-S
rice sweet rice waxy rice	56-67345-S
rice vinegar	50-70230-B
rice waxy rice	56-67345-S
rich	14-16194-B,68-19935-S
rich abundant copious plenteous plentiful	46-5151-S
rich brisk	14-16812-B
rich man wealthy man	21-54789-S
rich well off wealthy	68-18430-B
richaganik	28-19560-B
riche new money new rich	68-19935-S
riche new money upstart parvenu	68-18751-S
richly	63-54371-S
richness	63-23517-B,63-23645-B
ricksha rickshaw	67-33125-S
rickshaw	67-33125-S
rickshaw ricksha rickshaw	67-33125-S
rico	33-80237-S
ricochet spring bounce resile	61-33147-S
rid	69-65936-S
rid of	58-6035-S
riddle	42-49215-S
ride	25-22647-B
ride herd on supervise	48-11428-S
ride sharing	65-68053-S
rider spring rocker	67-85310-S
ridge	41-2866-B,41-58358-S
ridgepole	69-59875-B
ridicule	39-45651-B,56-87899-S
ridiculer satirist	61-42317-S
ridiculous	47-39438-B
riding	66-88600-S
riding hood	13-46938-S
riding horseback riding	66-88600-S
riel	43-51570-S
rieng	34-54066-S
rieng svaay rieng	34-54066-S
rieti	34-69244-B
riffraff	50-32829-S
rifle	14-85816-B,26-16921-S
rift	16-91248-S
rift valley	38-63260-B
rift valley fever	64-24056-S
rift valley fever rift valley fever	64-24056-S
rig swindle	51-26831-S
riga	15-81511-B,44-4376-S
right	3-45132-S,5-13443-S,8-41176-B,10-35937-S,11-15143-S,16-81877-B,19-80672-B,48-82459-B,68-52046-S
right all right alright okay	59-82026-S
right alright okay	59-82026-S
right and proper	33-29093-S
right as rain sound as a bell sound in wind and limb	69-39350-S
right away straight off straightaway	50-35488-S
right handed righthanded	11-73980-B
right of way	26-17954-S
right to information	5-13690-B
right to one s own image	65-97620-B
righteous	58-48114-S
righthanded	11-73980-S
rightly	56-92754-S
rightmost	17-38159-B
rights	6-102010-S,6-102260-S
rights of nature	4-22563-B
rights of the author	66-54714-S
rigid stiff	53-21099-B
rigidity	53-49328-B
rigor	21-17682-B
rigor mortis	60-22505-B
rigorous stringent tight	47-81502-B
rikvani	28-17812-B
rile vex	46-14102-S
riluttante	33-1861-S
rim	62-17031-S
rim reaction injection molding reaction injection moulding	66-69326-B
rim wheel rim	62-17031-B
rime	61-68273-S
rimini	34-70042-B,35-17225-B
rinconada bicolano	38-12765-S
rind	17-87323-S,70-11260-S
ring	8-36516-B,13-30373-S,17-13478-S,17-14047-S,17-16241-S,39-30671-S,43-57344-S,46-73933-S,56-82758-S,56-82883-S,58-115101-S,64-17351-S,68-1543-S,70-721-S,70-879-B
ring associative ring with unity associative unital ring associative unitary ring ring with unity unital ring unitary ring	17-13478-B
ring associative unitary ring ring with unity unital ring unitary ring	17-13478-S
ring dating	2-34833-S
ring down the curtain buy the farm cash in one s chips choke conk croak drop dead give up the ghost go perish pop off snuff it	8-103554-S
ring finger ring man wedding finger	10-87959-S
ring life buoy life saver lifebelt lifering lifesaver	58-52449-S
ring man wedding finger	10-87959-S
ring ring	17-14047-S,70-721-S
ring ring up telephone	13-85999-S
ring ring with unity unital ring unitary ring	17-13478-S
ring signet ring	64-17351-S
ring theory	68-1757-B
ring unitary ring	17-13478-S
ring up telephone	13-85999-S
ring wedding band	7-109866-S
ring with unity associative unital ring associative unitary ring ring with unity unital ring unitary ring	17-13478-S
ring with unity unital ring unitary ring	17-13478-S
ringed	33-20991-B
ringer	66-35314-S
ringing	5-13974-B,53-51474-B
ringmail	20-95598-B
rings	21-0-S
rings the lord of the rings	21-0-S
rinse mouth wash	67-3141-S
rio	48-42467-S
rio de janeiro	48-42742-B
rio de janeiro rio	48-42467-B
rioplatense	31-56219-B
rioplatense spoken	31-56265-B
rip	40-35176-B
rip into the heart of	23-19051-B
rip pass gas	24-63901-S
ripe	67-33737-B
ripen	67-34029-B
rise	3-38798-S,33-33779-B,40-22409-B
riser morning person	60-83027-S
rising uprising	13-10845-S
risk	1-116019-S,5-8300-S,5-14180-B,6-55602-S,64-68259-B
risk analysis	5-14769-B
risk assessment	2-104985-S,5-15203-B
risk benefit analysis	5-15753-B
risk communication	5-16091-B
risk management	6-51012-B
risk perception	5-16534-B
risk reduction	5-16921-B
risk student	70-3103-S
risky	8-90042-S
rite	52-936-B
rival	52-33548-S,61-19429-S,61-19573-S
rivalry	62-70600-B
river	5-17291-B,10-102689-S,38-40091-S,38-40910-S,43-70247-S,44-55880-S,44-60369-S,45-13016-S,45-15178-S,46-93821-S,66-81699-S
river bed	6-62726-B
river blindness	4-51964-S
river catchment	10-73316-S
river dolphin	40-41983-S
river dolphin pai chi whitefin dolphin yangtze dolphin yangtze river dolphin	40-41983-S
river kadazan	47-58600-S
river kenyah	38-31758-S,46-17494-S
river language	34-84405-S
river management	6-131493-B
river mednovskiy	35-11609-S
river numic ute southern paiute	41-28433-S
river transport	2-145845-B
river turtle	66-44071-S
river turtle mesoamerican river turtle	66-44071-S
river water	5-17703-B
river yuma river	38-40910-S
riverside	17-21533-B
riverside vegetation	6-69946-B
riyadh	21-32228-B
riyal	44-13910-S
riyal riyal	44-13910-S
rna	33-46349-S,33-46678-S,45-78502-S,45-79576-S
rna interference	45-80002-B
rna ribonucleic acid	14-32212-B
rna synthesis	62-82322-S
rna world	45-90071-B
roach coach	56-29354-S
road	1-2022-S,5-17910-B
road access road	1-2022-S
road block	26-16562-S
road bridleway	50-55328-S
road network	6-97554-B
road rage	64-66148-B
road roller	59-94922-B
road safety	5-18209-B
road salt	5-18382-B
road sign traffic sign	56-59719-B
road through railroad train crossing	61-1666-S
road town	55-49402-B
road traffic	5-18478-B
road traffic engineering	5-18655-B
roadkill	12-65265-B
roads lead to rome	60-29203-S
roadway	40-32779-B
roaring thunderous thundery	49-60105-S
roast	9-80060-S,50-29889-B
rob	15-15148-B,56-96326-S
roba	50-11533-S
robber crab terrestrial hermit crab	50-60347-S
robbery	33-1434-B
robe	45-28666-S
robin	16-84700-S
robin redbreast	18-22735-S
robin robin redbreast	18-22735-S
robin robin robin redbreast	18-22735-S
robin test	3-77173-S
robles disease river blindness	4-51964-S
robot	24-58692-B
robot mechanical man	24-58921-S
robot semaphore stoplight traffic lamp traffic signal	15-18488-S
roboticization	25-65305-S
robotics	54-18916-S,55-76667-B
robotics three laws three laws of robotics	54-18916-S
robust	53-8116-B
robust chimpanzee	67-56874-S
robusta	53-8298-B
robustious boisterous rumbustious unruly	61-36230-S
robustness	53-26500-B,53-26640-B
rochelle	50-10569-S
rock	5-19155-B,11-71312-S,15-24474-B,16-2961-S
rock chuck yellow bellied marmot	64-37887-B
rock mechanics	6-140380-B
rock music	15-24586-S
rock rock music	15-24586-B
rock salt mining	4-111303-B
rock samphire samphire	66-17918-B
rock wool	5-19548-B
rocker	67-85310-S
rocket arugula eruca garden rocket rocketsalad	62-97888-B
rocket rocketsalad	62-97888-S
rocketsalad	62-97888-S
rocking chair	54-117069-B
rocky mountains	44-61438-B
rocky planet telluric planet	25-16932-B
rod	13-34663-S,22-52137-S,47-69033-B
rod cell	47-68439-S
rod common mullein flannelleaf flannelplant great mullein hag taper	69-24636-S
rod goldenrod	69-24813-S
rod rod cell	47-68439-B
rodent gnawer	5-19898-B
rodomont	58-75499-B
rodomontade	58-75148-S,58-75318-S
rodriguais	32-41591-B
roe deer	64-3016-S
roe deer roe deer western roe deer	64-3016-S
roe deer roe european roe deer roe deer western roe deer	64-3016-B
roe deer western roe deer	64-3016-S
roe european roe deer roe deer western roe deer	64-3016-S
roebuck	64-3291-B
roentgenium	15-17677-B
roentgenogram	43-28441-S
rogue	59-6218-S
roil	15-65209-S
rok	27-9712-B
roland	66-38426-S
role	21-66825-B,21-66924-B,39-53593-B
role model	12-36108-S
role playing game	20-87672-S
role playing game tabletop role playing game	20-87672-S
roleplaying game role playing game tabletop role playing game	20-87672-S
roleplaying game rpg pen and paper roleplaying game role playing game tabletop role playing game	20-87672-B
roll	15-42665-S,15-43408-S,21-77425-S
roll cinnamon bun cinnamon snail cinnamon swirl	66-20514-S
roll of thunder rolling thunder	37-25244-B
roll up	34-22105-S
roll up bug roly poly slater sow bug woodlouse	19-11489-S
roll up one s sleeves	21-18091-S
roll up one s sleeves roll up one s sleeves	21-18091-B
rollback	13-792-B
rolled oats	60-71862-B
roller	59-94922-S
roller coaster rollercoaster	8-80472-B
rollercoaster	8-80472-S
rolling	59-65698-S
rolling metal door	65-50190-B
rolling noise	6-121521-B
rolling pin	44-82472-B
rolling stone gathers no moss	69-45442-S
rolling thunder	37-25244-S
rollmops	51-20448-B
roly poly slater sow bug woodlouse	19-11489-S
rom	6-147161-S
roma	17-19407-B
roma rome	34-69485-B
romagna	11-36816-S
romagnolo	39-33137-S
roman	32-34692-S
roman alphabet	33-40341-S
roman culture	39-53465-S
roman empire	46-34011-S,46-34464-S,50-80947-B,50-81859-S,50-82347-S
roman mythology classical mythology	61-52663-S
roman numeral	46-59434-B
roman republic	50-81504-B
roman roman alphabet	33-40341-S
roman tonsure tonsure	65-13258-B
romance	14-71602-B,21-23837-B,31-49834-S,32-34806-S
romance gallo romance languages	32-7168-S
romance ibero romance languages	31-49999-S
romance languages	31-49677-S,31-49999-S,32-7168-S
