son trang	31-11741-B
son written	27-2687-B
son written latin script	27-2790-B
sonai	30-56780-B
sonata	12-85613-S,14-88658-S
sondrio	34-70616-B,35-21200-B
song	13-41678-S,21-93604-S,22-16136-B
song of roland	66-38426-B
song strain	61-59632-B
songai humburi senni songhai humburi senni songhay songhay of hombori	32-60429-S
songbird	5-72541-B
songhai humburi senni songhay songhay of hombori	32-60429-S
songhai songhay	32-60294-B
songhay	32-60294-S,32-60340-S
songhay of hombori	32-60429-S
songhay songhay of hombori	32-60429-S
songhay spoken	32-60912-S
songhay written	32-60733-S
songor a	31-16848-B
sonic boom	5-72829-B
sonication	25-53202-B
sonoluminescence	69-30275-B
sonpari	29-53641-B
soomaali formal	29-11620-B
soomaali g spoken	29-11484-S
soomaali v	29-11740-B
soon as once soon the minute when	20-85000-S
soon as possible asap earliest possible	61-69246-S
soon speedily	14-11686-S
soon the minute when	20-85000-S
soonest possible as soon as possible asap earliest possible	61-69246-S
soot	5-73170-B
soothe	14-1419-S
soother	65-101468-S
soothsayer	57-70050-S
sophism	49-49639-B
sophisticate	60-80743-S
sophisticated	16-51834-B,21-41659-B
sopo	31-20289-S
soporific	52-16391-B
soporifically	62-101056-S
sopping sopping wet soppy wringing wet	56-60830-S
sopping wet soppy wringing wet	56-60830-S
soppy wringing wet	56-60830-S
soprano	7-85492-B
sora written	26-59955-B
sora written latin script	26-60062-B
sorani	39-723-S
sorbet	12-89821-B
sorbian	9-73565-S,9-73693-S
sorbian spoken	32-50622-S,32-50708-S
sorbian wendish	9-3976-B
sorcerer warlock wizard	38-68708-S
sorcerer wizard	15-35123-S
sore	58-39135-S,59-6843-B
sore throat throat pain	66-68550-B
sorko sorogaama	38-42924-S
soro	29-1531-B
sorogaama	38-42924-S
sorority	24-85512-S
sorption	5-73497-B
sorrel sorrel spinach dock	54-68440-S
sorrel spinach dock	54-68440-S
sorrow	49-71242-S
sorrow grief	10-2392-B
sorrows	65-45662-S
sorry	14-62790-B,14-62956-B
sorsogon	37-489-S
sorsogon ayta	36-15318-B
sort	22-10641-S
sort out	64-86824-S
sort out try to settle try to sort out	64-86824-S
sorting	6-21299-S,52-90464-B
sorting algorithm	52-90750-B
sorādi	29-26002-B
sota kanum	48-10216-B
sotho	17-70607-S
sotho sepedi	46-27695-S
sotho southern sotho	17-70607-S
sou east south southeast	49-11988-S
sou sou east south southeast	49-11988-B
soul	15-11760-B,15-12318-B
souletin basque	27-50701-S
souletin souletin basque	27-50701-B
sound	3-110328-S,5-73771-B,11-4434-B
sound as a bell fit as a fiddle fit as a flea in rude health right as rain sound as a bell sound in wind and limb	69-39350-S
sound as a bell sound in wind and limb	69-39350-S
sound emission	5-74298-B
sound immission	5-74417-B
sound in wind and limb	69-39350-S
sound insulation material	3-73929-B
sound level	5-74888-B
sound off	11-22594-S
sound pressure level	1-4583-S
sound propagation	5-75656-B
sound salish	41-25219-S
sound transmission	5-76258-B
soundboard	23-84531-S
soundly thoroughly	59-79606-S
soundness	63-123518-B
soundproofing	5-75319-B
soup	9-19219-B,13-24471-S,13-24733-S,33-78121-S,35-28013-S,44-52429-S,44-52672-S,51-31027-S,51-86319-S
soup kitchen	12-69286-B
soup s on	11-29385-S
soup up supe up	64-25831-B
sour	47-12690-B,47-12829-B,47-12970-S
sour cherry	57-10944-B,57-11390-S
sour cream	67-8387-B
sour sullen	59-36309-S
source	2-91929-S,3-110696-S,4-97121-S,15-86569-S,20-90944-S,24-12824-B
source code	25-37078-B
source control version control	54-87527-S
source language	52-16157-B
source of sound	3-110328-S
source spring	9-14380-B
source text	52-15269-B
sourdough	60-69483-B
soursop	68-78061-B,68-78220-B
soused herring	50-74856-B
south	9-48737-B,36-67879-S
south africa	11-84596-B
south african sign language	44-78423-B
south america	5-76434-B
south andamanese cluster	26-56093-B
south asia	5-79204-S
south atlantic ocean	5-77173-B
south awyu	36-11405-B
south azerbaijan southern azerbaijan	36-17297-B
south azerbaijani	26-28383-B
south azerbaijani spoken	26-28910-B
south azerbaijani written	26-28535-B
south azerbaijani written perso arabic script	26-28675-B
south carolina	16-21769-B
south central banda	50-48997-B
south central dinka	31-36762-B
south central dinka spoken	31-36849-B
south china sea	21-26519-B
south dakota	16-21986-B
south dgernésiais	32-8215-B
south efate	41-8823-B
south fali	41-33543-B
south german southern german	61-11009-B
south giziga	28-6818-B
south holland	33-86626-B
south korea	12-91322-S
south korean	40-43339-B,58-115892-B
south lembata	50-13409-B
south levantine spoken arabic	35-20100-B
south marquesan	36-7815-B
south munda	26-59472-B
south munda central cluster	26-59564-B
south muyu	48-95885-B
south omotic	31-44893-S
south ossetia	18-53369-B
south pacific ocean	5-79886-B
south polar ocean southern ocean	1-52574-S
south saami	37-21757-B
south sardinian	32-29442-S
south southeast	49-11988-S
south sudan	66-39589-S
south sudan south sudan	66-39589-S
south ucayali ashéninka	39-17482-B
south west africa	51-5637-S
southeast	49-11988-S,52-30640-B
southeast asia	5-77710-B
southeast asian nations	1-66040-S
southeast ijo	43-1695-B
southeasterly	52-29979-B,52-30111-B
southeastern	52-29729-B,52-29836-B,52-29906-B
southeastern dinka	31-37506-B
southeastern dinka spoken	31-37616-B
southeastern huastec	42-58052-B
southeastern pomo	41-24188-B
southern	26-19758-S,27-52973-S,42-20265-S
southern africa	5-78604-B,30-45546-B
southern alta	35-9751-B
southern altai	26-40395-B
southern altai spoken	26-40498-B
southern amami oshima	35-52542-B
southern and antarctic lands	33-6041-S
southern and antarctic lands territory of the french southern and antarctic lands	33-6041-S
southern asia south asia	5-79204-B
southern auvergnat upper auvergnat	32-3241-S
southern aymara	36-13973-B
southern azerbaijan	36-17297-S
southern bai	36-57180-B
southern balochi	36-28133-B
southern banda	36-72169-S
southern betsimisaraka malagasy	36-72382-B
southern birifor	36-70515-B
southern bobo madaré	38-30637-B
southern carrier	38-57806-B
southern catanduanes bicolano	37-6170-B
southern dagaare	39-38459-B
southern dong	27-36869-B
southern dong written	27-36944-B
southern dong written latin script	27-37085-B
southern east cree	39-20645-B
southern elephant seal	12-76406-B
southern france	33-72199-B
southern german	61-11009-S
southern ghale	41-64896-B
southern gondi	30-27969-B
southern gondi spoken	30-28071-B
southern grebo	42-6512-B
southern guiyang hmong	31-5250-B
southern guiyang hmong written	31-5343-B
southern guiyang hmong written latin script	31-5520-B
southern haida	42-36454-B
southern hindko	29-28688-B
southern hindko spoken	29-28774-B
southern kalinga	48-10461-B
southern kaqchikel	39-1133-B
southern kisi	48-29715-B
southern kiwai	45-3048-B
southern mashan hmong	31-909-B
southern mashan hmong written	31-1000-B
southern mashan hmong written latin script	31-1173-B
southern min	12-23151-S
southern ocean	1-52574-S
southern ocean south polar ocean southern ocean	1-52574-S
southern ohlone	39-25786-B
southern paiute	41-28433-S
southern pashto	42-60514-B
southern pomo	41-24298-B
southern puget sound salish	41-25219-B
southern qiandong hmong	31-8038-B
southern qiandong hmong written	31-8133-B
southern qiandong hmong written latin script	31-8314-B
southern saurashtra	29-36087-B
southern sierra miwok	41-18245-S
southern sotho	17-70607-S
southern territories french southern and antarctic lands territory of the french southern and antarctic lands	33-6041-S
southern tiwa	41-27018-B
southern uzbek	26-38931-B
southern vietnamese	27-12527-B
southern yukaghir	49-20572-B
southern zhuang	38-71468-B
southern zuang written	27-31685-B
southern zuang written latin script	27-31830-B
southwest	52-30419-B
southwest asia	6-36782-S
southwest pashayi	29-18112-S
southwesterly	52-30197-B,52-30331-B
southwestern	52-29472-B,52-29582-B,52-29654-B
southwestern cluster	27-24941-S
southwestern dinka	31-35152-B
southwestern dinka spoken	31-35665-B
southwestern dinka written	31-35265-B
southwestern dinka written latin script	31-35442-B
southwestern fars	41-35648-B
southwestern guiyang hmong southwestern guiyang miao	31-1379-B
southwestern guiyang hmong written	31-1883-B
southwestern guiyang hmong written latin script	31-2080-B
southwestern guiyang miao	31-1379-S
southwestern huishui hmong	31-2310-B
southwestern huishui hmong written	31-2412-B
southwestern huishui hmong written latin script	31-2609-B
southwestern kaqchikel	38-61389-S,39-1441-S
souvenir	33-23642-S
sovereign	18-2256-B,18-2657-B
sovereign state	7-108293-S
soviet	50-25817-B
soviet democracy	15-31288-B
soviet republic	60-20085-S
soviet socialist republic	60-18966-S
soviet socialist republics	15-44997-S
soviet union ussr union of soviet socialist republics	15-44997-B
sow	8-25287-B,14-50695-B,64-1390-S
sow bug woodlouse	19-11489-S
soy bean	62-94077-B
soy beverage soy drink soy juice soybean milk soymilk	62-94341-B
soy drink soy juice soybean milk soymilk	62-94341-S
soy greater bean	62-93843-B
soy juice soybean milk soymilk	62-94341-S
soybean flour	62-96551-S
soybean milk soymilk	62-94341-S
soymilk	62-94341-S
sozzled trashed wasted well oiled	8-74627-S
spa gardens	43-63085-B
space	3-27783-S,3-115621-S,5-80656-S,6-98879-S,22-17078-B,23-22109-S
space debris space junk space waste	5-81613-S
space dot	61-70369-S
space index floor space ratio	67-19259-S
space junk space waste	5-81613-S
space policy	7-19004-B
space ratio	67-19259-S
space research	7-57836-B
space space	5-80656-S,23-22109-S
space telescope	54-59016-S
space travel	5-81290-B
space waste	5-81613-S
spacecraft spaceship	12-89349-B
spaceman spationaut taikonaut	18-35882-S
spaceport	65-18639-S
spaceship	12-89349-S
spacious wide	52-59265-S
spade	25-5671-B
spaghetti	11-14997-B
spaghetti with tomato sauce	17-8626-B
spain	11-91167-B,55-35434-S
spallation	46-84714-B,46-91376-S
spam	14-29136-B,14-29311-S
spam email spam	14-29311-B
spandex	36-65599-S
spaniard	8-24013-B,8-24190-B,8-24356-B
spanish	7-113450-S,17-6945-B,32-31114-S
spanish chileno	31-55246-S
spanish cubano	31-53825-S
spanish ecuatoriano	31-54860-S
spanish fighting bull fighting bull	60-82810-B
spanish judæo spanish	32-31114-S
spanish maquis	60-94216-B
spanish romani	54-61769-S
spanish salsify black oyster plant black salsify scorzonera serpent root viper s grass viper s herb	53-62543-B
spanish sign language	46-72083-B
spanish speaking	60-89904-B
spanish spoken	31-51940-B
spanish uruguayo	31-55717-S
spanish written	32-30789-S
spanish written latin script	32-30935-S
spanworm	67-0-S
spark plug	13-89384-B
sparkling water	10-109201-S
sparkling wine	18-70586-B
sparrow	11-77346-B
sparrowhawk	18-4881-S
sparrowhawk sparrowhawk	18-4881-S
sparse	53-23849-B
spasm	55-89000-S
spasmodic croup	5-82150-S
spasmolytic	66-64808-S
spasticity muscular hypertonicity	51-100997-B
spatial	40-28480-B
spatially	53-25821-B
spationaut taikonaut	18-35882-S
spawning ground	6-67847-B
speak on the phone telephone	13-86163-B
speak talk	9-67179-B
speaking	33-12201-S,33-13077-S,60-89725-S,60-89904-S,60-90096-S,60-90248-S,60-90414-S,60-90603-S,60-90780-S,60-90980-S,60-91160-S,60-91308-S,60-91447-S,60-91638-S,60-91835-S,60-91982-S,60-92130-S,60-92389-S,60-92566-S,60-92757-S,60-92937-S
speaking generally loosely	48-28523-S
spear	18-40797-S
spear mint spearmint	67-78792-B
spear phishing	66-26209-B
spearman colorado beetle potato beetle potato bug ten lined potato beetle	38-37898-S
spearmint	67-78792-S
special	14-16072-B,15-10770-B,70-14331-B
special law	5-82317-B
special theory of relativity	38-15841-B
special waste	5-82733-B
specialist aurist	47-51435-S
speciality chemical	7-5713-B
specially	49-55761-S
speciate differentiate	64-138-B
speciation	53-90118-B
species	1-8033-S,1-98689-S,2-122760-S,2-127327-S,4-1984-S,4-123471-S,4-141508-S,5-83011-B,5-83449-S,6-53364-S,6-53538-S,6-68753-S,9-14763-S,36-28330-S,36-36241-S,36-36673-S,36-36912-S,37-59603-S,37-59789-S,49-33071-S
species introduced species	36-28330-S
species vulnerable species	37-59789-S
specific	12-22739-S,38-3953-B
specific heat capacity	13-98350-S
specific heat specific heat capacity	13-98350-B
specific language	54-16727-S
specifically	50-38399-B,59-80751-B
specification	24-16022-S,36-44910-B,54-78372-S
specificity	25-53401-B
specify	21-60992-B
specify set apart	46-85821-S
specimen	66-78643-S
specimen bank	2-106108-S
specious	35-73382-B
speck	68-29420-S
speckled spotted	56-17464-S
spectacled	13-9463-S
spectacles	12-44361-S
spectator viewer	64-34860-S
spectral	53-50984-B
spectral band	7-44851-B
spectrophotometry	64-70766-B
spectroscopy	5-83872-B,37-40697-S
spectrum	51-49595-S,53-51131-B
speculaas	10-71150-B
speculaas speculoos	10-71452-B
specular	53-50795-B
specularity	63-6574-B
speculate theorize	62-41470-S
speculoos	10-71452-S
speech	13-67392-S,17-92437-S,21-79840-S,64-52049-S
speech child directed speech infant directed talk mommy talk motherese parentese	64-39752-S
speech free indirect discourse free indirect style	64-52211-S
speech free speech	13-67392-S
speech infant directed talk mommy talk motherese parentese	64-39752-S
speech lexical category lexical class word class	15-73055-S
speech motherese parentese	21-71172-S
speech quoted speech	64-52049-S
speech stylistic level	21-62228-S
speech talk	6-144595-B
speech therapist	16-61698-B
speech therapy	18-72421-B
speed camera	22-53080-B
speed demon speeder	65-13840-B
speed lightspeed speed of light	38-16439-S
speed limit	5-85149-B
speed of light	38-16439-S
speed railway	3-38902-S
speed s n methyl 1 phenylpropan 2 amine n methyl 1 phenylpropan 2 amine n methylamphetamine crystal crystal meth desoxyephedrine ice metamfetamine meth methylamphetamine tik tina tweak	68-43522-S
speed speed up accelerate quicken	47-20306-B
speed up	18-27255-S,18-27363-S
speed up accelerate quicken	47-20306-S
speed velocity	5-84457-B
speeder	65-13840-S
speedily	14-11686-S,49-56429-S
speedup	16-9532-S
speedwords	40-48651-S
speedwords dutton speedwords	40-48651-S
speedy swift	59-37118-S
spelaeology	25-5315-S
speleologist	58-115644-B
speleology spelaeology	25-5315-B
spell	9-51979-S,17-93373-B,18-55628-S
spell magic spell	9-51979-S
spellbind transfix	69-60696-S
spelling alphabet	14-19698-S
spend	55-53204-S
spend expend	55-53340-B
spendthrift	64-0-S
sperm bank semen bank	65-97876-B
sperm cell spermatozoan spermatozoon	45-76361-B
sperm spoof sprog spunk cum	8-107167-S
spermatophyte phanerogam	4-76311-B
spermatozoan spermatozoon	45-76361-S
spermatozoon	45-76361-S
speu kampong spueu	34-34609-S
spezia	34-70759-S,35-15849-S
sphenoid bone butterfly bone	67-59941-B
sphere	11-57931-S,15-37137-S
sphere spherical astrolabe armil armilla	17-89048-S
spherical	23-4489-B
spherical astrolabe armil armilla	17-89048-S
spherical ball shaped orbicular	56-78665-S
sphincter	42-9059-B
sphingid sphinx moth	65-15231-S
sphinx	15-78849-B
sphinx moth	65-15231-S
sphinx moths	65-15106-S
sphygmomanometer	65-14591-S
spice	13-21634-B
spider	5-85415-B,16-35357-S,18-516-S,33-42687-S,33-44042-S,33-57569-S,61-2089-B
spider garden spider	33-57569-S
spider giant wood spider golden orb weaver golden silk orb weaver	67-27548-S
spider golden orb weaver golden silk orb weaver	67-27548-S
spider web web	25-58411-B
spidery	18-51306-B,18-51407-B,18-51520-B
spiegare	55-32218-S
spigot stopcock	33-12477-S
spike	7-77957-S,11-8463-B,11-8836-B,11-9060-B,13-33652-S,15-44050-S
spill	4-49870-S,4-51255-S
spillage	5-85800-B,10-53037-B
spin casting	66-69914-S
spin doctor spinster	60-80563-B
spin turn gyrate	8-63918-S
spinach	18-89289-B
spinach dock	54-68440-S
spinal column vertebral column	15-4792-S
spinal cord spinal marrow	9-42704-B
spinal marrow	9-42704-S
spindle	69-59256-B
spine spinal column vertebral column	15-4792-S
spinner	51-9370-S
spinneret	68-38033-B
spinning machine	40-30866-B
spinning top spintop	67-85667-S
spinning wheel	10-96926-B
spinster	60-80563-S,61-20366-S
spintop	67-85667-S
spintronics	64-49083-S
spiny lobster	21-14729-B
spiral	52-25058-B
spiral model	55-81547-B
spire	17-30043-B
spires	40-36592-B
spirit	17-26230-S,25-10092-S,59-17337-B
spirit of salt	3-47424-S
spirit of the age zeitgeist	16-8284-B
spirited	15-62202-S
spirits strong drink	15-69412-S
spiritual	67-88992-S
spiritual neuroscience	57-36085-S
spiritual world	13-57153-B,13-57499-S
spirometry	42-26228-B
spit	8-62862-B
spit pin	55-66908-S
spit saliva	8-106749-B
spit the dummy	10-107623-B
spite of	14-47442-S
spite of that	38-51411-S
spiteful	15-9955-S
spitz	12-86409-B
spleen	40-56409-B
splendid	19-34059-S
splendour	39-54407-B,40-34913-B
