nasal	23-80763-S,37-82715-S,38-73229-S,45-31041-S,61-88937-B,62-23024-S,64-76584-S,67-59492-S
nashville	16-5068-B
nasofaringe	64-75818-B
nassau	43-12912-B
nassfarwat	27-54747-S
nastalica	30-24947-S
nastalico	12-3107-B
nastaliq brahui escrito con escritura nastalica	30-24947-S
nat	65-62043-B
nata	10-15474-S
nata batida	19-31622-B
natacion	16-78618-S,48-91924-S
natagaimas	42-35664-B
natakani	29-40024-B
natal	49-79882-S,61-51082-B
natalidad	1-98957-S
nataoran amis	35-19638-B
natatoria	24-77280-S
natisone	69-68364-S
nativa	36-36241-S,36-36912-S
nativa nativo	22-36022-B,43-48461-S,44-51684-S
nativo	7-34707-S,22-36022-S,43-48461-S,44-51684-S
natukhaj	28-11015-B
natural	4-20727-S,4-21282-S,4-21436-S,4-21701-S,4-22031-S,4-22211-S,4-22563-S,4-23026-S,4-23836-S,4-24411-S,4-24788-S,4-25163-S,4-25618-S,7-59953-S,7-119760-S,33-62228-S,37-43295-S,48-89444-S,51-92931-S,58-107996-S,59-62286-S,65-95996-S
naturales	4-21123-S
naturaleza	3-127556-S,4-25411-S,6-82200-S,7-33212-S,9-13312-B,20-49583-B,48-71565-B,54-10749-S,63-61760-S
naturaleza ley natural	4-22563-S
naturaleza muerta	21-74506-S,21-74694-S,21-74872-S
naturalizada	36-36673-S
naturalmente por naturaleza	54-10749-B
naturalmente por supuesto	56-72349-S
nature	20-73455-B
naufraga	13-93336-B
naufraga naufrago	13-92995-B,50-82666-B
naufragiu	13-63120-B
naufrago	13-92995-S,13-93167-B,50-82666-S
naumaquia	63-106399-B,63-106960-B
nauru	12-93974-B
nauruana nauruano	41-29845-B
nauruano	9-85779-B,12-23572-B,41-29845-S
nausea	4-25730-B
nauseabunda nauseabundo pestilente	58-57547-S
nauseabundo pestilente	58-57547-S
nauseas	42-11369-S
nauseas tener nauseas	42-11369-S
nautica	6-97629-S,51-69741-S
nautico	25-30277-S,25-91644-S,64-2753-B
nautofono	67-65684-B
navaja de occam	63-29858-B
navajo	11-28108-B,11-28326-B
naval	5-46185-S,5-46280-S,25-31805-S
navarra	31-52038-B,49-6905-B
navarro laburdino	27-50198-S
navarro laburdino escrito	27-50298-S
navarro laburdino escrito con escritura latina	27-50483-S
nave	19-101544-S
nave de recuperacion de petroleo	4-50311-B
nave espacial	12-89349-B
navegacion	61-69083-S,67-66322-S
navegacion de portiva	1-101585-B
navegacion interior	3-70644-B
navegacion maritima	3-133487-B
navegacion nautica	6-97629-B
navegacion transporte maritimo	13-88759-B
navegador web	17-87067-S
navegar	14-86984-B
navegar a vela	14-87137-B
navegar surfear	23-63952-B
naves	5-46741-S
navidad	17-80940-S,17-81280-S,17-84695-B,18-29824-S,33-0-S,46-51815-S
navidad feliz navidad	18-29824-S
navidad y prospero ano nuevo	18-36933-S
navidena	17-78438-S
navideno	61-26462-B
naviera naviero	47-8842-S
naviero	47-8842-S
navio velero	5-45694-S
nawaits	29-42473-S
nayar	39-22765-S
naypyidaw	43-56029-B
nazareno	48-43794-S
nazaret el nazareno	48-43794-S
nazi	16-83613-B
nazi tercer reich	42-59484-S
nazismo	15-22425-S
ndai	41-66880-B
ndele	36-56689-S
ndendeule	40-3638-B
nding	30-48385-B
ne	28-28438-S,29-520-S,30-50393-S,31-62135-S,32-56010-S
ne engatu	49-29242-B
nebaj ixil	43-24841-B
neblina niebla	2-147139-S,3-32789-S
nebraska	16-19416-B
nebula	37-38151-S
nebulizador	47-5140-S
nebulosa nebula	37-38151-B
nebuloso	19-39120-B
necesaria necesario obligatoria obligatorio vital	20-13257-S
necesaria premisa	20-82162-S
necesariamente	50-40219-B,59-80950-S
necesario obligatoria obligatorio vital	20-13257-S
necesidad	4-25940-B,56-93116-S
necesidades	20-55528-B
necesidades alimenticias basicas	1-77709-B
necesitada necesitado pobre	56-98019-S
necesitado	22-61797-B,68-20648-B,68-21133-B
necesitado pobre	56-98019-S,68-20517-S
necesitar	13-17901-S,13-18145-S,39-42168-S
necrofagia	64-81824-B
necrofago	64-81765-B
necrofilia	16-90217-B
necrologia obituario	12-25261-S
necrosis	4-25767-B
necrosis avascular	23-15377-B
necrosis hepatica	23-15644-B
nectarina	51-22569-B
nectario	67-57431-B
nedd	28-30093-B
neerlandes	17-6089-S,17-6430-S,44-5836-S,44-75512-S
neerlandesa neerlandes	17-6089-S,17-6430-S
neerlandesas	33-73459-S
neeshenam nisenan	41-19549-B
nefertiti	65-81637-B
nefologa nefologo	62-57910-B
nefologia	62-57671-B
nefologo	62-57910-S
nefoscopio	35-67453-B
nefrectomia	56-58382-B
nefritis	62-11879-B
nefrologa nefrologo	17-91628-B
nefrologia	17-90711-B
nefrologo	17-91628-S
nefusa	28-920-S
negacion	24-28008-B
negacion repudio	57-21925-B
negado no	10-118523-B
negar rechazar rehusar renunciar	14-54837-S
negar replicar	22-73311-S
negar repudiar	55-16765-B
negativa	13-9611-S
negativa negativo	24-41850-B,49-82401-B
negativamente	59-44804-B
negativamente responder no	65-51856-S
negativo	24-41850-S,25-111168-S,49-82401-S
negativo persona negativa	13-9611-B
negligencia	20-70515-B,25-107776-B,56-87642-S
negligente	14-1785-S
negociacion	18-84555-S
negociador	24-43373-B,60-89198-B
negociador negociadora	55-8621-S
negociadora	55-8621-S
negociar	22-36289-B
negociar regatear	19-93854-B
negocio	35-33110-S,54-21602-S
negocios	7-54290-S,35-41723-S,54-20576-S,59-96584-S,66-91641-S,67-17122-B
negocios empresarial	22-55751-S
negocios logica del negocio	35-33110-S
negocios modelo de negocios	54-20576-S
negra	4-51255-S,14-7194-S,40-56105-S,49-83277-S,52-10639-S,54-13827-S,57-90132-S
negra negro	8-59041-B
negrero	67-5988-S
negrita	36-3098-S
negro	1-99611-S,7-33712-S,8-59041-S,12-46046-S,13-83835-B,15-59306-B,15-59706-B,17-67377-S,33-32258-S,44-82710-S,45-15178-S,52-10442-S,57-98408-S,66-88319-B,67-52833-S,69-26268-S
negro hoyo negro	12-46046-S
negro intenso	66-40149-B
negro pedrito	17-87754-B
negro trafico	12-67829-S
negros	25-6935-S
negruzco	39-58122-B
nellore	30-33001-B
nematodo	52-51061-B
nematodos	4-26108-B
nemesis	61-15622-B
nend	35-55864-B
nenets	46-89837-B
nenufar	25-59682-B
nenufar blanco europeo	51-30198-B
neo aramaic	36-67568-S
neo arameico barzani	36-71452-S
neo arameo	39-11097-S
neo arameo de zajo	57-100231-B
neo ubykh	28-11205-B
neoarameo asirio	57-82016-B
neoarameo occidental	35-52878-B
neoclasicismo	64-1055-B
neocolonialismo	63-51971-B
neodimio	14-30363-B
neofobia	63-44445-B
neoliberalismo	63-52281-B
neolitica	25-108877-S
neolitico	25-103568-B,25-104033-B
neologismo	15-13660-B
neon	13-56930-B
neonicotinoide	67-30087-B
neoplasia	58-62716-B
neoplasma	12-34981-B
neoplatonismo	62-66512-B
neozelandes	44-16459-S
neozelandesa	44-16331-S
nepal	12-54141-B
nepal bhasa newah bhaye newari	19-64559-B
nepales escrito	29-24926-B
nepales escrito con escritura devanagari	29-25049-B
nepales general	29-25423-B
nepales hablado	29-25206-B
nepales medio	29-25317-B
nepales nepali	8-100789-B
nepalesa	43-54057-S
nepali	8-100789-S,30-27395-S
nepotismo	24-43689-B
neptunio	16-63633-B
neptuno	16-101190-B,66-86829-B
nerd	63-38580-B,63-38804-S
nerezim	26-25310-B
nervio	9-34223-B,17-25621-S
nervio facial	66-1119-B
nervio femoral	63-17028-B
nervio lingual	12-15914-B
nervio optico	42-54088-B
nervio trigeminal nervio trigemino quinto par craneal	57-9409-S
nervio trigemino quinto par craneal	57-9409-S
nervion	27-49885-B
nerviosa	46-18767-S,67-21049-S
nerviosa nervioso	57-39406-B,57-97156-B
nervioso	4-26230-S,57-39406-S,57-97156-S
nervioso autonomo	45-35422-S
nervioso central	9-42075-S
nervioso simpatico	65-84276-S
net framework	64-46880-B
neta de recursos	4-26757-S
netbeans	64-51225-B
netbook	65-849-B
neto	4-122114-S,22-79442-S
neto lucro	25-89792-S
network time protocol	43-50784-B
neua	27-8326-S
neuchatel	51-79899-B
neumatica	59-99089-B
neumatica neumatico	59-98898-B
neumatico	5-146923-S,24-36517-S,59-98898-S
neumoconiosis	55-81336-B
neumologia	64-61927-B
neumonectomia	65-97311-B
neumonia por pneumocystis jiroveci	23-30587-B
neumonia pulmonia	62-81088-S
neumonica	57-91000-S
neumonica neumonico pulmonar	59-43190-B
neumonica plaga neumonica	57-91000-S
neumonico pulmonar	59-43190-S
neumonitis	62-24717-B
neumonitis intersticial linfoide	23-29903-B
neumonitis neumonia pulmonia	62-81088-B
neural	52-47971-B
neural neuronal	59-44620-B
neurita	9-34339-B
neuroanatomia	14-63178-B
neurocienca	45-50168-B
neurociencia espiritual neuroteologia	57-36085-S
neurocontrolador	53-95232-B
neurocraneo	64-2456-B
neurofibromatosis	46-31524-B
neuroglia	64-13174-S
neuroimagen	58-21088-B
neurolinfa	23-6940-S
neurologa neurologo	17-75664-B
neurologia	41-31577-B
neurologica neurologico	51-104271-B
neurologico	51-104271-S
neurologo	17-75664-S
neuromarketing	62-19385-B
neurona	9-32767-B
neuronal	59-44620-S
neurosis	24-12145-B
neuroteologia	57-36085-S
neurotoxicidad	4-27050-B
neurotransmisor	51-104543-B
neustria	52-12980-B
neutral	53-95075-B
neutralidad	63-55995-B
neutralizacion	4-27335-B
neutralizar	64-2858-B
neutrino	45-43668-B
neutro	19-2189-B,61-13784-B,61-13892-B
neutron	12-22991-B
nevada	16-19511-B,19-80420-B
nevada nevado	54-119233-B
nevado	54-119233-S,54-119669-S
nevar	7-80547-B
nevasca	50-7603-B
nevera refrigerador	15-68757-B
newah bhaye newari	19-64559-S
newari	19-64559-S
newton	14-17951-B
nexo	23-18681-S
ney	16-89303-B
nez perce	41-19454-B
ng 2	48-9335-S
ngabere	42-21065-B
ngangam	42-231-B
ngas	28-49439-B
ngawn chin	39-13372-B
ngazar	32-46269-B
ngbee	43-38572-B
ngelima	35-8206-B
ngile	30-47276-B
ngile hablado	30-47337-B
ngkalmpw kanum	44-66-B
ngomba	43-38699-B
ngu	27-12013-S
ngultrum butanes	44-8847-S
ngultrum ngultrum butanes	44-8847-B
nguri	32-47697-B
ni	11-28891-S,69-870-B
ni ninguno de los dos	14-4000-B
niacina acido nicotinico	62-74969-S
niamey	43-12593-B
niardiay	29-29902-B
nicaragua	11-85980-B
nicaraguense	31-53386-B,38-43392-S,43-67695-S
nicho	9-14565-B,17-30503-B
nicho ahuecado por las olas	6-58676-S
nicho de mercado	20-70789-B,25-107613-B
nicho ecologico	2-68988-B
nicobarese	27-22960-S,27-23365-S
nicobarese central	27-23817-B,27-24236-S
nicobarese central escrito	27-23877-B
nicobarese central escrito con escritura latina	27-24040-B
nicobarese escrito	27-23038-S
nicobarese escrito con escritura latina	27-23185-S
nicolas	17-17054-S,17-78889-S
nicosia	21-35473-B
nicotina	61-10296-B
nicotinico	62-74969-S
nidada	63-6723-B
nidificante	1-104942-S
nido	32-64821-B
nido de chova	14-86322-B
nidwalden	51-79751-B
niebla	2-146830-S,2-147139-S,3-32789-S
niebla fotoquimica	4-82327-B
niebla lampara faro antiniebla	63-18196-S
niebla smog	5-55501-S
nieta	9-63350-B
nieto	9-63149-B,9-63237-B
nieve	5-56595-B,5-56920-S,10-85702-S,12-1001-B,16-43049-S,17-47835-S,17-47946-S,19-80315-S,35-62752-S,35-70766-S,47-44988-S,54-121124-S,65-97037-S,69-21120-S
nieve artificial	18-63899-B
nieve con pico nevado	54-119669-S
nieve fresca	22-94507-B
nieve pasta pure	70-1844-S
nieves	12-95008-S
nieves onza	47-82393-S
nievre	34-13101-B,34-39435-B
niger	12-53973-B,32-16320-S
niger congo lenguas nigero congolenas lenguas nigerocongolesas	67-66802-S
nigeria	12-38736-B
nigeriana nigeriano	43-40975-B
nigeriano	43-40975-S,65-75804-B
nigerino	65-75657-B,65-75724-B
nigero congolenas lenguas nigerocongolesas	67-66802-S
nigerocongolesas	67-66802-S
nihiri e	29-40609-B
nihiri o	29-40699-B
niksek	41-52910-B
nilgiri	30-38117-S
nilo	66-81699-B,66-81778-S
nilo occidental	65-49619-S
nilo occidental virus del nilo occidental	65-49619-S
nimbo	62-59536-S,62-59705-B
nimes	50-19957-B
nimues	32-1883-B
nina	9-84451-S
nina de pecho nino nino de pecho	6-46835-S
nina nina de pecho nino nino de pecho	6-46835-S
nina nino	1-135534-B
ninera	9-85706-B,68-65693-B
ninera nodriza	9-85157-S
ninfa	35-78813-S,61-53409-B
ninfomana	61-51271-B,61-51358-B
ninfomania	61-51197-B
ningun	53-84403-S
ninguna ninguna persona ninguno ningun	53-84403-S
ninguna parte	46-13504-S
ninguna persona ninguno ningun	53-84403-S
ninguno	14-4167-B
ninguno de los dos	14-4000-S
ninguno ningun	53-84403-S
ninh	31-10995-S
ninkare	42-13512-S
nino	1-135534-S,8-31891-S,36-38215-S,41-34858-S,57-25928-S
nino adoptivo	67-23181-B
nino de pecho	6-46835-S
nino nino de pecho	6-46835-S
nino soldado	62-53037-B
ninos	14-11784-B,16-59179-S,51-54175-S,65-9568-S,68-65922-S
niobio	14-33886-S
niple pezon	15-1577-B
niqud	68-46189-S
niquel	4-27903-B
niragu	42-6347-S
nirteno	41-1798-S
nisenan	41-19549-S
nishihara	30-52798-B
nisi	39-32236-B
nitida nitido	18-13732-B
nitido	18-13732-S
nitrato	4-28188-B
nitrato de peroxiacetilo	4-69895-B
nitrato de potasio	44-5407-B
nitrico	47-40671-S
nitrificacion	4-28351-B
nitrito	4-28619-B
nitroaspirina	69-22400-B
nitrocompuestos	4-28888-B
nitrogeno	1-89930-S,4-29062-B,4-29300-S,4-29900-S,4-30084-S,4-30404-S,7-27595-S
nitrogeno organico	6-114700-B
nitrogenoideo	2-82736-B
nitrosamina	4-30506-B
niue	33-36346-S,44-79170-B
niue niue	33-36346-B
nivacle	38-58017-B
nivel	3-120754-S,13-555-S,22-14605-B,22-14883-S,61-1666-S
nivel acustico	1-4583-B
nivel critico	2-16998-B
nivel de base	1-74638-B
nivel de eficiencia	2-77504-B
nivel de ensenanza	7-21203-B
nivel de plomo en la sangre	3-101392-B
nivel de sonido nivel sonoro	5-74888-B
nivel de vegetacion	6-70797-B
nivel de vida	6-79758-B
nivel del agua	6-27018-B
nivel del mar	5-32571-B
nivel del ruido	4-31959-B
nivel isohipsa	35-59761-S
nivel municipal	4-16628-B
nivel sonoro	5-74888-S
nivel superior	43-60796-S
nivel trofico	5-141038-B
nivel vuelo razante	3-120573-S
nivelada nivelado plana plano	22-14953-S
nivelado plana plano	22-14953-S
niveles de atributo de clase	18-7262-B
nivoso	38-65990-B
nix nyx	53-80502-B
niza	50-9840-B
nizhny novgorod	37-23889-B
njalgulgule	31-20102-B
njalgulgule hablado	31-20204-B
njesko	32-45869-B
njiva	69-69120-S
njua	30-60775-S
njua escrito	30-61110-S
njua escrito con escritura latina	30-61241-S
nkem nkum	43-20689-B
nkhumbi	44-74955-B
nkum	43-20689-S
nkundu	50-64390-S
no	7-74900-B,7-88767-B,7-90078-B,10-118523-S,29-350-S,30-10086-S,32-8080-S,32-8341-S,32-40114-S,32-55817-S,32-56212-S,54-30276-S,65-51856-S
no adulterado puro	24-26414-B
no amigable poco amistosa poco amistoso	63-15334-S
no asistido	44-31919-S
no asociativa	17-14047-S
no conformidad	47-88057-B
no contaminante	4-34447-S
no convencional original poco convencional	59-61848-B
no cria moho piedra que rueda no prende musgo	69-45442-S
no deformable	40-18416-S
no dejes camino viejo por camino nuevo	65-99338-S
no democraticamente	57-27180-B
no determinista	54-10907-B
no diferenciado	20-64239-S
no ferreo	4-33942-S
no fidedigna no fidedigno	62-17607-B
no fidedigno	62-17607-S
no fumador	66-1943-B,66-68660-B
no funcional	54-64775-S
no funcional requisito no funcional	54-64775-S
no gubernamental	9-30312-S
no hace al monje	68-47159-S
no hacer acto de presencia plantar	13-70027-S
no hacerlo pretexto	55-52441-S
no hay que pedir peras al olmo	69-45005-S
no importa	24-18951-S
no indispensable	54-14649-S
no libre software privativo software propietario	53-77742-S
no lineal	53-36990-B,53-37123-B
no metal	4-34163-B
no metalico	4-34039-S
no nacido nonato	68-45132-B
no nativa	36-36912-S
no obstante sin embargo	10-116118-B
no oficial oficiosa oficioso	49-61754-B
no pavimentada	48-49799-S
no poder	9-39354-B
no prende musgo	69-45442-S
no puedes ensenarle nuevos trucos a un perro viejo	69-45689-B
no renovable	4-34589-S
no restituible	4-34858-S
no se oye perdon ¿puede repetir	14-62956-B
