preferente de compra	6-110326-S
preferentemente	63-10215-B
preferida preferido	20-76004-B
preferido	20-76004-S
preferir	69-32325-B
prefijo	11-82311-B
preguerra	51-42401-B
pregunta	7-117062-B,7-117424-S,52-89042-S
preguntar	52-89570-S
preguntar consultar cuestionar demandar interpelar interrogar	7-117654-B
preguntarse	9-66627-S
preguntas frecuentes	68-95686-S
preh	27-17526-B
prejuicio	21-3590-S
prelatura	24-75167-B
preliminar	4-113132-S
prelingue	51-47914-B
prematrimonial	62-224-S
prematura prematuro	60-70143-S
prematuro	60-70143-S,60-70274-S
premeditada premeditado	20-14382-S
premeditado	20-14382-S,26-18832-B
premenstrual	57-56869-B
premiar	34-41296-S
premiar condecorar	19-52660-S
premio	14-88113-B,24-9784-S,54-1556-S
premio nobel	32-63694-B,44-17036-B
premio pulitzer	10-105477-B
premisa	20-82162-S
premonicion	24-75313-B
prenada	23-421-S,64-18305-S,69-34042-S
prenar	49-31270-S
prenatal	51-102803-B
prenda	48-93487-B
prende musgo	69-45442-S
prendedor	11-65976-S
prender	14-11389-S,14-37836-S,14-58648-S,43-26352-S,63-62592-S
prenominal	21-48280-S
prensa	4-114415-B,6-144345-S,32-63863-B,40-195-S
prensa amarilla	17-15338-B
prensa de ajos	51-9790-B
prensar	8-54616-S
preocupacion	14-20929-S,45-1689-S,68-15349-S
preocupado inquietarse preocuparse	66-58879-S
preocupante	61-16755-B
preocupar	40-6776-B,70-432-S
preocuparse	39-5950-B,64-11641-S,66-58879-S
prepagada	38-39110-S
prepago tarjeta prepagada	38-39110-S
preparacion	68-90756-S
preparacion al desastre	2-48515-S
preparacion de semilla	5-37828-B
preparada preparado presta presto	61-7999-S
preparado	66-77432-S
preparado presta presto	61-7999-S
preparar	22-19624-B,47-16369-S,47-16737-S,47-16926-B,67-37417-S,69-32899-S,69-47890-S,69-48244-S,69-48393-S
prepararse	47-16616-B,69-48011-S
preponderantemente	21-5462-S
preposicion	18-41977-B
preposicion temporal	19-14446-B
preprocesador	68-77811-B
presa	3-7017-B,10-94098-B,12-36660-B,12-36744-B,49-27117-B,52-49900-B,61-46193-S
presa ave rapaz rapaz	1-98395-S
presa de las tres gargantas	49-450-B
presa presidario presidiaria presidiario preso	18-98422-S
presa preso	56-101802-S
presa represa	2-24427-S,5-94983-S
presagiar	49-70839-B
presagiar profetizar vaticinar	68-79620-S
presagio	62-80359-S
prescindir	20-78350-B
prescribir recetar	58-21950-S,69-53791-B
prescripcion	6-110482-B
prescripcion facultativa sin prescripcion medica	61-86376-S
prescripcion medica	61-86376-S
prescripcion receta	10-73736-B
prescripcion receta remedio	56-8254-S
presencia	47-14512-B,53-104708-B
presencia plantar	13-70027-S
presencia presentarse	47-9646-S
presentacion	23-20728-B,61-39854-S,61-40110-S
presentacion de jesus en el templo	67-15814-B
presentacion propuesta	59-50945-B
presentador	33-66481-B,46-13881-B
presentador de noticias	17-15502-B,17-15619-B
presentador presentadora	17-15777-B
presentadora	17-15777-S
presentar	8-86440-S,8-86599-B,67-44947-B
presentar indicar revelar	20-50257-S
presentar instancia	20-90549-B
presentarse	33-30908-B,47-9646-S
presente	7-95878-S,19-14919-B,25-57425-B,33-23952-B,61-25022-B
presente del subjuntivo	24-48419-B
preservar	52-98564-S
preservativo	11-40762-S
preservativo femenino	60-77249-B
presidario presidiaria presidiario preso	18-98422-S
presidencial	24-88494-S,58-69123-B,58-69250-B
presidenta presidente	16-91811-B,19-98077-B
presidente	16-91811-S,19-98077-S
presidiaria presidiario preso	18-98422-S
presidiario preso	18-98422-S
presion	4-114602-B,4-114907-S,67-70803-S
presion atmosferica	51-38495-B
presion de pared	25-20698-B
presion del pulso	48-22196-B
presion diastolica	48-22623-B
presion sanguinea tension arterial tension sanguinea	23-68566-B
presion sistolica	48-22374-B
preso	18-98422-S,56-101802-S
preso prisionero	21-34924-B
presta presto	61-7999-S
prestacion	64-23477-B
prestacion de servicios	20-82093-B
prestamo	62-46200-B
prestamo inter bibliotecario	7-42740-B
prestar	13-56144-B,19-38936-S
prestidigitador prestidigitadora	55-25055-S
prestidigitadora	55-25055-S
prestigio	54-71670-B
prestigioso	37-16840-B
presto	61-7999-S
presumir	11-47167-S,62-18099-S
presunta acusacion	20-28989-S
presuntuosa presuntuoso	18-39229-S,64-35918-S,67-30432-S
presuntuosa presuntuoso pretenciosa pretencioso	58-22638-S
presuntuosa presuntuoso soberbia soberbio	17-48170-S
presuntuoso	18-39229-S,64-35918-S,67-30432-S
presuntuoso pretenciosa pretencioso	58-22638-S
presuntuoso soberbia soberbio	17-48170-S
presuponer	20-82140-B
presupuestaria	7-1864-S,23-107110-S
presupuestaria presupuestario	50-58319-B
presupuestario	50-58319-S
presupuesto	1-107702-B
presupuesto de tiempo	6-79025-B
pretenciosa pretencioso	40-6994-S,58-22638-S
pretencioso	40-6994-S,58-22638-S
pretender	13-93629-S,24-34148-S
pretender simular	57-58253-S
pretension	38-68199-B
preterito	16-52796-B
preterito inperfecto	24-48748-S
preterito perfecto	24-47639-B
preterito perfecto del subjuntivo	24-48575-B
preterito pluscuamperfecto	19-15148-S
pretexto	55-52441-S,56-69306-B
pretoria	33-71275-B
pretzel	41-39661-B
prevalecer	38-68399-B,39-1594-B
prevaleciente	20-82430-B,39-1569-B
prevalecientes	35-63508-S
prevalencia	51-48168-B
prevencion	32-63992-B
prevencion de contaminacion del agua	6-28177-B
prevenir	47-63403-S,47-85340-S
preventivo	66-16409-S
prever	15-90168-B
prever pronosticar	59-30722-S
previa previo	21-84354-S,53-41484-S
previamente	12-17625-S
previo	21-84354-S,53-41484-S
previsible	12-87773-B
prevision del tiempo prevision meteorologica pronostico del tiempo pronostico meteorologico	3-142568-B
prevision meteorologica pronostico del tiempo pronostico meteorologico	3-142568-S
previsto futuro	24-15884-B
prey veng	34-44642-B
priapismo	26-2227-B
prima	4-113633-B,4-141697-S,4-141828-S,9-81749-B
prima facie	62-104597-S,62-104766-S
prima renovable	5-3024-S
primado	14-70223-B
primaria	4-115789-S,23-83046-S,64-59623-S,67-3817-S
primaria ensenanza basica ensenanza primaria estudios basicos estudios primarios	4-115266-S
primaria estudios basicos estudios primarios	4-115266-S
primaria paleozoico	52-64630-S
primaria primario	48-48283-B
primario	4-116036-S,6-139561-S,48-48283-S,67-4075-S
primarios	4-115266-S
primates	4-116245-B
primatologia	45-51358-B
primavera	9-13847-B,14-42191-S,21-95363-S,67-83349-S
primavera lumpia	21-77425-S
primaveral	25-13765-B
primer intento	65-16066-S
primer ministro	63-54838-B
primer plano	52-95692-B
primera	21-84755-B
primera persona	19-24840-B
primera posicion	59-105998-S
primera primero	14-31101-B,21-84187-B
primera vista prima facie	62-104597-S,62-104766-S
primeramente	23-46694-S
primeriza primipara	68-41200-B
primero	14-31101-S,21-84187-S,52-57856-S
primero en responder	54-112750-B
primeros dias de verano	12-38698-B
primicia proclamar	11-75660-S
primipara	68-41200-S
primitiva primitivo	69-16725-B
primitiva primitivo salvaje	12-37134-S
primitivo	69-16725-S
primitivo salvaje	12-37134-S
primo	9-81471-B,9-81617-B,16-65488-S,69-5122-B
primo primo	16-65488-S
primordial	16-37066-S,48-69506-S
prince	32-38695-S
princesa	15-496-S
princesa heredera	64-18914-B
principado de asturias	21-39653-S
principado de liechtenstein	12-91857-S
principado de sealand sealand	16-70087-B
principal	7-37767-S,17-1318-S,21-60473-B,66-65776-S
principal cubierta superior	67-65206-S
principal norma	60-32281-S
principalmente	20-82455-S,49-37435-S
principe	8-13853-B,8-14153-B,12-94828-S,59-80459-S
principe consorte	49-8528-B
principe heredero	12-71674-B
principe principena principeno	62-26595-S
principena principeno	62-26416-B,62-26595-S
principeno	62-26416-S,62-26595-S
principio	9-23499-S,46-93094-B
principio antropico	66-19086-B
principio contaminador pagador	4-104156-B
principio de avogadro	45-37134-B
principio de correlacion	20-37254-B
principio de exclusion competitiva	58-103742-B
principio de pago comunitario	1-156489-B
principio subsidiario	6-84070-B
principios	5-140487-S
prion	66-86237-S
prion prion	66-86237-B
prioridad	21-14002-B,33-61819-B
prioritario	69-10941-B
prision	7-99080-S,21-3877-S
prisionero	21-34924-S,21-35137-B
prisionero de guerra	46-74834-S
prisma	59-24961-B
prismaticos	49-72489-S
privacidad	53-77152-B
privacidad en internet	54-117905-B
privacion	56-80994-B
privacion de sueno	63-31809-B
privada	4-127891-S,13-35256-S
privada privado	48-85916-S
privada virtual	65-32016-S
privado	4-117186-S,4-117406-S,4-117731-S,4-118025-S,6-72498-S,7-15239-S,9-17485-B,9-89858-S,48-85916-S
privado de	49-66669-B
privar	23-65671-B
privativo software propietario	53-77742-S
privatizar	25-90487-B
privilegiado	44-71181-B
privilegio posicion delantera primera posicion	59-105998-S
privrsko	32-58292-B
pro	63-34981-B
pro rusa pro ruso	62-31148-B
pro ruso	62-31148-S
proa	12-7723-S,67-62334-S
probabilidad	14-8497-S,37-74667-B
probabilidad teoria de probabilidades	45-61654-S
probabilidades	45-61654-S
probabilistica probabilistico	20-90056-B
probabilistico	20-90056-S
probable	33-61639-S
probable verosimil creible	33-61504-B
probablemente	9-25651-B
probar	56-91032-S,66-83620-B
probar establecer	20-15964-S
probar tratar	11-4714-S
probar tratar de intentar	58-19534-S
probeta	56-34214-S
probidad	38-69788-B
problema	8-14306-B,8-14455-B,14-15818-B,14-15927-S,25-82166-S
problema de decision	25-34205-B
problema de la mochila	12-39673-B
problema de la parada	58-98244-B
problema de satisfacibilidad booleana	52-84009-B
problema intratable	54-3747-B
problema social	5-59618-B
problemas resolucion de problemas servicio tecnico	22-67066-S
problemas servicio tecnico	22-67066-S
proboscideo	4-118154-B
procariota	45-58242-B
procaryota	4-118364-B
procastinacion	18-53131-B
procedencia	14-7384-S,23-41510-S
proceder	58-83700-B,61-31680-S
proceder provenir	58-83985-S
procedimental	53-40935-S
procedimentalmente	61-46780-B
procedimiento	53-51578-B,69-16927-S
procedimiento de apelacion	1-56939-B
procedimiento judicial	7-17167-B
procedimiento penal	6-106203-S
procedimiento preliminar	4-113132-B
procedimiento procedimental	53-40935-S
procedimiento remoto	66-13190-S,68-76704-S
procedimiento subprograma	53-51739-B
procesado	4-119309-B,20-62458-S
procesador	22-90174-S
procesador de palabras procesador de texto	36-48768-B
procesador de texto	36-48768-S
procesal	4-118611-S,21-11962-S
procesal penal procedimiento penal	6-106203-S
procesamiento de datos	2-26198-B
procesamiento de senales	63-100670-B
procesamiento de sonido	54-17263-B
procesamiento electronico de datos	69-28343-B
procesamiento grafico gpu	35-47904-S
procesar	53-15009-B
procesion	68-31133-S
proceso	4-119512-S,4-122746-S,6-86562-S,53-14789-B
proceso aerobico	1-14971-B
proceso de blanqueo	1-100800-B
proceso de desarrollo de software	54-81033-B
proceso de fabricacion del caucho	5-21158-B
proceso de fabricacion proceso industrial	3-62099-B
proceso de ingenieria de sistemas	58-37631-B
proceso fisico	4-84363-B
proceso industrial	3-62099-S
proceso legislativo	7-30548-B
proceso procesador	22-90174-S
proceso termoselectivo	5-122842-B
proceso triple alfa	66-18878-S
proceso triple alfa proceso triple alfa	66-18878-B
procesos	54-65492-S,54-65895-S,54-84384-S
procesos de potabilizacion	2-59124-B
process execution language	54-21323-S
proclamar	11-75660-S,44-33656-S,56-14336-S,69-61359-B,69-61461-B
proclamar publicar	24-61350-S
proclividad propension tendencia	17-53367-S
procrear	22-596-S,24-35594-S
proctitis	62-21469-B
procura de materia prima	4-141828-B
procurador procuradora	19-36908-S
procuradora	19-36908-S
procurar	8-84554-S,21-4537-B
procurar velar	20-75217-S
procurarse	14-7613-S
produccion	7-31538-S,49-7550-B,49-7704-B,49-7824-B,52-26814-B
produccion agricola	1-23006-B
produccion audiovisual	54-113416-B
produccion de comida	2-150667-B
produccion electrica	2-78863-B
produccion energetica	2-90225-B
produccion sobreoferta sobreproduccion superproduccion	68-36474-S
producir	14-34285-S,15-18903-B,52-27618-B,52-83501-B
producir provocar	69-53370-S
producir provocar suscitar	23-40572-S
producir rendir	69-42266-S
producir salida	52-27290-S
productividad	4-121067-S,6-46600-B
productividad joudlus	4-120756-B
productivo	68-89256-B
producto	1-13681-S,4-120333-B,4-121367-S,4-121821-S,6-79335-S,16-11168-S,52-92437-S,67-12010-B,67-12356-B,67-12448-B
producto a base de frutas	48-20562-B
producto alimenticio	2-151662-B
producto de consumo	6-49756-B
producto de decantacion	2-27133-B
producto de filtracion	2-135532-B
producto fitosanitario	4-91707-B
producto generico	61-24101-B
producto interior bruto	10-8681-B
producto interior bruto producto interno bruto	6-85904-B
producto intermedio	7-31177-B
producto interno bruto	6-85904-S
producto lacteo	51-26404-S
producto nacional bruto	3-28603-B
producto quimico quimico sustancia quimica	1-133014-B
producto semimanufacturado	5-40525-B
productor	4-119741-S
productor de leche	50-71927-B
productor productora	42-24411-B
productora	42-24411-S
productos	4-120551-S
productos fotoquimicos	4-81824-B
productos peligrosos	2-24901-B
proeza	14-84466-S
profanar	56-90840-B,65-79471-B
profase	25-25777-B
profecia autocumplida profecia autorrealizada	67-2719-B
profecia autorrealizada	67-2719-S
profesion	44-22136-B
profesion de fe	22-52828-B
profesion sanitaria	7-23369-B
profesion trabajo	6-53713-S
profesional	4-45425-S,4-46168-S,6-13033-S,7-34971-S,12-46493-B,12-47758-B,45-104456-S,55-81988-S,61-86828-S
profesional aduladora profesional	55-81988-S
profesional de la salud	62-43802-B
profesional practica	10-114158-S
profesional superior	25-85670-S
profesor	60-83328-B
profesor profesora	18-26529-B,20-43437-S
profesora	18-26529-S,20-43437-S,60-83518-B,66-61114-S
profetizar	69-65790-S
profetizar vaticinar	68-79620-S
profuga profugo	56-15392-S
profugo	56-15392-S
profunda	37-25620-S
profunda profundo	9-47219-S,19-6063-B,50-41730-B
profundamente	50-41917-B
profundidad	25-35045-S,53-22724-B,66-27504-S
profundo	2-30436-S,9-47219-S,19-6063-S,50-41730-S,67-77502-S
profundo severo	70-11953-S
profusamente	11-29701-S,59-17983-S
progenitor	7-89645-S,63-21130-B
progenitora	39-54560-B
prognosis	51-102447-S
programa	22-37046-B,25-9553-B
programa de computacion programa de ordenador programa informatico	22-36532-S
programa de ordenador programa informatico	22-36532-S
programa en vivo	62-5317-S
programa espia spyware	21-13015-B
programa informatico	22-36532-S
programa programa de computacion programa de ordenador programa informatico	22-36532-B
programable	53-53237-B
programacion	22-91753-S,49-11411-B,52-106641-S,54-56368-S,54-81706-S
programacion automatica programacion generativa	54-17539-B
programacion con logica programacion logica	54-56594-B
programacion de aplicaciones api interfaz de aplicaciones	63-95051-S
programacion dirigida por eventos	65-19527-B
programacion en pareja	54-53522-B
programacion extrema	54-52903-B
programacion funcional	54-55975-B
programacion generativa	54-17539-S
programacion genetica	38-5712-B
programacion lineal	38-6981-B
programacion logica	54-56594-S
programacion orientada a aspectos	65-17459-B
programacion orientada a objetos	52-68514-B
programacion orientado a objetos	52-67981-S
programacion por contrato	54-46818-B
programacion software	5-62425-S
programada	66-14601-S
programador	15-87945-S
programando	33-31921-B
programar	22-37223-B,22-37600-B
programas	53-2883-S,65-73700-S
programas desarrollo de software	7-43319-S
progresion	54-3411-B,54-3589-B
progresion aritmetica	16-7151-B
progresion geometrica	16-7378-B
progresista	53-54845-B
progresiva	23-31069-S
progresiva progresivo	53-54998-B
progresivamente	11-84962-S
progresivo	53-54998-S
progreso	44-37163-B
prohibicion	4-122405-B
prohibicion de fumar	46-10741-B
prohibicion de publicar	11-86859-B
prohibida	46-36105-S,59-1547-S
prohibida prohibido	18-93277-B
prohibido	18-93277-S
prohibir	61-49994-B
prohibitiva prohibitivo	49-13206-S
prohibitivo	49-13206-S
proinflamatorio	62-40709-B
projima vecina	8-23236-B
projimo vecino	8-22969-B
prolapso	43-32653-B
prole	10-118083-S
proliferacion	59-39177-B
prolija prolijo	14-51938-S
prolijo	14-51938-S,20-90364-B
promedio	16-12498-B
promesa	10-9730-B
prometedor	69-17641-B
prometer	54-125056-B
prometida	44-28962-S
prometida prometido	54-124849-B
prometido	44-29117-S,54-124849-S
prometio	14-67976-B
prominentes	66-22738-S
promiscuidad	63-21439-B
promocion	20-90519-B
promocion del comercio y de la industria	6-52580-B
promotor	39-3488-B
promotor provocador	64-22808-S
promover	10-82994-S,22-95111-B,23-0-B,23-153-S,39-2826-B,58-5686-B,69-73248-B
promulgar	10-7274-B,10-7381-B,33-77922-S
pronombre	18-42712-B
pronombre demostrativo	18-44439-B
pronombre exclamativo	18-45448-B
pronombre indefinido	18-45716-B
pronombre interrogativo	18-46005-B
pronombre negativo	25-111168-B
pronombre personal	15-75637-B
pronombre posesivo	18-45111-B
pronombre reciproco	18-46811-B
pronombre reflexivo	18-46333-B
pronombre relativo	18-44711-B
pronombre sumativo	25-111296-B
pronominal	19-12366-S,33-25724-S
pronosticar	59-30722-S
pronostico adivinacion prediccion	2-152788-B
pronostico de emision	2-85863-B,3-54731-B
pronostico del tiempo	68-98254-B
pronostico del tiempo pronostico meteorologico	3-142568-S
