lengua de signos chiangma	39-24139-B
lengua de signos chilena	39-24771-B
lengua de signos china	39-25157-B
lengua de signos colombiana	39-25372-B
lengua de signos coreana	49-14750-B
lengua de signos costarricense	39-25671-B
lengua de signos croata	39-25573-B
lengua de signos cubana	39-24573-B
lengua de signos danesa	40-42714-B
lengua de signos de bamako	37-23142-B
lengua de signos de chad	37-92102-B
lengua de signos de ciudad ho chi minh	42-57030-B
lengua de signos de irlanda	42-34825-B
lengua de signos de nueva escocia	44-78803-B
lengua de signos dominicana	40-5944-B
lengua de signos ecuatoriana	40-51532-B
lengua de signos egipcia	41-9667-B
lengua de signos eslovaca	46-72395-B
lengua de signos espanola	46-72083-B
lengua de signos estonia	41-10031-B
lengua de signos etiope	41-10545-B
lengua de signos finesa	41-46721-B
lengua de signos finesa sueca	41-46935-B
lengua de signos francesa	41-46821-B
lengua de signos franco suiza	46-71843-B
lengua de signos germano suiza	46-71721-B
lengua de signos ghanesa	42-10690-B
lengua de signos griega	42-11266-B
lengua de signos guatemalteca	42-10981-B
lengua de signos guinea	42-13626-B
lengua de signos haifong	42-27157-B
lengua de signos hanoiense	42-21596-B
lengua de signos hausa	42-58248-B
lengua de signos holandesa	40-42577-B
lengua de signos hondurena	42-45916-B
lengua de signos hungara	42-58145-B
lengua de signos india	42-35757-B
lengua de signos indigena de las planicies	41-21985-B
lengua de signos indonesa	42-34925-B
lengua de signos islandesa	42-71484-B
lengua de signos israeli	40-19414-B
lengua de signos italiana	43-20364-B
lengua de signos italo suiza	46-71600-B
lengua de signos jamaicana	43-34222-B
lengua de signos japonesa	43-52440-B
lengua de signos jordana	43-49753-B
lengua de signos keniana	44-78329-B
lengua de signos laosiana	44-46705-B
lengua de signos lenguaje de signos	10-6484-B
lengua de signos leonesa	43-35472-B
lengua de signos letona	55-11340-B
lengua de signos libia	43-68597-B
lengua de signos lituana	50-12764-B
lengua de signos maltesa	44-14251-B
lengua de signos maya yucateca	44-79228-B
lengua de signos mozambiquena	44-11357-B
lengua de signos neozelandesa	44-16331-B
lengua de signos noruega	42-35564-B
lengua de signos quebequesa	41-35806-B
lengua de signos rumana	46-72846-B
lengua de signos rusa	43-23192-B
lengua de signos salomonense	46-72945-B
lengua de signos salvadorena	41-9908-B
lengua de signos saudi	46-72730-B
lengua de signos selangor	44-36712-B
lengua de signos sierraleonesa	46-72610-B
lengua de signos simplificada hawai i	41-17519-B
lengua de signos singapurense	46-72501-B
lengua de signos sudafricana	44-78423-B
lengua de signos sueca	43-64681-B
lengua de signos tailandesa	41-31349-B
lengua de signos taiwanesa	46-71501-B
lengua de signos tanzana	46-71398-B
lengua de signos tunecina	46-70537-B
lengua de signos turca	46-70440-B
lengua de signos ucraniana	44-55767-B
lengua de signos ugandesa	46-70342-B
lengua de signos urubu kaapor	46-70056-B
lengua de signos uruguaya	46-69944-B
lengua de signos venezolana	46-69835-B
lengua de signos yidis	46-69730-B
lengua de signos yugoslava	46-69599-B
lengua de signos zambiana	44-22039-B
lengua de signos zimbabuense	46-69483-B
lengua destino	52-16277-B
lengua escrita	22-22832-B
lengua eslava	14-98851-B
lengua estandar	21-69514-S
lengua extinta	17-75879-B
lengua ficticia	65-102393-B
lengua gestual estadounidense	24-48053-B
lengua hablada	22-23105-B
lengua indo aria	29-15686-B
lengua lenguaje	7-116764-S
lengua lengueta	7-64775-B
lengua liturgica	58-1137-B
lengua materna	18-39489-B
lengua minoritaria	24-32109-B
lengua moldava moldavo	32-44646-B
lengua monosilabica	57-34011-B
lengua muerta	49-54226-B
lengua nacional	24-32491-B
lengua natural	65-95996-B
lengua oficial	22-15449-S
lengua origen	52-16157-B
lengua planificada	14-74437-S
lengua pluricentrica	18-66622-B
lengua sacra	58-1461-B
lengua satem	65-40895-B
lengua sino tibetana	16-30697-B
lengua tonal	43-4060-B
lengua uralica	14-74830-B
lengua viva	49-54442-B
lenguado	19-71239-B,59-97429-B
lenguado comun	60-96017-B
lenguaje	7-116764-S
lenguaje corporal	24-82845-B
lenguaje de consulta	35-34291-B
lenguaje de definicion de datos	64-60821-B
lenguaje de dominio especifico	54-16727-B
lenguaje de marcado lenguaje de marcas	54-62678-B
lenguaje de marcas	54-62678-S
lenguaje de programacion	22-91753-B
lenguaje de programacion orientado a objetos	52-67981-B
lenguaje de signos	10-6484-S
lenguaje dinamico	54-28737-B
lenguaje ensamblador	58-90116-B
lenguaje funcional	54-56903-B
lenguaje infantil	21-71172-B,64-39752-B
lenguaje literario	22-22636-B
lenguaje politicamente correcto	22-2915-B
lenguaje rudimentario	44-23604-B
lenguas	65-94988-S
lenguas balticas	27-38877-B
lenguas balticas occidentales	59-82812-B
lenguas balticas orientales	27-39312-B
lenguas bantues	21-29406-B
lenguas dardicas	29-15850-B
lenguas dravidas del noreste	30-25895-B
lenguas dravidas dravido	30-23721-B
lenguas indigenas de america	67-68765-B
lenguas italoccidentales lenguas romances italo occidentales	31-49511-B
lenguas kam sui	27-35149-B
lenguas niger congo lenguas nigero congolenas lenguas nigerocongolesas	67-66802-B
lenguas nigero congolenas lenguas nigerocongolesas	67-66802-S
lenguas nigerocongolesas	67-66802-S
lenguas pashai pashai	29-16174-B
lenguas romances italo occidentales	31-49511-S
lenguas tai centrales	27-31570-B
lenguas tai del sudoeste	27-24941-B
lenguas tai tai	27-24805-B
lenguas tegem	30-48446-B
lenguas turcicas lenguas turquicas turquico	26-19238-B
lenguas turquicas turquico	26-19238-S
lenguas uto aztecas lenguas yuto nahuas	67-68476-B
lenguas yucaguiras lenguas yukaghir	55-91647-B
lenguas yukaghir	55-91647-S
lenguas yuto nahuas	67-68476-S
lengueta	7-64775-S
lenicion	62-935-B
leningitij	50-17358-B
leningrado	9-60716-B
lenje	49-53414-B
lenkau	49-76058-B
lennox gastaut	66-61732-S
lenta lento suave	14-11225-B
lentamente	50-42748-B
lente	42-49799-B
lente gravitacional lente gravitatoria	64-56667-B
lente gravitatoria	64-56667-S
lenteja	23-93311-B
lentes	12-44361-S,13-9463-S
lentes de lectura	48-63075-S
lentigo solar mancha de la edad mancha hepatica	69-22936-B
lento	52-4472-S
lento suave	14-11225-S
lenyima	49-45658-B
leo	38-21635-B
leon	8-43373-B,21-86700-B,44-5053-S,48-90061-B
leon colorado	66-76801-S
leon marino otaria	56-33207-B
leona	8-46173-B,12-85828-S
leone	46-39903-B
leoneg escrito con escritura latina	28-33874-B
leones	31-56898-S,31-58918-B
leones del norte	31-59343-B
leones del sur	31-59417-B
leones hablado	31-59266-B
leones occidental	31-59489-B
leones oriental	31-59564-B
leonesa	43-35472-S
leopardo	23-95483-B
leopardo de las nieves onza	47-82393-S
leopon	69-23526-B
lepcha	49-75873-B
lepidopteros	3-104577-B
lepki	50-83004-B
lepontico	28-23796-S
leporino	52-74134-S
lepra	60-62306-B
leprosa leproso	60-61743-B,60-62778-B
leproseria leprosorio	60-62017-B
leproso	60-61743-S,60-62778-S
leprosorio	60-62017-S
lepton	55-69054-B
lere	42-312-B
lerpwi caerllion	28-30556-B
les	52-78432-S
les su sus	14-56206-B
lesbiana	17-35069-B
lese	28-43388-B
lesing gelimi	49-76145-B
lesion	3-69654-B,41-45036-B
lesionar	58-76525-S
lesoto	12-7027-B
letal mortal	18-17869-B
letargico	67-21719-B
letargo	23-95731-S
leti	49-75809-B,55-11447-B
leton	8-99229-B,17-3102-B,17-3212-S,44-3956-S
leton hablado	27-39881-B
letona	55-11340-S
letona leton	17-3212-B
letonia	12-49720-B
letra	9-55798-S,10-101669-S,10-112019-B,60-23365-B
letra de cambio obligacion	23-78984-B
letrada letrado	15-16025-S,52-87270-B
letrado	15-16025-S,52-87270-S
letras	13-24471-S,13-24733-S
letrina	24-46800-B
leu leu moldavo	44-13044-B
leu leu rumano	44-9462-B
leu moldavo	44-13044-S
leu rumano	44-9462-S
leucocito	57-89384-S
leucodistrofia	39-10239-B
leucoencefalopatia multifocal progresiva	23-31069-B
leudante	55-57807-S
lev	44-8960-B
levadizo	57-41260-S
levadura	6-45614-B,43-58494-S,48-99389-S
levadura de cerveza	65-1141-B
levadura de panaderia levadura para pan	65-67585-B
levadura para pan	65-67585-S
levadura quimica polvos de hornear polvos de levadura	43-58494-B
levantador de pesos	42-28799-B
levantamiento de los hombros	22-35248-B
levantamiento de pesos	42-28644-S
levantamiento de requerimientos	54-77454-B
levantamiento sublevacion	13-10845-S
levantar	8-5000-S,46-82892-B,58-5528-S
levantar alzar izar subir	13-33197-S
levantar el disco de stop	22-17027-B
levantar llevar portar	11-18940-B
levantar los hombros	22-35470-B
levantarse	40-16677-S,47-26071-B
levantarse tarde	20-58538-B
levante	16-72720-B
levantino hablado	35-20100-S,35-77998-S
levas	50-72149-S
levistico	60-93108-S
levuka	55-12393-B
lewotobi	55-12495-B
lexema	10-100439-B
lexica lexico	62-48985-B
lexical	18-9169-S,64-31102-S
lexico	3-105888-B,62-48985-S
lexico calco semantico	21-96511-S
lexico computacional	69-74010-B
lexico semantico	18-52909-S
lexicografia	18-71887-B
lexicografico	70-11448-B
lexicologia	15-23626-B
ley	3-98809-B,3-99126-S,6-103261-S,6-104072-S,23-70802-S
ley de boyle	45-36570-B
ley de control de emisiones	3-54288-B
ley de planificacion	4-89882-B
ley de policia	4-99418-B
ley federal	2-131823-B
ley natural	4-22563-S
leyenda	39-5601-B
leyenda mito	6-81102-B
leyes de la robotica de asimov	54-18916-B
leyigha	36-14399-B
lezgi	44-30859-B
lezna punzon	69-59386-B
lhokpu	49-84649-B
lhomi	49-84380-B
li o	50-1444-B
lia de agua pulga de agua	6-24855-B
liabuku	50-1016-B
lianshang	27-33813-B
liar	68-92395-S
liar ligar sujetar	9-33721-S
libanes	18-19867-B,18-20027-B
libano	11-6964-B
libelula	2-57513-B
liberacion de palestina	64-82077-S
liberal	48-91229-B,50-57234-B
liberales humanidades	47-50045-S
liberalismo	18-38803-B
liberar	66-91448-S,69-65998-S
liberar rescatar salvar	53-66305-B
liberar soltar	22-13742-S
liberarse	69-65936-B
liberia	11-94994-B
liberiano	50-665-S
libertad	7-3727-B,23-90939-B
libertad academica	47-1796-B
libertad de culto	45-69951-B
libertad de expresion	13-67392-B
libertina libertino licenciosa licencioso lujuriosa lujurioso viciosa vicioso	56-24519-S
libertinaje	56-25241-S
libertino licenciosa licencioso lujuriosa lujurioso viciosa vicioso	56-24519-S
libia	12-39337-B,43-68597-S
libia libio	43-68475-B
libido	13-57697-B,46-31186-B
libinza	50-1228-B
libio	36-14579-S,43-68335-S,43-68475-S,65-102142-B
libra	38-21769-B,55-88020-S
libra egipcia	43-68859-S
libra esterlina	39-44892-S
libra gibraltarena libra	55-88020-B
libra libra egipcia	43-68859-B
libra libra esterlina	39-44892-B
libre	3-104412-S,9-13742-B,16-53066-S,22-92924-S,25-36730-S,64-52211-S,67-7169-S
libre cambio	6-87776-B
libre circulacion de capitales	7-2511-B
libre comercio	34-79740-S
libre de grasa	48-99137-B
libre de impuestos	66-75283-B
libre de impuestos libre impuesto	54-124472-S
libre estilo indirecto libre	64-52211-S
libre impuesto	54-124472-S
libre software privativo software propietario	53-77742-S
libre tolerancia	52-71520-S
libre vacante	25-91545-B
libremente	69-492-B
libreoffice	70-7108-B
libreria	49-70417-S,50-31941-B
libreria de estacion	58-110447-B
libres	33-79758-S
libreto	21-46740-S
libreville	43-65400-B
libro	1-102273-B
libro de cocina recetario	55-50739-B
libro de texto	42-4140-B
libro e	59-52543-S
libro electronico libro e	59-52543-B
libro en audio libro grabado	17-18175-S
libro grabado	17-18175-S
libro omaso	15-54080-B
libro volumen	15-53920-B
libros	47-74195-S
libros isbn	21-59913-S
libuat	50-11116-S
licencia	11-38208-B,40-30381-B
licencia de obra permiso de construccion	6-103555-B
licencia de software	54-55685-B
licencia estandar	38-55566-S
licencia publica general de gnu gpl	50-45638-B
licenciar	42-24854-S
licenciatura	21-67836-S
licenciosa licencioso lujuriosa lujurioso viciosa vicioso	56-24519-S
licenciosidad	40-30503-B
licencioso lujuriosa lujurioso viciosa vicioso	56-24519-S
licitacion	36-24039-B
licitacion oferta	24-16852-B
licitador postor	19-62493-B
licito	19-35177-S,25-74057-S,64-600-S
licor	15-69412-S
licor de frambuesas	47-85100-B
licor de huevos ponche de huevos	17-55497-B
licor de limon	22-8379-B
licuado	3-111392-S
licuadora mezcladora	50-6922-S
licuar liquidar	24-41990-B
licuarse liquidarse	24-52207-B
licuefaccion	62-49403-B
licuefaccion de gas	3-9527-B
licuefaccion del carbon	1-150095-B
lider	7-89212-S,23-41724-S
lider del mercado	48-36453-B
liderar	21-85045-S,21-85208-B
liderazgo	62-25861-B
lidia	60-82810-S,64-45701-B
liebre	25-74420-B
liebre de pascua	23-84731-B
liechtenstein	12-91857-S
liechtenstein principado de liechtenstein	12-91857-B
lieja	63-34064-S,63-34583-B
lienzo	17-45159-B
lifting facial ritidectomia ritidoplastia	66-1549-S
liga arabe	45-69343-B
liga logia	48-70062-S
ligado	16-53150-S,69-6799-B
ligadura	42-9965-B,42-10169-B,42-10328-B
ligamento	23-91578-B
ligar	47-45939-S
ligar sujetar	9-33721-S
ligbi	50-78-B
ligenza	49-77759-B
ligeramente	50-37555-B
ligereza	62-94726-B
ligero	69-45981-B
ligero liviano	20-90672-B
ligeros	3-107976-S
lignito	3-108372-B,3-108904-S
ligur	32-24122-B,38-13937-B
ligur de savona	32-25541-B
ligur escrito	32-24427-B
ligur escrito con escritura latina	32-24572-B
ligur hablado	32-24769-B
liguri	31-20738-B
liguria	68-74221-S
ligurio	57-37937-B
lihir	50-182-B
lija papel esmerilado	56-70870-S
lik tai	27-27268-S
lika	50-333-B
liki	50-518-B
likila	49-85406-B
likuba	49-19894-B
likum	49-85230-B
likwala	49-16193-B
lila	62-49920-B
lila malva voileta	68-55630-B,68-55781-B
lilangeni	55-40237-B
lilau	50-12362-B
lille	34-58543-B
lillooet	50-449-B
lilongwe	33-17257-B
lima	18-97768-B,19-60226-B,33-58692-B
lima de unas	58-14391-B
limar	69-20976-B
limassa	37-11134-B
limba centro occidental	49-85125-B
limba oriental	50-13016-B
limbo	25-100973-B
limbu	50-0-B
limbum	50-13956-B
limburgiano limburgues limburgico	14-80183-B
limburgico	14-80183-S
limburgo	33-85653-B
limburgues limburgico	14-80183-S
limilngan	50-13187-B
limita con	43-14597-B
limitacion	24-62527-B
limitada limitado	52-66456-S
limitado	1-466-S,52-66456-S
limitar	20-8964-S,23-24497-S,52-97002-B
limite	1-103714-S,7-101708-B,15-99705-S,61-60081-S,66-2735-S
limite de velocidad	5-85149-B
limite permitido de exposicion	4-69159-B
limnica fenomeno del lago explosivo	64-89370-S
limnologia	3-109974-B
limoges	34-58709-B
limon	12-56197-S,17-61167-B,22-8379-S,22-8586-S,23-25365-S,23-25539-S,41-34360-B,43-33739-S,53-74831-S,53-75469-S,53-78792-S,53-78976-S,55-71584-S,56-61612-S,66-5208-S
limon frances poncil toronja	22-7785-S,22-8112-S
limon melisa toronjil	67-15093-S
limon rayada	17-87323-S
limon te de limon yerbalimon zacate de limon	55-71584-S
limon yerbalimon zacate de limon	55-71584-S
limonada	61-50091-B
limonaria limoncillo malojillo pasto citronella pasto de limon te de limon yerbalimon zacate de limon	55-71584-S
limoncello	53-75670-B
limoncillo malojillo pasto citronella pasto de limon te de limon yerbalimon zacate de limon	55-71584-S
limonero	42-77314-B
limones	41-33996-S
limos kalinga	45-99592-B
limosin	32-5805-S,32-6144-S
limosin n	32-6260-B
limosna	15-56035-B
limosnero	15-59264-S
limpia	1-144111-S
limpiador	52-67743-B,61-14610-B,65-75887-B
limpiadora mujer de la limpieza	65-76082-B
limpiaparabrisas	64-75256-B
limpiar	8-67265-S,8-67535-B,50-28606-S
limpiar purgar	23-87872-S
limpieza	2-7547-S,6-55404-B,7-28665-B,65-76082-S
limpieza con chorro de agua	6-131622-B
limpieza de calle	5-97478-B
limpieza de tierras	3-93340-B
limpieza en seco	2-60701-B
limpieza etnica	15-14662-B
limpieza municipal	4-15819-B
limpio	5-149736-S,14-11983-B,22-58081-B
limusin	23-94849-B
limusina	23-94720-B
linaje	33-67252-S
linaje sangre descendencia estirpe	15-19397-B
linaza	59-423-B
lince	43-60307-B
linchamiento	23-93157-B
linchar	50-40658-B
lincoln	47-64965-S
linda lindo	8-59882-S,56-12974-S
lindo	8-59882-S,56-12974-S
lindu	45-98364-B
