astenosfera astenosfera	42-43871-B
asteraceae asteraceas	47-55142-B
asteraceas	47-55142-S
asterales	15-70006-B
asterisco	46-89207-B
asterismo	66-36224-B
asterix	54-96160-B
asteroide	35-54467-B
asteroides	35-64233-S
asti	32-23959-B,34-30470-B,35-5024-B
astigmatismo	38-50034-B
astilla	11-46170-S,33-19281-B
astilla de vidrio	43-2830-B
astillas	43-2928-S
astillas de madera	48-19609-B
astillero	49-26892-B
astoret	48-93055-B
astracan	26-33902-S
astral	46-94365-B
astringente	42-61032-B,55-93001-B
astringente de petroleo	4-48878-S
astro estrella	8-60841-B
astrobiologia exobiologia xenobiologia	35-54694-B
astrocito	66-21144-B
astrofisica	45-44467-B
astrofisico	45-51734-B
astrolabio	35-43527-B
astrolabio esferico	17-89048-S
astrologa astrologo	17-51622-B
astrologia	46-96384-B
astrologica astrologico	46-96168-B
astrologico	46-96168-S
astrologo	17-51622-S
astrometria	47-96044-B
astronauta	18-35882-B,18-36116-B
astronautica	1-67706-B
astronoma astronomo	17-53940-B
astronomia	1-67859-B
astronomia observacional	45-45088-B
astronomica astronomico	47-2106-B,47-2340-B
astronomica ua	35-55090-S
astronomico	12-71055-S,35-66474-S,47-2106-S,47-2340-S,64-33787-S
astronomo	17-53940-S
astroquimica	64-64524-B
astucia	47-2706-B
astucia estratagema truco	47-22105-S
astur galaico	31-58507-B
astur leones	31-56898-S
asturiana asturiano	49-34660-B,49-34859-B
asturiano	9-79710-B,49-34660-S,49-34859-S
asturiano central	31-58126-B
asturiano escrito	31-57055-B
asturiano escrito con el alfabeto latino	31-57202-B
asturiano formal	31-57526-B
asturiano formal escrito con escritura latina modelo de oviedo	31-57656-B
asturiano hablado	31-57375-B
asturiano occidental	31-58380-B
asturiano oriental	31-57889-B
asturias	21-39653-S
asturias principado de asturias	21-39653-B
astuta astuto	46-90362-B
astuta astuto artero zorro	46-65324-B
astuta astuto calculada calculado	50-68175-B
astuta astuto lista listo	53-72192-B
astuto	46-90362-S
astuto artero zorro	46-65324-S
astuto calculada calculado	50-68175-S
astuto lista listo	53-72192-S
asu	35-85349-B
asumboa	36-6125-B
asumida asumido	58-79877-B
asumido	58-79877-S
asumir	20-37781-B,21-46972-S
asumir pagar cancelar	33-19600-B
asumir tomar	10-50873-B
asuncion	21-20267-B,34-57084-B
asuncion suposicion	19-69530-B
asungorung	31-17210-S
asunto	53-68194-B
asunto cuestion preocupacion	45-1689-S
asuntos exteriores ministro de relaciones exteriores	19-99532-S
asuri	26-58404-B
asurini	36-302-S,36-907-B
asustada asustado miedo	11-25143-B
asustado miedo	11-25143-S
asustar	56-102212-B
asustar intimidar	24-79543-B
asustarse espantarse temer tener miedo	8-57166-S
at	27-13074-S
ata	36-1562-S,36-3671-B
ata manobo	36-1868-B
atacama	65-1402-S
atacante	46-80121-S
atacar	9-52955-S,15-39024-B
atacar cargar	22-68514-B
atada atado	47-72479-S
atadas con los ojos cerrados	19-39737-S
atado	38-34519-B,47-72479-S
atado dulce chancaca empanizao panela panocha papelon piloncillo rapadura raspadura tapa de dulce	69-19027-B
atado fajo fardo haz	50-60050-B
atajo	18-29284-B
atakapa	35-81743-B
atalaya torre de vigilancia	60-99035-B
atampaya	35-53266-B
ataner concernir importar incumbir preocupar	70-432-B
ataque	14-23261-B,14-92030-B,15-38910-B,19-82694-S,64-66958-B,64-67638-S
ataque aereo	10-118735-B,45-27064-B
ataque cardiaco	13-75230-B
ataque cerebral ataque cerebrovascular derrame cerebral ictus apopletico ictus cerebral	46-40529-S
ataque cerebrovascular derrame cerebral ictus apopletico ictus cerebral	46-40529-S
ataque de denegacion de servicio	64-73960-S
ataque de dia cero	68-73313-B
ataque de diccionario	65-59032-B
ataque de histeria	70-10562-B
ataque de intermediario ataque man in the middle	64-77410-B
ataque de inyeccion	65-26647-B
ataque dos ataque de denegacion de servicio	64-73960-B
ataque man in the middle	64-77410-S
ataque suicida	19-95329-B
atar liar	68-92395-B
atar liar ligar sujetar	9-33721-S
atas	34-77395-S
atascamiento atasco caravana cola congestion congestion vehicular embotellamiento	5-133973-B
atasco caravana cola congestion congestion vehicular embotellamiento	5-133973-S
ataud	54-389-B
ataviar	47-19220-B
ataviar traer	18-89591-S
atavica atavico	34-67711-B
atavico	34-67711-S
atavio traje	47-20672-B
ataxia	23-14400-B
atea ateo	47-4182-B
ateismo	11-99070-B
atemble	36-1972-B
atenas	12-56014-B,24-21352-S
atencion	14-82067-B,48-7438-S
atencion al cliente	39-6997-B,68-97538-S
atencion cautivar	69-40753-S
atencion cuidado cura	14-10377-S
atencion foco	21-12625-S
atender	19-76838-B,47-9871-B
atender cuidar curar tratar	22-52860-B
atender encargarse ocuparse de	47-10405-B
atender escuchar	9-55935-B
atender servir	67-80205-B
atender tratar	69-59554-B
atenta atento	47-18437-B,55-29294-B
atenta atento cuidadosa cuidadoso cauto	14-10854-B
atentado	12-88577-B
atentado con bomba	22-52379-B
atentamente cuidadosamente	59-38426-B
atentamente fijamente	49-57843-B
atento	47-18437-S,55-29294-S
atento cuidadosa cuidadoso cauto	14-10854-S
atenuacion	51-39076-B
atenuacion gradual degradacion	39-9568-B
atenuada	25-95940-S
atenuado	23-14861-B
atenuante	59-106572-B
atenuar	51-97908-B
atenuar suavizar debilitar	47-18574-B
ateo	25-50727-B,47-4182-S
ateo incredulo	43-63269-B
aterciopelada aterciopelado	63-61182-B
aterciopelado	63-61182-S
aterosclerosis	43-9828-B,47-21073-S
aterrar	69-3238-B,69-3317-B
aterrar aterrorizar	69-3116-B
aterrizar	47-54618-B
aterrorizado	45-14257-S
aterrorizar	69-3116-S
atestar atestiguar deponer jurar testificar	48-46106-B
atestar certificar garantizar jurar testimoniar	48-46393-B
atestar confirmar	19-54226-B
atestiguar deponer jurar testificar	48-46106-S
atetar dar pecho	60-23157-S
athoc	31-37922-B
athpariya	35-78514-B
ati	36-3305-B
atico	27-44483-B,47-18849-S
atikamekw	36-2885-B
atinar	68-52046-S
atirar atraer	33-24489-B
atirar la atencion cautivar	69-40753-B
atlanta	16-3520-B
atlantica atlantico	47-84461-B
atlantico	11-88198-S,34-10006-S,47-84461-S
atlantico atlantico	11-88198-S
atlantico norte	4-36659-S,11-45016-S
atlantico sur	5-77173-S
atlanticos	34-14212-S
atlas	1-68226-B,27-54912-S,47-56104-B
atlas central	27-56025-S
atlas central escrito con escritura arabe	27-56303-S
atlas central escrito escritura tifinagh	27-56474-S
atlas central hablado	27-56647-S
atlas e	27-56901-S
atlas medio	27-56830-B
atlas o	27-55952-S
atleta	44-68451-B
atleta de decatlon decatleta	56-28919-B
atletica atletico	47-4478-B
atletico	47-4478-S
atmosfera	1-68462-B,1-68743-S,1-71754-S,1-72302-S,20-8744-S,38-4983-B,48-40966-B
atmosfera del suelo	5-63446-B
atmosfera terrestre	19-40477-B
atmosferica	1-28859-S,1-69077-S,1-69416-S,1-72035-S,7-47792-S,51-38495-S
atmosferica atmosferico	47-4683-B
atmosferica fisica de la atmosfera	1-71754-S
atmosferico	1-27997-S,1-69557-S,1-69969-S,6-33445-S,6-125033-S,47-4683-S
ato	62-93327-B
atohwaim	35-81517-B
atolladero callejon estancamiento impase	56-20089-B
atolon	26-11019-B
atomica	12-35206-S,12-40590-S,12-45798-S,45-37653-S,45-37862-S
atomica atomico	52-83306-B
atomica atomico nuclear	47-104796-B
atomica euratom	2-114979-S
atomica guerra nuclear	67-16805-S
atomicidad	52-76390-B,52-76598-B,52-76894-B
atomico	12-226-S,12-24904-S,52-83306-S
atomico nuclear	47-104796-S
atomico submarino nuclear	60-60635-S
atomizador nebulizador	47-5140-B
atomo	12-15186-B
atonal	43-4434-B
atong	36-3853-B
atonita atonito estupefacta estupefacto	46-96612-B
atonito estupefacta estupefacto	46-96612-S
atontar	24-79693-B,54-70913-B
atontarse embrutecer	54-70742-B
atorada	35-75880-B
atormentar	22-3230-B,50-33088-B,70-5852-S
atornillar	47-56411-B
atosigar cargar	69-53580-B
atracadero	49-26257-S
atracadero pequeno puerto	37-16653-B
atracar despojar desvalijar pillar robar saquear	55-16021-B
atraccion	17-44385-B,33-20766-B,56-93375-B
atraccion encantamiento fascinacion	24-2538-B
atracciones	1-45396-S
atracina	6-114422-B
atractiva atractivo	47-32867-B,47-56977-B
atractiva atractivo atrayente	47-56724-B
atractiva atractivo bonita bonito	54-40562-B
atractivamente	61-34633-B
atractivo	47-32867-S,47-56574-B,47-56977-S
atractivo atrayente	47-56724-S
atractivo bonita bonito	54-40562-S
atraer	14-39573-B,33-24489-S,47-27221-B
atrapar	11-23994-B
atrapar capturar	24-79898-B,69-40538-B
atrapar coger prender	14-11389-S
atrapar sorprender	68-81965-B
atrapar tomar	22-59917-S
atrape	5-138341-B
atras	7-103903-S,7-104340-S,20-83819-S,46-89729-S,58-91141-S
atras detras	10-19412-B,15-56486-B
atras retrocompatibilidad	47-87243-S
atrasada atrasado con retraso retrasada retrasado	49-40985-B
atrasado	47-102869-S
atrasado con retraso retrasada retrasado	49-40985-S
atravesar	20-73894-B,33-64439-B
atravesar cruzar	40-53108-B
atrayente	47-56724-S
atreverse	42-69096-B
atrevida atrevido audaz imperturbable imperterrita imperterrito impavida impavido intrepida intrepido	56-18393-B
atrevido audaz imperturbable imperterrita imperterrito impavida impavido intrepida intrepido	56-18393-S
atrevido temerario	56-17854-B
atribucion	1-72604-B,16-55817-B,34-57772-B
atribuible	39-42457-B,47-64778-S
atribuir	21-6635-B,22-34508-B,34-57490-S,69-46918-S
atribuir conferir galardonar laurear otorgar premiar	34-41296-S
atributo	7-50311-B
atributo de clase	18-7262-S
atributos de la clase comunitaria	45-10338-B
atrincherarse	22-34192-B
atrioventricular completo	68-49577-S
atrocidad	47-5449-B,62-59366-B
atrofia	51-107716-B
atronador atronadora ensordecedor ensordecedora	57-81575-B
atronadora ensordecedor ensordecedora	57-81575-S
atropellado	12-65265-S
atropellar	45-17050-B,46-67917-S,69-68000-B
atroz espantosa espantoso	19-83557-S
atroz odiosa odioso	58-37942-S
atruahi	36-4189-B
atsahuaca	36-1783-B
atsam	38-70794-B
atsugewi	36-5716-B
att	9-37110-B
atta	36-3943-S,36-20512-S
atta de pamplona	36-4380-B
attie	36-2780-B
attock hindko	29-29022-B
attosegundo	16-85881-B
attouat	27-14119-B
atuence	36-2568-B
atun	22-45528-B,66-39430-S
atun azul	22-45916-B
aturdir	15-65321-B
aturdir confundir	48-38077-B
au	36-10171-B
au pair	47-48198-B
au prince	32-38695-S
aube	34-3141-B,34-51805-B
audacia	16-37759-B
audaz	47-38925-B
audaz imperturbable imperterrita imperterrito impavida impavido intrepida intrepido	56-18393-S
audaz temerario	61-57561-B
aude	34-3332-B,34-52982-B
audibilidad	47-39080-B
audible	47-40962-B,53-51474-B
audicion	47-42466-B
audicion oido	3-35598-B
audiencia	54-100116-B
audiencia oficial	4-48651-B
audiencia publico	19-66198-B
audio	14-81988-B
audio ingenieria de sonido	55-76996-S
audio libro grabado	17-18175-S
audiolibro libro en audio libro grabado	17-18175-B
audiometro	62-42720-B
audiovisual	52-54565-B,54-113416-S
audiovisuales	1-72907-S
auditar	68-80383-B
auditiva	6-120214-S,57-81351-S
auditiva auditivo	53-98112-B
auditiva auditivo aural	47-51251-B,61-89080-B
auditiva proteccion del oido	3-35203-S
auditivo	3-34721-S,53-98112-S,53-98313-S
auditivo aural	47-51251-S,61-89080-S
auditoria	6-86807-B,15-89861-S,58-87180-S
auditoria ambiental	2-93663-B
auditoria de gestion	25-64807-B
auditorio	47-42756-B
auge cuspide	26-17412-S
augsburgo	62-69996-B
augurio presagio	62-80359-B
augusta	16-4657-B
auhelawa	48-98746-B
aukan	39-47449-B
aula	17-22628-B
aullido	13-48237-B
aulua	36-6665-B
aumentada	65-86162-S
aumentar	44-41155-S,47-44800-B
aumentar crecer incrementar	20-54796-B
aumentar elevar levantar	8-5000-S
aumentar engordar	47-45171-S
aumentativo	18-51025-B
aumento	8-5624-B,9-54577-B,51-11598-S
aumento de capital	21-6042-S
aumento de costes	2-13947-B
aumento de la precipitacion	4-112635-B
aumento de pecho mamoplastia de aumento	51-11598-B
aumento incremento	20-63442-B
aun hasta incluso	21-60589-B
aun incluso todavia	34-23076-B
aun todavia	61-81610-B
aunque pese	14-47442-S
aura	34-57958-B,36-9117-B,61-89683-S
aural	47-51251-S,61-89080-S
aureola	39-22002-B
aureola halo nimbo	62-59536-B
aures e	27-60714-B
aures o	27-60650-B
auricula auricula cardiaca auricula cardiaca	64-40358-B
auricula cardiaca	64-40358-S
auricula cardiaca auricula cardiaca	64-40358-S
auricular	62-38957-B,67-8800-B
auriculares	57-80697-B,57-85202-B
auriculares con microfono	9-74103-B
auriga	44-69226-B
aurines	32-8896-B
aurora amanecer	14-31830-S
aurora boreal	69-56953-B
auscultacion	43-31936-B
ausencia	24-67188-B
ausencia falta	15-96364-B
ausente	14-6384-B,15-96560-B
ausente distraida distraido	15-96982-B
ausentismo	61-54516-B
aushi	36-6308-B
aushiri	36-10090-B
auspiciar estimular impulsar promover	10-82994-B
auspicio	48-20713-B
auspicio proteccion egida	62-62688-B
auspiciosa auspicioso	47-51684-B
auspicioso	47-51684-S
aussa	29-690-B
austeridad	34-58160-B
austin	16-5221-B
austral	5-78604-S,30-45546-S,36-7317-B
australes y antarticas francesas	33-6041-S
australia	8-5941-B,11-74993-B
australiana	35-85868-S
australiana australiano	9-85881-B,49-38837-B
australiano	9-85881-S,30-23549-S,43-36398-S,49-38837-S,68-30060-S
australianos	36-999-S,38-48113-S
austrasia	52-12768-B
austria	8-6110-B,33-85052-S,33-85183-S
austria hungria	15-48681-B
austriaca	36-665-S,64-43054-B
austriaca austriaco	17-4735-S,17-5101-S
austriaca austriaco austriaca austriaco	17-4735-B,17-5101-B
austriaco	16-73599-S,17-4735-S,17-5101-S,47-34084-S
austriaco austriaca austriaco	17-4735-S,17-5101-S
austriacos	57-10409-S
austroasiatico	26-56767-B
autentica autentico genuina genuino	14-93686-B
autenticacion	47-97026-S,47-97216-S
autenticacion autentificacion	9-68282-B
autenticar autentificar	52-100235-B
autenticidad	47-64558-B
autentico genuina genuino	14-93686-S
autentificacion	9-68282-S
autentificar	52-100235-S
autismo	47-57241-B
auto automovil carro coche	1-116588-B
auto canibalismo	56-44615-B
auto decreto	2-30179-B
autoamputacion autotomia	67-14372-B
autoanticuerpo	23-15172-B
autoaprendizaje	25-65098-B
autobiografia	47-57614-B
autobiografica autobiografico	47-72231-B
autobiografico	47-72231-S
autobus	6-97011-S,10-14317-S,48-52463-S,50-63529-S
autobus bus pullman	1-112259-B
autobus conductora de autobus	50-63529-S
autobus escolar	23-80354-B
autoclave	56-35028-B
autocompasion	54-31130-B
autocompasivo	54-31392-B
autoconfianza	68-98901-B
autocracia	47-73655-B
autocrata	61-61893-S
autocrata despota tirana tirano	47-57819-B
autoctona autoctono	52-54365-B
autoctono	3-60321-S,52-54365-S
autocumplida profecia autorrealizada	67-2719-S
autodestructivo	67-343-B
autodeterminarse	34-79547-B
autodominio	55-2036-B
autoecologia	1-73096-B
autoedicion	63-96213-B
autoerotismo autosexualidad	16-39277-B
autoestima	59-88723-S
autoestop viajar a dedo	47-101618-S
autofagia	56-44292-B
autofobia	56-77802-B
autogiro helicoptero	9-31552-B
autogol gol en contra gol en propia meta	64-26167-B
autografo	64-19631-B,64-19737-B
autoinmune	21-52474-S
autoinmunidad	21-52121-B
automata	54-100368-B
automata celular	52-103304-B
automata con pila automata de pila	52-103904-B
automata de pila	52-103904-S
automata finito maquina de estado finito	52-104410-B
automata robot	24-58692-B
automatica	12-85691-S
automatica automatico	16-41559-B
automatica de pruebas	54-18036-S
automatica de teoremas	58-87685-S
automatica ingenieria de control	63-102459-S
automatica programacion generativa	54-17539-S
automaticamente	49-57291-B
automatico	16-41559-S,35-37385-S,66-78004-S
automatico maquina expendedora	48-40356-S
automatismo	47-94941-B
automatizacion de pruebas	54-86497-B
automatizacion robotizacion	25-65305-B
automatizada demostracion automatica de teoremas	58-87685-S
automatizar	47-76891-B
automodificable	68-73101-S
automovil	64-46296-S
automovil carro coche	1-116588-S
automoviles	26-11990-S
automovilismo	47-101297-B
automovilistica	1-73413-S
automovilistico accidente de coche	60-57983-S
automutilacion	59-59369-B
autonoma	54-18315-S
autonoma autonomo	45-34586-B,45-34973-B,45-35209-B
autonoma condado departamento estado provincia	2-15109-S
autonoma del pais vasco	21-40351-S
autonoma del tibet tibet	48-67022-S
autonomia	20-38302-B
autonomo	15-45294-S,18-43084-S,45-34586-S,45-34973-S,45-35209-S,45-35422-S,49-83446-S
autopista autovia	4-12473-B
autopista carretera	3-39501-B
autopsia	47-77379-B
autopurificacion	5-39826-B
autor	47-86600-S,66-54714-S
autor autora escritor escritora	11-17430-B
autor escritor	60-83715-B
autora escritor escritora	11-17430-S
