table leg	64-28942-B
table manners	61-36710-B
table mesa	61-66010-B
table night stand night table night stand nightstand	19-36513-S
table night stand nightstand	19-36513-S
table soccer	68-30756-S
table tabular array	10-76657-B
table tabulate	61-66265-B
table tennis ping pong tabletennis	44-68842-B
table time table timetable	18-44224-S
table timetable	18-44224-S
table toilet table vanity	61-25764-S
table vanity	61-25764-S
tablecloth table cloth table cloth	66-61990-B
tableland	60-61201-S
tablet	40-39948-B
tablet computer	65-95349-S
tablet pc tablet computer	65-95349-S
tablet tablet pc tablet computer	65-95349-S
tabletennis	44-68842-S
tabletennis player	44-68664-B,54-118504-B
tabletop role playing game	20-87672-S
tableware	67-46046-S
tablinum	17-32207-B
tabloid	24-63699-B
tabo	46-22256-B
taboo	10-2735-B
tabriz	26-29138-B,36-18093-B
tabula rasa	25-47727-B
tabulahan	36-4053-S
tabular array	10-76657-S
tabulate	61-66265-S
tachawit	27-60179-B
tachawit spoken	27-60319-B
tachawit written	27-60241-B
tachelhit spoken	27-55449-B
tachelhit tachelhiyt tashelhit tashelhiyt	27-54984-B
tachelhit written	27-55105-B
tachelhit written arabic script	27-55211-B
tachelhit written tifinagh script	27-55328-B
tachelhiyt tashelhit tashelhiyt	27-54984-S
tachograph	55-89315-B,55-89418-B
tachometer	61-44143-S
tachycardia	33-50260-B
tacit	61-44283-B
taciturn	20-46888-B
taciturnity	61-44666-B
taciturnly	20-47508-B
tack	17-97675-S
tackle face up	22-8931-S
tact	59-73723-B,59-73917-B
tactic	59-28884-B
tactical	59-29063-B
tactile	51-100520-B
tadaksahak	32-62105-B
tadpole polliwog	23-106137-B
taekwondo	55-89672-B
taffeta	36-65034-B
tag	11-23110-B,11-23994-B,47-5601-B,47-5728-B,47-5944-B,52-20502-S,70-14172-B
tag graffiti	55-48879-B
tagabawa	36-65999-B
tagakaulu kalagan	45-94695-B
tagalog	9-71894-B
tagine tajine	59-36758-B
tahaggart tamahaq	27-51910-B
tahaggart tamahaq spoken	27-52490-B
tahaggart tamahaq written	27-51992-B
tahaggart tamahaq written arab script	27-52222-B
tahaggart tamahaq written latin script	27-52090-B
tahaggart tamahaq written tifinagh script	27-52353-B
tahitian	46-54441-B
tai central cluster	27-31570-B
tai chung	27-28333-B
tai dam	27-31239-B
tai dam spoken	27-31349-B
tai languages	27-24805-S
tai le tai lue tai lü tai lɯ	27-27658-S
tai lue tai lü tai lɯ	27-27658-S
tai lü tai lɯ	27-27658-S
tai lɯ	27-27658-S
tai muoi	27-31476-B
tai pan	31-10903-B
tai script	27-26027-S,27-26651-S,27-27268-S
tai southwestern cluster	27-24941-B
tai tai languages	27-24805-B
tai tham script lanna tai tham tham yuan	63-120024-B
tai tham tham yuan	63-120024-S
tai wang	27-29012-B
tai ya	27-27846-B
tai ya spoken	27-28210-B
tai ya written	27-27908-B
tai ya written tai yai script	27-28033-B
tai yai script	27-28033-S
taiap	42-5950-B
taichung	63-64534-B
taiga	68-67428-S
taikat	35-75683-B
taikonaut	18-35882-S,18-36415-B
tail	7-69140-B,66-22429-S
tail backside behind bottom bum buns butt buttocks derriere fanny fundament hind end hindquarters keister nates posterior prat rear rear end rump seat stern tail end tooshie tush	15-56048-S
tail end tooshie tush	15-56048-S
tail ox tail oxtail	51-31174-S
tail oxtail	51-31174-S
tail shaft	67-62728-B
tailed eagle white tailed sea eagle	24-61905-S
tailed kite	67-51240-S,67-52739-S
tailed sea eagle	24-61905-S
tailings pond	4-108813-B
tailor	16-46869-B
tailplane	10-14966-B
tails	12-8693-S
tainae	35-8892-B
tainan	63-64307-B
taint	36-47099-S
taipei	43-18188-B
taita	39-32455-B
taiwan	12-59647-B
taiwan sign language	46-71501-B
taiwan strait	43-46089-B
taiwanese holo language taiwanese language	22-58829-B
taiwanese language	22-58829-S
tajiji arabic	34-78645-S
tajik	17-51655-B
tajiki arabic balkh arabic bukhara arabic buxara arabic jugari tajiji arabic	34-78645-B
tajikistan	12-80731-B
tajikistani somoni	44-7108-B
tajine	59-36758-S
tak miao western hmong western miao	30-60775-S
take	10-49172-S,10-49285-B,10-49391-B,10-49481-B,10-50447-B,10-50574-B,10-50873-S,14-5641-S,23-38016-S,69-35640-B
take a bath	66-18304-S
take a crap take a shit	13-90214-S
take a picture	13-83608-S
take a seat	9-88975-S
take a shit	13-90214-S
take a walk	10-51865-S
take aback	16-8693-S
take aim	20-91183-S
take by force violate vitiate	10-49635-S
take care	47-10405-S
take down	61-14434-S
take flight	18-58543-S
take from	26-18532-S
take hold of	14-11389-S
take in	12-72956-S,60-14265-S
take in have	10-50723-S
take in make	67-37011-S
take it	20-37781-S
take off	15-26129-S,67-6558-B,68-39009-S
take on	22-6016-S,69-34835-S
take one s own life	57-91438-S
take out	58-76728-S,61-56938-B
take over	25-60797-S,69-39898-S
take over take up	11-21514-S
take part	22-55037-S
take pick out select	10-50293-S
take place	40-19790-B
take shape	40-15998-B
take take aim	20-91183-S
take take in have	10-50723-S
take take it	20-37781-S
take the veil	55-22713-B
take time	59-21339-B
take tolerate bear with	15-53240-S
take transmit	10-50097-S
take up	11-21514-S,39-46459-B
take up arms against a sea of sorrows	65-45662-S
takeo taakaev	34-54335-B
takeover	20-46554-B,24-63874-B
taketomi	30-56506-B,53-105697-B
taki	17-61019-S
taki taki	17-61019-S
taking place	40-39539-B
taksio taxi taxicab	8-93717-S
takum	43-34122-S
talangit	26-40737-B
talantang	42-6634-S
tale	16-65387-S
tale yarn	10-98129-S
talent	16-39875-S
talented gifted	54-112584-B
talisman	19-61948-S
talk	6-144595-S,9-67179-S,33-68741-S,61-36830-S
talk caretaker speech child directed speech infant directed talk mommy talk motherese parentese	64-39752-S
talk child directed speech motherese parentese	21-71172-S
talk into	56-88105-B
talk mommy talk motherese parentese	64-39752-S
talk motherese parentese	64-39752-S
talk show	51-24642-S
talk wheedle	37-83731-S
talkative	20-51041-B,44-49375-S,54-102512-S
talkatively	20-51960-B
talkie	65-101054-B
talkie walky talky	60-96597-S
talky	60-96597-S
tall	14-15402-B,14-17399-B
tall finger tall man	10-87539-S
tall improbable	14-18558-B
tall man	10-87539-S
tall story tall tale yarn	10-98129-B
tall tale yarn	10-98129-S
tallau	31-20933-B
tallau spoken	31-20998-B
tallinn	15-82084-B
tallness	13-5242-B
tallow	58-64701-B
talmudic aramaic jewish babylonian aramaic	58-29355-S
talocrural joint	15-3939-S
talur	43-8745-B
tama	31-15269-B
tama chad	31-15524-B
tama chad spoken	31-15842-B
tama chad written	31-15587-B
tama chad written latin script	31-15674-B
tama sungor cluster	31-15424-B
tamagusuku	30-53814-B
tamahaq	27-51910-S
tamahaq spoken	27-52490-S
tamahaq written	27-51992-S
tamahaq written arab script	27-52222-S
tamahaq written latin script	27-52090-S
tamahaq written tifinagh script	27-52353-S
tamajaq	27-53492-S
tamajaq spoken	27-53988-S
tamajaq written	27-53578-S
tamajaq written shifinagh script	27-53845-S
tamajaq written tifinagh script	27-53680-S
tamajeq	27-54299-S
tamajeq spoken	27-54600-S
tamajeq written	27-54375-S
tamajeq written shifinagh script	27-54467-S
tamanghasset arabic tamanrasset arabic	34-76389-S
tamanrasset	48-55981-B
tamanrasset arabic	34-76389-S
tamarind	57-86648-B
tamarisk	60-78402-S
tamasheq	27-53050-B
tamasheq spoken	27-53347-B
tamasheq written	27-53148-B
tamasheq written tifinagh script	27-53228-B
tamazight	27-56025-S
tamazight arabic script	27-56303-S
tamazight braber central morocco tamazight tamazight	27-56025-S
tamazight e	27-57599-S
tamazight spoken	27-56647-S
tamazight tamazight	27-56025-S
tamazight tifinagh script	27-56474-S
tamazight w	27-57516-S
tambourine	45-103994-B
tambov	37-19645-B
tambovskiy	32-54534-B
tambunan dusun	49-24178-B
tame	67-90818-S
tame break in domesticate domesticise domesticize reclaim	68-87131-B
tame tone down	69-49131-S
tamezret a	28-332-B
tamil	9-3516-B,12-62496-B,30-41810-S
tamil irula	30-40068-B
tamil nadu	30-37962-B,33-39489-B
tamil nādu	29-46357-S
tamil script	54-39935-S
tamil script historical	54-40124-S
tamil script modern	30-40827-S
tamil script pre modern	30-40661-S
tamil spoken	30-40985-B
tamil tamil script	54-39935-B
tamil written	30-40546-B
tamil written tamil script historical	54-40124-B
tamil written tamil script modern	30-40827-B
tamil written tamil script pre modern	30-40661-B
tampias lobu	50-79748-B
tamsin thomasina thomasine	60-0-B
tana	29-15602-B,56-82571-B
tanacross	41-26256-B
tanaina	41-26351-S
tanana	41-26511-S,41-26615-S
tandem	25-13039-B
tandoor	62-34730-B
tandroy mahafaly malagasy	45-103557-S
tandroy mahafaly tandroy mahafaly malagasy	45-103557-S
tandroy tandroy mahafaly tandroy mahafaly malagasy	45-103557-B
tangent	25-13130-B
tangerine peel	23-27420-B
tangible touchable	12-75944-S
tangle entangle mat snarl	63-81034-B
tangled	57-47858-S
tank	5-42095-S,5-43748-S,13-34058-B,13-34284-B,56-45943-S
tank farm	5-107201-B
tank gasoline tank	56-45943-S
tanker	4-51420-S,5-107124-B,5-145693-S
tanker tanker	4-51420-S
tanned	33-25309-S
tanned tanned	33-25309-S
tannin	5-107302-B
tanning	45-89364-S
tanning bed	65-97396-S
tanning bed sun tanning bed	65-97396-B
tanosy malagasy	45-103734-B
tantalise tantalize taunt	58-13834-S
tantalization teasing	58-13622-S
tantalize taunt	58-13834-S
tantalum	15-77992-B
tantum	45-5053-S,45-5207-S
tanudan kalinga	44-36607-S,45-100051-S
tanuki	67-46589-S
tanzania	11-98482-B
tanzanian shilling	43-43154-B
tanzanian sign language	46-71398-B
taoism	59-84261-B
tap	25-91868-S
tap cock faucet spigot stopcock	33-12477-B
tap water	52-14890-B
tapanta	28-15270-B
tapanta model	28-14720-S
tape	3-123699-S,23-36986-B,66-44410-S
tape hiss	55-80691-B
tape measure	66-60982-S
tape scotch tape sticky tape tape	66-44410-S
tape sticky tape tape	66-44410-S
tape tape	66-44410-S
tape tape measure	66-60982-S
taper	69-24636-S
taper off	57-62832-S
tapestry	64-7467-B
taphonomy	64-4445-B
tapioca	56-95898-B
tar	5-107606-B,16-89508-B,64-53169-S
tar sand	5-108416-S
tarama minna	30-55125-B
tarantella	41-31690-B
taranto	34-71386-B,35-21609-B
tarantula	33-57931-S,36-33466-B
tarawa	18-73917-S
tarball	18-62938-B
tarbes	50-22060-B
tardy	49-40985-S
target	17-11490-B,61-46193-S
target audience target group	5-108025-B
target group	5-108025-S
target language	52-16277-B
target text	52-15439-B
targeted	23-106943-B
tariff	5-108171-B,7-11610-S
tarifit	27-57974-B
tarifit spoken	27-58284-B
tarifit written	27-58088-B
tarifit written arab script	27-58164-B
tarmac	46-75456-S
tarn	34-17541-B,34-36054-B
tarn et garonne	34-18081-B
tarpaulin	55-59883-B
tarragon	60-18372-S,60-18549-S
tart	57-2949-S,59-6583-B
tartar	64-16615-S
tartare	64-41157-S
tartu	25-12500-B
tashelhit tashelhiyt	27-54984-S
tashelhiyt	27-54984-S
tashkent	43-47450-B
task	49-28230-B
task force	22-71158-B
task force agent	22-84469-B
tasmanian devil	46-56442-B
taste	6-132535-S,18-89922-S,18-90528-B,56-91032-B
taste bud tastebud	66-65059-B
taste flavor flavour	64-7582-B
taste of	24-49732-B
taste sense of taste	18-89922-B
tastebud	66-65059-S
tasteless insipid	42-25221-B
tasting	59-93868-B
tasting scrumptious toothsome	56-51757-S
tasty delectable delicious luscious pleasant tasting scrumptious toothsome	56-51757-B
tasty palatable sapid	11-12596-B
tat	43-34399-S,48-97190-S
tat tatt tattoo	60-70785-B
tataltepec chatino	39-26259-B
tatar	17-51961-B,26-23976-S,26-33720-S,26-33902-S,26-34071-S,26-34312-S,26-34392-S,26-40936-S
tatar c	26-23887-S
tatar chulym turkic küerik melets tatar	26-40936-S
tatar cluster	26-33275-B
tatar crimean turkish	25-100819-S
tatar formal	26-23638-S,26-33621-B
tatar georgia	26-35782-S
tatar kazakhstan	26-35874-S
tatar krymchak	26-24117-S
tatar ne	26-23793-S
tatar nogay	26-36182-S
tatar spoken	26-23482-S,26-33554-B
tatar spoken crimean turkish crimean tatar spoken	26-23482-S
tatar uzbekistan	26-35972-S
tatar written	26-33350-B
tatar written cyrillic script	26-33423-B
tataria tatarstan	18-78388-S
tatarstan	18-78388-S
tatarstan tataria tatarstan	18-78388-S
tatt tattoo	60-70785-S
tattered	59-65222-S
tattle	9-73964-B
tattletale	9-73266-B
tattoo	60-70785-S,60-70937-B
tattoo artist tattooist	69-22838-B
tattooist	69-22838-S
taujjurt	28-268-B
taunt	58-13834-S
taunt deride flout gibe hoot jeer jibe mock ridicule	56-87899-B
taurus	38-21309-B
tautogram	61-77812-B
tautology	16-41072-B
tavern	10-97794-B
tawallammat tamajaq	27-53492-B
tawallammat tamajaq spoken	27-53988-B
tawallammat tamajaq written	27-53578-B
tawallammat tamajaq written shifinagh script	27-53845-B
tawallammat tamajaq written tifinagh script	27-53680-B
tawbuid	37-13963-S
tawe	28-30010-B
tax	1-118837-S,3-25393-S,5-108808-B,7-0-S,7-13953-S,7-31538-S,64-4554-S,66-8798-S
tax carbon tax	1-118837-S
tax collection	25-57554-B,25-58724-S
tax evasion	25-59204-B
tax free	66-75283-B
tax law	5-109477-B
tax millage tax property tax	7-0-S
tax on capital	7-13687-B
tax on consumption	7-13422-B
tax poll tax	64-4554-S
tax property tax	7-0-S
tax return	25-58374-B
tax system	6-56722-B
taxation	5-109210-B
taxes tax collection	25-58724-S
taxi	25-92875-S
taxi driver cab driver cabbie cabby cabdriver cabman	64-8711-B
taxi taxicab	8-93717-S
taxicab	8-93717-S
taxon	37-5522-B
taxonomy	5-109754-B,38-52551-B,45-49791-S
taxpayer	20-40378-B
tayabas ayta	36-15710-B
tayart tamajeq	27-54299-B
tayart tamajeq spoken	27-54600-B
tayart tamajeq written	27-54375-B
tayart tamajeq written shifinagh script	27-54467-B
tayo	32-41883-B
tayo spoken	32-42079-B
taznatit	27-61722-B
tb	23-32095-S
tb multiple drug resistant tuberculosis	33-77041-S
tbilisi	21-30070-B
tchad	32-16813-S
tchaine	31-10601-S
tchorny	26-37414-B
tchumbuli	37-60427-B
tcp ip	65-66939-S
tcp session hijacking session hijacking session stealing	65-66196-B
tcp transmission control protocol	65-33381-B
tea	8-35513-B,8-35682-B,11-35899-S,11-36122-B,11-36285-S,15-41781-S,25-2389-S,25-2707-S,35-76204-S,51-3693-S,55-93144-S,56-2795-S,57-98325-S,57-98408-S,66-49960-S
tea bag	19-18027-B
tea cup tea cup teacup	19-75185-B
tea cup teacup	19-75185-S
tea egg tea infuser teaball	55-97248-B
tea infuser teaball	55-97248-S
tea infusion herb tea ptisan tisane	18-56124-S
tea kettle teakettle	15-80685-S
tea peppermint tea	25-2707-S
tea plantation	19-87427-B
tea ptisan tisane	18-56124-S
tea shop	11-26032-S
tea stagette	64-35205-S
tea towel	57-40854-S
teaball	55-97248-S
teach	14-14684-B
teach an old dog new tricks old habits die hard	69-45689-S
teacher	20-43437-B,66-61114-S
teacher trigger finger	13-51001-S
teaching	5-30511-S,5-110095-B
teaching hospital university hospital	60-98829-B
teaching method	5-110260-B
teacup	19-75185-S
teak teak wood teakwood	55-99154-B
teak wood teakwood	55-99154-S
teakettle	15-80685-S
teakettle base over apex head over heels	64-65233-S
teakwood	55-99154-S
team	9-8133-B,42-73826-S
team sport	37-15610-B
teamster truck driver trucker	59-85297-B
teapot	54-120484-B
tear	40-36912-B,62-91868-S
tear gas grenade	25-29248-B
tear gas teargas	65-13961-S
tear off	33-37145-B
tear teardrop	9-92494-B
teardrop	9-92494-S
teargas	65-13961-S
tearing	23-39904-S
tears	65-14386-S
tease razz tantalise tantalize taunt	58-13834-B
tease ribbing tantalization teasing	58-13622-B
teaser enigma riddle	42-49215-S
