traducido	52-15439-S
traducir trasladar	18-24001-S
traductor traductora	15-50487-B
traductora	15-50487-S
traer	18-24877-B,18-89591-S,69-42031-S
traficante	43-15408-B
traficante tratante	59-66998-S
traficar	12-68078-B
trafico	5-132309-B,5-132551-S,5-133105-S,5-133337-S,5-133804-S,5-134454-S,5-134813-S,12-67829-S,22-53080-S,48-53454-S,56-59719-S
trafico accidente de transito accidente de viaje siniestro de trafico	5-132551-S
trafico aereo	1-31166-B,1-31317-S,1-31614-S,22-16331-S
trafico aereo civil	1-141582-B
trafico aereo militar	4-2246-B
trafico circular	18-83186-S
trafico comercial	1-155776-B
trafico de carreteras	5-18478-B,5-18655-S
trafico de larga distancia	3-117506-B
trafico de organos	33-3763-B
trafico diario	1-157125-B
trafico en agua	5-135223-B
trafico ferroviario	4-140068-B
trafico local	3-116874-B
trafico organico	65-86898-B
trafico transito	12-67589-B
trafico urbano	6-2662-B
tragar	19-5552-S
tragedia	24-82-B,24-540-B
trago	1-82692-S,11-66760-B,15-20615-S
traicion	17-16712-B,64-1693-B
traicionar	68-4001-S
traje	47-20672-S,67-6138-B
traje academico	47-262-S
traje de bano	11-85785-S
traje de faena	48-97871-B
traje de noche	54-100519-B
traje mandarin	51-31266-S
traje vestido	13-1035-B
trakay	26-35589-B
trama	7-50070-B,10-102249-S
tramar	13-10793-S
tramonti	22-70779-B
trampa	21-43688-B,42-33060-S,59-93347-S
trampa acorralamiento	16-1142-B
trampolin	51-17251-B,57-71338-B
tramposa	51-26647-S
tramposo tramposa	51-26647-B
trang	31-11643-S,31-11741-S
trani	34-35474-S
tranporte	7-14762-S
tranquila tranquilo	8-1973-S
tranquilamente	59-21267-B
tranquilizante	56-80658-S
tranquilizar	70-204-S
tranquilo	8-1973-S,8-2467-S,8-2624-B,11-49101-S,38-4223-S,69-43620-S
transaccion	20-83318-B,38-37697-B
transalpina transalpino	48-14745-B
transalpino	48-14745-S
transbordador	19-39451-S
transcaucasia	60-20085-S
transclusion	67-7883-B
transcribir	44-12982-B
transcripcion	52-56034-B,62-82322-B
transcripcion transliteracion trascripcion	53-104255-B
transcurrir	41-3773-B,49-27763-S
transcurso	41-2399-S
transferencia arn transferente	45-78502-S
transferencia arnt	33-46678-S
transferencia de tecnologia	5-110858-B
transferencia genetica horizontal transferencia horizontal	45-88014-B
transferencia geoestacionaria	64-15544-S
transferencia horizontal	45-88014-S
transferente	45-78502-S
transferir	68-82983-B
transfiguracion	9-83225-B,40-43869-B
transfigurar transformar	63-39897-B
transformacion	19-6593-B,33-8156-B
transformacion afin	53-57623-B
transformacion conforme	53-59263-B
transformacion de modelos	63-113596-B
transformacion lineal	53-58233-S
transformado	7-5881-S
transformador	20-27035-B
transformar	18-24274-S,21-88830-B,25-43450-S,63-39897-S
transformismo	69-13913-S
transfusion de sangre	24-14739-B
transgen	36-52779-B
transgenesis	36-52361-B
transgenica transgenico	59-47241-B
transgenico	59-47241-S
transgredir	24-66635-B
transicion	5-136398-S,33-63591-B
transilvano	30-15539-S
transisalania	33-86982-S
transitiva	54-12021-S
transitivo	17-27209-S,56-85916-B
transito	12-67589-S
transito accidente de viaje siniestro de trafico	5-132551-S
transitoria transitorio	58-80019-S
transitorio	24-67947-B,44-40274-S,58-80019-S
translacion	13-80551-S
transliteracion trascripcion	53-104255-S
transliteracion wylie	48-67275-B
transliterar	44-12910-B
translucida translucido	53-47870-B
translucido	53-47870-S
transmision	40-44543-B,55-77707-S,67-72946-S
transmision de sonidos	5-76258-B
transmision sexual	23-52967-S
transmisor receptor portatil walkie talkie	60-96597-B
transmitida por vector	51-33591-S
transmitir	15-35536-S,68-83674-S,68-83841-S,68-83960-B
transmitir trasladar	23-80145-S
transmutacion	24-69241-B
transneptuniano transneptunico	64-41020-B
transneptunico	64-41020-S
transparencia	42-53503-B
transparencias animacion sobre acetato	68-91537-S
transparentar	40-44847-B
transparente	15-270-B,57-4886-S
transpiracion	5-136838-B
transpirado	33-42276-S
transplantar	49-14561-S
transpondedor	54-76856-B,54-77141-B
transponer trasponer	63-21997-B
transponible	63-21830-B
transport	7-10766-S
transportadora	55-50026-S
transportadora correa transportadora	55-50026-S
transportar trasladar	24-89745-B
transporte	5-137194-S,5-137351-S,5-137620-B,5-137960-B,53-41890-S,55-49702-S
transporte accidente de trafico accidente de transito accidente de viaje siniestro de trafico	5-132551-S
transporte acuatico	6-31540-B
transporte aereo	1-31739-B
transporte combinado	6-98667-B
transporte de masa	3-136587-B
transporte de mercancias	2-157656-B
transporte de pasajeros	4-66591-B
transporte ferroviario	4-140287-B
transporte fluvial	2-145845-B,3-71003-B
transporte localizacion del transport	7-10766-S
transporte maritimo	13-88759-S
transporte medio de transporte	55-49702-B
transporte privado	4-118025-B
transporte publico	4-128859-B
transportista	59-85297-S
transuranico	46-91692-S
transversal	17-31507-S,33-63881-B,33-64229-B,67-70532-S
transversal transverso de traves	62-10351-B
transversalmente	59-63143-B
transverso de traves	62-10351-S
tranvia de cable	67-75610-B
trapani	34-72009-B,35-21946-B
trapeador trapero	68-37630-S
trapear suape trapeador trapero	68-37630-S
trapecio	24-68063-B
trapero	68-37630-S
trapezoidal	40-43711-B
trapo de cocina	57-40697-B,57-40854-S
traquea	56-42791-B
traqueitis	62-23774-B
traqueofita	5-129696-S
traqueofita traqueofita	5-129696-S
tras	59-23476-B
trascendencia	26-16313-B
trascripcion	53-104255-S
trasdos	59-102916-S
trasera	65-56288-S
trasero	15-56048-S
trashumancia	6-92190-B
traslacion translacion	13-80551-B
trasladar	10-50097-S,14-5641-S,18-24001-S,23-80145-S,24-89745-S,57-51175-S
trasladarse	14-8066-S,69-35640-S
trasladarse viajar	5-138553-S
traslado nutritivo	4-42898-B
trasnochador	36-25185-S
traspasar	40-2761-B
trasponer	63-21997-S
trasposon	45-90655-B
trastornada trastornado	57-63203-S
trastornado	57-63203-S
trastorno alimentario	57-91959-B
trastorno bipolar	54-5048-S
trastorno obsesivo compulsivo	13-26148-B
trastorno por deficit de atencion	48-7438-B
trastorno por estres postraumatico	68-82526-S
trastorno psicosomatico	4-125959-B
trastos	15-72328-S
trastos trastos	15-72328-S
trata de esclavos	63-56389-B
trata de ninos	65-9568-B
tratabilidad	52-105470-S
tratable	52-93227-B
tratado	5-139030-B,25-46417-B
tratado de libre comercio	34-79740-B
tratado del atlantico norte	11-45016-S
tratado secreto	57-38600-B
tratamiento	20-89630-S,33-67808-B
tratamiento aerobico	6-139235-B
tratamiento antiretroviral tratamiento antirretroviral	23-12109-B
tratamiento antirretroviral	23-12109-S
tratamiento caucho	5-21550-S
tratamiento de cultivos	6-91741-B
tratamiento de imagenes	3-53460-B
tratamiento de residuos	6-21608-B
tratamiento de superficies	5-102906-B
tratamiento de textos	69-74206-B
tratamiento del agua	6-31806-B
tratamiento digital de imagenes	7-45407-S
tratamiento digital de la imagen	7-45004-S
tratamiento primario	6-139561-B
tratamiento quimico	1-133442-B
tratante	59-66998-S
tratar	11-4714-S,22-52860-S,53-16299-S,69-59554-S
tratar con plomo	56-59510-B
tratar de intentar	58-19534-S
trato	56-20502-S
traumas	41-48463-S
traumatologia	64-9365-B
traves	17-1746-S,22-85318-S,24-60612-S,59-23247-S,62-10351-S
traves por	62-7184-S
travesano	15-47075-B
travesera	18-5617-S
travesia viaje	21-35260-S
travesti	11-38594-S,11-38840-S
travesti travesti	11-38594-S,11-38840-S
travestista travesti travesti	11-38594-B,11-38840-B
travesura	18-64587-B
traw	27-14817-B
trayectoria	5-135960-B
traza	13-12764-B
traza de auditoria	15-89861-B
trazabilidad	24-17676-B
trazado de rayos	63-93196-B
trazado de ruta	6-64492-S
trazador	3-134083-B,69-8663-B
trazador radiactivo	4-137728-B
trazar	14-39255-S,63-110646-B
trazo	40-52853-B
trebol	53-26983-B,53-27102-S,53-27692-S
trece	10-31419-B
treceavo	57-31975-B
trecena	13-78824-B
tregereg escrito	28-33587-B
tregereg escrito con escritura latina	28-33710-B
tregua	10-18157-S,54-74629-B
treinta	10-34046-B
treinta y cinco	10-44748-B
treinta y cuatro	10-44418-B
treinta y dos	10-43766-B
treinta y nueve	10-46066-B
treinta y ocho	10-45732-B
treinta y seis	10-45074-B
treinta y siete	10-45402-B
treinta y tres	10-44089-B
treinta y uno	10-43459-B
treintavo	57-35952-B
tremedal	6-130724-B
tremenda tremendo	24-76125-S
tremendo	24-76125-S
tremula tremulo	59-73410-S
tremulo	59-73410-S
tren	5-135419-S,38-37553-S
tren de mercancias	50-33542-B
tren estacion ferroviaria	10-14018-S
tren expreso tren rapido	24-41244-B
tren rapido	24-41244-S
tren subterraneo	5-148119-S
treng	34-45641-S
trento	34-71662-B,35-22068-B
trenza	20-58216-B
trenzado	65-32877-S
trepadora	1-148000-S
trepar	14-12554-S,22-34908-B
treparriscos	24-76864-B
trepidante tremula tremulo	59-73410-S
tres	7-61866-B,8-105296-B,10-44089-S,10-53996-S,10-58231-S,13-23607-B,26-3062-B
tres gargantas	49-450-S
tres mastiles	7-67590-S
tres mil	67-794-B
trescientos	66-40860-B
treveris	40-45376-B
treviso	34-72499-B,35-22223-B
triacontagono	17-46007-B
triada	19-9836-B
triaje	23-105754-B
triangulacion	46-81315-B,46-81501-B
triangular	17-49105-B
triangulo	13-55787-B,45-97135-B
triangulo isosceles	37-74284-B
triatlon	70-12872-B
triazina	5-140296-B
tribu	33-68265-B
tribulacion	42-68228-S
tribuna	21-17125-S,58-72600-S
tribunal	6-108792-S,48-44684-S
tribunal administrativo	6-107505-B
tribunal de casacion	22-70478-B
tribunal de justicia	2-15618-B
tribunal de justicia de las comunidades europeas	2-116402-B
tribunal internacional de justicia	3-77896-B
tribunal militar	55-75562-S
tributable	57-75744-S
tributaria tributario	48-378-S
tributario	48-378-S
tricefala tricefalo	66-29897-B
tricefalo	66-29897-S
tricenal	58-82022-B
triceratopo	33-56068-S
triceratops triceratopo	33-56068-B
triciclo	33-9309-B
triclinio	48-56404-B
tricoma	63-21603-B
tricotar	55-25515-S
tricotilomania	64-79147-B
tridecagono	17-46953-B
tridimensional	53-18991-B
trienal	58-81250-B
trieste	34-72300-B,35-22332-B
trigeminal nervio trigemino quinto par craneal	57-9409-S
trigemino quinto par craneal	57-9409-S
trigger	53-7735-S
trigo	21-57997-B,68-14002-S
trigo candeal	63-62389-B
trigo duro	63-62167-B,63-74969-S
trigo sarraceno	17-90189-B
trigo sarraceno harina sarracena	51-84709-S
trigonometria	15-21025-B
trigrafo	66-31687-B
trillada trillado	19-8145-S
trillado	19-8145-S
trillar	69-60542-B
trilobulo	17-33157-B
trilogia	64-7132-B
trimestral	21-68286-B
trimestre	11-99625-B,62-51247-B,62-51497-B
trimetilaminuria	68-39931-B
trinchera	15-12945-B,64-64689-S
trineo	12-47895-B,46-52104-B
trineos	46-12302-S
tring	27-18279-B
trinidad	17-26518-S,29-54688-S
trinidad de principios	5-140487-B
trinidad trinidad	17-26518-S
trinidad y tobago	12-94418-B,55-35559-S
trinitaria	25-93368-S
triniteno	31-54429-B
trinkat	58-12858-B
trio	15-91230-B
trioxido de aluminio oxido de aluminio	1-39992-S
tripa	60-11765-S
triparticion	40-45916-B
tripas	8-16121-S
triple	40-46248-B
triple alfa	66-18878-S
triple alfa proceso triple alfa	66-18878-S
triple des	65-65371-S
triple sec	50-78842-B
tripleta	70-1104-B
triplicado	64-10102-S
triplicar	24-86944-B,24-87068-B
tripoli	34-68046-B
triptongo	57-2119-B
tripulacion	54-125154-B
tripulado teledirigido	69-29428-S
tripulante	55-97111-B
tripulante de cabina de pasajeros	66-62759-S
tris	24-91604-S
trisilabico trisilabo	57-35453-B
trisilabo	57-35453-S
triste	14-8962-S,15-62202-S,51-45194-B
tristemente	59-21162-B
tristeza de amor	61-53606-S
tritio	5-140782-B
triton	67-1886-B
trituracion	3-28439-B
trituradora	5-48181-B
triunfador triunfadora triunfante vencedor vencedora victoriosa victorioso	62-7507-S
triunfadora triunfante vencedor vencedora victoriosa victorioso	62-7507-S
triunfal triunfante	62-9014-S
triunfalmente	59-78580-S
triunfante	62-9014-S
triunfante vencedor vencedora victoriosa victorioso	62-7507-S
triunfante victoriosa victorioso	62-8808-B
triunfar	15-38754-B
triunfar vencer	16-8805-S,24-89174-S,64-8085-S
triunfo	47-24703-S
triunfo victoria	64-7863-B
triunfo victoria exito	14-21110-B
triunvirato	62-56419-B
triunviro	62-56635-B
trivial	17-18048-B
trocar	12-68214-S
trofeo	15-0-B
trofica	2-69410-S,2-148618-S
trofico	5-141038-S
troglodita	55-6175-B,56-68726-S
trojan horse troyano	65-70008-S
trolebus	19-6286-B
troll	21-14422-B
trombeta	68-38467-S
trombiculido acaros de la cosecha acaros rojos	68-34943-B
tromboembolia venosa trombosis venosa profunda	37-25620-S
tromboembolismo pulmonar	58-106368-B
tromboflebitis	38-1702-B
trombon	14-80000-B
trombonista	45-11283-B
trombosis	13-75396-B
trombosis venosa profunda	37-25620-S
trompa	14-79449-B,18-6000-B
trompa de falopio	25-44455-B
trompa de los alpes	18-8905-S
trompe	33-81405-S
trompeta	14-78878-B
trompeta trompetear	56-50333-S
trompetear	56-50333-S,56-50488-S
trompetista	15-92262-B,60-89592-B
trompo	18-96316-B
tronco	14-79562-S
tronco caido	52-86569-S
tronco del encefalo tronco encefalico	9-42367-B
tronco encefalico	9-42367-S
tronco tronco caido	52-86569-B
troncoconica troncoconico	41-4403-B
troncoconico	41-4403-S
trono	12-71560-B
tropez	50-21360-S
tropical	5-141304-S,5-141585-S,5-141859-S,6-127906-S,7-4928-S,35-81003-B,64-81487-S
tropico	46-16837-B
tropico de cancer	46-16568-B
tropico de capricornio	46-16285-B
tropico zona intertropical	5-142125-B
tropo	61-32905-B
troponimo	16-49789-B
tropopausa	51-34082-B
troposfera	5-142931-B
troposferico	5-143193-S
trotar correr	68-78668-B
troya	22-26955-B
troya regalo envenenado	58-82840-S
troya trojan horse troyano	65-70008-S
troyano	65-70008-S
troyes	34-59292-B
trozo	40-52370-S
trucha	14-97567-B
truco	11-91995-S,47-22105-S,63-32293-S
trucos a un perro viejo	69-45689-S
trueno	10-73857-S,24-28165-B,37-25103-B
trueno continuo	37-25244-B
truenos	6-128125-S,37-25407-S
trueque	69-72151-S
trufa	12-8593-B
tsakwambo	49-15857-B
tsamai escrito	29-4993-B
tsamai escrito con escritura latina	29-5108-B
tsat	42-63274-B
tsegob	28-20520-B
tseltal	56-79578-S
tsetse	33-32758-S
tsimane	38-59231-B
tsimihety malgache	45-103898-B
tsimshian	41-27471-B
tsl	65-36900-B
tso	49-52690-B
tsoa	30-46030-S,30-46149-S
tsonga xitsonga	46-52778-B
tsongol	26-46620-B
tsotsitaal	41-37729-B
tsukemono	52-2717-B
tsumada	28-19648-B
tsumkwe	48-98340-S
tsunami	5-38890-S
tu	7-66528-B,7-95469-B,9-40611-B
tu usted vos	7-67482-S
tuamotuan	36-8406-B
tuareg	27-51771-B
tuareg del norte	27-51831-B
tuareg del sur	27-52973-B
tuba	14-79822-B
tuba kizhi	26-43419-B
tuba tenor	62-95946-S
tubaria tubario tubarica tubarico	61-88042-B
tubarica tubarico	61-88042-S
tubarico	61-87624-S,61-88042-S
tubario tubarica tubarico	61-88042-S
tubatulabal	41-27777-B
tuberculo	7-6278-B
tuberculosis	23-32095-B
tuberculosis multirresistente	33-77041-S
tuberculosis tb	33-62952-S
tuberculoso tisico	64-76234-S
tuberia	4-88238-B,4-88542-B,11-44576-S,11-44851-S,38-36702-S,39-1717-S,52-14890-S
tubero	43-43946-B
tuberosa	66-62341-S
tubo	63-85973-B
tubo capilar	41-42717-B
tubo catodico tubo de imagen	33-68636-B
tubo de asiento	67-55874-B
tubo de ensayo	56-34595-B
tubo de imagen	33-68636-S
tubo digestivo	42-78869-B
