all	9-35070-B,25-101758-S,50-36644-S,62-1345-S
all along	61-80270-B
all day all day long	67-8154-B
all day long	67-8154-S
all each every	7-75020-B
all embracing	45-64607-B
all encompassing overall	53-55182-B
all entire whole	62-10517-B
all is well that ends well all s well that ends well	68-97241-B
all nighter	65-20547-S
all of a sudden out of the blue	34-80404-S
all once for all	50-36644-S
all party	33-63881-B,60-53857-S
all powerful	14-32639-S
all right alright okay	59-82026-S
all roads lead to rome	60-29203-B
all s well that ends well	68-97241-S
all terrain vehicle	6-77255-B
all the same however just the same nevertheless nonetheless still though	10-116118-B
all the stops	66-10826-S
all you you lot yous	7-67030-S
alladian	35-44574-B
allar spoken	30-43338-B
allay	45-58676-B
allegation	20-28879-B,20-28989-B
allege	19-37581-B
allege aver say	69-61802-B
allegedly	45-62434-B
allegiance	45-62585-B
allegorical	45-62949-B
allegory	45-63478-B
allegretto	61-52531-B
allele	25-21360-B,37-81596-S
allelic	63-1564-B
allen key	67-71802-S
allen wrench hex key allen key	67-71802-B
allergen	1-37279-B
allergic	45-64755-B
allergology	66-3640-B
allergy	1-37570-B,52-60799-S,52-61116-S,52-61863-S
alleviate ease facilitate make easier make easy	58-76349-B
alleviate relieve assuage palliate	45-64888-B
alleviation	45-65365-B
alley	19-68071-B
alley cat	45-65749-B
alliance	10-7637-B
alliance axis countries axis nations axis powers	49-9833-S
allied	45-77742-B
allier	34-1692-B,34-52394-B
alligator	34-37633-B
alligator pear avocado pear butter pear	16-17282-S
allocate	19-72515-B
allocation	6-78313-S,63-115760-S
allocation allotment resource allotment	1-38233-B
allochthonous	67-48701-B
allometry	52-57590-B
allopathy	54-98576-B
allopatric	63-13187-B
allopatry	63-13511-B
allose	60-14992-B
allot	45-78103-B
allotment	1-38233-S,3-92942-B
allotment resource allotment	1-38233-S
allotrope	46-76277-B
allotrope of	46-76121-S
allotropy	46-75688-B
allotype	58-40780-B
allow	69-53134-B,69-53211-B
allow admit	69-64888-B
allow appropriate earmark reserve set aside	69-64954-B
allow let permit	19-50939-B
allowance	7-26226-B
allowance lead	24-58261-S
alloy	1-38590-B
allude	22-12747-B
allure entice tempt	58-39221-S
allurement enticement	58-40083-B
alluring	45-81562-B
alluring attracting enticing	58-40204-B
allusion	45-84317-B
allusive	45-84448-B
alluvial	51-72737-B,51-72832-B
alluvion inundation flood overflowing	1-38992-B
ally	19-74999-B
ally friend	8-9376-B
almanac	45-84689-B
almería	47-104155-B,47-104461-B
almighty omnipotent all powerful	14-32639-B
almond	15-80307-B
almond shaped amygdaloid	46-74093-B
almond tree	19-58137-B
almoner chaplain	15-59264-B
almost	14-92596-B
almost virtually	12-18125-S
alms	15-56035-B
alngith	35-18099-B
aloe	47-43899-B,47-44201-B
alofi	44-79578-B
aloft	45-93957-B
alone	10-20074-B
alone entirely exclusively only solely	50-37199-B
alone singular	10-20245-S
along	14-392-B,61-80270-S,62-98192-S
along proceed	10-76131-S
along with and as well as in addition to together with	9-35271-B
alongside	59-76267-B
alongside amongst with	8-20495-B
aloof	24-82877-S,45-94142-B,45-94507-B
alopecia hair loss	65-980-B
alor	31-34821-B,35-75239-B
aloud	23-57201-B
aloud read out loud	68-98464-S
alpaca	35-72233-B
alpenhorn alpine horn	18-8905-S
alpes	34-2149-S,34-39721-S
alpes de haute provence	34-1882-B
alpes maritimes	34-2361-B
alpha	9-66444-S
alpha 2	20-81806-S
alpha and omega	16-36930-B,16-37066-B
alpha male	42-52421-B
alpha process	66-18878-S
alpha process triple alpha process	66-18878-S
alpha radiation	1-39349-B
alphabet	12-27277-B,13-48956-S,14-19698-S,18-91710-S,19-9027-S,24-31869-S,33-40341-S,33-41294-S,33-42021-S,33-51265-S,36-18799-S,57-69424-S,58-6847-S
alphabet burmese script	63-108049-S
alphabet cyrillic script	33-40907-S
alphabet ethiopic script ge ez	36-19395-S
alphabet roman roman alphabet	33-40341-S
alphabet soup	13-24471-B,13-24733-B
alphabet thai script	51-111988-S
alphabet vinča script vinča turdaş script	44-24535-S
alphabetic alphabetical abecedarian abecedary	24-22513-B
alphabetical abecedarian abecedary	24-22513-S
alphabetisation alphabetization	66-10487-B
alphabetization	66-10487-S
alphanumeric	24-23098-B
alphasyllabary	36-19671-S
alphorn alpenhorn alpine horn	18-8905-B
alpine	48-4669-B
alpine horn	18-8905-S
alpine strawberry european strawberry wild strawberry	53-69460-S
alps	34-40903-B,38-48113-S,57-9769-S,57-9957-S,57-10176-S,57-10409-S,57-10645-S
already	10-20451-B,10-20645-B
already at last at long last finally	10-20763-B
alright okay	59-82026-S
als amyotrophic lateral sclerosis	64-72654-B
alsace	34-32769-B
alsatian	45-95210-B
alsatian german shepherd german shepherd dog	45-95368-B
alsea	35-2433-B
also	21-47282-B
also as well too	7-118871-S
alta	35-9751-S,35-81632-S
altai	26-40116-S,26-40395-S,26-40801-S
altai altai republic	18-75185-B
altai cluster	26-40184-B
altai krai	18-81121-B
altai republic	18-75185-S
altai spoken	26-40498-S
altaic tiger amur tiger korean tiger manchurian tiger north china tiger siberian tiger ussuri tiger	24-70498-B
altar	15-79359-B,66-41706-S,66-50755-B
altar of brass altar of burnt offering altar of holocaust altar of the burnt offering brazen altar	66-41706-B
altar of burnt offering altar of holocaust altar of the burnt offering brazen altar	66-41706-S
altar of holocaust altar of the burnt offering brazen altar	66-41706-S
altar of the burnt offering brazen altar	66-41706-S
altay formal	26-40589-B
altay kizhi a	26-40662-B
alter	25-43915-B
alter modify	7-85235-S,25-43450-S
alterable	45-95669-B
alteration	1-144954-S,7-35697-S,23-39770-B,33-8156-B
alteration modification	7-85318-S,19-88305-B
altercation	45-96012-B
alternate	20-27686-B,48-8380-B
alternate intermittent	48-8541-B
alternating current	37-62811-B
alternation	7-91376-B
alternative	19-84998-B,70-13180-B,70-13260-B,70-13368-B
alternative dispute resolution	33-53726-B
alternative technology	1-39788-B
alternator	64-4000-B
although despite notwithstanding	56-95776-B
although though in spite of	14-47442-B
altimeter	45-96422-B
altitude	6-58465-B,20-87272-B,20-87461-B
altitude illness altitude sickness	11-102635-S
altitude sickness	11-102635-S
alto	7-85805-B
altophobia fear of heights	16-24356-S
altruism	16-10235-B
altruistic selfless unselfish	16-10403-B
alu kurumba spoken	30-38894-B
alu sequence	45-101419-B
alumina aluminium oxide aluminium trioxide	1-39992-B
aluminium oxide aluminium trioxide	1-39992-S
aluminium trioxide	1-39992-S
alumnus	21-16394-S
alumu tesu	34-75749-B
alune	35-48767-B
alur	31-39213-B
alur spoken	31-39372-B
alutor alyutor	28-53970-B
alutor proper	28-54646-B
alutor spoken	28-54499-B
alutor written	28-54149-B
alutor written cyrillic script	28-54292-B
aluur a	31-39511-B
alveolitis	62-30824-B
alveolitis odontobothritis	62-30922-B
alveolus	1-40548-S
alviri vidari	36-9425-B
always constantly	10-10970-B
always constantly continually perpetually	10-10705-B
alyawarr	35-49230-B
alyutor	28-53970-S
alzheimer s disease alzheimers	45-102361-B
alzheimers	45-102361-S
am	10-85851-B
am a m a m	67-50044-B
am staffelsee	60-166-S
ama	35-51923-B
ama sudan	31-24122-B
ama sudan spoken	31-24350-B
ama sudan written	31-24160-B
ama sudan written latin script	31-24238-B
amagasaki	51-42648-B
amahai	35-52337-B
amahuaca	35-49939-B
amaimon	35-45099-B
amal	34-75951-B
amalfi	22-43210-B
amalfi coast	17-43787-B
amalgam	1-40896-B
amalgamate blend coalesce combine commingle conflate flux fuse immix meld	54-92762-S
amalgamation conflation fusing	55-21909-B
amami oshima	35-52542-S
amanab	35-52028-B
amanayé	35-49761-B
amanita fly agaric	65-82650-S
amapá creole	35-50047-B
amara	35-18194-B
amarag	35-50239-B
amarakaeri	35-52449-B
amarasi	34-77604-B
amarillic typhus black vomit yellow fever yellow jack	65-48937-B
amass assemble congregate gather meet foregather forgather	11-34096-S
amass collect compile hoard pile up roll up	34-22105-S
amass collect cumulate garner	56-6747-S
amaterasu	65-89624-B
amateur	12-70839-B
amateurish	45-104456-B
amateurism dilettanteism dilettantism	61-51542-B
amazake	66-56817-B
amaze bewilder marvel wonder	45-105628-B
amazed	45-105804-B
amazement	45-105920-B
amazement bafflement bewildement daze perplexity	56-19524-B
amazing	45-106043-B
amazing astonishing awesome fab fabulous fantastic marvelous wonderful wondrous	13-20781-B
amazon	58-57224-B
amazon amazon river	38-40091-B
amazon river	38-40091-S
amazonian	52-58095-B
ambai	35-51814-B
ambakich	35-2545-B
ambala ayta	34-78089-B
ambassador	19-59753-B
ambelau	35-52764-B
ambele	35-2081-B
amber	45-106494-B,69-31110-S
amber grey amber	69-31110-S
amber rum gold rum	65-95728-B
ambergris gray amber grey amber	69-31110-B
ambiance ambience	45-106733-B
ambiance entourage environment environs locality	2-107600-B
ambience	45-106733-S
ambient	45-106927-B
ambiguity	10-876-B
ambiguity equivacation	58-56595-B
ambiguous	19-33628-B
ambiguous unclear	68-6945-S
ambit	45-107333-B
ambition	44-67465-B
ambitious	19-72596-B
ambitransitive verb	57-12935-B
ambitus	18-10803-B
amble	45-107515-B
amblong	35-45310-B
ambo	35-49853-B
ambodia bhili	29-37440-B
ambonese malay	34-81629-B
ambrette seeds annual hibiscus bamia moschata galu gasturi musk mallow musk okra musk seeds muskdana ornamental okra rose mallow seeds tropical jewel hibiscus yorka okra	69-25765-S
ambu	32-36848-S
ambulance	15-85260-B
ambulas	34-81757-B
ambulatory	16-66929-B
ambuscade ambush lying in wait trap	59-93347-B
ambush	69-10079-B
ambush lying in wait trap	59-93347-S
amdang	31-13855-B
amdang spoken	31-13939-B
amdo	35-1083-S
amdo tibetan amdo	35-1083-B
ame american english u s english united states english	16-74329-B
amele	35-2756-B
ameliorate better improve amend meliorate	12-80146-B
ameliorate better improve meliorate	15-57641-B
ameliorate enhance improve	17-52545-B
amelioration	36-31109-S
amen	45-107991-B
amenable	46-0-B
amend meliorate	12-80146-S
amend remediate remedy	35-26365-S
amendment	3-98932-S,20-28339-B
amengi spoken	28-43100-B
amenity	46-207-B
amenorrhœa	49-78938-B
ament	68-60525-S
amerax	35-2659-B
america	1-41038-S,1-127353-S,4-35793-S,5-76434-S,30-11970-S,30-23223-S,47-44484-S,56-101473-S
america states u s u s of a u s a united states united states of america usa	9-56163-B
america usa	9-56163-S
american	17-10157-B,18-21578-B,19-7619-B,21-94990-B,58-70835-S,59-95447-S,59-95704-S,61-27789-S,61-75118-S
american bison american buffalo north american bison bison buffalo	17-94467-B
american bison bison buffalo	17-94467-S
american black nigger	16-30114-S
american buffalo north american bison bison buffalo	17-94467-S
american civil war civil war war between the states	47-45472-B
american dollar us dollar	14-24565-S
american eagle bald eagle bald erne	66-25336-B
american english u s english united states english	16-74329-S
american lion florida panther indian devil mexican lion brown tiger catamount cougar deer tiger ghost cat king cat mountain lion mountain screamer painted cat painter panther puma red lion red panther red tiger silver lion sneak cat	12-27648-B
american national standards institute	64-68760-S
american raccoon common raccoon coon northern raccoon	15-44183-S
american river turtle mesoamerican river turtle	66-44071-S
american samoa	32-66161-B
american sign language asl	24-48053-B
american standard code for information interchange	47-46632-S
americanaidd	28-30754-S
americano s	31-52451-B
americano s spoken	31-52504-B
americas	67-68765-S
americas america	1-41038-B
americium	13-21243-B
amert	27-58354-S
ames test	1-41738-B
amethyst	35-5177-B
ametrine	59-26629-B
amganad ifugao	42-74560-B
amhara	36-61356-B,36-61610-B
amharic	9-78360-B
ami	12-52868-S,35-53178-B
amiability	46-376-B
amiable	46-498-B
amiable likeable	21-43113-B
amicable	24-55356-B
amicable friendly nice	9-62845-B
amicalibility	46-621-B
amide	19-28358-B
amiens	34-59954-B
amikoana	35-30076-B
amine	1-42101-B
amine n methyl 1 phenylpropan 2 amine n methylamphetamine crystal crystal meth desoxyephedrine ice metamfetamine meth methylamphetamine tik tina tweak	68-43522-S
amine n methylamphetamine crystal crystal meth desoxyephedrine ice metamfetamine meth methylamphetamine tik tina tweak	68-43522-S
amino 1 phenyl 1 propanone benzoylethanamine cathinone	67-78942-S
amino acid	1-42475-B
amis	35-19638-S,35-50333-B
amman	18-73348-B
ammeter	13-96871-B
ammolite	59-26936-B
ammonia	1-43882-B
ammonia salt of hartshorn	55-56860-S
ammonification	1-44434-B
ammonium	1-44673-B
ammonium carbonate baker s ammonia salt of hartshorn	55-56860-B
ammunition	19-78407-B
amnesia	46-2838-B
amnesiac amnesic	56-3174-B,56-3272-B
amnesic	56-3174-S,56-3272-S
amnesty	12-64300-B
amniocentesis aft amniotic fluid test	46-2958-B
amniotic fluid	51-99710-B
amniotic fluid test	46-2958-S
amo	35-52139-B
among at home of	61-40748-B
among between	15-50283-B
among other things	62-100291-B
amongst with	8-20495-S
amoral	46-3239-B
amorousness	26-17297-B
amorphous	46-3403-B
amount	11-19463-B,15-36020-B,19-63002-B,20-49583-B,24-58036-B,26-16446-S
amount of substance	45-19044-B
amount quantity	11-24509-B
amount sum	11-19339-B
amp	13-95419-S
ampanang	35-78390-B
ampere amp	13-95419-B
ampersand	46-3515-B
amphetamine	46-3699-B
amphibian	1-44963-B
amphibious	46-4018-B
amphidromous	47-90771-B
amphitheatre	46-4872-B,66-15491-S
amphora	49-79474-B
ample large	47-0-B
ample rich abundant copious plenteous plentiful	46-5151-B
amplification	52-58356-B
amplification by stimulated emission of radiation	3-98301-S
amplifier	19-63081-B,55-60622-S
amplify	19-35063-B
amplitude	19-11250-B
amply	46-5422-B
ampoule ampul ampule phial	44-18422-B
ampul ampule phial	44-18422-S
ampule phial	44-18422-S
amputate	33-21799-B
amputation	14-7878-B,67-14372-S
amri	35-20830-B
ams acute mountain sickness altitude illness altitude sickness	11-102635-B
amstel	43-38436-B
amsterdam	10-38775-B
amsterdamer	43-39403-S
amsterdammer amsterdamer	43-39403-B
amto	35-52658-B
amulet talisman	19-61948-B
amundava	35-991-B
amur tiger korean tiger manchurian tiger north china tiger siberian tiger ussuri tiger	24-70498-S
amuru spoken	31-48956-B
amuse	46-5698-B
amusement fun	9-10675-B
amusement hilarity	24-56309-B
amusement park	1-45396-B
amusia	65-68724-B
amusing	46-5853-B
amusing diverting entertaining	58-27557-B
amusing funny humorous	9-70616-B
amuzgo	9-78514-B,17-35968-S,36-19960-S,36-20186-S
amuzgo lower eastern amuzgo	36-20186-S
amuzgo northern amuzgo xochistlahuaca amuzgo	17-35968-S
amuzgo san pedro amuzgos amuzgo upper eastern amuzgo	36-19960-S
amuzgo upper eastern amuzgo	36-19960-S
amuzgo xochistlahuaca amuzgo	17-35968-S
amuzgos amuzgo upper eastern amuzgo	36-19960-S
amwythig	28-28722-B
amygdala	46-74263-B
amygdaloid	46-74093-S
amyotrophic lateral sclerosis	64-72654-S
an	7-94730-S,7-99480-S,31-10713-S,39-34274-S,41-12237-S
an account of	20-60837-S
an account report	21-18410-S
an alcoran koran quran	45-72654-S
an allotrope of	46-76121-S
an appointment with	22-57984-S
an emergency solution	33-50495-S
an office	21-6868-S
an old dog new tricks old habits die hard	69-45689-S
anaang	35-59015-B
anabolism	23-17899-B
anachronism	15-89024-B
anaconda	16-76772-B
anadromous	41-5325-B
anaemia	23-10718-S
anaemia sickle cell anemia	58-108705-S
anaemia sickle cell anemia sickle cell anaemia sickle cell anemia	58-108705-S
anaerobic	33-47892-B
anaesthesiologist anesthesiologist anesthesist	16-88864-S
anaesthesiology anesthesiology anæsthesiology	59-88455-B
anaesthesist anaesthesiologist anesthesiologist anesthesist	16-88864-B
anaesthetic	46-5963-B
anaesthetise anesthetise anesthetize	46-6739-S
anaesthetize anaesthetise anesthetise anesthetize	46-6739-B
anagram	19-78771-B
anakalangu	35-27647-B
anal	35-56162-B,58-74163-B
anal cleft butt crack butt crack buttcrack crack natal cleft	55-67857-S
anal intercourse anal sex	16-37133-B
anal sex	16-37133-S
analemma	47-95682-B
analgesic analgetic anodyne	35-35244-B
analgesic painkiller	42-14860-B
analgetic anodyne	35-35244-S
analogic analogical	52-54180-B
analogical	52-54180-S
analogous	26-9526-B
analogously	65-342-B
analogy	26-9665-B
analphabetism illiteracy	60-15898-B
analysis	1-131755-S,2-13525-S,2-25024-S,2-69744-S,3-137510-S,3-144623-S,4-30627-S,5-14769-S,5-15753-S,5-40829-S,5-91856-S,5-106373-S,6-86562-S,25-25261-S,45-61383-B,47-58712-S,47-59059-S,47-59490-S,47-59958-S,47-60398-S,47-60688-S,47-60961-S,47-61244-S,47-61859-S,47-62077-S,47-63044-S,52-69469-S,52-69789-S,58-96918-S
analysis of algorithms	47-62740-B
analysis profiling	47-62453-S
analysis textual analysis	47-60961-S
analyst	19-59112-B
analytic analytical	48-5112-B
analytic philosophy	37-43544-B
analytical	48-5112-S
analytical chemistry	1-45522-B
analytical engine	58-89484-B
analytical method	1-45838-B
