autora escritora	60-83914-B
autoria	47-71333-B
autoridad	9-76385-B,25-88888-B
autoridad de certificacion	65-57391-B
autoridad de control	2-8505-B
autoridad legislativa	3-103530-B
autoridad sanitaria local	19-86801-B
autoritaria autoritario	47-65439-B
autoritario	47-65439-S
autoritarismo	15-30267-B
autorizacion administrativa	1-10955-B
autorizacion retroactiva	33-16043-B
autorizacion sancion	14-51236-B
autorizada autorizado	20-67369-B,47-68224-B
autorizado	20-67369-S,47-68224-S
autorizar	13-79028-B
autorizar dar derecho	53-83422-B
autorizar dejar permitir	19-50939-S
autorrealizada	67-2719-S
autorretrato	22-57909-B
autoservicio	20-51380-B
autosexualidad	16-39277-S
autotomia	67-14372-S
autotrofico	45-11968-B
autovaloracion	59-59153-B
autovia	4-12473-S
auvergne	37-53236-S
auvernense auvernes	32-3052-B
auvernense del sur auvernes del sur	32-3241-B
auvernense del sur escrito	32-3597-B
auvernense del sur escrito con escritura latina	32-3776-B
auvernense del sur hablado	32-4001-B
auvernense n	32-4709-B,32-4803-S
auvernes	32-3052-S
auvernes del sur	32-3241-S
auvernia	34-52277-B
auxerre	50-23431-B
auxiliar	17-28542-S,26-10100-B,46-88097-S,69-65283-B
auxiliar de vuelo azafato tripulante de cabina de pasajeros	66-62759-S
auxilio ayuda	14-67622-B
auxilio salida de emergencia	67-42458-S
auye	36-8666-B
av	69-24883-B
ava canoeiro	36-10274-B
aval garantia	21-14979-B
aval refrendo	22-31756-B
avalancha alud	33-75173-B
avalancha desprendimiento	1-73632-S
avalancha volcanica	35-62473-B
avalorar estimar tasar valorizar	63-1723-S
avaluo evaluacion valuacion	46-85184-B
avaluo valoracion valuacion	37-52486-B
avance	44-66168-B
avant garde vanguardia	61-27456-B
avanzado	44-66055-B
avanzado estudiante de ultimo ano	14-26950-S
avanzar	48-87785-B,69-61243-S,70-1955-S
avar	9-82896-B
avar escrito	28-17110-B
avar escrito con escritura latina	28-17217-B
avar hablado	28-17357-B
avara avariciosa avaricioso avarienta avariento avaro	54-94483-B
avara avariciosa avaricioso avarienta avariento avaro codiciosa codicioso mezquina mezquino tacana tacano avida avido	38-24792-B
avara avaro tacana tacano	42-40355-B,51-25714-B
avaricia avidez codicia mezquindad	24-77526-B
avaricia codez parsimonia	65-14755-B
avaricia codicia	54-93468-B
avariciosa avaricioso avarienta avariento avaro	54-94483-S
avariciosa avaricioso avarienta avariento avaro codiciosa codicioso mezquina mezquino tacana tacano avida avido	38-24792-S
avaricioso avarienta avariento avaro	54-94483-S
avaricioso avarienta avariento avaro codiciosa codicioso mezquina mezquino tacana tacano avida avido	38-24792-S
avarienta avariento avaro	54-94483-S
avarienta avariento avaro codiciosa codicioso mezquina mezquino tacana tacano avida avido	38-24792-S
avariento avaro	54-94483-S
avariento avaro codiciosa codicioso mezquina mezquino tacana tacano avida avido	38-24792-S
avaro	54-94483-S
avaro andi dido	28-16979-B
avaro codiciosa codicioso mezquina mezquino tacana tacano avida avido	38-24792-S
avaro tacana tacano	42-40355-S,51-25714-S
avarua	55-42751-B
avascular	23-15377-S
avatar	68-32734-B
avatar emblema simbolo	68-32632-B
avatime	36-9900-B
avau	36-9318-B
ave acuatica	34-61110-B
ave de corral	4-111615-B,69-57563-B
ave de presa ave rapaz rapaz	1-98395-B
ave del paraiso	38-22544-S
ave migratoria	4-1818-B
ave nidificante	1-104942-B
ave pajaro	1-97883-B
ave rapaz rapaz	1-98395-S
aveiro	34-60501-B,34-61910-S
aveiro distrito de aveiro	34-61910-B
avellana	18-21461-B,45-92533-S
avellano	10-63559-B,56-437-S
avellano madera de avellano	56-437-B
avellino	34-30739-B,35-4864-B
avena	59-44441-B,60-13391-S,60-71862-S
avenida boulevard bulevar	49-70608-B
avenida crecida riada	42-69456-B
aventar	68-52138-B
aventon	13-32874-B
aventura	44-74602-B
aventura conversacional	12-28716-B
aventurero	44-75041-B,44-75751-B
avergonzada avergonzado	46-70637-B,66-8516-B
avergonzado	46-70637-S,66-8516-S
avergonzar	60-38643-B
avergonzar vejar	43-37053-B
avergonzarse	68-79525-B
averiado danado	13-71590-B
averiguacion consulta pregunta	52-89042-B
averiguar consultar preguntar	52-89570-B
averiguar descubrir esclarecer establecer	46-67678-B
averiguar explorar	53-94641-S
averrugada averrugado verrugosa verrugoso	65-30550-B
averrugado verrugosa verrugoso	65-30550-S
aversion disgusto	57-45152-B
aversion hesitacion indisposicion	57-43081-B
aversion horror repugnancia repulsion	15-94832-S
aves	21-93604-S,43-63720-S,51-9760-S
aves acuaticas	6-25888-B
aves santuario para pajaros	1-98222-S
avestico	9-75029-B
avestruz	25-45279-B
avetorillo comun	44-56663-B
avetoro	42-79686-B
aveyron	34-3514-B,34-35016-B
aviacion	22-59332-B
aviacion civil internacional	1-74304-S
aviador aviadora piloto	16-75028-B
aviadora piloto	16-75028-S
avicola	1-74500-S
avicultura	6-92026-B
avida avido	38-24792-S,47-85999-B,57-77129-B
avidamente	59-6069-S
avidez	47-86184-B
avidez codicia mezquindad	24-77526-S
avido	38-24792-S,47-85999-S,57-77129-S
avido de poder	54-95580-B
avikam	36-9524-B
avila	47-105072-B,47-105345-B
avion	9-50595-S,11-64799-S
avion de linea	45-24988-B
avion de reconocimiento	33-2763-B
avionica	47-86319-B
avisar prevenir	47-63403-S
aviso	63-80373-S
aviso de niebla smog	5-55501-B
aviso de recibo	66-32364-B
aviso notificacion	6-102400-B
aviso pancarta	43-28169-B
avispa	26-2098-S,33-34983-B
avispa reina	24-66804-S
avisparse ponerse las pilas	68-63297-B
avispas avispa reina	24-66804-S
avispero	46-97086-B
avispon	26-925-B,26-1781-S
avitaminosis deficit vitaminico	60-64855-B
avium	23-30250-S
aviv	63-81426-S
avocado cura palta	66-64444-S
avogadro	45-36790-S,45-37134-S
avokaya	28-41673-B
avranchin mortainais	32-10640-B
avutarda hubara hubara	66-48842-B
awa	36-10376-B
awa chin	39-641-S
awa cuaiquer	49-16604-B
awabakal	36-10897-B
awad bing	36-30065-B
awadhi	29-50820-B
awadhi escrito	29-50906-B
awadhi hablado	29-51049-B
awadhi tharu	29-51314-B
awak	36-11210-B
awakateko	35-9415-B
awan	31-36426-B
awar	36-13773-B
awara	36-12505-B
awbono	36-10676-B
awe	32-49923-B
awera	36-11296-B
awet	31-34712-B
aweti	36-10588-B
awing	36-20312-B
awiyaana	36-9203-B
awjila sokna	28-1568-S
awjilah	28-1722-B
awngi	28-57080-B
awngi hablado	28-57169-B
awtuw	45-104838-B
awun	36-12398-B
awutu	35-7082-B
awyi	36-9010-B
awyu	36-12281-S,36-12614-S
awyu central	36-11701-B
awyu sur	36-11405-B
axamb	35-10071-B
axila sobaco	46-63042-B
axioma	20-58794-B
axiomatica	63-117981-S
axiomatica axiomatico	47-100242-B
axiomatico	47-100242-S
axiomatico sistema formal	58-93415-S
axis	66-14335-S
axon cilindroeje	9-34791-B
aya ninera nodriza	9-85157-S
ayabadhu	36-14149-B
ayacucho	50-2099-B,50-2307-B
ayahuasca	69-59071-B
ayassin	32-21695-B
ayer	7-94355-B,25-1964-S,25-4937-B,58-109419-S
ayer al mediodia	60-88978-B
ayer anteayer	25-22887-S
ayer por la manana	60-88825-B
ayer por la tarde	60-89053-B
ayere	36-14247-B
ayi	36-15033-B,36-15630-B
ayizo gbe	36-13880-B
aymara	46-29677-S
aymara aimara	51-81958-B
aymara central	36-15138-B
aymara del sur	36-13973-B
aynallu	26-29042-B
ayoreo	36-14771-B
ayote calabaza	16-1543-B
ayran	64-89689-S
ayrum	26-27464-B
ayt waziten	28-1342-B
ayta	34-78089-S,34-79407-S,36-15318-S,36-15436-S
ayta mag indi	37-9826-B
ayta tayabas	36-15710-B
ayu	36-15546-B
ayuda	14-67622-S,45-21893-S
ayuda al desarrollo	2-39517-B
ayuda alimentaria	24-15240-B
ayuda de urgencia	2-84694-B
ayuda humanitaria	7-19484-B,25-65678-B
ayuda social	5-60093-B
ayudante	14-67814-B,19-75735-S
ayudante edecan	54-127143-B
ayudar	69-66081-B
ayudar dar una mano entregar pasar	7-98024-B
ayudar socorrer auxiliar	46-88097-S
ayuntamiento consejo comunal	16-83279-B
az	17-36189-B
azafata	67-83604-S
azafato tripulante de cabina de pasajeros	66-62759-S
azafran	47-63651-B
azafran de primavera	67-83349-B
azahar	56-51117-S
azaki	28-42754-S
azalea	47-100456-B
azar	22-56022-S,45-90445-B
azar aleatoriamente indiscriminadamente	59-42837-S
azerbaiyan	8-1778-B
azerbaiyan del sur	36-17297-S
azerbaiyan meridional azerbaiyan del sur	36-17297-B
azerbaiyan oriental	36-18306-B
azerbayano azeri	8-73758-B
azeri	8-73758-S
azeri de sur	26-28383-B
azeri del norte	26-26030-B
azeri del norte escrito	26-26179-B
azeri del norte escrito con escritura cirilica	26-26284-B
azeri del norte escrito con escritura latina	26-26432-B
azeri del norte hablado	26-26621-B
azeri del sur escrito	26-28535-B
azeri del sur escrito con escritura perso arabica	26-28675-B
azeri del sur hablado	26-28910-B
azeri yerevan	26-27522-B
azimut	51-39376-S
azor	56-95204-B
azores	47-65842-B
azotar	20-5448-B
azotar flagelar	20-6134-B
azov	44-55520-S
azteca	42-8238-B
aztecas lenguas yuto nahuas	67-68476-S
azucar	5-100856-B,8-84165-B,49-68876-S,52-53537-S,52-53830-S,66-45064-S
azucar de cana	50-72720-B
azucar de palma	68-94620-B
azucar de plomo diacetato de plomo	65-25324-S
azucar de remolacha	65-68606-B
azucar en cubos	52-53679-B
azucar en la sangre glucosa sanguinea	65-50869-B
azucar fina	62-47438-B
azucar glas azucar glaseado azucar glase	20-60434-B
azucar glase	20-60434-S
azucar glaseado azucar glase	20-60434-S
azucar moreno	51-108238-B
azucarada azucarado	22-6192-B
azucarado	22-6192-S
azucarar dulcificar	69-48721-S
azucarar endulzar	56-28366-B
azucarar endulzar suavizar	47-65235-B
azucarera	66-60708-S
azucena	66-91103-B
azuela	69-64519-B
azufaifa ginjol	60-77981-B
azufaifo	60-77609-B
azufre	5-101353-S,66-6616-S
azul	9-21756-B,11-37475-S,15-61817-B,15-62764-B,17-56009-S,22-45916-S,66-22576-S
azul claro	64-80842-B
azul cyanobacteria	1-101142-S
azul hielo	25-6524-B
azul oscuro	64-80892-B
azul rorcual azul	66-22576-S
azul violaceo	52-60517-B
azulado	18-11611-B
azulado grande milano azulado milano plomizo sovi	67-52111-S
azulado milano plomizo sovi	67-52111-S
azulejero	17-26939-B
azulejo	50-16986-S
azules	25-6643-S,38-49250-S
b	23-27967-S,23-60771-S,47-37987-S,66-9082-S
b1	62-46933-S
b12	37-35409-S
b2 riboflavina	62-74660-S
b3 niacina acido nicotinico	62-74969-S
b5 acido pantotenico	62-75646-S
baadu	29-606-B
baal	49-36391-B
baalista	49-38517-B
baan	38-25862-B
baangi	37-88288-B
baatonum	36-22806-B
baba	22-60816-B
baba malay	55-19056-B
baba papia	36-26549-B
babalia	36-27260-S
babango	36-25569-B
babanki	36-25475-B
babar norte	36-28739-B
babatana	36-21204-B
babe	15-39162-B
babear	67-5914-B,69-57793-B
babelnet	69-37884-B
babile	29-7385-B
babilonia	33-43408-B
babilonio	58-29355-S
babine	36-29930-B
babor	67-62418-B
babucha	18-99063-S
babuino papion	26-4773-B
babuza	38-43133-B
baby boom	46-77891-B
bacalao	23-2777-S,47-66223-B,55-20302-S
bacalao seco bacalao	55-20302-B
bacama	28-9091-B
bacama hablado	28-9478-B
bacanese	38-12150-S
bachiller	18-51619-B
bacifera bacifero	66-67306-B
bacifero	66-67306-S
backgammon	47-103461-B
backgammon chaquete tablas reales	47-102068-B
backronimo	19-13115-B
baclava baklava baklawa	21-69164-B
baclofeno	66-31522-B
bacon tocino	48-2683-B
bacoreta	52-616-S
bacteria	1-75009-B
bacteria coliforme	1-153225-B
bacteriana bacteriano bacteriologica bacteriologico	59-46950-B
bacteriano	1-75730-S
bacteriano bacteriologica bacteriologico	59-46950-S
bactericida	1-76056-B
bacteriofago	21-50609-B
bacteriologia	1-76169-B
bacteriologica bacteriologico	59-46950-S
bacteriologico	59-46950-S
bacteriologo	55-93276-B
baculo	65-101633-B
bada	36-22253-B,36-68400-B
badaga	30-37876-B
bade	28-48455-B
baden wurtemberg	12-9060-B
badeshi	36-48183-B
badhani	29-23734-B
badhun	41-57628-S
badi kanum	44-54023-B
badimaya	36-68487-B
badminton	20-68424-B
badui	36-21443-B
badukh	28-19058-B
baeggu	38-25521-B
bael	49-36262-B
baele	32-49749-B
baelelea	38-25428-B
baetora	38-13092-B
bafanji	36-56265-B
bafaw balong	38-30867-B
bafia	48-15473-B
bafle	20-38103-S
bafut	36-55822-B
baga binari	36-29016-B
baga koga	36-58740-B
baga manduri	37-11058-B
baga mboteni	36-58454-B
baga sitemu	37-91681-B
bagaje	14-79062-S
bagaje impedimenta	60-69846-B
bagatela	56-21995-B,63-11119-B
bagdad	13-71449-B
bagdi	29-48022-B
bagheli	29-52138-B
bagheli a	29-53191-B
bagheli escrito	29-52244-B
bagheli escrito con escritura devanagari	29-52397-B
bagheli formal	29-52749-B
bagheli hablado	29-52614-B
bagirmi	28-35832-B
bagirmi escrito	28-36058-B
bagirmi escrito con escritura latina	28-36211-B
bagirmi fulfulde	41-47745-B
bagirmi hablado	28-36410-B
bagnara di romagna	11-36816-B
bago kusuntu	37-87061-B
bagre pez gato siluro	51-3105-B
bagri	29-34112-B,29-34312-S,29-35213-S
bagri escrito	29-34197-B
bagupi	37-57210-B
bagusa	37-86839-B
bagvalal	28-18808-B
bah	10-113610-B,16-49663-B
baham	36-47891-B
bahamas	12-47993-B
bahames	36-21830-S
baharlu	26-29582-B,36-17006-B
baharna	34-81973-S
bahau	36-68104-B
bahau rio kenia	38-31758-B
bahe	30-5235-B
bahia	1-78491-B
bahia de bengala	43-18365-B
bahia de corea	43-45511-B
bahia salvador	63-79307-S
bahinemo	36-71693-B
bahing	36-67217-B
bahnar	27-16143-B
bahnar a	27-16381-B
bahnar bonom	27-16939-B
bahnar hablado	27-16234-B
bahonsuai	38-383-B
bahrein	12-47282-B
baht baht tailandes	65-4108-B
baht tailandes	65-4108-S
bai	36-35037-B
bai central	36-27933-B
bai del sur	36-57180-B
bai norteno	36-55748-B
baia de port phillip	44-60761-B
baibai	36-24927-B
baiji	40-41983-S
baikeno	37-865-B
bailaor bailaora	61-0-B
bailaora	61-0-S
bailar danzar	12-14112-B
bailarin	57-29893-S
bailarin danzarin	57-30029-S
bailarin elanio maromero gavilan blanco gavilan maromero halcon blanco milano blanco	67-51240-S
bailarina	15-15572-B
bailarina bailarin	57-29893-B
bailarina bailarin danzarin	57-30029-S
baile	15-42472-B,48-21480-S
baile danza	12-14350-B
bailes de salon	56-26224-B
baima	37-87133-B
baimak	37-12421-B
bainouk gunyaamolo	36-32004-B
bainouk gunyuno	36-21321-B
bainouk samik	36-28029-B
bairiki tarawa	18-73917-B
baiso	29-8759-B,29-8825-S
baissa	41-33225-S
baitadi	29-25630-B
baja	3-120083-S,11-19215-S,20-9165-S,64-14800-S,67-82271-S
baja austria	33-85183-B
baja bajo	14-21827-B
baja bajo grave	48-56954-B
baja dar salida liberar	66-91448-S
baja de tension disminucion de voltaje	9-98037-B
baja edad media	65-1863-B
baja energia	61-77229-S
baja luz corta	63-17622-S
baja marea muerta	44-74088-S
baja normandia	34-41906-B
baja sajonia	18-71453-B
bajada	50-5839-B
bajaeia	29-29994-B
bajamar marea baja	20-9165-B
bajan	36-72601-B
bajar	33-28870-B,35-82147-B,40-10026-B
bajar descender	54-75109-B
bajar rebajar	16-77390-B
bajar un cambio recortar reducir	62-95518-B
