ventas	20-55921-S,21-5434-S,21-73666-S,22-83706-S
ventas red	20-0-S
ventas ventas	22-83706-S
ventero	67-73293-S
venticano	24-9254-B
ventilacion	6-8010-B
ventilador	50-75912-B
ventilar	10-95463-S,15-35424-S
ventolera	56-21188-B
ventoso	19-54157-B,38-66429-B
ventral	37-82264-B
ventre	36-4281-S
ventriculo	37-33983-B
ventriculo lateral	66-90415-B
ventrilocua	12-2063-B
ventrilocuo	12-2009-B,12-2036-B
ventrinaranja	67-49207-S
venus	16-100325-B,19-78957-B,51-51822-S
veps	48-91379-B
ver	8-52326-B
ver vigilar	49-39449-S
veracruz	59-57135-B
veracruz de ignacio de la llave	59-57586-S
veracruz veracruz de ignacio de la llave	59-57586-B
veraniega	23-27044-S
verano	8-20922-B,12-38169-S,12-38698-S,14-42090-S,16-28387-S,16-92755-S,25-72808-S,33-11950-S,36-33335-S,36-36130-S,61-78303-S
verano de europa central	63-57849-S
verano estacion estival estacion veraniega	23-27044-S
veraz veridica veridico	24-43078-S
verbal	21-48771-S,65-23909-S
verbal nominativo	19-1136-S
verbalmente	59-44258-S
verbania	35-22720-B
verbano cusio ossola	34-73206-B
verbasco	69-24636-S
verbena comun	66-82457-S
verbena de indias	66-81978-S
verbo	8-75644-B
verbo ambitransitivo	57-12935-B
verbo autonomo	18-43084-B
verbo auxiliar	17-28542-B
verbo completo	19-7186-B
verbo consonante	22-87502-B
verbo copulativo	18-43116-B
verbo ditransitivo	17-27726-B
verbo funcional	19-7234-B
verbo imperfectivo	25-109121-B
verbo impersonal	39-8636-B
verbo intransitivo	17-27060-B
verbo irregular	17-29746-B
verbo modal	19-7211-B
verbo perfectivo	25-111695-B
verbo reflexivo	25-76080-B
verbo regular	17-29911-B
verbo transitivo	17-27209-B
verbo vocal	22-87796-B
verborrea	21-35958-S,24-54324-S
vercelli	32-23828-S,34-73377-B,35-22834-B
verdad	9-76850-B
verdadera verdadero	9-94681-B
verdaderamente efectivamente	52-43112-B
verdadero	9-94681-S,67-87237-S
verde	3-24979-S,3-25111-S,3-27386-S,3-27783-S,8-58532-B,9-22497-B,12-87823-S,27-38587-S,32-35631-S,35-76204-S,50-15538-B,53-32772-S,54-115608-S,65-80625-S
verde azul cyanobacteria	1-101142-S
verde botella	19-64794-B
verde esmeralda	58-13234-B
verde oliva	51-43751-B,51-44003-S
verde urbano	5-151985-B
verderon	26-12841-B
verdes	25-6719-S
verdoso	12-40123-S,18-11788-B
verdugo	16-63028-B,24-3843-B,58-60593-S
verdura ecologica	3-28092-B
verduras	6-5060-S,33-78121-S
vereda	47-40163-S
verga	7-70331-S
vergara	27-50098-B
vergonzosa vergonzoso	57-39560-S,57-56268-S
vergonzoso	57-39560-S,57-56268-S
verguenza	42-41742-S
veridica veridico	24-43078-S
veridico	24-43078-S
verificacion chequeo confirmacion sustanciacion	52-77041-B
verificador	52-83705-B
verificar	51-27604-S
verificar edad	9-18403-B
vermiculita	56-55735-B
vermont	16-22217-B
vernacula	6-99332-S
vernaculo	24-45128-B
vernissage	62-58154-B
verona	34-73885-B,35-23114-B
verosimil	52-32104-S
verosimil creible	33-61504-S
verraco	8-24645-S
verruga	52-18439-B
verrugosa verrugoso	65-30550-S
verrugoso	65-30550-S
versalles	38-69669-B
versarse	39-53076-B
version	18-87617-B,18-87768-B
versiones	54-87527-S
verso	62-101601-B
versta	63-42070-B
verte	66-79550-S
vertebra	58-108475-B
vertebra cervical	61-84139-B
vertebrado	6-8495-B
vertebral	15-4792-S,23-18853-S
vertedero	3-94191-B
vertedero de escombros	5-85929-B
verter	8-83950-S,33-9146-B
vertical	22-79132-B
verticalmente	63-31659-B
vertice	53-24743-S,53-24893-B
vertido	3-94305-S,3-94540-S
vertiente	26-15161-B
vertiginosamente	59-21024-B
vertigo	16-24356-S,46-20441-B,56-55031-B
vertimiento de desechos en el oceano	4-46912-B
vesical	45-8295-B,56-43274-S
vesicovaginal	45-28999-S
vesicula	52-34899-B
vesicula biliar	43-16621-B
vespertino	11-36285-S,24-66044-B,64-26668-B
vestibulo	66-72289-B,66-86403-B
vestido	13-1035-S
vestido de coctel	66-39077-B
vestido de novia	7-109600-B
vestigio	33-63347-B
vestir	15-20241-B
vestir ataviar traer	18-89591-S
vestirse	15-20368-B
vestuario	1-148666-B
vesubio	41-62424-B
vete	13-74514-B
veterano	24-33894-B
veterinaria	6-8978-S
veterinaria veterinario	25-49927-B,25-50165-B
veterinario	25-49927-S,25-50165-S
vetiver	41-55443-B
vetusta antigua antiguo vetusto arcaico	19-53932-B
vetusto arcaico	19-53932-S
vetusto viejo	58-61705-S
vexilo	68-25595-S
vexilo vexilo	68-25595-S
vez	14-56741-S,19-24025-S,22-4245-S,22-4344-S,45-8235-S,62-6480-S
vez al mismo tiempo simultaneamente	59-77269-S
vez mas de plus en plus	59-49922-S
vez que siempre que	59-10915-S
via	13-18440-S,40-29310-S,44-16772-B,52-75195-B
via crucis	45-82580-S
via de servicio	48-50985-B
via de un solo canal	40-29467-B
via del ferrocarril	19-27062-S
via guiada de autobus	48-52463-B
via lactea	21-612-B
via no pavimentada	48-49799-B
via para bicicletas	48-51982-B
via peatonal	48-52156-B
via residencial	48-50443-B
via satelite	4-86766-S
via terciaria	48-48861-B
via vecinal camino vecinal	48-49407-B
via via del ferrocarril	19-27062-S
viabilidad	59-50598-S,63-9649-B
viabilidad economica	2-72082-B
viable	25-49520-B,25-49754-B
viacrucis via crucis	45-82580-B
viaducto	6-9109-B
viajante viajera viajero	69-54339-B
viajar	5-138553-S
viajar a dedo	47-101618-S
viajar diariamente al trabajo	67-12206-B
viaje	5-138841-S,11-17277-B,21-35260-S
viaje de negocios	66-91641-B
viaje de novios	7-110159-S,64-18223-B
viaje en barco	24-85785-S
viaje espacial	5-81290-B
viaje guia turistica	66-70461-S
viaje siniestro de trafico	5-132551-S
viajera viajero	69-54339-S
viajero	69-54339-S
viajes	19-92698-S
vial	5-18209-S,40-55408-B,48-47734-S,61-5061-S,64-66148-S
vias respiratorias	5-10758-B
viaticos	41-57005-B
vibo valentia	34-74136-B,35-23204-B
vibora de fea	42-3829-B
vibora de la cruz	16-25429-S
vibora vibora de la cruz	16-25429-B
vibracion	6-9481-B
vibrato	38-10735-B,38-10962-B
vibratoria vibratorio	59-54535-B,59-55014-B
vibratorio	59-54535-S,59-55014-S
vicarianza	63-9248-B
vicario	13-41515-B,62-79680-B,62-79987-B
vicente y las granadinas	13-9862-S
vicenza	34-73736-B,35-23463-B
vichyssoise	66-56229-B
vicio	33-79995-B
viciosa	40-49677-S
viciosa vicioso	56-24519-S
vicioso	56-24519-S,65-102663-S
victima	11-14149-B,11-14350-B,51-988-B
victima de guerra	7-23590-B
victoria	14-85181-B,49-38281-S,49-79315-B,55-31121-B,64-7863-S
victoria electoral	26-14064-B
victoria exito	14-21110-S
victoria pirrica	35-28328-B
victoria rotunda	64-7351-B
victoriosa victorioso	62-7507-S,62-8808-S
victorioso	62-7507-S,62-8808-S
vida	3-31214-S,3-107273-S,3-107482-S,4-130973-S,4-144006-S,6-79153-S,6-79758-S,12-60693-B,12-60921-B,12-61126-B,13-6800-S,49-63686-S,52-81931-B,58-2877-S,62-105494-S,68-15626-B,68-15975-B,68-16202-B,68-16546-B,68-16698-B,68-16839-S,68-17004-B,68-17082-B,68-17689-B,68-17961-S,68-18148-B
vida animal	6-49602-S
vida artificial	58-103035-B
vida de la empresa	7-9982-S
vida de producto	6-79335-S
vida de un sistema	58-37063-S
vida expectativa de vida	49-63686-S
vida material	3-137032-S
vida perecer sucumbir	8-103554-S
vida perpetua perpetuo	58-3418-S
vida silvestre	6-39228-B
vida util	68-15838-B
vida util de un embalse	51-76733-B
vida vegetal	6-50772-S
vidari	36-9425-S
vidente	57-70050-S
video	6-9751-S,37-34236-S,55-39741-S
video tarjeta grafica	22-86100-S
video video	6-9751-B
videoconferencia	62-79329-B
videoconsola	35-48229-B
videojuego	35-49429-B
vidrio	3-20686-B,3-21178-S,43-2830-S,43-3297-S,43-3400-S,45-16780-S,45-65057-S
vidrio residual	6-19055-B
vieira	21-21573-B
vieja	15-67196-S
vieja grunona	67-88395-S
vieja viejo	25-4483-B,25-4719-B,35-14585-S,45-9884-S
viejo	7-72702-B,10-65289-S,25-4483-S,25-4719-S,35-14585-S,35-14869-B,45-9884-S,58-61705-S,69-45689-S
viejo por camino nuevo	65-99338-S
viena	15-89723-B
viena alto vienne	34-19262-S
viena vienne	34-19070-B,34-32039-B
vienne	34-19070-S,34-19262-S,34-32039-S
vientian	43-18120-B
vientiane	27-30940-S
viento	6-39518-B,6-40274-S,8-17630-S,8-52072-B,18-5215-S,45-24731-S
viento se llevo	10-105201-S,10-105346-S
viento solar	37-39692-B
vientos prevalecientes	35-63508-B
vientre	7-78573-S,49-50186-S
vientre amarillo	64-37887-S
vientre duro de vientre estrenida estrenido	55-30790-S
vientre estrenida estrenido	55-30790-S
viernes	10-26609-B,45-27610-S
viernes santo	23-105247-B
vietnam	12-48585-B,32-19351-S
vietnamita	9-1939-B,17-57634-B,17-57832-B
vietnamita central	27-12639-B
vietnamita de hanoi	27-12311-B
vietnamita del norte	27-12197-B
vietnamita del sur	27-12527-B
vietnamita escrito	27-11699-B
vietnamita escrito con escritura latina quoc ngu	27-12013-B
vietnita escrito con escritura latina pre moderna	27-11830-B
viga	23-66078-B
vigente	21-92245-B
vigesimal	62-733-S,62-857-B
vigilancia	4-9793-B,4-10057-S,7-105243-S,20-2359-S,60-99035-S
vigilancia basica	1-76988-B
vigilancia de la radiacion	4-134821-B
vigilancia del trafico	5-134454-B
vigilancia meteorologica	6-34051-B
vigilancia sismica	5-38752-B
vigilante	19-79622-S
vigilar	48-11428-S,49-39449-S,66-79014-S,67-1466-S
vigilar defender	8-14809-S
vigor	37-19244-B
vigorizar	58-23148-S
vigorosamente	60-40903-S,60-49078-S
vigoroso	40-55479-B
vigueta	67-71201-B
vih virus de la inmunodeficiencia humana	21-51633-B
vii	50-16473-S
vikingo	51-89810-B
vil	20-89209-B,55-87179-S,56-92178-S
vila real	35-70104-S
vila real distrito de vila real	35-70104-B
vilaine	34-8344-S
vilamoviciano wymysorys	55-43901-B
villa	8-45763-S
villa de san cristobal de la habana	24-10868-S
villa patricia	37-16315-B
villa viciosa	40-49677-S
villamaina	24-9337-B
villancico	18-2833-B
villano	15-50877-B
vilna	15-81968-B
vina vinedo	25-47228-B
vinagre	19-4011-B,48-89103-S,63-0-S,68-30488-S
vinagre de arroz	50-70230-B
vinagre de champana	53-33640-B
vinagre de frambuesa	53-33510-B
vinagreta	18-65745-B
vinaza	6-10526-B
vinca	44-23018-S,44-24535-S
vincular	22-51646-S
vinculo	39-3264-B,40-29966-B
vinedo	25-47228-S
vineta	33-79534-S
vinilo	4-108284-S,68-50917-S
vino	9-7955-B,61-4494-S
vino de hielo	67-10799-B
vino de mosela	64-32405-B
vino de postre	67-10916-B
vino espumante cava	18-70586-B
vino fallo del vino	61-4494-S
vino renano	64-32316-B
vinos	20-11927-S,37-17918-S
viola	15-6953-B
viola da gamba	55-61873-B
violaceo	52-60517-S
violacion	18-54823-S,52-86398-B
violacion conyugal	62-50986-B
violador	24-9422-B
violar	10-49635-S,40-7997-B
violencia	13-62914-B,13-62989-B,36-50276-S
violencia conyugal	62-50787-B
violencia domestica	62-50414-B
violencia vehicular violencia vial	64-66148-S
violencia vial	64-66148-S
violenta	36-49875-S
violenta violento	23-39904-B,25-15133-S
violentamente	59-17467-S,59-17766-B
violento	23-39904-S,25-15133-S
violeta	12-62082-B,50-68394-B,50-69374-B,66-5922-B
violin	15-6704-B
violinista	24-33563-B
violoncelista chelista violonchelista	24-83111-B
violoncelo violonchelo	15-7215-S
violonchelista	24-83111-S
violonchelo	15-7215-S
viral	37-34575-B,56-31192-S
viremia	64-40946-B
virgen	4-116340-S,12-9854-B,40-25213-S
virgen madona	13-28195-B
virgen maria	40-52503-B
virgen virginal	57-29022-B
virgenense	31-54286-B
virgenes britanicas	35-73597-S
virgenes de los estados unidos islas virgenes estadounidenses	33-83665-S
virgenes estadounidenses	33-83665-S
virginal	57-29022-S
virginia	16-22312-B
virginia occidental	16-22795-B
virginiana	53-74030-S
virginidad	33-78304-B
virgo	12-10415-B,12-10532-B
viri	38-25787-S
virica	25-97555-S
viril	9-20763-S
virois	32-10878-B
virologa virologo	68-95983-B
virologia	6-11035-B
virologo	68-95983-S
virtual	38-31462-S,53-47073-B,58-100003-S,65-32016-S
virtual ambiente virtual de aprendizaje	68-75911-S
virtual banca a domicilio banca electronica banca en linea	69-1069-S
virtual de aprendizaje	68-75911-S
virtualbox	69-50540-B
virtualmente	68-48953-B
virtud	40-55497-B
virtuoso	19-46810-B,25-47917-B
viruela	20-93094-B
viruela vacuna	55-85614-B
virulencia	37-34666-B
virunga	66-4634-S
virus	6-11224-B
virus animal	57-83350-B
virus de epstein barr	23-60470-B
virus de la hepatitis b	23-60771-B
virus de la hepatitis c	23-61070-B
virus de la inmunodeficiencia humana	21-51633-S
virus de marburgo	51-68861-B
virus del herpes	23-59283-B
virus del herpes simple 1	23-61373-B
virus del herpes simple 2	23-61715-B
virus del nilo occidental	65-49619-S
virus del nilo occidental virus del nilo occidental	65-49619-B
virus del papiloma humano	23-33617-B
virus informatico	13-29773-S
virus virus informatico	13-29773-B
visakhapatnam	30-32609-B
viscera	37-34843-B
visceral	18-97022-B,33-80905-B
viscosa viscoso	18-28807-B
viscosidad	6-11589-B
viscoso	18-28807-S
viseo distrito de viseu	34-62443-S
viseo viseu distrito de viseo distrito de viseu	34-62443-B
visera	62-101784-B
viseras	13-64882-B
viseu	34-62443-S
viseu distrito de viseo distrito de viseu	34-62443-S
visibilidad	40-55716-B,54-79339-S
visible	12-2374-B
visiblemente	59-20912-B
visigodo	40-48541-B
vision	58-68504-B,58-68650-B,58-68789-B
vision general	54-88830-B
visita	8-39325-B
visita guiada	13-58178-B
visitador visitadora visitante	22-9856-B
visitadora visitante	22-9856-S
visitante	22-9856-S,54-40791-B
visitar	8-39212-B,69-71123-B
vislumbrar detectar discernir observar	56-90052-S
vison	49-35880-S
vispera	34-28577-B,57-92324-B,61-25363-B
vista	13-8404-S,35-22962-B,35-29240-S,52-108135-B,53-25049-S,56-42235-S
vista aguda	57-77356-S
vista controlador	35-31112-S
vista de	20-63100-S
vista gorda	26-3962-S
vista prima facie	62-104597-S,62-104766-S
vista sobre	12-57173-S
vistoso	33-79743-B
vistula	20-94108-B
visual	40-59049-B,51-100638-B,63-96766-S
visual studio	64-51723-B
visualizacion	53-48381-B
visualizacion de datos	54-43510-B
visualizacion de la informacion	54-59502-B
visualizar	53-85442-S,53-85624-B
visualmente	53-24621-B
vitae curriculo curriculum	59-86707-S
vital	3-115621-S,20-13257-S
vitamina	6-11715-B
vitamina a	37-35156-S
vitamina b1	62-46933-S
vitamina b12	37-35409-B
vitamina b2 riboflavina	62-74660-B
vitamina b3 niacina acido nicotinico	62-74969-B
vitamina b5 acido pantotenico	62-75646-B
vitamina c	37-35769-B
vitamina d	37-36283-B
vitamina e	37-36521-B
vitamina k	37-36781-B
vitamina q10	37-36938-B
vitaminico	60-64855-S
viterbo	34-74023-B,35-23563-B
viticultor	68-42499-B
viticultura vitivinicultura	6-12115-B
vitiligo	51-19121-B
vitivinicultura	6-12115-S
vitral	40-55355-B
vitreo	35-23064-B
vitrificacion	6-139864-B
vitrina	8-37056-B,9-69301-S,10-111562-B
vitriolar	62-4218-B
vitriolo	62-3875-B
vitro	3-80887-S,10-11556-S,51-105573-S
viuda	41-40860-B
viuda viudo	54-38873-B
viudo	51-86533-B,54-38873-S,56-61017-S,56-61137-S
viudo quedarse viudo	56-61137-S
viva	7-118007-S,25-97830-S,49-54442-S
viva vivo	14-16812-S,53-82073-B,54-125980-B
vivacidad	25-47562-B
vivamente	40-59153-B
vivaque	49-82275-B
vivaracho	35-25079-B
vive y deja vivir	60-74525-B
vivero	4-42057-S
vivero de plantas	6-72771-B
vivero forestal	5-139632-B
vivienda	2-62617-B,3-42934-B,3-43017-S,3-43146-S,3-43309-S
vivienda economica	3-119527-B
vivienda unifamiliar	6-99020-B
viviendas	5-3812-S,39-41057-S
viviparidad	66-50657-B
viviparo	19-66859-S,66-50481-B
vivir	54-120885-S,57-20605-S,60-74525-S
vivir cansado de vivir	54-120885-S
vivir en concubinato vivir en pareja	63-58373-S
vivir en pareja	63-58373-S
vivir existir	8-57891-B
vivir ocupar	22-30295-S
viviseccion	40-36130-B
vivo	3-81056-S,14-16812-S,52-34128-S,53-82073-S,54-125980-S,62-3592-S,62-5317-S,62-5558-S
vizcaino	27-49186-S,27-49455-S
vizconde	46-59634-B
vlach	32-44064-S
vladivostok	51-88377-B
vlax	11-55347-S
vlax albanes n	30-10943-B
vlax albanes s	30-11060-B
