ethernet	10-4817-B
etica	2-113251-B
etica ambiental	2-96933-B
etica codigo deontologico	54-23151-S
etica de la reciprocidad	44-49941-S
etica etico	22-41586-B
eticamente	60-61911-B
etico	22-41586-S
etileno	4-107509-S
etilico	6-125867-S,19-11835-S
etimo	57-12229-B,57-12339-B
etimologa	57-12707-S
etimologa etimologo	57-12468-S
etimologia	10-116370-B
etimologica etimologico	58-74537-B
etimologico	55-68721-S,58-74537-S
etimologista etimologa	57-12707-B
etimologista etimologa etimologo	57-12468-B
etimologo	57-12468-S
etiologia	51-106584-B
etiope	41-10545-S,55-38118-B
etiopia	12-50714-B
etiopica	28-56115-S,29-2334-S,29-2946-S,29-3900-S,29-9307-S,31-30064-S,31-31576-S,54-41527-S
etiopico	36-19395-S
etiopico etiopico	36-19395-S
etiqueta	52-85307-B,58-74237-B,70-14172-B
etiqueta ecologica comunitaria	2-67698-B
etiquetar	4-45182-S
etiquetar marcar precintar	65-89249-B
etkywan	42-71416-B
etmoides	67-59740-S
etnia grupo etnico	33-54662-B
etnica	15-14662-S,41-40544-S
etnica etnico	41-31838-B
etnico	33-54662-S,41-31838-S
etnobotanica	45-48861-B
etnocidio	60-63461-B
etnografa etnografo	60-63854-B
etnografia	40-31830-B
etnografica etnografico	60-64043-B
etnografico	60-64043-S
etnografo	60-63854-S
etnohistoria	54-130277-B
etnologa etnologo	58-68187-B
etnologia	2-113530-B
etnologica etnologico	58-73768-B
etnologico	58-73768-S
etnologo	58-68187-S
etnonimo	18-61192-B
etologia	2-113855-B
etologico	65-2565-B
etologo	65-2503-B
eton	17-76038-B,41-10647-B
etrusco	12-32788-B,12-33962-B
etruscos	42-68861-B
eucalipto	58-74817-B
eucariontes eucariota	45-57778-B
eucariota	45-57778-S
eucaristia	58-77786-B
euclidiana euclidiano	60-66437-B
euclidiano	60-66437-S
eudiometro	60-65987-B
eufemismo	18-57729-B
eufemistica eufemistico	58-79428-B
eufemistico	58-79428-S
eufonia	60-66324-B
eufonio tuba tenor	62-95946-S
euforia	58-79618-B
euforica euforico extasiada extasiado	9-80953-B
euforico extasiada extasiado	9-80953-S
eufrates	33-44260-B
eugenesia	58-78258-B
eugenesica eugenesico	58-78502-B
eugenesico	58-78502-S
euler	68-57292-S
eunico	57-27303-B
eupeptica eupeptico	66-82166-B
eupeptico	66-82166-S
eurasia	59-80376-B
euratom	2-114979-S
eure	34-6388-B,34-27184-B
eure y loir	34-6563-B
euro	14-24311-B,37-7668-S,37-7911-S
eurocentrico	37-55510-B
eurocentrismo	37-61036-B
euroescepticismo	60-80397-B
euroesceptico	60-80260-B
europa	2-115696-B,16-1790-B,51-62282-S
europa central	63-57849-S
europa del norte	13-76904-B
europa occidental	6-37099-B
europa oriental	2-66647-B
europanto	41-11103-B
europea	2-116063-S,2-118850-S,17-83576-S,18-89402-S
europea de la energia atomica euratom	2-114979-S
europea de medio ambiente	2-117090-S
europea europeo	12-3734-B,23-4607-B
europeas	1-161817-S,2-116402-S
europeo	2-118512-S,7-12256-S,12-3734-S,16-80937-S,18-22735-S,21-69909-S,23-4607-S,40-11433-S,51-30198-S,56-36783-S,64-82456-S,66-18434-S,68-54874-S
europeo aguila de cola blanca aguila marina aguila marina de cola blanca	24-61905-S
europeo bce	33-18199-S
europeo charmilla hojaranzo ojaranzo	68-40161-S
europeo de investigacion	70-14674-S
europeo de medio ambiente	2-118162-S
europio	13-52349-B
euros	37-8438-S
euskera vizcaino	27-49186-B
eusocialidad	66-41266-B
eutanasia	21-88282-B
eutrofico	36-32870-B
eutrofizacion	2-119665-B
eutrope	32-7062-S
eva	48-1133-B
eva mitocondrial	45-102004-B
evacuacion	21-41535-B,56-48404-S
evacuar	21-41436-B
evadirse fumarse	63-90908-B
evaluacion	2-120095-B
evaluacion comparativa	54-66284-B
evaluacion de riesgos	5-15203-B
evaluacion del riesgo ambiental	2-104985-B
evaluacion tecnica	6-143604-B
evaluacion tecnologica	5-110605-B
evaluacion valuacion	46-85184-S
evaluar	52-81576-S
evaluar avalorar estimar tasar valorizar	63-1723-B
evaluar determinar	52-81428-B
evaluar fijar	69-34582-B
evaluar tasar valorar	40-54564-B
evangelizador evangelizadora	60-25349-B
evangelizadora	60-25349-S
evant	38-44788-B
evaporacion	2-120231-B
evaporador	58-80538-B
evaporar	24-80079-B
evapotranspiracion	2-120429-B
evasion	50-51618-B,58-80768-B
evasion de impuestos evasion fiscal	25-59204-B
evasion fiscal	25-59204-S
evasiva evasivo	19-88139-B
evasivamente	19-99052-B
evasivo	19-88139-S
even	26-52477-B
evenki	26-52549-B
evento hecho suceso	15-27456-S
evento suceso	9-16259-S
eventos	54-111145-S,65-19527-S
eventual	21-97063-B
eventualidad	60-66667-B
eventualmente	33-28091-B
evergetismo	65-93676-B
evidencia circunstancial	58-32549-B
evidencia prueba	13-12543-B
evidenciar	20-47088-B
evidencias	60-66842-S
evidente obvia obvio	19-74796-B
evidentemente indiscutiblemente obviamente	59-20134-S
evidentemente indudablemente	59-19871-B
evitable	21-41313-S
evitacion	47-88883-B
evitar	20-55315-B,45-16891-S,58-63946-B
evitar frustrar impedir malograr	61-75286-S
evitar impedir	9-19509-S,70-12501-B
evitar prevenir	47-85340-B
evocacion	58-112581-B
evocacion invocacion	25-32025-B
evocador evocadora	58-110664-B
evocador evocadora evocativa evocativo insinuante provocativa provocativo sugestiva sugestivo	52-24646-B
evocador evocadora nostalgica nostalgico	17-1824-B
evocadora	58-110664-S
evocadora evocativa evocativo insinuante provocativa provocativo sugestiva sugestivo	52-24646-S
evocadora nostalgica nostalgico	17-1824-S
evocar	58-110885-B
evocar recordar rememorar	14-13342-S
evocar recuerdos	68-63807-B
evocativa evocativo insinuante provocativa provocativo sugestiva sugestivo	52-24646-S
evocativo insinuante provocativa provocativo sugestiva sugestivo	52-24646-S
evolucion	21-47833-B
evolucion biologica	2-120833-S
evolucion del software	54-82444-B
evolucion demografica	2-34239-B
evolucion evolucion biologica	2-120833-B
evolucion experimental	58-105965-B
evolucion molecular	53-88334-B
evolucion paralela	26-5737-B
evolucionar	24-53558-S,53-85714-B
evolucionar en una nueva especie	64-138-S
evolucionaria evolucionario evolucionista evolutiva evolutivo	53-85832-B
evolucionario evolucionista evolutiva evolutivo	53-85832-S
evolucionismo	53-86166-B
evolucionista	66-66104-S
evolucionista evolutiva evolutivo	53-85832-S
evoluta	60-67002-B
evolutiva	37-3752-S
evolutiva evolutivo	53-85832-S
evolutivo	46-24132-S,53-85832-S
evolvente	60-67185-B
evora	33-69040-B,34-62345-S
evora evora	34-62345-S
ewe	11-14821-B
ewondo	41-11815-B
ex aequo	60-24831-B
ex cathedra	60-24475-B
ex conyuge ex esposa ex mujer ex pareja	60-65323-S
ex conyuge ex marido ex pareja	60-65496-S
ex esposa ex mujer ex pareja	60-65323-S
ex ex conyuge ex esposa ex mujer ex pareja	60-65323-B
ex ex conyuge ex marido ex pareja	60-65496-B
ex ex novia ex pareja	60-65825-B
ex ex novio ex pareja	60-65666-B
ex marido ex pareja	60-65496-S
ex mujer ex pareja	60-65323-S
ex novia ex pareja	60-65825-S
ex novio ex pareja	60-65666-S
ex pareja	60-65323-S,60-65496-S,60-65666-S,60-65825-S
exacerbar	58-111031-B,59-16484-S
exacion impuesto	3-105143-B
exacta exacto	10-35937-S
exacta exacto precisa preciso	44-41441-B
exactamente	44-41784-B
exactamente nada mas y nada menos que	22-60827-B
exactas	2-121516-S
exactitud precision	19-60568-B
exacto	8-82945-B,10-35937-S,11-16156-B
exacto incontestable irrefutable	12-20884-B
exacto precisa preciso	44-41441-S
exageracion	58-112441-B
exagerada exagerado	58-112216-B
exageradamente excesivamente	63-53870-S
exagerado	58-112216-S
exagerar	56-72689-B
exagono	17-48850-S
exaltar magnificar	68-88649-S,69-61619-B
examen	9-48410-B,58-113700-S
examen detallado	45-63953-B
examen medico	57-1546-B
examinada examinado examinanda examinando	60-22934-B
examinado examinanda examinando	60-22934-S
examinanda examinando	60-22934-S
examinando	60-22934-S
examinar	54-9334-B
exarca	60-22775-B
exasperacion	59-16236-B
exasperante	58-114016-B
exasperar	58-10115-S,58-113854-B
exasperar indignar	62-94549-S
excavacion	2-121821-B
excavaciones	39-56812-B
excavado	2-121718-S
excavadora	33-12952-B
excavadoras	5-98317-S
excavar	8-56974-S,58-114350-B,58-114507-B
excavar vaciar	58-114184-S
excedentes	5-103949-B
excelencia	60-22126-B,61-89846-S
excelente	19-34059-S
excentrica excentrico	57-94419-B,57-94977-B
excentrica excentrico extravagante	57-94696-B
excentricidad	57-95110-B,57-95351-B,58-20619-B
excentrico	57-94419-S,57-94977-S
excentrico extravagante	57-94696-S
excepcion	22-41228-B
excepcional	15-94448-S,58-76982-B
excepcionalmente	58-114716-S
excepciones	54-112141-S
excepto salvo	15-8859-B
exceptuar omitir	58-76728-S
excesiva excesivo	58-116539-B
excesiva excesivo exorbitante	59-10023-S
excesivamente	63-53870-S
excesivamente exorbitantemente	60-21901-S
excesivo	4-58128-S,58-116539-S
excesivo exorbitante	59-10023-S
exceso	22-33315-B
exceso de oferta exceso de produccion sobreoferta sobreproduccion superproduccion	68-36474-B
exceso de produccion sobreoferta sobreproduccion superproduccion	68-36474-S
excitacion	22-42140-B,22-42263-B
excitado	11-1507-B,14-52811-S,67-79205-B
excitado emocionado	45-20733-B
excitado exitado	55-89188-B
excitante	59-817-B,62-8401-S,68-64083-B
excitar	59-641-B,69-34723-S
excitar energia	58-20362-S
exclamacion	59-1080-B,59-1221-S
exclamar	59-961-B
exclamativo	18-45448-S
exclave	16-71167-B
excluir	12-33446-B,23-64421-B,49-68553-B
excluir expulsar	23-64901-B
exclusion competitiva	58-103742-S
exclusion exclusion social	23-92460-B
exclusion social	23-92460-S
exclusiva exclusivo	21-97294-B
exclusivamente	50-37199-B
exclusivamente unicamente	50-34923-B
exclusivo	21-97294-S
excomulgacion	59-2002-S
excomulgar	59-1708-B
excomunion excomulgacion	59-2002-B
excoriar	55-45993-B
excrecencia	59-2224-B
excrecion	59-2468-B
excremento	13-47071-S
excremento de perro	13-92610-B
excretar	59-2959-B
excritura cirilica	28-54292-S
exculpar	59-3107-S
excursion	49-31725-B,67-13001-B
excusa	46-40025-S
excusado inodoro poceta sanitario vater waterclo water	68-46317-S
excusarse	46-39588-S
execrable	44-42077-B
execution language	54-21323-S
exegesis	60-21115-B
exencion	59-3720-B,59-9659-B
exento impune indemne inmune libre	67-7169-B
exequatur	60-20772-B
exeresis	60-20640-B
exfoliacion	60-19963-B,68-61225-B
exhalacion	56-36102-S
exhalar	14-75579-B
exhaustiva	60-19668-S
exhaustiva exhaustivo	23-69628-B,23-69782-B
exhaustivo	23-69628-S,23-69782-S
exhaustivo minucioso exhaustiva	60-19668-B
exhausto	39-3879-S
exhibicionismo	59-5380-B
exhibir	23-92882-B
exhibir exponer mostrar	57-23747-S
exhortar solicitar	33-33210-B
exhumacion	60-8839-B
exhumar	59-7397-S
exigencia	15-25109-B
exigente	17-61570-B,58-111326-B,59-7893-B
exigible	60-8720-B
exigir	20-82346-B
exigir imponer	58-111174-B
exiguo insignificante	14-97423-S
exilar exiliar	59-8036-B
exiliada exiliado	54-102836-B
exiliado	54-102836-S
exiliar	59-8036-S
exilio expatriacion	60-10792-S
exilio expulsion	60-4657-B
exilio proscripcion	48-61278-S
eximente exonerador	56-6198-B
eximir	59-9499-B
existencia	49-40747-B,59-8168-B
existencia existente	46-45189-S
existencia ser concebido	66-33626-S
existencia vida	68-16839-B
existencial	59-8431-B
existencialismo	59-8575-B
existencias	5-94104-S,5-94338-S
existente	2-122579-S,46-45189-S,59-8317-B
existir	8-57891-S
existir ser	9-37535-B
exitado	55-89188-S
exito	14-21110-S,23-47768-B,37-17192-S
exito coronado de exito exitoso	14-56331-S
exito de libreria	49-70417-S
exito exitoso	14-56331-S
exitosa coronada de exito coronado de exito exitoso	14-56331-B
exitosa exitoso	14-56882-B
exitoso	14-56331-S,14-56882-S
exobiologia xenobiologia	35-54694-S
exocrina	64-71645-S
exodo	59-9239-B
exodo rural	20-59726-B
exoesqueleto	21-53777-B
exogamia	60-8233-B
exonerador	56-6198-S
exonerar	56-6069-B
exonimo	24-31125-B
exoplaneta planeta extrasolar	25-16329-B
exorbitancia	59-9887-B
exorbitante	59-10023-S
exorbitantemente	60-21901-S
exorcismo	59-10279-B
exorcista	59-10587-B
exosfera	51-34712-B
exotermica exotermico	59-38172-B
exotermico	59-38172-S
exotica	2-122760-S
exotica exotico	22-25702-B
exotico	22-25580-B,22-25702-S
expandir	33-65899-S
expansion	13-27051-B,18-49899-B,59-12620-B
expansion de la union europea	18-89402-B
expansionismo	60-18815-B
expansionista	60-7228-B,60-7366-B
expansiva expansivo	59-13081-B,60-8017-S
expansivo	59-13081-S,60-8017-S
expatriacion	60-10603-S,60-10792-S
expatriada expatriado	13-15888-B,60-11083-B
expatriado	13-15888-S,60-11083-S
expatriado inmigrado inmigrante	11-81241-B
expatriar	13-16074-B
expectante	59-13588-B
expectativa	16-60542-B
expectativa de vida	49-63686-S
expectoracion	60-6559-B,60-6701-B
expectorante	59-13713-B
expedicion	58-71538-B
expedicionario	7-56382-S
expedir	52-74335-S
expedita expedito pronta pronto rapida rapido veloz	59-37118-B
expedito pronta pronto rapida rapido veloz	59-37118-S
expeler expulsar	56-40765-S
expendedor automatico maquina expendedora	48-40356-B
expendedor tendero vendedor	67-13438-S
expendedora	48-40356-S
expender	9-31165-S
experiencia	19-81744-B,19-81996-B
experimentacion	54-52619-B
experimentacion con animales	1-48076-B
experimental	6-118329-S,22-41423-B,36-41208-S,58-105965-S
experimentalmente	53-0-B
experimentar	19-82264-B,19-82509-B,59-48904-B
experimento	2-123491-B
experimento de campo	2-134229-B
experimento de laboratorio	3-88559-B
experta experto	33-16095-B,44-35727-S
experto	2-123924-S,33-16095-S,44-35727-S,44-53450-B,44-53569-B
expiacion penitencia	59-49119-B
expiar	59-49027-B
expiatorio	62-52729-S,65-6603-S
expiracion	59-52900-B
expiracion muerte	59-53083-B
expirar	15-92545-B
expirar fallecer fenecer morir pasar a mejor vida perecer sucumbir	8-103554-S
explanada	58-65995-B
explanto	25-56362-B
explicable	59-56495-B,60-6433-B
explicacion	12-70330-B
explicacion monocausal	49-63013-B
explicacion nota	48-13680-S
explicar	9-68067-B,14-12259-S
explicar exponer	42-65113-B
explicativa	20-45116-S
explicativa explicativo	59-55942-S
explicativo	59-55942-S
explicita explicito	21-95071-B,58-15693-S
explicitamente	49-57705-B
explicito	21-95071-S,58-15693-S
exploit brecha de seguridad	53-5720-B
exploracion	52-100557-B
explorador exploradora	59-71664-B
exploradora	59-71664-S
explorar	52-32717-B,53-24130-B,53-94641-S
explorar reconocer	13-54980-B
exploratoria exploratorio	59-60099-B
exploratorio	59-60099-S
explosion	2-124430-B,11-46670-S
explosion motor de gasolina	3-10076-S
explosiones nucleares	4-38344-B
explosiva	59-75353-S
explosivo	2-125095-B,64-89370-S
explosivo explosiva	59-75353-B
explotacion	7-5051-S,40-14723-B
explotacion a cielo abierto	4-52271-B
explotacion a cielo abierto por excavadoras	5-98317-B
explotacion agricola en deposito	5-107201-B
explotacion agricola fundo granja	2-131066-B
explotacion de canteras	4-131499-B
explotacion de recursos	5-9702-B
explotacion minera	4-4580-S,4-5594-S
explotacion minera de lignito	3-108904-B
explotador explotadora	33-28464-B
explotadora	33-28464-S
explotar	8-51852-B,20-39932-S,40-14272-S,54-1329-B,59-57395-S,61-46511-S
expoliacion robo	33-35240-B
exponencial	52-100698-B
exponencialmente	54-9496-B
exponente	59-75562-B
exponer	42-65113-S,69-65513-S
exponer manifestar	21-89008-B
exponer mostrar	57-23747-S
exportacion	45-72060-B
exportar	2-125788-B
exposicion	2-125980-B,4-69159-S,17-35815-B,19-21911-B,20-49732-B,20-50455-S
exposicion de radiacion	4-134598-B
exposito	56-57443-B
expositor expositora	59-5641-B,59-75874-B
expositora	59-5641-S,59-75874-S
expresable	60-6318-B
expresamente	20-56053-S
expresar	52-40962-B
expresar informar	12-72480-S
expresion	13-67392-S,21-95223-B,21-96686-B,22-24680-B,22-24887-B
expresion de peptidos	26-9027-S
expresionismo	19-52115-B
expresionista	60-4833-B,60-4996-B
expresiva expresivo	52-81721-B
expresivo	52-81721-S
expreso	13-60039-S
expreso tren rapido	24-41244-S
exprimidor de limones	41-33996-B
exprimir	8-108526-B,20-18645-B
exprimir prensar	8-54616-S
