gemido	69-56061-B
gemido lamento queja quejido	11-18776-B
geminal	65-53262-S
geminis	38-21468-B
gemologo	68-9415-B
gemzek	28-6092-S
gemzek escrito	28-6171-S
gemzek hablado	28-6314-S
gen	3-11982-B,13-82024-B
gen dominante	37-81918-B
gende	41-50504-B
genealogia	18-80425-B
genealogico	65-4529-B
genealogista	65-4583-B
generacion	20-60069-B,64-4094-B,64-4260-B
generacion automatica de pruebas	54-18036-B
generacional	59-48368-S
generador de emergencia	14-35227-B
generador de vapor	5-92678-B
general	3-11825-S,7-21466-S,7-59869-B,20-41002-B,29-25423-S,30-32404-S,30-36736-S,32-52903-S,43-70635-S,54-30195-S,54-88830-S
general de gnu gpl	50-45638-S
general de la onu secretario general de las naciones unidas	15-19821-S
general de la relatividad	38-16754-S
general de las naciones unidas	15-19821-S
general del estado	32-64197-S
general en terminos generales sin entrar en detalles	48-28523-S
general generalmente	48-28742-S,48-28925-S
general teoria general de la relatividad	38-16754-S
generales sin entrar en detalles	48-28523-S
generalista	16-54039-S
generalizacion	39-5325-B
generalizar	52-91477-B
generalmente	48-28742-S,48-28925-S
generalmente habitualmente normalmente usualmente	12-61393-B
generar	52-32536-B
generar hacer producir	14-34285-B
generar procrear	24-35594-B
generativa	54-17539-S
generica generico universal	21-15775-B
generico	18-48395-S,61-24101-S
generico que todo lo incluye universal	45-64607-B
generico universal	21-15775-S
genero	19-1669-B,22-48949-B,42-8049-B
genero comun	21-70179-B
generosidad	50-47834-B
genes	3-11501-S,37-71701-S,45-90992-S
genesis	25-39271-B
genet	67-9884-S
genetica	3-12630-S,3-13053-S,3-13829-S,3-14296-S,3-15295-B,3-15504-S,37-60065-S,37-78469-S,38-5712-S,45-81232-S,58-31713-S
genetica aditiva	37-78800-S
genetica animal	1-48335-B
genetica de dominancia	37-79115-S
genetica de vegetal	4-91469-B
genetica genetico genica genico	52-34426-B
genetica horizontal transferencia horizontal	45-88014-S
genetica molecular	53-88586-B
genetica variacion genetica	3-15504-S
geneticamente	59-32764-B
geneticamente modificado	7-32190-S
genetico	3-12750-S,3-14853-S,6-120014-S,33-46945-S
genetico genica genico	52-34426-S
genetta	67-9693-B
gengis kan	64-49370-B
gengle	41-58920-B
genial optima optimo	21-65178-S
genica genico	52-34426-S
genico	52-34426-S
geniecillo	20-31911-S
genio	58-39689-S
genio y figura hasta la sepultura no hay que pedir peras al olmo	69-45005-B
genital	23-55366-S,25-39786-S
genitivo	19-3749-S
genitourinario	21-54279-S
gennargentese	32-29365-B
genocidio	14-62416-B
genoma	18-88805-B
genoma humano	45-74952-B,45-97319-S
genomica genomico	63-15035-B
genomico	63-15035-S
genoteca de expresion de peptidos	26-9027-B
genotipo	25-3489-B
genotoxicidad	6-116094-B
genova	10-104229-B,34-49648-B
genoves rural	32-25647-B
genoves u	32-25752-S
genoves urbano genoves u	32-25752-B
gente	14-87615-B
gente comun gente de a pie gente del pueblo plebe populacho pueblo pueblo de a pie pueblo llano vulgo masas	60-88180-B
gente de a pie gente del pueblo plebe populacho pueblo pueblo de a pie pueblo llano vulgo masas	60-88180-S
gente del pueblo plebe populacho pueblo pueblo de a pie pueblo llano vulgo masas	60-88180-S
gentil	25-3740-B
gentil simpatica simpatico	13-56432-S
gentileza	21-17553-S,46-621-S
gentilicio	43-38767-B
gentrificacion	56-31919-S
gentuza	50-32829-S
genuflexion	34-69378-B
genuina genuino	14-93686-S
genuino	14-93686-S,24-35670-B
geocentrica geocentrico	35-64644-B
geocentrica orbita terrestre	64-15382-S
geocentrico	35-64644-S
geodesia	3-15924-B
geodesico	20-84241-B,37-47644-B,37-47945-B
geodinamica	51-63499-B
geoestacionaria	51-64347-S,64-15544-S
geoestacionario geoestacionaria	51-64347-B
geofisica	3-18219-B
geofisica geofisico	51-63883-B
geofisico	51-63883-S
geogenico	3-16166-S
geografia	3-17043-B
geografia economica	7-2873-B
geografia fisica	4-83673-B
geografia humana	25-83218-B
geografia politica	4-101467-B
geografica	3-16334-S,7-52630-S,44-11597-S
geografica geografico	48-53618-B,48-53974-B
geograficamente	63-15226-B
geograficas	24-24607-S,24-25544-S
geografico	6-59691-S,48-53618-S,48-53974-S
geografico alopatria	63-13511-S
geografo	16-81160-B
geologa geologo	16-87598-B
geologia	3-17378-B
geologia del petroleo	4-75252-B
geologia marina	3-132086-B
geologia minera	4-5178-B
geologico	69-15339-B
geologo	16-87598-S
geomagnetico campo magnetico terrestre	68-69895-S
geometra	67-0-S
geometria	15-20756-B
geometrica	7-47001-S,16-7378-S,25-36543-S,47-92728-S
geometrica geometrico	53-23370-B
geometricamente	53-61615-B
geometrico	53-23370-S
geometrido gusano medidor oruga geometra	67-0-B
geomorfologa geomorfologo	45-47920-B
geomorfologia	3-17619-B
geomorfologica geomorfologico	51-54722-B,61-43232-B
geomorfologico	51-54722-S,61-43232-S
geomorfologo	45-47920-S
geopolitica	63-50046-B
geoquimica	45-45979-B
george town	55-40698-B
georgetown	21-20391-B
georgia	11-31983-B,11-32161-B,26-35782-S
georgiana	28-13393-S
georgiano	8-79610-B,11-32545-B,11-32818-B,17-9486-B,17-9684-B,28-16502-S
georgiano georgiano mxedruli	36-18799-S
georgiano hablado	28-23299-B
georgiano mxedruli	36-18799-S
geosfera	35-63242-B
geotecnica	6-140139-B
geotecnologia	3-18454-B
geotermica	3-18603-S
gera	28-48192-B
gerais	35-28545-S
geranio	25-40100-B,63-80162-B
gerbera	34-60812-B
gerencia gestion	1-10357-S
gerencial	54-50809-S
gerenciar llevar conducir guiar	24-35707-S
gerente jefe	67-17284-B
gerente responsable	21-64032-S
geriatra	17-84251-B
geriatria	17-83989-B
gerlovo	26-22294-S
germania	50-46780-B
germanico comun protogermanico	65-82903-B
germanico occidental	14-71744-B
germanico septentrional	14-72037-B
germanio	13-61305-B
germanismo	56-21406-B
germano suiza	46-71721-S
germanofono	33-12201-B
germen	3-19582-B,11-31748-B,25-104259-B,40-1633-B
germen plasma germinal	3-19884-S
germinacion	3-19683-B
germinal	3-19884-S,25-52603-S,38-66595-B
gerontocracia	56-31746-B
gers	34-22282-B,34-36154-B
geruma	28-48253-B
gerundio	21-64450-B
geser gorom	41-60008-B
gestacion	24-35686-B
gestacional	66-82269-S
gestante gravida prenada	23-421-S
gesticular	53-68512-B
gestion	1-10357-S,3-126263-B,7-18446-S,21-64355-S,25-64807-S
gestion agricola	1-21505-B
gestion continua	1-130783-B
gestion de base de datos	35-33417-S
gestion de bases de datos relacional	64-59845-S
gestion de calidad del agua	6-29394-B
gestion de configuraciones de software	58-36117-B
gestion de contenido	68-76297-S
gestion de existencias	5-94338-B
gestion de proyectos	54-67012-B
gestion de recursos de agua	6-134552-B
gestion de relaciones con clientes	37-15964-B
gestion de requerimientos	54-77801-B
gestion de riesgo	6-51012-B
gestion de rio	6-131493-B
gestion del ciclo de vida	4-144006-B
gestion del conocimiento	9-100446-B
gestion energetica	2-89790-B
gestion total de calidad	54-66652-B
gestion urbanistica	6-386-B
gestionar	54-121871-S,67-41834-B,67-42095-B,69-33056-S
gesto	21-16867-S
gesto sena	21-16714-B
gestor de contenido sistema de administracion de contenidos sistema de gestion de contenido	68-76297-B
gestual estadounidense	24-48053-S
gex	50-11425-B
gey	42-13916-B
ghadames	28-1116-B
ghadames hablado	28-1266-B
ghagar	30-9987-B
ghale kutang	41-65728-B
ghale norteno	41-65167-B
ghale sureno	41-64896-B
ghana	11-93776-B
ghana caracol tigre	68-100226-S
ghanes	44-41364-S,44-41642-B,64-20387-B
ghanesa	42-10690-S
ghanongga	41-65536-B
ghari	42-6425-B
ghat	63-41955-B
ghayavi	37-11511-B
ghera	29-32239-B
ghodoberi	28-18238-B
ghomala	36-25375-B
ghomara	27-57832-B
ghotul muria	30-30581-B
ghotuo	34-75522-B
ghrelina	50-66826-B
ghulfan	31-23351-B
ghulfan hablado	31-23416-B
giangan	36-58082-B
gibanawa	41-66106-B
gibon de hainan	66-92029-B
gibraltar	25-3902-B,44-44348-S
gibraltarena gibraltareno	55-87814-B
gibraltarena libra	55-88020-S
gibraltareno	55-87814-S
gidar	28-47087-B
gigabit	51-64948-B
gigante	12-8165-B,26-13738-S,66-20405-S,68-65262-S
gigante africano	68-100037-S
gigante de africa occidental	68-100450-S
gigante de flandes	46-7931-B
gigante de ghana caracol tigre	68-100226-S
gigante gigantesca gigantesco	48-57576-S
gigante rey de los arenques	69-44836-S
gigantesca gigantesco	48-57576-S
gigantesca gigantesco monumental	54-36303-S
gigantesco	48-57576-S
gigantesco monumental	54-36303-S
gigatl	28-19808-B
gigavatio gigawatt	46-60209-B
gigawatt	46-60209-S
gigolo	58-40344-B
giiwo	28-48066-B
gikuyu	44-77633-B
gikyode	34-83009-B
gilima	41-66545-B
gilipollas	33-37492-S
gilyak escrito con escritura latina	30-58355-B
gimi	41-66246-B,41-66392-B
gimira	31-46179-S
gimme	45-105008-B
gimnasia	67-11536-B
gimnasio	40-44906-B,66-88470-B
gimnasta	70-13551-B
gimnime	41-67860-B
gimnospermas	3-29769-B
gimojan	31-45962-S,31-46092-B
gimp	70-7819-B
ginebra	51-80674-B,66-29993-S
gineceo	67-64794-B
gingival	62-18725-B
gingivitis	62-18643-B
ginjol	60-77981-S
gino	28-45941-S
ginowan	30-52576-B
ginuman	42-541-B
ginyanga	36-14335-B
giorgio	69-70033-S
giorgio dialecto bila dialecto bila del resiano	69-69536-S
girar	39-53734-B,51-95223-S,61-28990-S
girar rotar voltear	8-63918-B
girar voltear	9-45546-B
girasia	29-36932-S
girasol	49-79650-B,51-78268-S
girasol aceite de maravilla	49-79779-S
girawa	36-26216-B
girga	31-16946-B,34-69972-B
girgola	52-8193-S
giro	49-26593-S,66-62516-S
giro sintornillos	25-58914-B
girocompas	67-87901-B
girola	16-66929-S
gironda	34-7900-B,34-23424-B
giroscopico	65-4658-B
giroscopo	67-85770-B
gis	7-48683-S
git	70-8537-B
gitano	30-22552-B
gitxsan	41-66478-B
giyug	41-66669-B
giziga del norte	28-6445-B
giziga del norte escrito	28-6528-B
giziga del norte hablado	28-6679-B
giziga del sur	28-6818-B
gizmo	47-22562-B
glabro lampino	36-11614-S
glaciacion	37-68689-B,51-32395-B
glacial	37-68444-B
glaciar	3-20128-B
glaciologia	3-20385-B
gladiador	56-21515-B
gladstone gander	70-12981-B
glande	53-18907-B
glandula	41-42358-B
glandula adrenal glandula suprarenal	41-43036-B
glandula endocrina	64-71738-B
glandula exocrina	64-71645-B
glandula mamaria	25-25064-B
glandula pituitaria hipofisis	38-2441-B
glandula salival	12-15693-B
glandula sudoripara	64-71480-B
glandula suprarenal	41-43036-S
glandula tiroides tiroides	15-2551-B
glandular	64-72326-B
glaris	51-80542-B
glaro twabo	41-67491-B
glas azucar glaseado azucar glase	20-60434-S
glase	20-60434-S
glaseado azucar glase	20-60434-S
glaucoma	42-50547-B
glavda	28-4781-B
glia neuroglia	64-13174-S
glial glia neuroglia	64-13174-S
glicol	65-53122-S
glifo	10-101465-B
glioblastoma glioblastoma multiforme	66-48141-S
glioblastoma multiforme	66-48141-S
global	48-14282-S,66-28678-S
global inclusivo	59-32236-B
global mundial	12-76453-B,61-16536-B
global musica universal	60-82239-S
globalmente	53-61755-B
globo	56-21605-S
globo aerostatico	48-58828-S
globo globo aerostatico	48-58828-S
globo ocular	22-63983-B
globo terraqueo	61-60957-B
globular	13-67960-S,16-77528-S,48-18373-S,56-78665-S
globulo blanco leucocito	57-89384-B
globulo rojo	57-89742-B
glomerulonefritis	62-11619-B
gloria	65-24651-B
glorieta mini rotonda	48-52739-S
gloriosa glorioso	50-30559-B
glorioso	50-30559-S
glosa	22-55458-B
glosario	3-21504-B
glositis	62-18896-B
glotal	61-62760-B,61-62893-B
glotoneria	56-32679-B
glucemia	65-51067-B
glucinio	1-81897-S
glucolipido	52-34271-B
glucolisis	42-34689-B
glucometro	67-10559-B
glucosa	56-36359-B
glucosa sanguinea	65-50869-S
gluten	22-16650-B,51-84928-S
glutinoso	56-67345-S
gnau	42-891-B
gniva	69-69840-B
gniva dialecto njiva	69-69120-S
gnome	64-55922-B
gnomonica	65-2868-B
gnu gpl	50-45638-S
go	14-6993-B
goanese estandar	29-42346-B
goanese konkani	29-41782-B,29-42215-B
goanese konkani escrito	29-41880-B
goanese konkani escrito con escritura latina	29-42031-B
goaria	29-57333-B
goaria hablado	29-57402-B
gobabis	43-42729-S
gobasi	42-1924-B
gobekli tepe	25-103097-B
gobernabilidad	25-83488-B
gobernador	63-87840-B
gobernador gobernadora	23-82011-B
gobernadora	23-82011-S,63-87580-B
gobernante soberana soberano	8-92424-S
gobernar mandar reinar	11-60213-S
gobierno	15-21222-B,22-58219-S
gobierno central	1-128822-B
gobierno electronico	25-83947-S,54-110061-S
gobierno federal	2-131635-B
gobierno gobierno electronico	25-83947-S,54-110061-S
gobierno territorial	6-83022-B
gobio	66-50163-B
gobu	42-2539-B
goce gozo	55-53030-B
goce usufructo	20-59533-S
godie	42-1425-B
godveri oriental	30-32896-B
godwari	29-32306-B
godwari hablado	29-32370-B
goeku	30-51890-B
goemai	28-50406-B
gofa dawro	31-47216-S
gofrera	51-10969-B
gogo	42-1860-B
gogodala	41-61887-B
gok	31-37809-S
gokana	41-66944-B
goklen	26-25492-B
gol	28-36561-B,48-28000-B
gol en contra gol en propia meta	64-26167-S
gol en propia meta	64-26167-S
gola	42-2011-B
golar	27-16605-B
golari	30-33361-B
golf	3-21829-B
golfa	33-61936-S
golfo	3-29497-B,37-65636-S
golfo de aden	43-41402-B
golfo de benin	43-66399-S
golfo de biafra	43-21210-B
golfo de botnia	56-50656-B
golfo de finlandia	43-63932-B
golfo de fonseca	43-40440-B
golfo de guinea	43-15861-B
golfo de honduras	43-40174-B
golfo de mexico	13-9076-B
golfo de oman	43-19959-B
golfo de riga	44-4376-B
golfo de tailandia	43-51715-B
golfo de tonkin	42-8476-B
golfo del pacifico	41-1907-S
golfo hablado	35-5655-S
golfo persico	43-19712-B
golin	42-17472-B
golondrina	16-82348-B
golosina	56-53550-B
golpe	15-61344-B,16-89684-B
golpe de estado	13-57618-B,45-69557-B,55-71254-B
golpe de suerte	23-19024-B
golpear	8-61523-B,9-8845-B,9-33613-B,69-67294-S,69-73867-B
golpear con dureza	69-67397-B
golpear impactar	10-85083-B
golpear pegar	10-1715-B,69-73772-B
golpista	13-63062-B
goma	5-20830-B,9-16907-S,65-93899-S,67-85532-S
goma de mascar	11-57359-S
gombo	31-29109-B
gondi	30-28520-S,30-28639-S
gondi del norte	30-28758-B
gondi del sur	30-27969-B,30-28071-S
gondola	55-88440-B
gone dau	42-2105-B
gong	18-12908-B
gonga gimojan	31-45962-B
gongduk	42-1506-B
goniometrica goniometrico	65-48659-B
goniometrico	65-48659-S
gonja	41-66737-B
gonorrea	23-54214-B
google	11-1233-S,53-63798-B
google web toolkit	54-58330-B
googol	13-88495-B
gooniyandi	42-374-B
gor	28-37761-B
gor wani	29-53311-B
gora ankwa	43-2671-S
gorakor	42-1333-B
gorap	42-2259-B
gorda	16-39606-S,18-56615-S,26-3962-S
gorda gordas gordo gordos obeso	7-98261-B
gordas gordo gordos obeso	7-98261-S
gordinflon guaton	69-39121-B
gordinflon regordeta regordete	51-78066-S
gordinflona gordinflon regordeta regordete	51-78066-B
gordo del pie	56-73374-S
gordo en un estanque pequeno	25-115-S
gordo gorda	18-56615-B
gordo gordos obeso	7-98261-S
gordo pez gordo en un estanque pequeno	25-115-S
gordolobo verbasco	69-24636-B
gordos obeso	7-98261-S
goreng	67-16278-S
