menopausico	56-66269-S,56-66492-S,56-66781-S
menor	10-62926-S,10-63145-S,14-21725-B,25-91015-S,56-22173-B,68-6662-S,68-75091-S
menor canis minor	44-70273-S
menor capadocio	27-45909-S
menor comercio al por menor	25-91015-S
menor de edad	43-66007-S
menor menor de edad	43-66007-B
menora	18-4227-S
menora menorah menora	18-4227-B
menorah menora	18-4227-S
menos	61-82588-S
menos es decir	61-82263-S
menos por lo menos	61-82588-S
menos que	22-60827-S
menos si pero	12-7304-S
menosprecio	57-34766-S
mensaje	21-81548-B
mensaje de error	58-61849-B
mensaje en una botella	21-75229-B
mensajera	11-76438-S
mensajera mensajero	55-73161-S
mensajero	25-100110-B,55-73161-S
mensajero arnm	33-46349-S
mensajito	66-58962-S
menstruacion	14-69870-S
menstrual	57-56714-B
menstruar	57-55446-B
mensual	57-59018-B,57-59291-B,57-59552-B
mensualmente	57-59418-B
menta	25-2707-S,57-2402-S,62-36166-S
menta piperina hierbabuena menta piperita toronjil de menta	57-2402-B
menta piperita toronjil de menta	57-2402-S
mental	19-39212-S,65-77466-S,67-88992-S
mentalidad empresarial	58-25015-S
mentalmente	57-67214-S,59-19320-B
mentalmente perturbado mentalmente	57-67214-S
mentawai	47-42944-B
mente	9-26908-B
mentir	13-86468-B
mentir ocultar	17-86163-B
mentira	9-43029-B
mentira blanca mentirijilla mentirilla	60-1498-B
mentira de emergencia	60-1220-B
mentira embuste	13-1192-B
mentirijilla mentirilla	60-1498-S
mentirilla	60-1498-S
mentirosamente	62-84333-B
mentiroso	24-19832-B,56-42282-S
menton	9-4671-S
menu	21-80100-B,21-80255-B
menuda menudo pequena pequeno	7-77087-S
menudo	65-76868-S
menudo frecuentemente	11-67143-S
menudo mondongo tripa	60-11765-S
menudo pequena pequeno	7-77087-S
meohang oriental	41-1154-B
mequetrefe pelele	61-1318-B
merarit	31-17706-S
mercadeo	9-53140-S
mercadeo directo	35-41119-B
mercadeo por correo electronico	65-87749-B
mercadeo tecnicas de mercado	3-135413-B
mercader mercante	69-54717-S
mercaderia mercancia producto	52-92437-S
mercado	3-134371-B,3-134574-S,3-135269-S,3-135413-S,3-135771-S,6-87641-S,7-14267-S,20-70789-S,20-74291-S,20-97026-S,21-73627-S,25-107613-S,48-36453-S
mercado bursatil	61-71575-B
mercado cautivo	48-39993-B
mercado de factores	2-128137-B
mercado de la energia	2-89949-B
mercado de trabajo	3-90090-B
mercado en baja	11-19215-B
mercado financiero	2-136398-B
mercado monetario	7-12855-B
mercado mundial	66-63899-B
mercado negro trafico	12-67829-B
mercancia	6-78512-B,21-78665-B,66-82995-S
mercancia de segunda mano	5-35915-B
mercancia de temporada	48-36728-B
mercancia producto	52-92437-S
mercancias	2-157656-S,50-33542-S
mercante	6-98333-S,69-54717-S
mercantil	1-155567-S,21-68338-S
mercenario	24-70403-B
mercio	65-80083-B
mercurio	11-93559-B
mercurio hidrargirio	3-141018-B
merecedor decoroso	23-49047-S
merecer	14-34127-S,21-81431-B
merecidamente	56-92754-S
merei	50-13124-B
merengue	25-104403-B
merey pajuil	66-60072-S
merida	49-5436-B,49-5627-B,49-5848-B,49-6042-B
meridiem	66-84853-S,67-50044-S
meridional	5-79204-S,21-26519-S,33-86626-S
meridional azerbaiyan del sur	36-17297-S
meridionale	32-30244-B
merienda	15-28618-B
merilu	30-45202-B
meristemo	9-33594-B
merito	21-81254-B,40-33919-S
meritocracia	25-104577-B
meritoria meritorio	20-69061-B
meritorio	20-69061-S
meritorio merito	40-33919-B
merlano	56-46761-B
merma	15-1352-S
merma minoracion reduccion	61-69778-S
mermar	25-37281-B,25-44716-S
mermelada	4-114246-S,8-105365-B
meronimo	16-50074-B
merovingia merovingio	57-53306-B
merovingio	57-53306-S
merovingios	57-53086-B
mes	8-33713-B,8-34987-B,64-51906-S
mes lunar	7-122728-B
mes pasado mes precedente	56-4152-B
mes precedente	56-4152-S
mesa	10-76318-B,44-68664-S,44-68842-S,54-118504-S,61-36710-S,61-65595-B,61-65813-B,61-66010-B,61-66114-B,64-28942-S
mesa de comedor	66-81216-B
mesa de noche mesita de luz velador	19-36513-B
mesa de tocador	61-25764-B
mesa de vidrio	43-3297-B
mesa meseta	26-15841-S,60-61201-B
mesa pie de mesa	64-28942-S
mesa taca taca	68-30756-S
mesaka	43-25063-B
mescalero chiricahua	35-79254-S
mesenterico	66-72881-B
mesera	25-57659-B
mesera mesero	14-35702-S
mesero	14-35702-S
meses	20-10194-S
meseta	26-15841-S,60-61201-S
meseta tibetana	48-66420-B
mesidor	38-67019-B
mesita	40-39948-B
mesita de luz velador	19-36513-S
mesofaringe orofaringe	64-75949-S
mesofita	66-72671-B
mesopausa	51-35320-B
mesopotamia	33-43774-B
mesopotamico hablado	34-83429-S,36-14860-S
mesosfera	51-35030-B
mesosferica polar nube noctilucente	64-23845-S
mesozoica era secundaria mesozoico	52-64360-S
mesozoico	52-64360-S
mesquakie	41-17104-B
mestiza mestizo	62-62458-B
mestizaje	62-87503-S
mestizo	62-62458-S
mesurado moderado templado	69-43790-S
meta	10-66072-B,13-47756-B,64-26167-S
meta porteria	13-47866-B
metabolica	46-24629-S
metabolica metabolico	37-32599-B
metabolico	23-44528-S,37-32599-S
metabolismo	3-141535-B
metabolismo basal	23-17726-B
metabolito	3-141862-B
metabolomica	10-113231-B
metacarpo	67-75309-B
metadatos	51-69102-B
metafase	25-26089-B
metafisica	25-9818-B
metafisica metafisico	62-63796-B
metafisico	62-63796-S
metafora	18-29365-B
metaforicamente	62-102601-B
metaheuristica	58-94230-B
metal	3-142307-B,4-34163-S,5-31674-S
metal alcalinoterreo	2-82271-B
metal no ferreo	4-33942-B
metal pesado	3-37273-B
metal precioso	19-62791-B
metal toxico	5-128428-B
metalenguaje	25-100224-B
metales	3-142222-S
metalica	56-56242-S
metalico	3-142013-S,3-142110-S,4-34039-S,6-135889-S,33-13496-B
metalimnion	51-31496-S
metalurgia	13-16528-B
metalurgica	20-64770-S
metalurgica metalurgico	62-61344-B
metalurgico	25-105750-S,62-61344-S
metamodelado	63-113173-B
metamodelo	63-112946-B
metamorfosis	40-57784-B,40-57927-B,40-58167-B
metamorfosis completa	58-38417-S
metanfetamina	68-43522-B
metano	3-143495-B
metanol	25-10092-B
metastasear	57-16489-B,57-16717-B
metastasico	37-32779-B,37-33036-S
metastasis	24-40037-B
metatarso	65-101103-B
metegol futio futbol de mesa taca taca	68-30756-S
metekkel	28-57530-B
metemma	31-28015-B,36-61008-B,36-61184-B
meteorito	15-98005-B
meteoro	15-98328-S
meteorologa meteorologo	18-1733-S
meteorologia	3-143346-B
meteorologica	6-34051-S
meteorologica pronostico del tiempo pronostico meteorologico	3-142568-S
meteorologico	3-142568-S,35-67833-S,66-91160-S,68-73920-B
meteorologico reporte meteorologico	66-91160-S
meteorologista meteorologa meteorologo	18-1733-B
meteorologo	18-1733-S
meteoros	44-73684-S
meterse	69-67835-S
metical	44-11236-B
metilacion	67-48783-B
metmata	27-59269-S
metmata hablado	27-59349-S
meto	35-75965-S
metodica metodico	25-44028-B
metodica metodico sistematica sistematico	12-73626-B,53-5102-S
metodica poco metodico	62-84512-S
metodico	25-44028-S,62-84512-S
metodico sistematica sistematico	12-73626-S,53-5102-S
metodo	6-147915-B
metodo analitico	1-45838-B
metodo de cultivo	2-20776-B
metodo de determinacion	2-37923-B
metodo de ensenanza	5-110260-B
metodo de factoria	65-41105-S
metodo de interpretacion	3-79406-B
metodo plantilla	65-43249-S
metodo procedimiento	69-16927-S
metodologia	3-144034-B
metodologia agil	54-15786-S
metodologia de desarrollo de software	55-77335-B
metodos	63-117166-S
metodos formales	54-81357-B
metodos situacional	63-117413-S
metonico	52-31555-S
metoxitriptamina melatonina	68-58725-S
metralla	15-1487-B
metrica	53-12558-B,66-60982-S
metrica metrico	52-85096-B
metrico	21-88543-S,52-85096-S
metrificacion	17-39655-B
metro metropolitano	7-31902-S
metro metropolitano tren subterraneo	5-148119-B
metrologia	6-113865-B
metronomo	25-100352-B
metropolis	3-144267-B
metropolitana	23-75379-S,42-3018-S,65-31747-S
metropolitana area metropolitana	23-75379-S
metropolitana metro metropolitano	7-31902-S
metropolitana metropolitano	22-93952-B,23-75165-B
metropolitana metropolitano urbana urbano	23-74908-B
metropolitano	7-31902-S,22-93952-S,23-75165-S
metropolitano tren subterraneo	5-148119-S
metropolitano urbana urbano	23-74908-S
metrorragia	66-71419-B
mett	51-17849-B
metz	34-46055-B
meurthe	34-42913-B
meurthe y mosela	34-12077-B
mewati	29-48251-B
mewati hablado	29-48654-B
mexicana mexicano	17-10398-B
mexicano	17-10398-S,17-10531-B,31-52669-B
mexico	11-16385-S,13-9076-S,13-14879-B,16-20009-S
mexico mexico	11-16385-S
mezanina	25-10384-S
mezanina mezanine	25-10498-S
mezanine	25-10498-S
mezcla	12-80527-B,19-94478-B,23-84531-S
mezcla de gas	3-9764-B
mezcla gruesa	67-85901-B
mezcla kaqchikel k iche	39-10912-B
mezclado	4-8231-B
mezclador para aderezos	51-21932-B
mezcladora	50-6922-S
mezcladora de cemento	10-109003-B
mezclar	14-8271-B,50-5972-B,54-92762-S
mezclilla	60-47146-S,60-47290-S,60-47429-S,60-47584-S
mezquina mezquino tacana tacano avida avido	38-24792-S
mezquindad	24-77526-S
mezquino tacana tacano avida avido	38-24792-S
mezquita	9-53294-B
mezquita azul	17-56009-B
mezret	28-63-S
mezret a	28-332-S
mezret hablado	28-129-S
mgbo	43-25272-S
mi	7-76540-B,56-92097-B
mi culpa	65-96896-S
mi goreng mie goreng	67-16278-S
mia mi culpa	65-96896-S
miami	63-76132-B
mian	31-9318-S
miao	27-36005-S
miao escrito	27-36213-S
miao escrito con escritura china	27-36346-S
miao escrito con escritura latina	27-36527-S
miao hablado	27-36738-S
miau	68-13945-B
micenico	46-62313-B
micetes	3-4389-S
michel	50-11280-S
michif	39-20535-B
michigan	16-18835-B
mickey mouse raton mickey raton miguelito	15-73385-B
mickey raton miguelito	15-73385-S
micmac	41-17199-B
micologia	4-19324-B
micologo	68-55002-B
micorriza	4-19479-B
micosis	23-20603-B
micro sueno	67-20148-B
microambiente microhabitat	36-31686-B
microbiano	69-15666-B
microbicida	23-20932-B
microbio	21-89300-B
microbiologia	3-144868-B
microbiologico	3-144623-S
microcefalia	51-104790-B
microchip	36-74632-B
microclima	3-145161-B
microclimatico	3-145324-S
microclimatologia	3-145462-B
microcomputadora microordenador	3-145744-B
microcontaminante	4-166-B
microcredito	15-23335-B
microcurie	67-28522-B
microecosystem	3-146134-B
microelectronica	3-146679-B
microestado miniestado	21-29835-B
microevolucion	58-104440-B
microfiltracion	4-0-B
microfiltraje	45-2194-B
microfinanza	67-32897-B
microfluidica	59-70359-B
microfluidica microfluidico	59-70789-B
microfluidico	59-70789-S
microfono	9-74103-S,25-29920-B
microgramo	65-78652-B
microhabitat	36-31686-S
micrometro	25-29805-B
micronacion	16-70227-B
micronesia	12-87287-S
micronesia micronesia	12-87287-S
micronutriente	59-40069-B
microonda	4-883-S
microondas	61-90712-S,61-90986-S
microondas hornear en microondas	61-90986-S
microondas microonda	4-883-B
microondas microondas	61-90712-S
microordenador	3-145744-S
micropropagacion	25-23691-B
microscopia	4-537-S
microscopia microscopia	4-537-B
microscopica microscopico	21-10277-B
microscopico	21-10277-S
microscopio	21-9759-B
microscopio electronico	58-30793-B
microsegundo	16-83750-B
microsoft	38-53357-B
microsoft silverlight	53-65644-B
microsporangio	67-63348-B
middelburg	35-25604-B
middle	64-77410-S
midiki	47-100693-S
midir	28-57644-S
midriasis	69-20024-B
mie goreng	67-16278-S
miedo	8-57166-S,11-25143-S
miedo a volar	56-46072-S
miedo temor	14-83988-B
miedosa miedoso	17-22152-S
miedoso	17-22152-S
miel	18-21171-B,51-22213-S
miel de agave	67-14250-S
miel viaje de novios	7-110159-S
mielitis	62-27012-B
mieloma mieloma multiple	37-30240-B
mieloma multiple	37-30240-S
miembro	14-73614-S,51-105201-S
miembro comisionado de la junta directiva	19-62177-B
miembro de	44-79639-B
miembro de la junta directiva	19-62625-B
miembro de las colecciones	12-58883-B
mien	31-8907-S,31-9460-S
mien escrito	31-9580-S
mien escrito con escritura china	31-9699-S
mien hablado	31-9009-S,31-9852-S
mien laos	31-11837-S
mientras tanto	53-66945-S
miercoles	10-27273-B,45-27474-S
miercoles de ceniza	65-101900-B
mierda	13-89792-B,13-90422-B,13-90647-B,13-90918-B,21-9215-S
mierda cono gilipollas	33-37492-B
mierda ir al diablo	62-35664-S
miga migaja	56-2373-B
migaja	56-2373-S
migala	33-57931-B
migracion	12-5001-B
migracion animal	4-1479-B
migracion estacional	5-34576-B
migracion interior migracion interna	7-24031-B
migracion interna	7-24031-S
migrana	10-25940-S,68-95175-S
migratoria	4-1818-S,4-1984-S
migratorios	6-66705-S
miguelito	15-73385-S
mijo	17-86325-B
mikan	66-34060-S
mikasuki	41-17426-B
mil	11-52872-B,21-38656-S,66-76472-S,66-79765-S,67-794-S,67-11799-S,67-33527-S,67-45228-S,67-47468-S,68-46687-S,68-46869-S
mil islas	55-97391-B
mil un mil	68-46687-B
milagro	20-69458-B
milan	25-49054-B,34-53238-B
milanito de pecho gris milano de corbata milano muslirrufo	67-51731-S
milano acollarado blanco	67-53074-S
milano acollarado milano acollarado blanco	67-53074-B
milano azulado milano plomizo sovi	67-52111-S
milano bidentado	67-51632-B
milano blanco	67-51240-S
milano boreal milano del misisipi	67-51930-S
milano bramanico milano indio	67-52608-B
milano cabecigris	67-52965-B
milano caracolero	67-52261-S
milano colicuadrado	67-52739-B
milano de corbata milano muslirrufo	67-51731-S
milano de pecho negro	67-52833-B
milano del misisipi	67-51930-S
milano indio	67-52608-S
milano muslirrufo	67-51731-S
milano picogarfio	67-53205-B
milano plomizo sovi	67-52111-S
milano real	45-23912-B
milano silbador	67-52500-B
milenario	20-10542-B
milenio	11-99336-B
milesimo	57-36875-B
mili servicio militar servicio militar obligatorio	64-16857-S
milibar hectopascal	51-69444-B
milicia	21-79328-B
miligramo	65-78433-B
milimetro	13-78926-B
milisegundo	16-83693-B
militar	4-2246-S,4-2406-S,7-9360-S,22-49979-S,22-50395-B,55-75562-S
militar en desuso	2-52544-S
militar obligatorio	64-16857-S
militar servicio militar obligatorio	64-16857-S
militarismo	63-51503-B
milla	14-37741-B
milla maritima milla nautica	51-69741-B
milla nautica	51-69741-S
millardo	12-52511-B
millevaches	32-6455-B
millon	12-31569-B
millonaria millonario	63-37621-B
millonario	63-37621-S
millones	68-1352-S
millonesimo	57-37009-B
milmillonario	64-64065-B
miluk	47-64216-B
milwaukee	21-81098-B
mimar	41-49039-B
mimar remedar	69-34200-S
mimi bel	31-14337-B
mimi goz	31-14225-B
mimi hablado	31-14086-B
mimosa	63-17349-S
min	31-9188-S,31-12691-S
min del sur	12-23151-B
min dong	38-72053-B
min nan poj	66-21426-B
min nan tradicional	66-21582-B
min yao	31-12455-B
min zhong	39-29970-B
mina	4-3206-B,42-55072-B,66-80338-B
mina de carbon	54-33796-B,60-76357-B
mina de cobre	51-96879-B
mina de diamantes	60-76515-B
mina de hierro	60-76679-B
mina de oro	51-96587-B
mina de plata	51-96737-B
mina de sal	51-97020-B
mina mina terrestre	68-44412-B
mina terrestre	68-44412-S
minarete	15-91120-S
minas gerais	35-28545-B
minas ingenieria minera	4-4685-S
minda nye	36-30158-S
mindik	37-12173-S
minera	4-4580-S,4-4685-S,4-5178-S,4-5325-S,4-5594-S
minera de lignito	3-108904-S
minera en fondo marino	7-54679-S
minera minero	54-33626-B
mineral	4-3411-S,4-4014-B,6-92363-S,6-136266-S,6-136851-S
mineral metalico	3-142013-B
mineral no metalico	4-34039-B
minerales	4-4474-S
