teimurtash	26-30338-B
teimurtash hablado	26-30406-B
teismo	36-42539-B
teja	16-56793-B
tejas texas	15-93938-B
tejer	10-99825-B
tejer tricotar	55-25515-B
tejido	2-127926-B,5-124584-B,33-62374-S,40-40531-B
tejido adiposo subcutaneo	23-51741-B
tejido cerebral	33-62196-B
tejido de punto	55-25399-B
tejo	56-307-S,69-26207-B
tejo comun tejo negro	69-26268-B
tejo negro	69-26268-S
tejon	17-16854-B
teke	26-25404-B,40-51178-S
teke fuumu	42-74986-B
teke kukuya	45-85647-B
teke laali	50-12206-B
tekov	32-51994-S,33-87557-B
tel aviv	63-81426-B
tel manera	62-3425-S
tela	9-62474-B
tela de jeans	56-72066-B
tela de yute	56-4476-B
tela encerada	55-59883-B
tela metalica	56-56242-B
telangana	30-32801-B
telar	10-95768-B
telarana	18-51407-S,21-10868-B,25-58411-B
telarana mundial web www	7-36758-S
telarquia	57-56587-B
telecomunicacion	5-111852-B
telecopiadora	66-49542-S
teledeteccion	5-4233-B,65-94019-B
teledirigido	69-29428-S
teleferico	67-75856-B
telefonear	13-85999-S,13-86163-S
telefonia fija	20-76834-S
telefonia movil	21-13758-B
telefonica	17-33610-S,54-74787-S
telefonico	64-39083-B
telefonico de pais	44-2848-S
telefonitis	62-33436-B
telefono	8-40018-B,67-16663-S
telefono alambrico telefono fijo	60-48284-B
telefono con camara	57-52124-B
telefono fijo	60-48284-S
telefono inteligente	57-51331-B
telefono movil	8-41751-S
telefono publico	68-51497-B
telefono satelital	51-95953-B
telefono telefonear	13-86163-S
telegrafiar	61-50296-B
telegrama	55-90069-B
telemando	13-27213-S
telematica	5-112310-B
telemetria	5-112802-B
telenovela	33-19042-S
teleologia	64-9280-B
telescopico	21-10150-B
telescopio	21-9935-B
telescopio espacial hubble	54-59016-B
telescopio reflectante	35-65319-B
telescopio refractante	35-65813-B
television	5-113240-B,33-51114-S,66-44565-S
television cuna spot televisivo	20-31023-S
television por cable	38-28066-B
television televisor	10-98823-B,69-42895-B
television televisora	66-44752-S
televisivo	20-31023-S,33-50637-S
televisor	10-98823-S,69-42895-S
televisora	66-44752-S
telex	25-13393-B
telnet	65-36439-B
telofase	25-26989-B
telomerasa	64-25306-B
telomero	45-79000-B
telugu	9-65596-B,30-29724-S,30-34464-S,53-18447-S,63-119415-S
telugu escrito	53-18331-B
telugu escrito con escritura latina	30-32041-B
telugu formal	30-32300-B
telugu general	30-32404-B
telugu hablado	30-32191-B
telugu telugu	53-18447-S
telurica telurico	56-76836-B
telurico	25-16932-S,56-76836-S
telurio teluro	13-70198-B,61-8646-B
teluro	13-70198-S,61-8646-S
tema	1-0-S,7-35406-S,7-117279-B,38-8307-B,38-8505-B
tema parte del tema	1-0-S
tema tangencial	25-13130-B
tema topico	33-59282-S
temario	68-64326-B
temas	9-100072-S
tematico	13-54747-B,38-8740-S
temblar	59-16842-S
temblequera	69-39638-B
temblon alamo	17-19945-S
temblor	54-72653-B,54-72973-B
temblorosa tembloroso trepidante tremula tremulo	59-73410-B
tembloroso trepidante tremula tremulo	59-73410-S
temer tener miedo	8-57166-S
temeraria temerario	58-84691-B,62-10047-B
temerario	56-17854-S,58-84691-S,61-57561-S,62-10047-S
temeridad	58-43889-B
temible terrible	14-46054-S
temor	14-83988-S
tempano de hielo	3-52665-S
tempera	17-33006-B
temperatura	5-114692-B,9-11135-S,16-86594-S
temperatura absoluta	59-45933-B
temperatura corporal	50-8835-S,68-38837-B
temperatura de fusion	33-48927-B
temperatura de sensacion	19-43425-B
temperatura del aire	1-30675-B
temperatura del oceano	4-47820-B
temperatura sensorial sensacion termica	67-72019-B
tempestad de truenos	6-128125-B
tempestad temporal tormenta	5-95265-S
tempestiva tempestivo	24-68265-S
tempestivo	24-68265-S
tempestuosa tempestuoso tormentosa tormentoso	13-20270-B,13-20494-B,16-92811-S
tempestuoso tormentosa tormentoso	13-20270-S,13-20494-S,16-92811-S
tempio	34-61354-S
templada	5-113937-S,5-114434-S,35-81178-S
templado	6-127759-S,69-43790-S
templar tensar	61-61033-S
templario	64-80450-B
templarios orden de los pobres caballeros de cristo y del templo de salomon	64-80053-S
templete	40-39695-S
templo	17-39213-B,67-15814-S
templo de salomon	64-80053-S
tempo	14-81140-B
temporada	10-69299-S,10-72160-S,48-36728-S
temporada estacional	63-9853-S
temporal	5-115075-S,16-78411-S,19-14446-S,67-60131-S
temporal temporaria temporario	21-92990-B
temporal tormenta	5-95265-S
temporalmente	20-39217-B,53-48561-B
temporaria temporario	21-92990-S
temporario	21-92990-S
temprana	2-63496-S
temprana temprano	39-2248-S
temprano	13-88242-B,39-2248-S,40-1790-S
temprano en la manana	23-95272-B
temprano escrito	28-25448-S
temprano escrito con escritura latina	28-25627-S
temsaman	27-58760-B
tenaz	56-18990-S,58-30172-B
tenaz perseverante	57-73160-B
tenazas	42-74341-S,69-58375-B
tendedero	45-23144-B,52-104195-S,52-105083-B
tendencia	5-139936-B,17-53367-S
tendencia a largo plazo	3-117945-B
tendencia de poblacion	4-110816-B
tendencia de productividad	4-121067-B
tendencia suicida	53-91152-B
tender	33-51565-B,53-11383-S
tendera tendero vendedor cajera cajero vendedora	23-19257-S
tenderete	15-10890-S,22-56231-S
tendero vendedor	67-13438-S
tendero vendedor cajera cajero vendedora	23-19257-S
tendido	60-50883-S
tendon	23-91790-B
tene kan dogon	40-44025-B
tenedor	7-109014-B
teneduria	1-102684-S
tenencia	59-34689-S
tener	14-76598-S,14-76824-B,67-34363-S,69-39772-B
tener cuidado	49-71427-B
tener derecho	68-101274-B
tener en cuenta	61-22161-S
tener hipo	66-84307-S
tener la razon estar en lo correcto	11-15143-B
tener lugar	40-19790-B
tener miedo	8-57166-S
tener nauseas	42-11369-S
tener sed	37-6609-B
tener sexo	10-92659-S,10-93776-S
tener sexo tirar	10-96579-S,24-8467-S
tener un orgasmo	8-98025-S
tener vista sobre	12-57173-S
tenerife	13-9379-B
tenge	43-47336-B
tenino	41-26740-B
tenir tinturar	66-78563-B
tenis	9-24735-B
tenis de mesa	44-68842-S
tenista de mesa	44-68664-B,54-118504-B
tennessee	16-16040-B
tenor	7-86131-B,7-86478-B,61-59003-B,62-95946-S
tensa tenso	15-35710-B
tensa tenso apretada apretado	40-40336-B
tensar	43-26227-S,61-61033-S
tensioactivo tensoactivo	5-101960-B
tension	3-39257-S,18-30298-S,21-64338-B,61-57824-B,61-58777-S
tension arterial tension sanguinea	23-68566-S
tension disminucion de voltaje	9-98037-S
tension sanguinea	23-68566-S
tension superficial	5-102316-B
tension urbana	6-2003-S
tension voltaje	22-7475-B
tenso	15-35710-S
tenso apretada apretado	40-40336-S
tensoactivo	5-101960-S,7-32365-S
tensor	53-25277-B,53-25459-B
tentacion	64-8332-B
tentacular	69-55928-B
tentaculo	24-64269-B
tentar	58-39221-B
tentativamente	8-18530-S
tentativo	20-83905-B
teocracia	25-14285-B
teodolito	49-64594-B
teologia	45-55884-B
teologo	45-56178-B
teorema	42-60079-B
teoremas	58-87685-S
teoria	13-22585-B,25-46611-B
teoria de anillos	68-1757-B
teoria de categorias	55-79153-B
teoria de conjuntos	35-37751-B
teoria de grafos	58-97884-B
teoria de juegos	70-10255-B
teoria de la complejidad computacional	54-42740-S
teoria de la complejidad teoria de la complejidad computacional	54-42740-S
teoria de la historia de la vida	62-105494-B
teoria de la probabilidad teoria de probabilidades	45-61654-B
teoria de la relatividad	18-38198-B
teoria de numeros	45-61937-B
teoria de probabilidades	45-61654-S
teoria de sistemas	5-106790-B
teoria del big bang	45-35630-B
teoria del caos	25-46685-B
teoria del dinero	5-119386-B
teoria del estado de bienestar	5-119919-B
teoria economica	2-71937-B
teoria especial de la relatividad	38-15841-B
teoria general de la relatividad	38-16754-S
teoria heliocentrica	35-66690-S
teorica	45-54496-S,45-54795-S
teorica teorico	52-101992-B
teoricamente	53-10598-B,53-10685-B
teorico	20-83999-B,52-101992-S
teorizar	62-41470-S,67-29293-B
tepalo	67-64394-B
tepe	25-103097-S
tepetotutla	39-13273-S
tepeuxila	39-28759-S
tepinapa	39-26532-S
tept trastorno por estres postraumatico	68-82526-B
teptyar	26-34250-B
teq	27-22324-S
tequila	23-2550-B
tequila sunrise	61-51674-B
teramo	34-71524-B,35-21747-B
terapeutico	38-0-B
terapia	5-120605-S
terapia asistida con animales zooterapia	67-77292-S
terapia celular	68-26644-B
terapia de radiacion ultravioleta	37-27670-B
terapia de rayos catodicos	40-23510-B
terapia electroconvulsiva terapia por electroshock	62-44664-S
terapia por electroshock	62-44664-S
terapista	18-54663-B
teratogenesis	5-115225-B
teratogenicidad	5-115680-B
teratogenos	5-115843-B
teratoma	65-10296-B
terawia	32-50007-B
terbio	15-88803-B
terca terco testaruda testarudo	55-41422-S,61-961-S
tercer hermano	68-48234-B
tercer reich	42-59484-S
tercer riel	65-63832-B
tercer tercera tercero	11-92863-B
tercera foma normal	65-39410-B
tercera persona	19-25112-B
tercera tercero	11-92863-S
terceras partes	20-74516-S
tercero	11-92863-S
terciaria	48-48861-S,52-63944-S
terciario	5-117693-S
tercio	57-30972-B
terciopelo	63-60740-B,63-61060-S
terco como una mula	62-15993-B
terco testaruda testarudo	55-41422-S,61-961-S
terco testarudo	11-49573-B
tereftalato politereftalato de etileno	4-107509-S
terei	38-23951-B
terekeme	26-26822-B,26-31054-S,26-31309-B,33-13819-S
terekeme hablado	26-31140-S
teresa	39-15331-S
terfenilos policlorados	4-106749-B
tergiversar falsificar	39-49537-S
tergiversar usar equivocos	58-56268-B
teriyaki	52-6992-B
termal	59-28529-B
termales	5-121915-S
termica	3-35907-S,5-121158-S,5-121716-S,38-17283-S,41-44428-S,67-72019-S
termica termico	59-28661-B
termico	5-120838-S,51-65195-S,59-28661-S,69-44191-S
termidor	38-67177-B
termina bien	68-97241-S
terminacion	33-47270-S,52-55301-B,60-43337-B
terminada terminado	13-78509-B
terminado	13-78509-S
terminador	41-18865-B
terminal	20-30600-B,45-20947-S,58-40937-B,58-41409-S,65-63701-S
terminal terminal	58-41409-S
terminar	10-65566-S,14-47228-S,14-47337-B,23-81739-S,47-69787-S
terminarse	60-23797-B
termino	20-42780-B,20-43014-B,38-62069-S
termino descriptivo	24-29199-B
termino mas limitado	1-466-S
termino medio	21-87147-B
termino relacionado	1-689-B
termino tecnicismo termino tecnico	20-54572-B
termino tecnico	20-54572-S
terminologia	5-116061-S,15-23948-B
terminologia ambiental	2-106530-B
terminologia wiki	52-71264-B
terminologo	45-47812-B
terminos generales sin entrar en detalles	48-28523-S
termirgoi	28-10421-S
termita	5-116265-S
termobarica	42-50978-S
termoclina metalimnion	51-31496-B
termodinamica	5-122251-B
termogenesis	69-31622-B
termometro	16-86495-B
termoselectivo	5-122842-S
termosfera	51-34290-S
termosfera termosfera	51-34290-B
termostato	16-86960-B
ternera	52-11119-B
ternera ternero	52-11027-S
ternera vaquilla	19-57691-S
ternero	52-11027-S
terni	34-72166-B,35-21842-B
terracota	40-42900-B
terraplenado	2-134521-S
terraqueo	61-60957-S
terraza	38-12319-B
terremoto	2-64202-S
terrenal	57-82297-S
terrenal terrestre	59-11245-B
terreno	2-46048-S,6-77255-S,8-27484-S,20-15322-B
terreno alcalino	1-35354-B
terreno baldio	66-81060-B
terreno de barbecho	2-129070-B
terreno edificable	1-109313-B
terrestre	2-63931-S,3-93887-S,3-94074-S,3-95703-S,5-116782-S,19-40201-S,19-40477-S,54-71818-B,59-11245-S,64-14919-S,64-15382-S,68-44412-S,68-69895-S
terrestre baja	64-14800-S
terrestre terrenal	57-82297-B
terrible	14-46054-S,46-43625-B
terrible escandaloso	58-637-S
terriblemente	59-17841-B
terriblemente violentamente	59-17467-S
terricola	18-12310-B
terrier	42-33937-S
territorial	5-117178-S,6-83022-S,23-75998-S,58-68345-B
territorial ordenamiento territorial	23-75998-S
territorio	3-95819-S,5-117409-B,20-15124-B
territorio britanico del oceano indico	32-67377-B
territorio de belfort	34-19786-B
territorio dependiente dependencia area dependiente	58-51376-B
territorio tierra	3-92107-B,9-95142-B
territorio vecindad area	61-35503-S
terron de cesped	15-24973-B
terror	16-89984-S,56-26158-B
terrorismo	20-46050-B
terrorista	11-35435-B,11-35660-B
terrorista suicida	19-103353-S
terta	31-41177-B
tesauro	5-122930-B
tese	31-25125-B
tese hablado	31-25184-B
tesino	51-78761-B
tesis	6-146781-B
tesla	13-97386-B
tesorero	20-40829-B
tesoro	20-12897-B,61-30015-S
test de mantoux	55-91181-B
testamento	14-22324-B
testamento biblia sagrada escritura sagrados textos santos libros	47-74195-S
testaruda testarudo	55-41422-S,57-6388-S,61-961-S
testarudo	11-49573-S,26-16600-S,55-41422-S,57-6388-S,61-961-S
testear analizar	5-117844-B
testicular	61-88749-B
testiculo	15-1718-B
testificar	48-46106-S
testificar testimoniar	40-40662-B
testigo	24-5099-B
testigo ocular	69-37421-B
testimoniar	40-40662-S,48-46393-S
testimonio	20-29306-B,20-29458-B,40-40702-B,44-25289-B
testosterona	37-92499-B
tesu	34-75749-S
tetanos	25-13547-B
tetas	63-47015-S
tete	65-101468-S
tetera	54-120484-B
tetero mamadera	8-7679-S
teton	41-16105-S
tetradecagono	25-60033-B
tetraedro	53-47383-B
tetralogia de fallot	67-46297-B
tetraplejia quadriplejia	51-102008-B
tetraptero	65-15599-S
tetun	33-27227-B
teu	27-14224-B
teutila	39-28611-S
tewa	41-26829-B,46-5600-B
texas	15-93938-S
textil	5-118669-S,5-118861-B,7-4704-S
textil especie textil	7-4704-S
texto	24-64398-B,36-48768-S,42-4140-S
texto de licencia estandar	38-55566-B
texto de solapa	54-130034-B
texto estatutario	6-146409-B
texto fuente	52-15269-B
texto legislativo	3-103051-B
texto traducido	52-15439-B
textos	9-99921-S,69-74206-S
textos apocrifos	46-32628-S
textos santos libros	47-74195-S
textual	8-78869-S
textura	42-25396-B
tez	23-68847-B
tha	27-8242-S
tha qabaylith e	27-60008-B
tha qabaylith e hablado	27-60086-B
thai	56-100439-S
thal	29-19931-B
tham	27-30661-S,63-120024-S
tham tai tham tham	63-120024-S
tham tham	63-120024-S
thany	31-37422-B
thar	30-4566-S
tharnggalu	41-61782-S
tharu	29-51314-S,29-52043-S
the hole	49-80689-S
the middle	64-77410-S
thessaloniki	32-32359-S
thika	56-82648-B
thimerais	32-11863-B
thom	34-37027-S
thoma ma miri escrito	31-25283-B
thoma ma miri escrito con escritura latina	31-25426-B
thomson	46-77686-S
thorn	68-57754-B
thriller	56-62942-S
thuile	32-21792-S
ti	3-67546-S,22-75027-S,28-41957-S
ti tu usted vos	7-67482-S
tia	7-92820-B,67-22129-B,67-22480-B
tia abuela	21-2973-B
tia politica	67-22567-S,67-70306-S
tia tia politica	67-22567-B,67-70306-B
tiagbamrin aizi	35-10380-B
tiamina vitamina b1	62-46933-B
tian anmen	46-35665-S
tianjin	63-69588-B
tiao tchaine	31-10601-S
tiber	44-59522-B
tibet	26-43831-S,48-66215-B,48-67022-S
tibet hablado	26-43905-S
tibet tibet	48-67022-S
tibetana	16-30697-S,48-66420-S
tibetano	35-1083-S,44-54503-S,49-12633-S,69-19498-B,69-19614-B,69-19720-B
tibetano central	69-19786-B
tibetano estandar	37-22627-B
tibetano tibetano	49-12633-S
tibia	40-58629-B
tibia tibio	7-73357-S,7-101911-S
tibiamente	40-38691-B
tibio	7-73357-S,7-101911-S
tiburon	22-45647-B
tiburon loco tiburon oceanico tiburon oceanico de puntas blancas	68-41704-B
tiburon oceanico de puntas blancas	68-41704-S
tiburon oceanico tiburon oceanico de puntas blancas	68-41704-S
tica tico	59-89354-S,59-89560-S
ticket	19-52947-S
tico	59-89354-S,59-89560-S
tiema ciewe bozo	37-23668-B
tiempo	5-124070-B,6-33769-S,6-78313-S,6-79025-S,14-29570-S,14-88288-S,19-7584-S,34-67887-S,43-28593-B,51-60605-S,59-67734-S,63-23095-S,64-16688-S,68-98254-S
tiempo atmosferico	6-33445-S
tiempo buena cara	65-45662-S
tiempo de condena	19-16308-S
tiempo de ejecucion	52-75316-B,52-75508-S
tiempo de respuesta	20-83617-B
tiempo gramatical	19-14646-S
tiempo libre	3-104412-B
tiempo para el mercadeo	9-53140-B
tiempo perdido	15-87619-B
tiempo por poco tiempo	63-23095-S
tiempo prevision meteorologica pronostico del tiempo pronostico meteorologico	3-142568-S
tiempo pronostico meteorologico	3-142568-S
