askew obliquely	59-76969-S
askopan	40-57206-B
asl	24-48053-S
asleep	46-73074-B
asleep flake out nod off	22-38487-S
asmara	18-73663-B
asmat	35-85614-S,36-1332-S,39-13172-S
asoa	28-42984-B
asomatous bodiless incorporeal	53-75161-S
asp	46-73214-B
asparagales	15-70497-B
asparagus	46-73655-B
aspartame	58-53448-B
aspect	24-1526-S,65-23909-S
aspect grammatical aspect	65-23909-B
aspect oriented programming	65-17459-B
aspen	17-19945-B
asperger s asperger s disorder asperger s syndrome	44-15157-S
asperger s disorder asperger s syndrome	44-15157-S
asperger s syndrome	44-15157-S
asperger syndrome asperger s asperger s disorder asperger s syndrome	44-15157-S
aspergill aspergillum holy water sprinkler	17-19246-B
aspergillosis	23-14096-B
aspergillum holy water sprinkler	17-19246-S
asperse calumniate denigrate defame depreciate derogate slander	46-74995-B
aspersion calumny defamation denigration derogatory slander	56-41206-B
aspersion denigration	56-71182-B
aspersion slur calumny	39-49220-B
asphalt asphalt concrete tarmac	46-75456-B
asphalt concrete tarmac	46-75456-S
asphyxia	39-13446-B
asphyxiate	46-75902-B
aspic	51-107902-B
aspiration	46-77383-B
aspiration breathing in inhalation inspiration	47-52622-B
aspire	69-2902-B
aspirin	10-26128-B
aspirin nitric oxide donating asa nitric oxide releasing aspirin nitro aspirin nitro aspirin nitroaspirin	69-22400-S
aspirin nitro aspirin nitro aspirin nitroaspirin	69-22400-S
aspirin nitro aspirin nitroaspirin	69-22400-S
aspirin nitroaspirin	69-22400-S
ass	11-102236-S
ass can tail backside behind bottom bum buns butt buttocks derriere fanny fundament hind end hindquarters keister nates posterior prat rear rear end rump seat stern tail end tooshie tush	15-56048-S
ass cheek butt cheek buttock	22-85145-B
ass fatass fatfuck fatshit fatso fattie fatty lardass lardo obeast oinker pig podge porker pudge salad dodger	69-39121-S
ass kisser bootlicker brown nose brown noser lickspittle sycophant toady	60-71449-S
ass over teakettle base over apex head over heels	64-65233-S
ass pain in the neck	46-14604-S
assail	24-92667-B
assail assault attack set on	19-82945-B
assail charge	22-68514-B
assailant assaulter attacker	46-80121-S
assam	46-75345-B
assamese	9-79383-B
assamese assamese script	54-41961-B
assamese script	30-6844-S,54-41961-S
assamese spoken	30-7093-B
assangori spoken	31-16729-B
assangori sungor	31-16552-B
assassin assassinator	46-80357-B
assassinate kill murder	10-94466-B
assassination	17-41360-B
assassinator	46-80357-S
assault	9-52955-S
assault attack	19-82694-B
assault attack set on	19-82945-S
assault rape ravish take by force violate vitiate	10-49635-B
assault rape ravishment violation	18-54823-B
assaulter attacker	46-80121-S
assay	3-80887-S,3-81056-S,6-147572-B,51-39646-S
assemble	19-73025-B
assemble congregate gather meet foregather forgather	11-34096-S
assemble gather get together foregather forgather	46-80715-B
assembling mounting	61-55216-B
assembly	19-73498-B,19-73769-S,19-73992-S,41-45330-S,52-58529-B
assembly code	58-90116-S
assembly language assembly code	58-90116-B
assen	35-23813-B
assent	46-82245-B,46-82477-B
assent concord concur	55-13482-S
assert attest aver avow swan swear verify	48-46393-S
assert maintain asseverate	46-84100-B
assert oneself	40-13204-B
assert put forward	46-84303-B
assertion	46-84487-B
assertive decided	46-85011-B
assess valuate	63-1723-S
assessment	2-104985-S,5-15203-S,5-110605-S,46-85184-B
assessor	46-85471-B
asset	37-63253-S
asset pp e non current asset property plant and equipment	68-28798-S
asset property	19-78288-B
asset property plant and equipment	68-28798-S
assets	19-81025-B
asseverate	46-84100-S
asshole	13-90422-S,47-82998-S
asshole bunghole	33-37492-S
assi	29-26349-B
assiduity	10-115580-B
assiduous	22-51468-B
assign	69-56254-B
assign delegate depute designate	34-57490-B
assign specify set apart	46-85821-B
assignable	46-85682-B,47-64885-B
assignable attributable	47-64778-B
assignation	46-86045-B,46-86235-B
assignee	46-86591-B
assignment	40-13647-B
assignment random placement	42-65648-S
assimilate	46-86787-B,68-100747-S
assimilation	1-67499-B
assiniboine	35-85510-B
assist	46-88097-S
assistance	2-16410-S,3-87300-S,19-91511-B,25-65678-S
assistant	19-75735-S
assistant auxiliary help	14-67814-B
assistant cashier	23-19257-S
assisted resection	37-34236-S
assisted steering power steering	62-25217-S
assisted surgery video assisted resection	37-34236-S
assisted therapy equine therapy hippotherapy	67-77161-S
assisted therapy zootherapy	67-77292-S
associate	22-51646-B
associate combine	10-47362-S
associate partner	19-100267-B
associated combined united	50-42854-S
association	19-81224-S
association articles of incorporation articles of partnership bylaws company agreement contract of association memorandum of association	19-81224-S
association brotherhood fraternity	48-70062-S
association football	7-115106-B
association limited by shares	21-55403-B
association memorandum of association	19-81224-S
association of southeast asian nations	1-66040-S
associative ring	17-16241-B
associative ring with unity associative unital ring associative unitary ring ring with unity unital ring unitary ring	17-13478-S
associative unital ring associative unitary ring ring with unity unital ring unitary ring	17-13478-S
associative unitary ring ring with unity unital ring unitary ring	17-13478-S
assort	46-88538-B
assorted	46-88959-B
assortment	19-77247-S
assuage calm mitigate relieve	14-1562-B
assuage palliate	45-64888-S
assuage soothe	14-1419-S
assume	40-22270-B
assume bear take over	69-39898-S
assume read take	10-50873-B
assume take over	25-60797-S
assume take take it	20-37781-B
assumed	58-79877-B
assumption	34-57084-S,46-95623-B
assumption supposition	19-69530-B
assurance self assuredness	68-98901-S
assure insure secure	69-75312-B
assured	68-99055-S
assured destruction	9-60324-S
assuredness	68-98901-S
assurer	64-19250-S
assyria	47-54409-B
assyrian neo aramaic	57-82016-B
astana	18-73758-B
astatine	13-22804-B
aster family daisy family sunflower family	47-55142-S
asteraceae compositae aster family daisy family sunflower family	47-55142-B
asterales	15-70006-B
asterisk	46-89207-B
asterism	66-36224-B
asterix	54-96160-B
astern	46-89588-B
astern backward backwards	46-89729-B
asteroid	35-54467-B
asteroid belt main belt	35-64233-B
asthenosphere	42-43871-B
asthma	11-102917-B
asthmatic	46-89914-B,46-90083-B
asti	32-23959-B,34-30470-B,35-5024-B
astigmatism	38-50034-B
astonish	46-90612-B
astonished	46-96612-B
astonishing	46-91156-B
astonishing awesome fab fabulous fantastic marvelous wonderful wondrous	13-20781-S
astonishingly	46-96845-B
astonishment	46-92250-B
astound	46-92416-B
astounding	46-92577-B
astrakhan tatar	26-33902-B
astral	46-94365-B
astride	46-95776-B,46-95965-B
astringent	55-93001-B
astringent adstringent	42-61032-B
astrobiology exobiology xenobiology	35-54694-B
astrochemistry	64-64524-B
astrocyte	66-21144-B
astrodrome cosmodrome spaceport	65-18639-B
astrolabe	35-43527-B
astrolabe armil armilla	17-89048-S
astrologer	17-51622-B
astrological	46-96168-B
astrology star divination	46-96384-B
astrometry	47-96044-B
astronaut	18-36116-B
astronaut cosmonaut spaceman spationaut taikonaut	18-35882-B
astronautics	1-67706-B
astronomer	17-53940-B
astronomic	47-2106-S
astronomical	47-2340-B
astronomical astronomic	47-2106-B
astronomical clock	64-33787-B
astronomical unit	35-55090-S
astronomy	1-67859-B,45-45088-S
astrophysicist	45-51734-B
astrophysics	45-44467-B
astur	9-79710-S
astur c	31-58126-B
astur e	31-57889-B
astur formal	31-57526-B
astur formal written latin script oviedo model	31-57656-B
astur gallaico	31-58507-B
astur leonese asturian asturian leonese astur	9-79710-B
astur spoken	31-57375-B
astur w	31-58380-B
astur written	31-57055-B
astur written latin script	31-57202-B
asturian	49-34660-B,49-34859-B
asturian asturian leonese astur	9-79710-S
asturian leonese astur	9-79710-S
asturias	21-39653-B
asturo leonése cluster	31-56898-B
astute sharp shrewd cunning sly	46-90362-B
astuteness	47-2706-B
asu	35-85349-B
asumboa	36-6125-B
asunción	21-20267-B
asungorung	31-17210-S
asuri	26-58404-B
asuriní	36-302-S,36-907-B
asylum refuge	19-65561-B
asylum refuge sanctuary	23-88730-B
asylum seeker	47-3238-B
asymmetric asymmetrical	47-3475-B
asymmetric digital subscriber line asymmetric digital subscriber loop	22-75346-S
asymmetric digital subscriber loop	22-75346-S
asymmetric keys	65-55574-B
asymmetrical	47-3475-S
asymmetry	47-3896-B
asymptomatic	48-34360-B
asymptote	25-33551-B
asymptotic asymptotical	52-105245-B
asymptotic notation	58-91805-S
asymptotical	52-105245-S
asymptotically	52-104837-B
asymptotically optimal algorithm	58-90653-B
asynchronous	19-78163-B
asynchronous learning	70-2626-B
asyndeton	66-34772-B
at	9-36612-B,9-36808-B,9-36949-B,9-37059-B,19-48566-S,26-3962-S,27-13074-S
at a stretch on end	61-71891-S
at all	25-101758-S
at any rate at least leastways leastwise	61-82263-B
at at … each each each at each for for … each	11-78325-B
at disposal	38-4528-B
at each for for … each	11-78325-S
at first blush	19-90915-S
at first first initially	23-46694-B
at first go	65-16066-B
at get to gravel nark rag rile vex	46-14102-S
at high tide happy as a king happy as a lark happy as a sandboy happy as can be over the moon overhappy overjoyed	61-2462-S
at home	38-12705-B
at home of	61-40748-S
at last at long last finally	10-20763-S
at least at the least	61-82588-B
at least leastways leastwise	61-82263-S
at long last finally	10-20763-S
at near	8-69505-B
at night	23-95216-B
at noon	33-31244-B
at observe view watch behold	9-92321-S
at once directly instantly like a shot right away straight off straightaway	50-35488-S
at once immediately	67-37645-S
at once simultaneously	59-77269-B
at one	38-73607-B
at random every which way haphazardly indiscriminately randomly willy nilly	59-42837-S
at risk student	70-3103-B
at sea baffled befuddled bemused bewildered confounded confused lost mazed mixed up	49-51245-B
at ta mim taamim	36-16844-B
at that time then	10-29697-B
at the	43-16213-S
at the best	19-50051-B
at the latest not later than	41-23981-B
at the least	61-82588-S
at the temple	67-15814-S
at … each each each at each for for … each	11-78325-S
ata	36-1562-S,36-3671-B
ata manobo	36-1868-B
atacama desert	65-1402-B
atakapa	35-81743-B
atampaya	35-53266-B
atas	34-77395-S
atavistic	34-67711-B
ataxia	23-14400-B
atc air traffic control	22-16331-B
atchoo atishoo kerchoo	21-58595-S
ate	62-93327-B
atemble	36-1972-B
atheism godlessness	11-99070-B
atheist	25-50727-B
atheistic atheistical	47-4182-B
atheistical	47-4182-S
athens	12-56014-B
athens charter	24-21352-B
atherosclerosis	43-9828-B
athlete jock	44-68451-B
athletic	47-4478-B
athoc	31-37922-B
athoree wiradhuri wiradhurri wiradjuri wiraduri wiraidyuri wirajeree wirashuri wiratheri wirracharee wirrai yarrai wooragurie wordjerg	11-51963-S
athpariya	35-78514-B
ati	36-3305-B
atihkamekw atikamek attikamek attimewk tête de boule	36-2885-S
atikamek attikamek attimewk tête de boule	36-2885-S
atikamekw atihkamekw atikamek attikamek attimewk tête de boule	36-2885-B
atishoo kerchoo	21-58595-S
atlanta	16-3520-B
atlantic	11-88198-S,47-84461-B
atlantic bluefin tuna giant bluefin tuna northern bluefin tuna tunny	22-45916-B
atlantic ocean	4-36659-S,5-77173-S
atlantic ocean atlantic	11-88198-B
atlantic treaty organization	11-45016-S
atlantique	34-10006-S
atlantiques	34-14212-S
atlas	1-68226-B,27-55678-S,27-56830-S
atlas cluster	27-54912-B
atlas e	27-56901-S
atlas mountains	47-56104-B
atlas tamazight arabic script	27-56303-S
atlas tamazight braber central morocco tamazight tamazight	27-56025-S
atlas tamazight spoken	27-56647-S
atlas tamazight tifinagh script	27-56474-S
atlas w	27-55952-S
atm automated teller machine atm machine automatic teller machine	66-78004-B
atm machine automatic teller machine	66-78004-S
atmosphere	1-68462-B,19-40477-S,38-4983-B,48-40966-B
atmospheric aerosol	6-125033-B
atmospheric atmospherical	47-4683-B
atmospheric chemistry	1-68743-B
atmospheric circulation	1-69077-B
atmospheric correction	7-47792-B
atmospheric humidity	1-69416-B
atmospheric model	1-69557-B
atmospheric ozone	1-69969-B
atmospheric physics	1-71754-B
atmospheric precipitation	1-72035-S
atmospheric pressure air pressure barometric pressure	51-38495-B
atmospheric science	1-72302-B
atmospherical	47-4683-S
atna copper river mednovskiy	35-11609-S
atohwaim	35-81517-B
atoll	26-11019-B
atom	12-15186-B
atom smasher particle accelerator	35-26777-S
atomic	52-83306-B
atomic energy agency	12-35206-S
atomic line filter	12-45798-B
atomic mass	12-40590-B
atomic mass number	45-37653-B
atomic mass unit	45-37862-B
atomic nuclear	47-104796-B
atomic number	12-24904-B
atomic pile nuclear reactor	4-40845-B
atomic power station nuclear power plant nuclear power station	4-40048-B
atomicity	52-76390-B,52-76598-B,52-76894-B
atomize	47-4945-B
atomizer	47-5140-B
atonal	43-4434-B
atonement yom kippur	51-88091-S
atong	36-3853-B
atorada	35-75880-B
atractive	47-32867-B
atrazine	6-114422-B
atrial septal defect interatrial septal defect asd	61-530-B
atrioventricular septal defect	68-49577-S
atrioventricular valve mitral valve	68-6039-S
atrium	64-40358-S
atrium heart atrium	64-40358-B
atrocious flagitious grievous heinous monstrous	58-37942-B
atrociously awfully rottenly terribly	59-17467-S
atrocity	47-5449-B,62-59366-S
atrophic arthritis rheumatoid arthritis	21-52694-S
atrophy	51-107716-B
atruahí	36-4189-B
atsahuaca	36-1783-B
atsam	38-70794-B
atscholi dok acoli gang log acoli lwo lwoo shuli	17-62188-S
atsugewi	36-5716-B
att	9-37110-B
atta	36-3943-S,36-4380-S,36-20512-S
attach	43-22741-B
attach fasten hold in place secure	68-83125-S
attach to come with go with	69-46460-S
attachable	47-6153-B
attached	47-6591-B
attached get attached grow fond of	22-2701-S
attached grow fond of	22-2701-S
attachment	19-50138-B,22-52162-B,47-7827-B,47-8080-B
attaché case	47-6334-B
attack	13-75230-S,14-23261-B,14-92030-B,15-39024-B,19-82694-S,19-95329-S,22-52379-S,62-64000-S,64-66958-B,64-73960-S,64-77410-S,65-26647-S,65-59032-S,68-73313-S
attack assault	9-52955-B
attack blast fire	15-38910-B
attack denial of service attack	64-73960-S
attack man in the middle attack	64-77410-S
attack mitm bucket brigade attack man in the middle attack	64-77410-S
attack set on	19-82945-S
attack vector	64-67638-B
attacker	46-80121-S
attain	47-8217-B
attain reach	44-46446-S
attainable	47-9179-B
attainment	8-36169-S,20-19847-B,23-37799-B
attempt	12-88577-B,33-20386-B,56-58015-S
attempt try endeavour	58-19534-B
attend advert give ear hang pay heed	47-9871-B
attend bestand serve wait on	67-80205-B
attend go to	47-9646-B
attend look after treat care for	22-52860-B
attend mind look see take care	47-10405-B
attendance	47-14512-B,47-14829-B
attendant	47-15602-B
attendant cabin crew flight attendant steward	66-62759-S
attendant concomitant accompanying adjoining	41-68941-B
attendant steward	66-62759-S
attention	14-82067-B
attention deficit disorder ad hd add adhd attention deficit hyperactivity disorder	48-7438-B
attention deficit hyperactivity disorder	48-7438-S
attention indicate signalise signalize	23-38619-S
attentive	47-18437-B
attentively	49-57843-B
attenuate debilitate devitalise devitalize enervate weaken	47-18574-B
attenuated	23-14861-B
attenuated vaccine	25-95940-B
attenuation	51-39076-B
attest	20-47088-B
attest aver avow swan swear verify	48-46393-S
attest confirm	19-54226-S
attic	27-44483-B,47-18849-B
attikamek attimewk tête de boule	36-2885-S
attimewk tête de boule	36-2885-S
attire	47-19220-B,47-20672-B
attitude	47-21385-B
attitude comportment conduct demeanor deportment posture	61-31680-S
attitude disposition	16-40405-B
attié	36-2780-B
attock hindko	29-29022-B
attorney lawyer barrister	15-16025-B
attosecond	16-85881-B
attouat	27-14119-B
attract	33-24489-B
attract allure entice tempt	58-39221-B
attract pull draw draw in	47-27221-B
attracting enticing	58-40204-S
attraction	17-44385-B,33-20766-B
attraction gravity gravitational force	12-65585-S
attractive	47-56977-B
attractive appealing beautiful pretty	47-56724-B
attractiveness	47-56574-B
attributable	47-64778-S
attribute	7-50311-B,21-6635-B,54-64775-S
attribute levels	18-7262-S
attributes	45-10338-S
attribution	1-72604-B,16-55817-B,34-57772-B
attrition	54-122981-B
atuence	36-2568-B
atypical deviant deviate	46-17683-S
au	36-10171-B
au astronomical unit	35-55090-B
au gratin	24-36670-B
au prince	32-38695-S,59-80459-S
au princian	62-26416-S,62-26595-S
aube	34-3141-B,34-51805-B
aubergine brinjal eggplant	18-90843-B,24-10493-B
auburn	47-38792-B
auction	19-61025-B,44-62921-B,44-63033-S
auctioneer	44-63371-B
audacious	47-38925-B
audacious daring venturesome venturous	61-57561-B
audacious fearless intrepid brave dauntless hardy unfearing	56-18393-B
audaciousness temerity	16-37759-S
audacity audaciousness temerity	16-37759-B
aude	34-3332-B,34-52982-B
audibility	47-39080-B
audible	47-40962-B
audience	19-66198-B,54-100116-B
audience target group	5-108025-S
audile auditive auditory auricular	61-89080-S
audio	14-81988-B
audio book audio book audiobook	17-18175-B
audio book audiobook	17-18175-S
audio engineering	55-76996-B
audio filter	1-4106-S
audio processing audio signal processing	54-17263-B
audio signal processing	54-17263-S
audiobook	17-18175-S
audiometer	62-42720-B
