yaso	31-27687-B,36-60310-B
yate	24-5521-B,43-14387-S
yaunde	9-61668-B
yaur	43-31511-B
yavapai quechan superior yuman superior	41-12912-S
yawarawarga	11-52372-B
yawuru	11-51340-B
yd	14-37358-S
yedina	36-35377-S
yegua	17-98979-B
yei	31-42309-B,43-37271-B
yekhee	41-10796-B
yelmek	43-37962-B
yelosubmarin	64-27117-B
yema	38-72626-B
yema de huevo	9-23171-S
yema del dedo	38-17820-B
yema yema de huevo	9-23171-B
yemas batidas	43-29848-B
yemen	12-68541-S
yemen yemen	12-68541-B
yemeni	43-54957-S,44-2556-S,44-2712-S
yemenita yemeni	44-2556-B
yemsa	43-47695-B
yen	14-43973-B
yepocapa del sudoeste	38-61389-S
yerazi	33-14221-B
yerba	21-44999-S
yerba mate	45-100761-B
yerbalimon zacate de limon	55-71584-S
yeretuar	42-2169-B
yerevan	26-27522-S
yerno	20-94475-S
yeshiva	68-42795-B
yeso	3-29962-B,40-21051-B
yeso de residuos	6-19310-B
yesquero	47-81208-S
yevanico	27-47839-S
yevanico escrito	27-48208-B
yevanico escrito con escritura hebrea	27-48288-B
yevanico hablado	27-48395-B
yeyi	17-64881-B
yeyuno	46-54088-S,46-54204-B
yi	43-1324-S
yi jia	27-34150-B
yi ren	27-34244-B
yibuti	12-11553-B,32-17329-S,34-69621-B
yibutiano	50-4406-S
yida jedda yidda	63-71206-B
yidda	63-71206-S
yidis	46-69730-S
yidish	9-1097-B
yidish occidental	35-39018-B
yidish oriental	35-39130-B
yinbaw karen	49-15511-B
yinggarda	11-51001-B
yingles	35-38868-S
yinglish yingles	35-38868-B
yintale karen	49-15777-B
ynys mon	54-30015-S
yo	7-66254-B,13-70786-S,52-51892-B
yo yo	13-70786-B
yocoboue dida	42-12486-B
yoctosegundo	16-86215-B
yodo	3-81228-S
yoga	50-31466-B
yoghourt yoghurt yogur yogurt	51-87274-B
yoghurt yogur yogurt	51-87274-S
yogur de frutas	51-93193-B
yogur natural	51-92931-B
yogur yogurt	51-87274-S
yogurt	51-87274-S
yogurtera	63-22644-B
yokohama	51-87565-B
yokuts	41-29290-B
yom	28-38563-B
yom kippur	51-88091-B
yomitan	30-51778-B
yomud	26-24936-B
yonaguni	30-57168-B,53-106324-B
yonaguni escrito	53-106442-B
yonaguni escrito con escritura daahan	30-57906-B
yonaguni escrito con escritura japonesa	30-58087-B
yonaguni escrito con escritura kaidaa zi	30-57512-B
yonaguni escrito con escritura sanninnudai	30-57705-B
yonagusuku	30-52226-B
yongbei	27-33151-B
yonggom	37-6708-B
yongyang pyeongyang	33-65005-S
yonne	34-19633-B,34-38924-B
yonqui	15-53819-S
yopno	37-6821-B
york	16-20242-S,32-32922-S,44-54731-S
yoruba	16-76273-B
yot	27-14741-B
youjiang	27-33371-B
youle jinuo	43-43314-B
youngs	27-1812-S
younuo bunu	31-8835-B
yoy	27-35053-S
yssingeles	32-4585-B
yu chiang	27-34518-S
yuan	13-59409-S,51-114111-S
yubarta	56-33622-S
yuca	17-75276-S,17-76547-S
yucaguiras lenguas yukaghir	55-91647-S
yucaguiros yukaghir yukagiros	55-92044-B
yucatan yucateco	39-4393-S
yucateca	44-79228-S
yucateco	39-4393-S
yuchi	41-29379-B
yudo	18-32889-S
yudoca	43-6711-B
yugo	56-30561-B,62-100377-B
yugoslava	46-69599-S
yugoslavia	16-99827-B
yukaghir	55-91647-S
yukaghir del sur	49-20572-B
yukaghir yukagiros	55-92044-S
yukagiros	55-92044-S
yulu	28-39632-S
yulu e	28-39816-B
yulu o	28-39732-B
yuma	38-40910-S
yuman superior	41-12912-S
yumbe	31-42469-B
yun	31-10245-S
yung chun	27-32214-B
yung nan	27-34638-S
yunnan	51-92284-B,51-112867-S
yunque	9-87941-B,9-88055-B
yunta	56-4983-S
yupik central	41-10383-B
yupik de siberia central	41-10245-B
yupik del golfo del pacifico	41-1907-B
yurgur occidental	26-39925-B
yurok	41-29475-B
yurt	26-33012-S
yurua asheninka	39-16807-S
yuruk	26-22808-B
yute	56-4476-S,65-12172-B,65-12320-S
yuto nahuas	67-68476-S
yuwe	48-84766-S
yuxtaponer	64-2919-B
yuxtaposicion	56-16707-B
yuzu	23-25822-B,23-26019-S
yvelines	34-16860-B
z	16-36930-S
za	28-7710-S
zabaione	20-82073-B
zabana	45-3326-B
zacate de limon	55-71584-S
zacatepeco	39-27530-S
zafiro	25-11227-B
zaghawa	32-48207-B,33-42417-B
zaghawa escrito	32-48340-B
zaghawa escrito con escritura arabica	32-48570-B
zaghawa escrito con escritura latina	32-48418-B
zaghawa hablado	32-48685-B
zagloso de barton	60-93474-S
zagreb	9-61394-B
zagundzi	30-9884-B
zaire	32-17030-S
zaiwa	36-1677-B
zajo	57-100231-S
zakataly muganly	26-27314-B
zaki	28-42658-B
zaki maratsa	28-42424-S
zakshi	28-49057-S
zaladava	28-5206-S
zalingei	31-19285-B,33-6658-B
zalingei hablado	31-19349-B
zamani	48-10311-S
zambeze	51-91914-B
zambia	12-81068-B
zambiana	44-22039-S
zambiano	44-21706-B,44-21846-S
zampona	18-20879-S
zanahoria	19-6947-B
zanahorias	48-99247-S,51-84306-S
zanfona	55-61710-B
zangano	69-29339-B
zanja	2-52640-B
zanzibar	16-61160-B
zapatera zapatero	16-34015-B
zapatero	16-34015-S
zapatilla babucha	18-99063-S
zapato	8-40680-B,14-66043-S
zapato de goma	9-16907-B
zaqueo	20-27315-B
zar	51-6577-B
zaragoza	49-8859-B,63-84927-S
zarandeo meneo	61-24838-B
zaratustra zoroastro	51-90947-B
zarcillo	56-93522-S,56-93626-S
zarcillo pendiente	14-75281-S
zarevich	51-6898-B,51-7075-B
zargari	30-14261-B
zari	28-49165-S
zarina	51-6778-B
zarma	32-61662-S,39-47105-B
zarzamora	26-5362-B
zayein karen	49-18979-B
zayse zergulla	31-46583-S
zebra	16-35357-S
zeddo	31-45478-B
zeem	28-48957-S
zelanda	33-86756-B
zelanda nueva zelandia	12-87067-S
zelandia	12-87067-S
zemba	39-40226-B
zemiaki	29-16720-B
zemo svaneti	34-65448-S
zen	37-50894-S,49-4142-B
zenag	37-6930-B
zenaga	27-51612-B
zenaga hablado	27-51672-B
zenati	27-57682-S
zenati oriental	27-61791-B
zenit	36-66559-S
zenzontepeco	39-29878-S
zeolita	60-86095-S
zeptosegundo	16-86044-B
zergulla	31-46583-S
zeus	49-3600-B
zha cai	20-79123-B
zhong	39-29970-S
zhong jia	27-33926-S
zhong jia a	27-34046-B
zhuang del norte	27-32310-B
zhuang del norte escrito	27-32391-B
zhuang del norte escrito con escritura china	27-32554-B
zhuang del norte escrito con escritura latina	27-32765-B
zhuang del norte hablado	27-32990-B
zhuang del sur	38-71468-B
zi	30-57512-S
zigosidad	63-10350-S
zigurat	49-54995-B
zigzag	14-40540-B,14-40770-B,14-41105-B,14-41228-S
zigzagueante	14-40891-B
zigzaguear	14-41280-B
zilmamu	31-32593-S
zilo	28-18076-B
zimakani	37-7039-B
zimbabue zimbabwe	12-80879-B
zimbabuense	44-21433-B,44-21548-S,46-69483-S
zimbabwe	12-80879-S
zinc	6-47495-S
zipaquira	45-82381-B
zircon	42-0-S
zirenkel	28-44606-S
zizilivaken	28-8530-S
zlenge	28-7602-S
zlogba	28-4565-S
zloty	14-43860-B
zodiacal	61-56626-S
zodiacal signo signo del zodiaco signo zodiacal	61-56626-S
zodiaco	23-101736-B
zodiaco signo zodiacal	61-56626-S
zoisita	60-86673-B
zombi	55-15531-B
zombico	66-86908-B,66-86977-B
zona	52-97102-S
zona area	21-66401-B
zona arqueologica	1-59796-S
zona climatica	1-145931-B
zona de aire limpio	5-149736-B
zona de convergencia intertropical	51-44904-B
zona de desastre	6-142496-S
zona de interes turistico	5-127650-B
zona de proteccion hidrica	4-123070-B
zona edificada	1-111380-B
zona entre mareas	3-79556-B
zona industrial	3-62543-S
zona industrial abandonada	1-911-B
zona intertropical	5-142125-S
zona metropolitana	42-3018-B
zona metropolitana area metropolitana	23-75379-S
zona montanosa	4-13421-B
zona muerta	9-15700-B
zona peatonal	4-67977-S
zona prohibida	59-1547-B
zona residencial	5-8042-B
zona templada	5-113937-S,5-114434-S,35-81178-B
zona urbana	57-83452-B
zona verde	3-27783-B
zonal	60-86628-B
zonificacion	6-47957-B
zonificacion economica	2-72407-B
zonula	62-58962-B
zonular	62-58810-B
zoo jardin zoologico parque zoologico zoo zoologico	6-48324-S
zoo zoologico	6-48324-S
zoofilia	16-38788-B,62-9425-B
zoogeografia	55-90217-B
zoologa zoologo	45-65556-B
zoologia	6-48685-B
zoologica zoologico	59-57841-B,59-58019-B
zoologico	6-48324-S,59-57841-S,59-58019-S
zoologico parque zoologico zoo zoologico	6-48324-S
zoologico zoo zoologico	6-48324-S
zoologo	45-65556-S
zoonosis	6-48988-B
zootecnia	47-13532-B
zootecnica zootecnico	21-92795-B
zootecnico	21-92795-S
zooterapia	67-77292-S
zootomia	45-51466-B
zootropo	55-15008-B
zoquete	50-17620-S
zoroastriano	41-54701-S
zoroastrismo mazdeismo	51-91340-B
zoroastro	51-90947-S
zorra	35-14376-S,60-48022-S
zorra zorro	58-39866-S
zorrillo zorro hediondo	64-82298-S
zorro	46-65324-S,58-39866-S,60-48129-S
zorro comun zorro rojo	7-119099-S
zorro hediondo	64-82298-S
zorro rojo	7-119099-S
zorro zorro comun zorro rojo	7-119099-B
zoster	60-71094-S
zotung chin	39-30038-B
zozobrar	64-4648-S
zrawa	28-210-B
zuang sureno escrito	27-31685-B
zuang sureno escrito con escritura latina	27-31830-B
zuara	28-654-B
zuara hablado	28-712-B
zug	51-77950-B
zuksun	41-59720-S
zulgo gemzek	28-6092-B
zulgo gemzek escrito	28-6171-B
zulgo gemzek hablado	28-6314-B
zulia	49-3865-B
zulu	9-77-B,54-101962-B
zumo	8-104881-S
zumo concentrado	56-62023-S
zumo de fruta	9-65151-B
zumo de limon	56-61612-B
zumo de manzana	24-88607-S
zumo de naranja	24-87513-S
zuni	41-29562-S,58-49966-B
zuni zuni	41-29562-B
zurda zurdo	11-73695-S
zurdo	11-73695-S
zurich	14-22806-B,51-77808-B
zuska inflamacion periductal mastitis	62-12039-S
zutuhil	56-84295-S
zwawa	27-59811-B
zwitterion	60-86540-B
zwolle	35-24942-B
zyrian	46-51622-S
¿cuantos anos tienes	66-57923-B
¿puede repetir	14-62956-S
¿que edad tiene	66-58008-B
¿que hora es ¿que horas son	66-70702-B
¿que horas son	66-70702-S
¿que tal	66-31324-B
‎en memoria de ‎en recuerdo de	67-88134-B
‎en recuerdo de	67-88134-S
