africano de sabana	65-52139-S
africano pinguino del cabo	68-8467-S
afrihili	35-6120-B
afrikaans	8-72400-B
afro americana	16-30615-B
afro seminola	35-6935-S
afroasiatico	9-98757-B
afrodisiaco	46-30379-B
afrontar	22-8931-B
afshar	26-29232-B
afta	23-12714-B
aftosa	40-32543-S
afuera	14-63889-B
aga	26-46521-B
agacharse	8-48380-B
agadir	27-55746-B
agalega	32-41693-B
agalla branquia	47-43167-B
agalo	31-27579-B
agalo mite	36-60109-B
agammaglobulinemia	23-12870-B
agana	44-77253-B
agar	31-37020-B,60-14696-B
agarabi	35-7764-B
agariya	26-59384-B
agarrar asir coger sujetar	22-9098-B
agarrar asir tomar	10-49172-B
agarre	67-55251-S
agarrotar dar garrote	56-92423-B
agata	60-12744-B
agatu	35-7676-B
agave	47-103191-B,67-14250-S
agavotaguerra	36-9988-B
agaw	28-56933-S
agazapar atrapar coger prender	14-11389-B
agelasta	59-36944-B
agencia	19-50611-B,47-19775-B
agencia de viajes	19-92698-B
agencia europea de medio ambiente	2-117090-B
agencia internacional de la energia	68-67674-S
agenda	19-91136-B,19-91325-B,53-101417-B
agenes	31-61351-B
agente	47-19916-B
agente apoderada apoderado	47-20029-B
agente astringente de petroleo	4-48878-B
agente blanqueador blanqueador	1-100407-B
agente cerumenolitico	62-65438-B
agente comercial	60-43437-B
agente de complexion	1-160653-B
agente de despacho agente expedicionario	7-56382-B
agente expedicionario	7-56382-S
agente gasificante agente leudante	55-57807-B
agente humectante	25-21037-B
agente leudante	55-57807-S
agente peligroso	3-32493-B
agew midir	28-57644-B
aghem	35-9003-B
aghu	35-10273-B
aghu tharnggalu	41-61782-B
aghul	28-21455-B
aghul hablado	28-21558-B
agi	35-18303-B
agil	34-26702-B,38-3319-B,54-15658-B,54-15786-S
agil de software metodologia agil	54-15786-S
agil desarrollo agil de software metodologia agil	54-15786-S
agilidad	45-19320-B
agilizar apresurar	47-20306-S
agilolfinga agilolfingo	57-47277-B
agilolfingo	57-47277-S
agilolfingos	57-47063-B
agitador	24-12722-B
agitador causante impulsor inductor instigador promotor provocador	64-22808-B
agitar	45-19473-B,45-19744-B
agitar combatir	45-19598-B
agitar remover	15-65209-B
agitar sacudir	47-20470-B
aglomeracion aglomeracion urbana	18-717-B
aglomeracion urbana	18-717-S
aglomeracion urbana zona metropolitana area metropolitana	23-75379-B
aglomerada aglomerado	48-2306-B
aglomerado	7-101509-B,48-2306-S
aglomerar	48-2072-B
aglutinante hidraulico	40-30340-B
agnado	57-13332-B
agnosia	51-48631-B
agnosia del espejo	57-7706-B
agnostica agnostico	62-42150-B
agnostica agnostico infiel	57-22185-B
agnosticismo	15-57282-B
agnostico	62-42150-S
agnostico infiel	57-22185-S
agob	44-80712-B
agobiar agravar cargar	69-49297-S
agoi	42-71012-B
agonia	45-21708-S,45-21774-B
agonista	52-57396-B
agonizar	45-20834-B
agora	17-22412-B,23-62904-B
agorafobia	44-15966-B
agorera agorero	60-67973-B
agorero	60-67756-S,60-67973-S
agorero clarividente	68-57941-S
agorero pesimista	60-68066-B
agosto	10-24896-B
agotable	60-19850-B
agotado exhausto	39-3879-B
agotador	63-26460-S
agotamiento	59-4487-B
agotamiento de ozono	4-60981-S
agotamiento de ozono estratosferico	5-97062-B
agotamiento reduccion vegetativa	54-122981-B
agotarse consumirse	69-43974-B
agotarse queadarse sin	69-75608-S
agote	67-26725-B
agrab	28-45128-B
agradable amable encantador encantadora gentil simpatica simpatico	13-56432-S
agradable confortable comoda comodo grata grato	9-9661-B
agradable placentera placentero placida placido	58-22191-B
agradable simpatica simpatico	55-23636-B
agradablemente	61-72547-B
agradar complacer gustar satisfacer	7-92367-B
agradar gustar	22-72472-B
agradecer	20-1211-B
agradecer dar las gracias	22-66207-B
agradecida agradecido	58-54448-B
agradecido	46-54317-B,58-54448-S
agradecimiento	42-42169-B,58-54737-S
agrado	48-0-S
agrandar ampliar	33-65601-B
agrandar ampliar desarrollar extender	22-29304-B
agraria	63-47570-S
agraria agrario	49-40073-B
agrario	49-40073-S
agravado	24-58241-B
agravar cargar	69-49297-S
agravar empeorar exacerbar	59-16484-B
agraviado ofendido	45-12692-B
agraviar insultar ofender	48-15046-B
agredir	24-92667-B
agredir atacar	9-52955-B
agregada agregado	52-109846-B,52-110196-B
agregado	52-109846-S,52-110196-S
agregar	52-110506-B
agregar anadir	10-46871-S
agregar cascara de limon	23-25365-B
agregar conceder otorgar	10-47987-B
agregar hielo	38-73972-B
agregar jengibre	53-79264-B
agregar pimienta	48-89231-B
agregar vinagre	48-89103-B
agregarse	34-24262-B
agresion asalto	45-11777-B
agresion asalto ataque	19-82694-B
agresiva agresivo	19-92388-B
agresiva violencia vehicular violencia vial	64-66148-S
agresivamente	47-12554-B
agresividad	45-12456-B
agresividad quimica	6-118202-B
agresivo	19-92388-S
agresor	35-11011-B
agresor agresora	35-10868-B
agresor agresora asaltante atacante	46-80121-B
agresora	35-10735-B,35-10868-S
agresora asaltante atacante	46-80121-S
agria	67-8387-S
agria agrio	47-12690-B
agriar	47-12829-B
agriarse	47-12970-B
agricola	1-18613-S,1-19030-S,1-19269-S,1-19970-S,1-20378-S,1-21505-S,1-21723-S,1-22406-S,1-23006-S,22-9275-B,25-81466-S,68-70950-S
agricola en deposito	5-107201-S
agricola fundo granja	2-131066-S
agricultor agricultora campesina campesino granjera granjero	18-95057-B
agricultora campesina campesino granjera granjero	18-95057-S
agricultura	2-100036-S,47-89373-B
agricultura biologica agricultura ecologica agricultura organica	4-53792-B
agricultura de bajo laboreo	68-56520-B
agricultura de riego	3-84822-B
agricultura de secano	2-60912-B
agricultura ecologica agricultura organica	4-53792-S
agricultura intensiva	3-74907-B
agricultura organica	4-53792-S
agridulce	47-13086-B,47-13207-B
agrietar resquebrajar	47-13397-B
agrigento	34-22629-B,34-25892-B
agrio	47-12690-S
agrisar	66-68413-B
agrobiodiversidad	37-70698-B
agrocombustible	24-36017-B
agroecologia ecologia agricola	1-19269-B
agroforesteria agrosilvicultura	1-23993-B
agroglifo	65-96326-B
agroindustria	1-24724-B
agrometeorologia	1-25005-B
agronoma agronomo	47-12362-B
agronomia	6-91148-B
agronomica agronomico	47-12153-B
agronomico	47-12153-S
agronomo	47-12362-S
agropecuaria	1-19607-S
agroquimico	1-23309-B
agrosilvicultura	1-23993-S
agrosistema	6-91513-B
agrupacion galactica	33-69208-B
agrupacion grupo	11-74347-B
agrupacion reunion	11-34672-B
agrupar	47-103817-B
agruparse congregarse reunirse	11-34096-B
agta	35-8450-S,39-38539-S
agta de cagayan central	35-9283-B
agta de camarines norte	34-78195-B
agta de dicamay	40-48356-B
agta de dupaninan	40-47626-B
agta de la isla alabat	40-47416-B
agta de monte iriga	35-9864-B
agta de mte iraya	36-3395-B
agta de umiray dumaget	40-46656-B
agta de villa viciosa	40-49677-B
agta remontado	35-9524-B
agua	3-39165-S,5-38153-S,5-62237-S,5-135223-S,6-2824-S,6-23022-S,6-23117-S,6-23249-S,6-23393-S,6-23563-S,6-24149-S,6-24855-S,6-26177-S,6-27018-S,6-27225-S,6-28177-S,6-28669-S,6-28930-S,6-29103-S,6-29243-S,6-29394-S,6-30474-B,6-30792-B,6-31103-S,6-31806-S,6-87269-S,6-124005-S,6-131058-S,6-131622-S,6-132535-S,6-132834-S,6-132953-S,6-134134-S,6-134251-S,6-134552-S,6-143493-S,22-88014-S,25-42665-S,25-45432-S,25-76561-S,25-101868-S,25-104793-S,25-109038-S,25-111583-S,33-44042-S,38-73893-S,51-41992-S,51-72063-S,60-41450-S,60-83132-S,64-87698-S,67-86105-S
agua bendita	17-19030-B,17-19246-S,18-92000-S
agua caliente	3-42489-B
agua clara pajaro que madruga se come al mejor gusano	18-56902-S
agua con gas	10-109201-B
agua contaminacion hidrica	6-27732-S
agua continental	3-70783-B
agua corriente	2-144845-B
agua costera	1-151399-B
agua cruda	5-149976-B
agua de abastecimiento agua de tuberia	52-14890-B
agua de adhesion	51-72295-B
agua de azahar	56-51117-B
agua de bano	1-78118-B
agua de coco	24-87294-B,69-30818-B
agua de colonia colonia	12-43247-B
agua de desecho	36-37665-B
agua de fregar los platos	57-42552-B
agua de lluvia agua pluvial	4-140970-B
agua de manatial	5-87856-B
agua de mar agua marina	5-34770-B
agua de marea	5-123844-B
agua de proceso	4-119512-B
agua de refrigeracion	2-10037-B
agua de rio	5-17703-B
agua de sentina	1-84176-B
agua de suelo	5-69597-B
agua de tuberia	52-14890-S
agua del bano	8-3984-S
agua demesnial	6-130600-B
agua ducto tuberia	38-36702-S
agua dulce	2-157980-B,3-0-S,3-260-S,3-390-S
agua embotellada	66-11108-B
agua fria decepcion	18-34376-S
agua hidrologia	6-30011-S
agua irrigar regar	7-62956-S
agua marina	5-34770-S,5-34921-S
agua mastuerzo de agua	64-87698-S
agua para consumo	6-25612-B
agua pesada	55-15822-B
agua pluvial	4-140970-S
agua potable	2-58799-B
agua pulga de agua	6-24855-S
agua residual	6-22097-B,25-101233-B
agua salada	5-26108-B
agua salobre	1-104005-B
agua sandia	21-26737-S
agua suavizador de agua	25-76561-S
agua subterranea	3-28834-B
agua tanque de agua	25-101868-S
aguacate	16-17282-B
aguacate avocado cura palta	66-64444-S
aguacero chubasco diluvio gota fria lluvia torrencial	19-36028-B
aguacero lluvia torrencial	53-11952-B
aguada	61-277-S
aguafuerte	2-112683-S,58-67023-S
aguamala aguaviva malagua medusa	67-63813-B
aguamanil	64-30151-B
aguamarina	18-69434-B
aguamiel hidromiel	18-15888-B
aguamiel miel de agave	67-14250-B
aguanieve	22-94623-B
aguano	35-7486-B
aguantar	55-17601-S
aguantar esperar	10-50574-B
aguantar resistir soportar tolerar	68-84850-B
aguantar sufrir	15-53240-S
aguantarse contenerse controlarse moderarse refrenarse represarse reprimirse	40-56640-B
aguardar esperar	9-46296-B
aguardiente	56-83065-B
aguaruna	35-9093-B
aguas	6-29858-S
aguas minerales	4-4474-B
aguas residuales	5-43897-S,6-22623-S
aguas subterraneas	3-29160-S,6-148328-S
aguas superficiales	5-103416-B
aguas termales	5-121915-B
aguascalientes	48-1492-B,48-1728-B
aguaturma	13-79691-B
aguaviva malagua medusa	67-63813-S
aguaymanto alquequenje peruano capuli	54-35292-B
aguda	57-77356-S,62-24482-S
aguda agudo	23-56603-B,34-22464-B,46-93625-B
aguda agudo cortante	8-48574-S
aguda agudo dolorosa doloroso	23-56307-B
aguda agudo estridente	23-57042-B
aguda agudo intensa intenso potente	23-56788-B
aguda agudo perspicaz	57-23088-B
agudez agudeza	47-11982-B
agudeza	24-52489-B,24-52630-B,47-11982-S
agudeza auditiva	6-120214-B
agudizar	69-47670-S
agudo	23-56603-S,34-22464-S,46-93625-S,62-24176-B
agudo cortante	8-48574-S
agudo dolorosa doloroso	23-56307-S
agudo estridente	23-57042-S
agudo intensa intenso potente	23-56788-S
agudo perspicaz	57-23088-S
aguero	70-5371-S
aguero agorero	60-67756-S
aguero cenizo gafe	60-25149-S
aguijon	18-26061-B
aguila	38-22769-B,47-11694-B
aguila calva	66-25336-S
aguila de cola blanca aguila marina aguila marina de cola blanca	24-61905-S
aguila marina aguila marina de cola blanca	24-61905-S
aguila marina de cola blanca	24-61905-S
aguila pescadora	24-64063-B
aguililla del misisipi elanio colinegro elanio del misisipi milano boreal milano del misisipi	67-51930-B
aguililla plomiza gavilan azulado grande milano azulado milano plomizo sovi	67-52111-B
aguilucho	68-39167-B
aguja	8-41553-B,8-43946-B,14-24803-B
aguja aguja hipodermica	8-44182-B
aguja capitel chapitel	17-30043-B
aguja hipodermica	8-44182-S
agujereado	65-16154-B
agujero de ozono	63-67248-B
agujero excavado	2-121718-B
agujero hueco	10-2153-S
agujero negro hoyo negro	12-46046-B
agujetas	17-56893-B
aguok	31-36204-B
agutaynen	35-8786-B
aguzanieves lavandera	62-39654-B
agvali	28-19480-B
ah acido hialuronico	69-24206-B
ahan	35-11316-B
ahanta	35-9985-B
ahe	35-10159-B
aheima	30-47740-B
ahembrado amadamado amaricado amariconado amujerado marica maricon mariquita	62-30459-S
aheri	30-28316-B
aheu	27-11181-B
aheu hablado	27-11262-B
ahi alla alli	7-74265-B
ahi esta	7-93572-B
ahirani	29-37903-B
ahiva	64-28283-B
ahmedabad	63-73272-B
ahnet	27-52717-B
ahogado	51-30715-S
ahogado tablas	65-10022-S
ahogamiento	42-41307-B
ahogar	64-43168-B
ahogarse	47-11435-B
ahogo asfixia	21-20028-B
ahom	27-25063-B,27-25303-S
ahom escrito	27-25162-B
ahom escrito con escritura ahom	27-25303-B
ahom hablado	27-25480-B
ahora	8-38113-B,8-38199-S,8-38850-B,10-21350-B,10-21451-B,21-70002-S,37-32060-S
ahora en adelante desde ahora	37-32060-S
ahora inmediatamente	67-37645-B
ahora por el momento	51-94871-S
ahorcado	24-3998-B,40-13089-B
ahorcamiento	16-64039-B,22-15252-S
ahorcarse	62-66768-B
ahorrador economizador	60-28170-B
ahorrar	47-30386-B
ahorro	5-29456-B
ahorro energetico eficiencia energetica	2-91685-B
ahtena	35-11609-B
ahuecado por las olas	6-58676-S
ahuecar excavar vaciar	58-114184-B
ahumado	50-7763-S,50-10077-B
ahumar	50-10377-B
ahuyentar expulsar	58-3018-B
ai	27-10517-S
ai cham	27-37259-B,27-37566-S,35-18928-B
aie agencia internacional de la energia	68-67674-B
aigon	35-19846-B
aikido	47-43376-B
aimaq	35-19412-B
aimara	31-26454-S,51-81958-S
aimara aymara	46-29677-B
aimele	35-19100-B
aimol	35-19211-B
ain	34-1257-B,34-40116-B
ain beida	27-60514-B
ainbai	35-17988-B
aine kuruba	30-36417-B
ainu	8-96567-B,10-61837-B,10-62257-B,26-39351-B
ainu hablado	26-39409-B
aiome	35-27904-B
air	27-54691-B
airada airado brava bravo enfadada enfadado	11-28601-B
airadamente rabiosamente	59-76372-B
airado brava bravo enfadada enfadado	11-28601-S
airbag bolsa de aire	13-65406-B
aire	1-15158-S,1-25816-B,1-27327-S,1-29773-S,1-29974-S,1-30675-S,13-65406-S,21-75081-S,23-65870-S,23-71549-S,26-13460-S,26-16921-S,45-25413-S,51-59887-S,62-43382-S
aire acondicionamiento del aire climatizacion	1-26079-S
aire atmosfera	20-8744-B
aire climatizacion	1-26079-S
aire climatizador	54-93827-S
aire continental	51-60153-S
aire de la noche aire nocturno	36-24855-B
aire fuelle	43-5470-S
aire libre	22-92924-S
aire limpio	5-149736-S
aire maritimo	51-60393-S
aire nocturno	36-24855-S
aire respiratorio	5-10070-B
aireacion de agua	6-134134-B
aireado	45-28433-B
airear orear	45-22676-B
airear ventilar	15-35424-B
aires	18-74426-S,32-33034-S
airoran	35-19525-B
aislacionismo	63-50887-B
aislada	14-74230-S
aislada aislado	56-99233-B
aislada aislado apartada apartado remota remoto separada separado	47-31102-B
aislada aislado suelta suelto	56-99708-B
aislado	56-99233-S,58-101063-S
aislado apartada apartado remota remoto separada separado	47-31102-S
aislado suelta suelto	56-99708-S
aislamiento	3-85873-B
aislamiento acustico	1-4281-B,3-73929-S
aislamiento de superficie de suelo	5-68751-B
aislamiento geografico alopatria	63-13511-B
aislamiento reproductivo	45-88362-B
aislamiento termico	5-120838-B
aislante	7-58830-S,59-86396-B
aislar	48-1934-B
aisne	34-1504-B,34-54853-B
ait amert	27-58354-B
ait said	27-58692-B
ait tuzin	27-58824-B
ait urrighel	27-58422-B
aiton	27-25603-B
aiton escrito	27-25886-B
aiton escrito con escritura tai	27-26027-B
aiton hablado	27-26204-B
aiyangar	30-41268-B
aiyar	30-41184-B
aizi	35-10380-S,35-11197-S,35-11406-S
aja	28-41107-B,35-20279-B,35-20360-B
ajaccio	34-59169-B
ajax	21-38772-B,21-39135-B
ajedrez	12-12355-B,13-53935-S,13-54148-S,13-54272-S,13-56856-S
ajedrez juego de ajedrez	13-53935-B
ajena ajeno desconocida desconocido	39-49015-B
ajeno desconocida desconocido	39-49015-S
aji	11-75945-B,17-56119-B
aji chile morron pimiento	11-78172-B
ajie	35-20457-B
ajiri	29-34028-B
ajjer	27-52907-S
ajo	19-70582-B
ajo de espana cebolleta cebollino cebollin	14-72710-B
ajo de oso	53-33109-B
ajo en polvo	50-67274-B
ajo porro porro puerro	17-73340-B
ajolote	63-77929-B
ajos	51-9790-S
ajuar	19-74651-B
ajuraan	29-13588-S
ajuran	29-8019-S,29-8495-B
ajuran hablado	29-8095-S
ajustar	19-41080-S
ajustar alterar editar modificar transformar	25-43450-B
ajustar anudar atar liar ligar sujetar	9-33721-B
ajustar conformar regular	19-40671-S
ajustar reducir	21-12508-S
ajustar resolver	68-81032-B
ajustarse	47-29488-B
ajuste	16-69648-B,16-69718-B
ajvar	66-50040-B
ajyininka apurucayali	39-16926-B
ak	35-30341-B
ak nogai	26-36741-B
aka	31-29693-B
aka bea bea	26-55714-B
aka bo bo	26-53970-B
aka cari cari	26-53525-B
aka escrito	31-29806-B
aka escrito con escritura etiopica	31-30064-B
aka escrito con escritura latina	31-29909-B
aka jeru jeru	26-54189-B
aka kede kede	26-54522-B
aka kol kol	26-54743-B
aka kora kora	26-53754-B
