arpitano escrito	32-20400-B
arpitano escrito con escritura latina	32-20541-B
arpitano franco provenzal	9-30867-B
arpitano hablado	32-20715-B
arpon	15-68526-B
arquegonio	18-11008-B
arqueo	62-77217-B
arqueologa arqueologo	16-14750-B
arqueologia	1-60225-B
arqueologica	1-59796-S
arqueologica arqueologico	46-55819-B
arqueologico	46-55819-S
arqueologico yacimiento arqueologico zona arqueologica	1-59796-S
arqueologico zona arqueologica	1-59796-S
arqueologo	16-14750-S
arqueometria	33-3113-B
arquera arquero flechera flechero	43-57662-B
arquero flechera flechero	43-57662-S
arquetipica arquetipico	47-24857-B
arquetipico	47-24857-S
arquetipo	46-57514-B
arquetipo ejemplo personificacion	58-46654-B
arquidiocesis arzobispado	22-65741-S
arquitecta arquitecto	11-9208-B
arquitecto	11-9208-S
arquitecto del paisaje paisajista	68-37163-B
arquitectonica arquitectonico	24-21021-B
arquitectonico	24-21021-S
arquitectonico patron de software	35-32080-S
arquitectura	1-60788-B,36-43103-B
arquitectura construccion	20-47208-B
arquitectura de red topologia de red	65-30910-B
arquitectura de sistemas	54-85348-B
arquitectura de software	54-87807-B
arquitectura del paisaje	3-96568-B
arquitectura gotica gotico	48-57780-B
arquitectura guiada por eventos	54-111145-B
arquitectura orientada a servicios	54-79560-B
arquitectura tradicional arquitectura vernacula	6-99332-B
arquitectura vernacula	6-99332-S
arraigado	39-32756-B
arrancar	15-55891-B,33-37145-B,63-62798-B
arrancar coger escoger	61-74343-B
arrancar en pendiente	63-63291-B
arrancar encender prender	63-62592-B
arranque	19-86659-B,63-62944-B
arranque en pendiente	63-63107-B
arrarnta occidental	35-82344-B
arrarnta oriental	35-2318-B
arras	32-9423-S
arrasante	62-78281-B
arrasar	62-78465-S
arrastrar	47-50409-B,62-98192-B
arrastre	12-95847-S
arrecife	4-145271-B
arrecife de coral	2-11377-B,6-62393-S
arrecife de coral barrera de coral	6-62935-B
arrecife dixon	39-44298-B
arreglado matrimonio concertado matrimonio forzado	60-5869-S
arreglar componer reparar recomponer	14-77503-B
arreglar estructurar	9-29877-B
arreglar estructurar organizar	23-35045-B
arreglarselas	22-33733-B
arreglista	47-26261-B
arreglo	19-90415-B,19-90707-B
arreglo disposicion	68-59528-B
arremedar mimar remedar	69-34200-B
arrendamiento	6-109205-B
arrendamiento renta	13-4151-S,68-28455-S
arrendar	15-85004-S
arrendataria arrendatario locataria locatario	42-55593-B
arrendatario locataria locatario	42-55593-S
arrepentida arrepentido contrito	47-107154-B
arrepentido contrito	47-107154-S
arrepentimiento	26-15179-B
arrepentimiento remordimiento	55-42989-B
arrepentirse	47-51854-B
arrestar capturar detener	13-11646-S
arresto detencion	22-33759-B,43-26546-B
arriba	19-68481-S,38-77485-S,45-93957-B,51-82639-S,57-66394-S,64-35819-S
arriba encima de	9-46542-B
arribar llegar	8-44535-S
arribista	7-87303-B
arribo	20-27227-S
arriesgada	63-61409-S,68-62427-S
arriesgada arriesgado poco fiable	11-25672-B
arriesgado poco fiable	11-25672-S
arritmia	48-24440-B
arroba	9-37059-B
arrocera	51-11414-S
arrocera arrocero	57-46258-B
arrocero	57-46258-S
arrodillarse	44-23462-B,60-9398-B,60-9569-B
arrogancia	17-48072-B
arrogante presuntuosa presuntuoso	67-30432-S
arrogante presuntuosa presuntuoso soberbia soberbio	17-48170-B
arrogantemente	47-26387-B
arrojar lanzar	8-68141-B
arrollar atropellar	46-67917-B
arroyo corriente	18-49077-B
arroyo riachuelo	1-106271-B
arroyuelo	33-7498-B
arroz	5-13008-B,17-75556-B,17-76107-S,50-70230-S,65-96171-S,66-57038-S,68-55882-S,69-60403-S,70-9773-B
arroz basmati basmati	65-12485-B
arroz blanco	65-13085-B
arroz cargo arroz integral arroz moreno arroz pardo	65-12754-B
arroz cocido	25-104182-B
arroz con leche	65-105-B
arroz congee	20-79832-B
arroz glutinoso	56-67345-B
arroz integral arroz moreno arroz pardo	65-12754-S
arroz japones japonica	52-2980-B
arroz jazmin arroz tailandes	65-12618-B
arroz moreno arroz pardo	65-12754-S
arroz pardo	65-12754-S
arroz tailandes	65-12618-S
arroz vaporizado	65-13007-B
arrozal	66-19767-B
arrozal campo de arroz	69-60403-B
arruga	47-53908-B
arrugado	21-98882-B
arrugado desalinado	12-37378-B
arruinar destruir devastar	61-33551-B
arrumbados pila de trastos trastos	15-72328-S
arsenal	46-63210-S
arsenico	1-63608-B
arsi guji	29-7587-S,29-7723-S
arta	36-6025-B
arte	1-64225-B,12-78139-B,12-78323-B,12-78539-B,19-145-B,47-20892-S,48-55531-S,50-33407-S
arte aborigen	36-61841-B
arte abstracto	33-74699-B
arte cinetico	37-49373-S
arte culinario	22-30765-S,22-33070-B
arte digital	25-64628-B
arte folclorico	37-46896-B
arte marcial	43-7373-B
arteria	12-70502-B,12-70704-B
arteria pulmonar	48-24083-B
arterial	62-83300-B
arterial tension sanguinea	23-68566-S
arteriosclerosis aterosclerosis	47-21073-B
arterioso	61-18868-S
arterioso persistente ductus arterioso persistente persistencia del conducto arterioso	61-18868-S
arterioso persistente persistencia del conducto arterioso	61-18868-S
arteritis	62-26919-B
artero zorro	46-65324-S
artes	12-77805-B,53-32541-S
artes liberales humanidades	47-50045-B
artes marciales mixtas	66-82740-B
artes oscuras	9-58883-S
artesana artesano	54-98886-B
artesanado	2-16187-B
artesanal	19-72423-B,20-61695-S
artesano	54-98886-S
artesiano	51-73484-S
artesiano pozo artesiano	51-73484-S
arthur range	38-47943-B
artica	1-61783-S,56-56718-S,56-56951-S
artica artico	47-25059-B
artico	1-61159-S,47-25059-S,47-50761-B,51-37411-S
articulacion	19-40003-B,61-65169-S
articulada articulado	53-44053-B
articulada articulado clara claro	47-26522-B
articuladamente	47-26877-B
articulado	53-44053-S
articulado clara claro	47-26522-S
articulados	1-64776-B
articular	11-75403-B,47-26724-S,53-44298-B,56-14585-B
articularse	40-15892-B
articulatoria	61-65398-S
articulo	8-87130-B
articulo a doble pagina	17-14446-B
articulo bien mueble mercaderia mercancia producto	52-92437-B
articulo definido articulo determinado	18-43344-B
articulo demostrativo	19-14002-B
articulo determinado	18-43344-S
articulo en wikipedia	44-3419-B
articulo indefinido articulo indeterminado	18-43627-B
articulo indeterminado	18-43627-S
articulo paper	63-109553-B
articulo posesivo	19-14269-B
articulo reportaje	8-87386-B
artifice	46-66415-B
artificial	1-65317-S,3-127416-S,18-63899-S,22-34269-B,25-742-S,46-23561-S,46-25538-S,58-103035-S,65-83556-S
artificial lengua construida lengua planificada	14-74437-S
artificiales	18-14527-S,65-67900-S
artificio	46-66278-B
artilleria	47-52228-B,47-52500-B,62-20618-B
artilugio	47-22366-B
artimana astucia estratagema truco	47-22105-S
artimana estratagema subterfugio truco	63-32293-S
artimana subterfugio	47-23153-B
artiodactilo	21-43419-B
artista	17-38353-B
artista interprete	11-10887-B
artistica	65-102558-S
artistica artistico	47-21718-B,47-21885-B
artistico	3-40406-S,47-21718-S,47-21885-S
artizado	34-40098-B
arto cambron escambron espino amarillo espino falso quita sombreros quitasombreros titinera	61-26052-B
artralgia	23-13829-B
artritica artritico	47-21534-B
artritico	47-21534-S
artritis	46-65538-B
artritis degenerativa artrosis osteoartritis	47-22680-B
artritis epidemica chikungunya fiebre de chikungunya	65-49360-B
artritis reumatoide artritis reumatoidea	21-52694-B
artritis reumatoidea	21-52694-S
artropodo	47-72068-B
artropodos	1-64405-B
artrosis osteoartritis	47-22680-S
aru	31-35037-S
arua	35-84031-B,35-84490-B
aruba	20-86623-B,32-37804-S
arubeno	39-45097-S
aruek	36-7208-B
arumano dialecto macedo rumano	32-43391-S
arumano escrito con escritura griega macedo rumano escrito con escritura griega	32-43126-B
arumano escrito con escritura latina macedo rumano escrito con escritura latina	32-42861-B
arumano escrito macedo rumano escrito	32-42682-B
arumano macedo rumano	32-42498-B
arunachal pradesh	29-45974-S,33-39053-B
arutani	36-5817-B
arvanitico	8-96002-B
arvanitico escrito	27-42759-B
arvanitico escrito con escirtura latina	27-42901-B
arvanitico hablado	27-43085-B
arveja chicharo guisante	43-14809-B
arzano	19-26649-B
arzeu	27-59211-B
arzobispado	22-65741-S,38-77205-B,38-77288-B
arzobispal	46-57793-B
arzobispo	46-56246-B
as	36-1459-B,66-3302-B
asa	62-93152-B
asa mango oreja	7-80258-B
asado a la parrilla	52-4254-S
asado asado a la parrilla	52-4254-B
asador barbacoa parrilla	50-57062-B
asadura	55-31248-B
asalariada asalariado	57-80279-B
asalariado	57-80279-S
asaltante atacante	46-80121-S
asaltar	19-82945-B
asalto	45-11777-S
asalto ataque	19-82694-S
asalto ofensiva	19-19518-B
asam	29-45904-S
asamblea	19-73498-B
asamblea extraordinaria	19-73992-B
asamblea extraordinaria totalitaria	19-74266-B
asamblea ordinaria	19-73769-B
asames	9-79383-B,30-6844-S,54-41961-S
asames asames	54-41961-S
asames hablado	30-7093-B
asar	17-81949-B,50-29889-B
asar a la parrilla	13-21046-S
asar asar a la parrilla	13-21046-B
asar en parrilla emparrillar	50-29544-B
asas	35-85761-B
asbesto	1-65495-S
asbestosis	6-115739-B
ascariasis	69-27003-B
ascendencia	46-8290-B
ascendente	34-40319-B
ascender	34-57325-B
ascender escalar montar subir trepar	14-12554-B
ascender montar subir	22-34780-B
ascender promover	23-153-B
ascendiente	46-67064-B
ascension	26-18145-B,46-67286-B
ascenso	69-24047-B
ascensor	46-39171-S
ascensor elevador	13-32439-B
asceta	46-68959-B
ascii	47-46632-B
asco	56-67869-B
asco aversion horror repugnancia repulsion	15-94832-S
ascoli piceno	34-26822-B,35-5370-B
asean asociacion de naciones del sureste asiatico	1-66040-B
asedio	12-33809-B
asegurador	64-19250-B
asegurar	68-84193-B
asegurar cerciorarse comprobar garantizar	69-75312-B
asegurar fijar sujetar	68-83125-S
asegurarse	68-84362-B
asemejarse a	42-50470-B
asenso	24-84987-B,24-85246-S
asentamiento humano	3-45219-B
asentamientos	5-43417-S
asentimiento	46-82245-S
asentir a concordar consentir en	46-82477-B
asentir conceder permitir	69-53134-B
asentir convenir	55-13482-S
aseo bano cuarto de bano	8-34133-B
aseptica	44-23975-S
aseptico	25-24027-B
asequible	49-27941-B
asequible barato economica economico	12-22009-S
asercion aseveracion	46-84487-B
aserradero	48-20091-B
aserrador aserradora	63-91678-B
aserradora	63-91678-S
aserrar cortar serrar	13-50512-B
asertiva asertivo	46-85011-B
asertivo	46-85011-S
asesina arma homicida	64-81077-S
asesina asesino	46-80357-B
asesinar	10-94329-B,10-94466-B
asesinar despachar matar	22-59113-B
asesinato	17-41360-B
asesinato en masa asesinato masivo	64-12274-B
asesinato homicidio	15-74270-B
asesinato masivo	64-12274-S
asesino	24-20685-B,46-80357-S
asesino a sueldo sicario	64-51092-B
asesino en masa asesino masivo	64-12419-B
asesino en serie asesino seriale	64-12131-B
asesino masivo	64-12419-S
asesino seriale	64-12131-S
asesor de imagen	60-80563-B
asesoramiento consulta	23-39394-B
aseveracion	46-84487-S
aseverar sostener	46-84100-S
asexuado asexual	46-69307-B
asexual	46-69307-S
asexualidad	16-39109-B
asfaltica arena bituminosa arena aceitera arena de alquitran arena de petroleo	5-108416-S
asfalto	46-75456-B
asfixia	21-20028-S,39-13446-B
asfixiar	46-75902-B
ashaninka	39-12794-B
ashe	35-11523-B
asheninka	39-16807-S,39-17268-S
asheninka del sur	39-17482-S
asheninka pajonal	39-332-B
ashkhar	28-15208-B
ashkun	36-90-B
asho chin	39-24866-B
ashraaf	29-13464-S
ashtiani	36-3764-B
asi	66-7352-B
asi en consecuencia entonces luego por consiguiente pues	14-48996-B
asi llamado	20-37190-B
asi sea	45-107991-S
asi supuestamente	45-62434-S
asia	1-66618-B
asia central	1-128039-B
asia del sudeste sudeste asiatico sureste asiatico	5-77710-B
asia menor	68-75091-S
asia menor capadocio	27-45909-S
asia meridional	5-79204-B
asia occidental	6-36782-B
asia oriental	2-66259-B
asia pacifico	24-50401-S
asiatico	1-66040-S,5-77710-S,32-19052-S,65-4366-B,65-4482-B,65-52548-S
asiatico hablado	32-19178-S
asiatico hemion onagro	16-64961-S
asiatico sureste asiatico	5-77710-S
asidua asiduo	22-51468-B
asiduidad	10-115580-B
asiduo	22-51468-S
asiento	10-80257-B,67-55874-S
asiento escano	8-88474-B
asiento partida contable	21-47051-B
asignable	47-64885-B
asignable atribuible	47-64778-B
asignacion	1-38233-S,46-86045-B
asignacion aleatoria	42-65648-B
asignacion de tiempo	6-78313-B
asignacion dinamica de memoria	63-115760-B
asignar	19-72515-B,45-78103-S,69-56254-B
asignar atribuir	34-57490-S
asignar atribuir conferir galardonar laurear otorgar premiar	34-41296-B
asignar dedicar	22-70664-B
asignar destinar	46-85821-B
asilo	47-3238-S
asilo proteccion refugio	70-2356-S
asilo refugio	19-65561-B
asilulu	36-188-B
asilvestrado	22-63135-B
asimetria	47-3896-B
asimetrica asimetrico	47-3475-B
asimetricas	65-55574-S
asimetrico	47-3475-S
asimilacion	1-67499-B
asimilar	46-86787-B
asimilar embeber	68-100747-S
asimismo igualmente	68-0-B
asimismo tambien	7-118871-B
asimov	54-18916-S
asincrona	70-2626-S
asincrona ensenanza asincrona	70-2626-S
asincrono	19-78163-B
asindeton	66-34772-B
asintomatica asintomatico	48-34360-B
asintomatico	48-34360-S
asintota	25-33551-B
asintotica	52-104837-S
asintotica asintotico	52-105245-B
asintotica notacion o mayuscula	58-91805-S
asintoticamente de forma asintotica	52-104837-B
asintoticamente optimo	58-90653-S
asintotico	52-105245-S
asir coger sujetar	22-9098-S
asir tomar	10-49172-S
asiria	47-54409-B
asirio	57-82016-S
asistencia	2-16410-S,19-91511-B
asistencia concurrencia	47-14829-B
asistencia judicial	3-87300-B
asistencia medica atencion cuidado cura	14-10377-B
asistencia posthospitalaria	45-8879-B
asistente	22-56162-B
asistente ayudante	19-75735-B
asistida	62-25217-S
asistida con animales zooterapia	67-77292-S
asistida por video	37-34236-S
asistido	44-31919-S
asistido por computador diseno asistido por ordenador	36-49457-S
asistido por ordenador	36-49457-S
asistir acudir comparecer hacer acto de presencia presentarse	47-9646-B
asistir asistir en el parto	12-69623-B
asistir ayudar socorrer auxiliar	46-88097-B
asistir en el parto	12-69623-S
asjabad	44-7732-B
askopan	40-57206-B
asma	11-102917-B
asmara	18-73663-B
asmat	36-1332-S
asmat central	39-13172-B
asmat de la costa cusuarina	35-85614-B
asmatica asmatico	46-89914-B,46-90083-B
asmatico	46-89914-S,46-90083-S
asno burro	11-102236-B
asno salvaje asiatico hemion onagro	16-64961-B
asoa	28-42984-B
asociacion de naciones del sureste asiatico	1-66040-S
asociacion profesional	7-34971-B
asociado	19-100267-S
asociar relacionar vincular	22-51646-B
asociarse ingresar inscribirse unirse	17-85838-B
asociativa	17-14047-S
asociativo	17-16241-S
asoleada asoleado	12-9217-B,12-9352-B
asoleado	12-9217-S,12-9352-S
asoleo insolacion	64-33115-B
asombrado sorprendido	45-105804-B
asombrar maravillar sorprender	45-105628-B
asombrar pasmar	46-92416-B
asombrar pasmar sorprender	46-90612-B
asombro sorpresa	45-105920-B,46-92250-B
asombrosa asombroso sorprendente	46-91156-B
asombrosamente sorprendentemente	46-96845-B
asombroso	46-92577-B
asombroso sorprendente	45-106043-B,46-91156-S
asparagales	15-70497-B
aspartame aspartamo	58-53448-B
aspartamo	58-53448-S
aspecto	15-36797-B,34-40490-B
aspecto asunto cuestion preocupacion	45-1689-B
aspecto gramatical aspecto verbal	65-23909-B
aspecto urbano	52-13485-B
aspecto verbal	65-23909-S
aspectos	65-17459-S
aspera aspero	47-54792-S,55-86259-S
asperger	44-15157-S
aspergilosis	23-14096-B
aspero	47-54792-S,55-86259-S
aspersion calumnia	39-49220-B
aspersor de agua bendita	17-19246-B
aspic	51-107902-B
aspid	46-73214-B
aspiracion	46-77383-B
aspiracion inhalacion	47-52622-B
aspiradora	45-30313-B
aspirante competidor contendiente rival	52-33548-B
aspirar	14-75456-S,18-88408-S,67-14056-B,69-2902-B
aspirina acido acetilsalicilico	10-26128-B
asqueada asqueado disgustada disgustado	57-40238-B
asqueado disgustada disgustado	57-40238-S
asquear repugnar	57-40053-B
asquerosa asqueroso repugnante	43-44375-B
asqueroso repugnante	43-44375-S
assam	46-75345-B
assangori	31-16552-B
assangori hablado	31-16729-B
assen	35-23813-B
assi	29-26349-B
assiniboine	35-85510-B
asta anterior asta frontal	66-90567-B
asta arma enastada	20-81149-S
asta astabandera	59-87759-B
asta frontal	66-90567-S
asta poste	69-60142-B
astabandera	59-87759-S
astana	18-73758-B
astas	55-57713-B
astato	13-22804-B
astenosfera	42-43871-S
