bleaching agent	1-100407-S
bleaching clay	1-100577-B
bleaching process	1-100800-B
bleak	69-37233-S
bleak common bleak	69-37233-S
bleed	12-3026-B
bleed to death	61-12457-B
bleeder s disease hemophilia hæmophilia	23-71727-S
bleeding	42-68705-B
blemish	68-47075-B
blemish damage deface	56-41029-B
blend	19-94478-B,50-5972-B
blend coalesce combine commingle conflate flux fuse immix meld	54-92762-S
blended course	70-3610-B
blended learning hybrid learning	25-990-B
blender	50-6922-B,52-60169-S,68-88896-B
blender immersion blender stick blender wand blender	52-60169-S
blender stick blender wand blender	52-60169-S
blender wand blender	52-60169-S
blenny viviparous eelpout	19-66859-S
blepharitis	62-28196-B
bless you	13-2455-B
blessed trinity holy trinity sacred trinity	17-26518-S
blessed virgin mary holy mary madonna mother of god saint mary virgin mary	13-28428-S
blessing	50-7119-B
bletheringly foggy	11-74585-B
bleu d auvergne	37-53236-B
blighter cuss gadfly pesterer	62-84153-S
blin	28-55401-S
blind	9-92917-B,56-42235-S,61-68149-B
blind angle blind area blind spot	66-68-B
blind area blind spot	66-68-S
blind spot	66-68-S,66-62213-B
blindfold	50-7482-B
blinding	17-52426-B
blinding dazzling fulgent glaring glary	56-19935-S
blindly	66-74877-B
blindness	4-51964-S,22-71140-B,69-26523-S,69-26764-S
blindness cecity sightlessness	61-15051-S
blindness color vision deficiency color blindness colour blindness colour blindness	69-26523-S
blindness colour blindness	69-26523-S
blindness colour blindness colour blindness	69-26523-S
blindworm slowworm	50-7269-B
blink	9-94060-B,59-21582-B
blinker direction indicator directional directional indicator directional signal flasher flashing indicator indicator indicator light turn indicator turn light turn signal turn signal flasher	63-7511-B
bliss	19-83238-B
bliss symbolics blissymbols	41-50678-B,69-36640-B
blissymbols	41-50678-S,69-36640-S
blister	9-44115-B
blistering caustic sulfurous sulphurous virulent vitriolic	15-73833-S
blithe cheerful cheery chirpy merry	51-38044-S
blithely gayly happily jubilantly merrily mirthfully with happiness	59-78580-B
blitzed boozed up canned drunk drunken ebrious groggy inebriate inebriated intoxicated juiced out of it plastered shit faced sloshed smashed sozzled trashed wasted well oiled	8-74627-B
blizzard	50-7603-B
bloater kipper	50-7763-B
block	1-55971-S,13-23031-S,14-93104-B,14-93535-B,14-94258-S,14-94803-B,15-59950-B,15-60195-S,26-16562-S
block blank out draw a blank	15-60649-B
block city block	14-94258-B
block cuboid	23-65511-B
block cylinder block engine block	15-60195-B
block engine block	15-60195-S
block of shares	21-46936-B
block off blockade close up impede jam obstruct obturate occlude	14-93298-S
block pulley pulley block	13-23031-B
block stop barricade block off blockade close up impede jam obstruct obturate occlude	14-93298-S
block stop blockage closure occlusion stoppage	15-60432-B
block veto	14-93920-B
blockade	12-26197-B
blockade close up impede jam obstruct obturate occlude	14-93298-S
blockage closure occlusion stoppage	15-60432-S
blockage nasal congestion nasal obstruction stuffed up nose stuffy nose	62-23024-S
blocked	54-75790-B
blocked nose nasal blockage nasal congestion nasal obstruction stuffed up nose stuffy nose	62-23024-B
bloemfontein	33-71545-B
blog	65-86068-B
blog web log weblog	17-90868-B
blogger	21-13585-B,63-45789-B
blogosphere	67-26592-B
blond	39-57691-B,39-57802-B,47-36261-B
blonde	50-8715-B
blood	1-100887-B,3-101392-S
blood alcohol test blood test	24-3282-B
blood bank	23-57499-B
blood bath bloodbath bloodshed butchery carnage massacre slaughter	23-50351-B
blood blood line bloodline descent line line of descent lineage parentage stock	15-19397-B
blood brain barrier	68-66405-B
blood cell	57-89384-S
blood cell red blood corpuscle	57-89742-S
blood circulation bloodstream	23-50230-B
blood clot thrombus	13-75396-B
blood corpuscle	57-89742-S
blood diamond conflict diamond converted diamond hot diamond war diamond	53-34139-B
blood donor	23-63269-B
blood doping	23-65178-B
blood feud vendetta	58-112923-B
blood glucose blood sugar	65-50869-B
blood glucose level blood sugar blood sugar concentration level of blood sugar	65-51067-B
blood heat	50-8835-B
blood line bloodline descent line line of descent lineage parentage stock	15-19397-S
blood money	50-9093-B
blood orange	66-16991-B
blood plasma	24-1733-B
blood plasma plasma	37-26545-B
blood platelet	38-1433-S
blood poisining	50-9653-B
blood poisoning	62-14836-S
blood pressure	23-68566-B
blood pressure meter sphygmomanometer	65-14591-B
blood red	50-14152-B
blood relation blood relative cognate	57-13397-B
blood relative cognate	57-13397-S
blood sausage	50-15856-B
blood sedimentation	16-77528-B
blood sucker	66-55964-S
blood sugar	65-50869-S,65-51067-S
blood sugar blood sugar concentration level of blood sugar	65-51067-S
blood sugar concentration level of blood sugar	65-51067-S
blood sugar hyperglycaemia hyperglycemia	65-51295-S
blood test	23-106050-B,24-3282-S
blood thinner	48-27448-S
blood thinner blood thinner	48-27448-S
blood transfusion	24-14739-B
blood type	9-43208-B
bloodbath bloodshed butchery carnage massacre slaughter	23-50351-S
blooded animal	6-16242-S
blooded dispassionate	54-30944-S
blooded poikilotherm poikilothermic	41-64015-S
bloodied gory sanguinolent	68-53968-S
bloodless livid ashen	23-51200-S
bloodless unbloody	55-68065-B
bloodline descent line line of descent lineage parentage stock	15-19397-S
bloodshed	15-61205-B
bloodshed butchery carnage massacre slaughter	23-50351-S
bloodstain	50-16159-B
bloodstream	23-50230-S
bloodsucker blood sucker	66-55964-B
bloodthirsty sanguinary	23-68338-B
bloody	23-46495-B
bloody bloodied gory sanguinolent	68-53968-B
bloom	1-33308-S,2-144358-S
bloom blossom flower	67-16973-B
bloom blossoming efflorescence flowering	60-29785-B
blossom	23-48370-S,57-69752-B
blossom flower	67-16973-S
blossom flower bloom	2-144358-B
blossom water orange flower water	56-51117-S
blossoming efflorescence flowering	60-29785-S
blouse	47-75725-B,60-47584-S
blow	8-51506-B,8-52072-B,15-61344-B,37-82511-B,67-27819-B,68-11981-B
blow bump	68-97097-B
blow coke nose candy snow	15-61477-B
blow drier blow dryer blow dryer blowdryer hair dryer hair dryer hairdryer	66-10668-B
blow dryer blow dryer blowdryer hair dryer hair dryer hairdryer	66-10668-S
blow dryer blowdryer hair dryer hair dryer hairdryer	66-10668-S
blow explode	8-51852-B
blow fellate go down on give head	15-61605-B
blow gas bluster boast brag bray gasconade shoot a line swash tout vaunt	62-18099-B
blow molding injection blow moulding	66-70096-S
blow moulding	66-70096-S
blow one s nose	68-12065-B
blow up detonate displode	20-39932-S
blowdryer hair dryer hair dryer hairdryer	66-10668-S
blower	50-16315-B
blowhole	37-82715-B
blt	51-21257-S
blt sandwich blt	51-21257-B
bludgeon club baton billy billy club billystick cudgel night stick nightstick truncheon	41-59426-B
bludgeon strike	25-102737-B
blue	9-21756-S,15-61817-B,15-62764-B,25-6524-S,34-80404-S,52-60517-S,52-60672-S,64-80842-S,64-80892-S
blue cerulean sky blue	9-21756-S
blue collar	33-68842-B
blue dark depressing disconsolate dismal dispiriting gloomy grim	57-50541-B
blue down down in the mouth downcast downhearted low low spirited	15-62202-S
blue eyed	25-6643-B
blue green alga cyanobacteria	1-101142-B
blue mahoe mahagua mahoe majagua	67-9030-S
blue mountains	38-49250-B
blue mussel	21-21217-B
blue planet	10-117274-S
blue whale sulfur bottom whale sulphur bottom whale	66-22576-B
blueberry huckleberry	25-106370-B
bluebottle cornflower	50-16986-B
bluebottle man of war	66-19540-S
bluefin tuna giant bluefin tuna northern bluefin tuna tunny	22-45916-S
bluefin tuna northern bluefin tuna tunny	22-45916-S
bluefin tuna tunny	22-45916-S
blueish	18-11611-S
blueprint	50-17453-B
blues	47-75412-B
blues harp	16-16167-S
bluetongue disease catarrhal fever	11-37475-B
bluetooth	54-107478-B
bluff	43-10835-B
bluish blueish	18-11611-B
blunder clanger gaffe	13-58010-B
blunderer botcher bungler	50-17620-B
blunt	60-82632-B
blunt weapon	22-81564-B
blur	53-22209-B,53-22379-B
blurred unfocused	24-803-S
blush	12-53273-B,19-90915-S
blush blusher rouge	49-69415-B
blusher rouge	49-69415-S
bluster boast brag bray gasconade shoot a line swash tout vaunt	62-18099-S
blésois	32-9890-B
bm bowel movement movement shitting	61-53762-S
bo	26-53970-S,36-58235-B,37-58688-B
bo laos spoken	27-10609-B
boa	70-9794-S
boa aboma slender boa	70-9794-S
boa vista	35-29240-B
boano	38-43503-B,38-43593-B
boar	8-24645-B,64-1288-S,64-1330-S
boar tusker wild boar	64-1330-B
boar wild boar wild hog	21-38875-B
boar wild hog	21-38875-S
board	7-71957-B,7-72287-B,15-63166-B,19-62177-S,20-2359-S,20-72423-S,22-87126-S,24-27680-S,61-66114-S,67-14170-S
board administrative council	20-20490-S
board board of directors board of governors board of managers board of trustees executive board	20-72423-S
board card circuit board circuit card	15-63814-B
board circuit card	15-63814-S
board control board control panel instrument panel panel	15-64280-B
board control panel instrument panel panel	15-64280-S
board council	20-20138-B
board cutting board	67-14170-S
board display board display panel	15-63372-B
board display panel	15-63372-S
board dry wipe board greaseboard markerboard pen board whiteboard	66-35950-S
board game	14-13176-B
board get on	15-63651-B
board greaseboard markerboard pen board whiteboard	66-35950-S
board mainboard system board	22-87126-S
board man overboard man overbord	60-41450-S
board member	19-62625-S
board nail file	58-14391-S
board of directors board of governors board of managers board of trustees executive board	20-72423-S
board of governors board of managers board of trustees executive board	20-72423-S
board of managers board of trustees executive board	20-72423-S
board of trustees executive board	20-72423-S
board room board room boardroom	66-85887-B
board room boardroom	66-85887-S
board springboard	57-71338-S
board whiteboard	66-35950-S
boarder	50-19099-B
boarding house	50-19319-B
boarding pass	67-56447-B
boarding school	50-24426-B
boardroom	66-85887-S
boardsailing windsurfing	68-21536-B
boast brag bray gasconade shoot a line swash tout vaunt	62-18099-S
boat	11-56588-B,13-38712-S,22-64668-S,24-36517-S,47-68016-B,55-94218-S
boat gravy boat gravy holder sauceboat	15-64783-B
boat gravy holder sauceboat	15-64783-S
boat rowboat rowing boat	13-38712-S
boat sail	14-86984-B
boat sauce boat saucière	60-93907-S
boat saucière	60-93907-S
boat submarine	5-99226-S
boat trip	24-85785-B
boater	32-62841-B
boathouse	50-28063-B
boating	1-101585-B
boatswain	50-28300-B
boatyard shipyard	49-26892-B
boazi	48-103055-S
bobbin	50-28747-B
bobo madaré	36-25806-S,38-30637-S
bobongko	36-57812-B
bobot	38-13588-B
bobsleigh	25-39431-B
bocage	6-64903-B
bode foreshow foretell predict prophesy	68-79620-S
bodied	23-45383-S
bodiless incorporeal	53-75161-S
bodily corporeal	55-59366-B
bodily fluid body fluid humor humour	68-9828-S
bodily function bodily process	68-12220-B
bodily process	68-12220-S
bodo	37-56692-B,37-90131-B
bodo gadaba	26-60736-B,41-53435-B
bodo gadaba spoken	26-61082-B
bodo gadaba written	26-60878-B
bodo gadaba written oriya script	26-60964-B
bodo parja	30-7281-B
bodo parja spoken	30-7743-B
bodo parja written	30-7375-B
bodo parja written oriya script	30-7534-B
body	3-87533-S,6-49878-S,12-71055-S,14-95188-B,35-66474-S,51-30715-S,65-78813-S
body administrative organ	1-10725-S
body board board of directors board of governors board of managers board of trustees executive board	20-72423-S
body cadaver clay dead body remains stiff	15-65007-B
body corporate juridical person juristic person legal person	65-98920-S
body fluid humor humour	68-9828-S
body language	24-82845-B
body mass index	45-83924-B
body of knowledge swebok	58-35169-S
body of water bounding main	4-46361-S
body of water water	6-30474-B
body organic structure physical structure	8-91480-B
body part	56-71845-B
body remains stiff	15-65007-S
body temperature	68-38837-B
bodyguard	50-28891-B
boereg burek börek	51-3922-B
bofi	36-55972-B
bog	6-130724-B
bog body	65-78813-B
boga	28-8242-B
boga kxoe spoken	30-46249-B
boga spoken	28-8304-B
bogan	27-12750-B
bogaya	37-24579-B
boghom	28-49265-B
boghom spoken	28-49331-B
bognak asungorung	31-17210-S
bognak bognak asungorung	31-17210-B
bognak spoken	31-17342-B
bogon spoken	31-40717-B
bogotá	21-20623-B
boguru	37-88085-B
bogus money counterfeit money	51-68583-B
bohaan	26-48262-B
bohemia	30-16435-S
bohemian waxwing	56-36783-B,68-54874-B
bohrium	13-31591-B
bohtan neo aramaic	36-67568-B
boikin	38-43046-B
boil	13-2231-S,14-95479-B
boil bring to a boil bring to the boil	13-2231-B
boil bring to the boil	13-2231-S
boil churn moil roil	15-65209-B
boil cook	16-16544-B
boil furuncle pimple zit	14-95681-B
boil parboil	17-60241-B
boiled egg	20-96453-B
boiled rice rice	25-104182-B
boiler	1-101672-B,12-89629-S
boiler steam generator	5-92678-S
boilerplate	38-55566-B
boiling	22-93068-B
boiling fowl	12-14003-B
boiling heat scorching heat sweltering heat	64-33022-S
boiling point	1-101985-B
boiling point elevation	45-36313-B
boise	16-3856-B
boisterous in a rant mischivous ranting wild	12-36826-B
boisterous rumbustious unruly	61-36230-S
bokmål	12-63405-S
bokmål norwegian bokmål	12-63405-B
boko	37-205-B,37-86926-B
bokobaru	38-24209-B
bokor u ge	31-18450-B
bokor u ge spoken	31-18516-B
bokoto	36-47722-B
bokwa spoken	28-4970-B
bokyi	37-969-B
bola	37-20078-B
bolango	37-1310-B
bold	36-3098-B
bole	28-47635-B
bole spoken	28-47887-B
bole written	28-47776-B
bolete	61-78040-B,61-78839-S
bolete penny bun	52-8507-S
bolete pinewood king bolete	61-78839-S
boletus of the steppes king oyster mushroom king trumpet mushroom	67-12761-S
bolgo	38-26171-B
boli	29-32723-S
boli lahuli of bunan poonan punan	36-57362-S
bolia	37-1736-B
bolide	54-94054-S
bolivia	11-69965-S
bolivia republic of bolivia	11-69965-B
bolivian	49-50842-B,49-51030-B
bolivian guaraní	42-974-S,42-13012-S
bolivian sign language	37-91755-B
boliviano	24-44171-B,31-55435-B
bollard	50-29320-B,67-61245-S
bollock nut orchis testicle testis	15-1718-S
bolo	37-9658-B
bologna	34-31631-B,35-7283-B
boloki	37-1854-B
bolon	37-23060-B
bolondo	37-2090-B
bolongan	37-5806-B
bolshevik revolution great october socialist revolution october uprising red october	67-14486-S
bolt	22-64064-B
bolt bolt out run off run out	69-75435-S
bolt eyebolt	59-98425-S
bolt out run off run out	69-75435-S
bolzano	34-35672-B
bolívar	24-43545-B
bom	37-11240-B
boma	37-1974-B
bomb	9-90558-S,11-567-B,11-738-S,11-826-B,11-941-B,11-1025-B,42-50978-S,51-60845-S,53-57890-S,65-62569-S,65-62686-S
bomb aerosol can aerosol container aerosol tin spray can	5-87037-S
bomb attack	22-52379-B
bomb bombard	11-1117-B
bomb bombshell sex bomb	11-738-B
bomb guided bomb unit	58-57992-S
bomb mail bomb	65-62686-S
bomb post bomb	65-62569-S
bomb thermobaric device vacuum bomb	42-50978-S
bomb unit	58-57992-S
bombard	11-1117-S
bombardment	50-30716-B
bombardon	62-87129-B
bombay mumbai	21-18923-B
bomber	50-30827-B
bomboli	37-11600-B
bomboma	38-30742-B
bombshell sex bomb	11-738-S
bomu	37-12014-B
bomwali	37-12334-B
bon gula	41-67296-B
bona fide in good faith	69-55586-B
bonaire	33-71807-B
bonaire s papiamentu boneriano	32-37942-B
bonan	26-51796-B,26-52124-S
bonan spoken	26-52024-B
bond	23-78816-B,23-79171-B,26-8743-S,52-59654-B,52-59780-B,70-14835-S
bond debenture voucher	23-78984-B
bond duration	12-43983-S
bondei	37-24811-B
bondo	26-61655-B,26-61906-S,26-61979-S
bondo spoken	26-61833-B
bondoukou kulango	49-22383-B
bondoy	26-57592-B
bondum bondum dogon bondum dom bondum dom dogon	39-33850-B
bondum dogon bondum dom bondum dom dogon	39-33850-S
bondum dom bondum dom dogon	39-33850-S
bondum dom dogon	39-33850-S
bone	8-47320-B,8-47601-B,50-28606-B,61-91252-S,65-101633-S,67-58660-S,67-59280-S,67-59492-S,67-59740-S,67-59941-S,67-60131-S,67-60346-S,67-60522-S,67-60795-S,67-73961-S
bone baculum penile bone	65-101633-S
bone bone up cram drum get up grind away mug up swot swot up	15-98806-B
bone butterfly bone	67-59941-S
bone cheekbone malar bone zygoma	41-55094-S
bone clavicle	52-67545-S
bone debone	15-98709-B
bone fibula	51-20674-S
bone fracture fracture	61-46922-S
bone hip bone innominate bone pelvic bone ınnominate bone	67-73961-S
bone inferior maxillary bone jawbone mandibula submaxilla	67-58884-S
bone innominate bone pelvic bone ınnominate bone	67-73961-S
bone jawbone mandibula submaxilla	67-58884-S
bone marrow marrow	25-105841-B
bone of pelvic girdle coxal bone hip bone innominate bone pelvic bone ınnominate bone	67-73961-B
bone pelvic bone ınnominate bone	67-73961-S
bone pubis	66-24626-S
bone shinbone tibia	40-58629-S
bone shoulderblade	67-22882-S
bone thighbone	36-5396-S
bone tired bone tired dead tired dog tired	17-74786-B
bone tired dead tired dog tired	17-74786-S
bone to pick have a crow to pick	38-29138-S
bone ulna	56-76152-S
bone up cram drum get up grind away mug up swot swot up	15-98806-S
bone zygoma	41-55094-S
bone ınnominate bone	67-73961-S
boner	61-116-S
bonerate	37-12713-B
boneriano	32-37942-S
bonerif	37-20679-B
bones	64-39684-B
bones metatarsus	65-101103-S
bonfire	59-26274-B
bong water pipe	60-83132-B
bonggi	36-34553-B
bonggo	37-57123-B
bongili	38-23577-B
bongo	28-40082-B,28-40647-S,28-40745-S
bongo bongo drum	18-17156-B
bongo drum	18-17156-S
bongo spoken	28-40528-B
bongo written	28-40220-B
bongu	37-58506-B
boni	29-10785-B
boni spoken	29-10976-B
boni written	29-10865-B
bonifacio	66-20317-S
bonjo	37-23451-B
bonkeng	38-25717-B
bonkers illogical	45-22811-S
bonkiman	37-23798-B
bonn	10-38213-B
bonny	43-21210-S
bonobo	45-104310-B
bonom	27-16939-S
bonsai	18-11899-B
bontoc	37-12892-S
bonus	22-56869-B
boo	10-97127-B,64-20794-B,64-21100-B,64-21393-B,64-21629-B
boob job breast augmentation breast enlargement mammoplasty enlargement	51-11598-S
boob tube google box idiot box television television receiver tv tv set	10-98823-S
boobies boobs bosom breasts funbags knockers tits	63-47015-B
boobs bosom breasts funbags knockers tits	63-47015-S
booby	8-30626-B
boodle booty spoils	19-89780-S
booger	68-11134-S
book	1-102273-B,15-99340-S,15-99614-B,55-50739-S,59-52543-S
