amuru	31-48956-S
amusia	65-68724-B
amuzgo	9-78514-B
amuzgo bajo del este amuzgo de ipalapa	36-20186-B
amuzgo de ipalapa	36-20186-S
amuzgo de san pedro amuzgos	36-19960-B
amuzgo del norte	17-35968-B
amuzgos	36-19960-S
amwythig	28-28722-B
an	31-10713-S,39-34274-S,41-12237-S
anaang	35-59015-B
anabolismo	23-17899-B
anabolismo biosintesis	1-96214-B
anacardo	66-59951-B
anacardo merey pajuil	66-60072-B
anacate chantarela rebozuelo	61-79054-B
anaconda	16-76772-B
anacoreta	15-86977-B
anacronismo	15-89024-B
anade	8-28871-S
anade rabudo	56-35379-B
anade real	35-77702-S
anadido	21-73600-S
anadidura	34-26087-S
anadir	10-46871-S,46-45317-S
anadir lena al fuego	61-83404-B
anadroma anadromo	41-5325-S
anadroma anadromo anadroma anadromo	41-5325-B
anadromo	41-5325-S
anadromo anadroma anadromo	41-5325-S
anaerobico	33-47892-B
anafase	25-26707-B
anafilactico	23-9887-S
anafilaxis choque anafilactico	23-9887-B
anafora	54-4593-B
anagrama	19-78771-B
anakalangu	35-27647-B
anal	3-40801-S,16-37133-S,16-83884-S,35-56162-B,57-60441-S,58-74163-B
anal anal	16-83884-S
anal anales anal	3-40801-S
anal anual anal	57-60441-B
anal raja	55-67857-S
analema	47-95682-B
anales	46-11887-B
anales anal	3-40801-S
analfabeta analfabeto iletrada iletrado	19-65306-B
analfabetismo	60-15898-B
analfabeto iletrada iletrado	19-65306-S
analgesica analgesico anodina anodino	35-35244-B
analgesico	42-14860-B
analgesico anodina anodino	35-35244-S
analisis	45-61383-B
analisis costo beneficio	2-13525-B
analisis cuantitativo	47-59958-B
analisis dafo analisis dofa analisis foda	47-59490-B
analisis de algoritmos	47-62740-B
analisis de contenidos	47-60961-B
analisis de datos	2-25024-B
analisis de imagenes	47-63044-B
analisis de proceso	6-86562-B
analisis de regresion	47-62077-B
analisis de rendimiento	47-62453-B
analisis de requerimientos	47-61244-B,58-35678-B
analisis de riesgo beneficio	5-15753-B
analisis de ruido	4-30627-B
analisis de sangre	23-106050-B
analisis de sensibilidad	5-40829-B
analisis de sistemas	5-106373-B
analisis de vulnerabilidad	47-60688-B
analisis del riesgo	5-14769-B
analisis digital	69-63740-B
analisis dinamico	52-69789-B
analisis dofa analisis foda	47-59490-S
analisis economico	2-69744-B
analisis estadistico	5-91856-B
analisis estatico	52-69469-B
analisis factorial analisis factorial de correspondencias	47-59059-B
analisis factorial de correspondencias	47-59059-S
analisis financiero	47-60398-B
analisis foda	47-59490-S
analisis in vitro	3-80887-B
analisis in vivo	3-81056-B
analisis matematico	3-137510-B
analisis meiotico	25-25261-B
analisis microbiologico	3-144623-B
analisis numerico	47-61859-B
analisis quimico	1-131755-B
analisis sintactico	58-96918-B
analisis tecnico	47-58712-B
analisis web	64-52550-B
analista	19-59112-B
analista cronista	46-11775-B
analitica	1-45522-S,37-43544-S,58-89484-S
analitica analitico	48-5112-B
analitico	1-45838-S,48-5112-S
analizar	5-117844-S,69-31700-B
analizar escudrinar observar	12-74699-B
analizar gramaticalmente	19-16634-B
analogamente	65-342-B
analogia	26-9665-B
analogica analogico	52-54180-B
analogico	52-54180-S
analogo	26-9526-B
anambe	34-76299-B
anamgura	43-8909-B
anamnesis	36-20726-B,36-20926-B,36-21078-B,36-23375-B
anaquel estante repisa	14-48629-B
anaranjada anaranjado naranja	8-15592-B,67-47008-B
anaranjado naranja	8-15592-S,67-47008-S
anarquia	26-9880-B
anarquico	18-39895-B
anarquismo	9-90782-B
anarquista	18-39747-B
anasi	37-57912-B
anatema	14-68484-B,14-68798-B
anatema maldicion	22-17475-B
anatida	47-71918-B
anatidas	1-45938-B
anatolia asia menor	68-75091-B
anatomia	1-46237-B
anatomia diseccion	57-57779-B
anatomico	46-8161-B
anatomista	17-17323-B
anatomizar	57-57578-S
anauli	26-25122-B
anca	34-82835-B
ancas de rana	52-7282-B
ancestra ancestro antepasada antepasado	10-2973-B
ancestral	46-8703-B
ancestro antepasada antepasado	10-2973-S
ancestro comun mas reciente	36-33872-S
ancha	6-69003-S,63-28654-S,63-28824-S
ancha ancho	7-75980-B
ancha ancho espaciosa espacioso vasta vasto	52-59265-S
anchikh	28-18598-B
ancho	7-75980-S
ancho de banda	44-37763-B
ancho de un cabello	61-37243-S
ancho espaciosa espacioso vasta vasto	52-59265-S
anchoa boqueron	33-1889-B
anchura	48-6367-B
anciana anciano	14-26713-B
anciana anciano vieja viejo	35-14585-B,45-9884-B
ancianato residencia de ancianos	56-59035-B
anciano	14-26713-S
anciano vieja viejo	35-14585-S,45-9884-S
ancianos	56-59035-S
ancla ancora	46-9116-B
ancla de proa	12-7723-B
ancona	34-26289-B,35-4182-B
ancora	46-9116-S
and integration	66-12329-S
anda ya	25-101758-B
andador	33-15545-B
andalucia	21-87351-B
andalus	48-9596-S
andalusi	31-60032-S
andaluz	31-52076-B
andaluz andaluza	48-11859-B,48-12102-B
andaluz hablado	31-52117-B
andaluza	48-11859-S,48-12102-S
andaman	43-56209-S
andaman criollo hindi	42-45758-B
andamanes	26-53122-B,26-53348-S
andamanes central	26-54427-S
andamanes del norte	26-53427-S
andamanes del sur	26-56093-S
andamiaje	60-15758-B
andamiaje andamio	12-65915-B
andamio	12-65915-S
andando andar ir	8-63490-S
andaqui	35-54364-B
andar	10-51865-S,61-23105-S
andar dirigirse encaminarse partir trasladarse	14-8066-S
andar elegante	61-28772-B
andar ir	8-63490-S
andarum	35-74126-B
andegerebinha	34-85754-B
anden plattform	58-73380-S
andes	13-10631-B
andh	35-58652-B
andhara pradesh	29-46171-S
andhra gadaba	26-61291-S
andhra pradesh	33-38875-B
andi	28-17404-B
andi dido	28-16979-S
andi hablado	28-17505-B
andii	54-42534-B
andina andino	48-4885-B
andinai	28-43721-S
andino	48-4885-S
andio	38-42763-B
andoa	35-55423-B
andoque	35-56354-B
andorra	8-1565-B
andorra la vella andorra la vieja	15-67196-B
andorra la vieja	15-67196-S
andorrana andorrano	51-68208-B
andorrano	51-68208-S
andorres	50-3623-S
andra hus	35-59105-B
andragogia	25-619-B
andrajosa andrajoso harapienta harapiento	59-65222-B
andrajoso harapienta harapiento	59-65222-S
andre	32-11740-S
andre leba n	28-42050-B
andre leba s	28-42164-B
andre leba ti	28-41957-S
andria trani	34-35474-S
androceo	67-64660-B
androgeno	11-39668-B
androgino	11-39355-B
android	57-52720-B
androide	24-59250-B
androloga andrologo	16-64766-B
andrologia	51-53765-B
andrologo	16-64766-S
andromeda	12-80302-S,37-85090-B,37-85398-B
anecdota	11-96295-B
anecdotica anecdotico	60-9017-B
anecdotico	60-9017-S
anegamiento	68-69632-B
anegar inundar	17-99176-B
aneityum	36-5932-B
anej escrito	31-31286-B
anej escrito con escritura latina	31-31417-B
anej escrito en escritura etiopica	31-31576-B
aneja anejo anexa anexo	60-15570-B
anejo anexa anexo	60-15570-S
anejo anexo anadidura	34-26087-S
anelido	47-71762-B
anem	35-59317-B
aneme wake	34-82526-B
anemia	23-10718-B
anemia falciforme	58-108705-B
anemica livida livido palida palido anemico	23-51200-B
anemico	23-51200-S
anemoclinometro	39-23933-B
anemometro	18-33195-B
anemona	46-9629-B
anencefalia	61-88399-B
anestesia anestesico	46-5963-B
anestesiar	46-6739-B
anestesico	46-5963-S
anestesiologa anestesiologo	16-88864-S
anestesiologia	59-88455-B
anestesiologo	16-88864-S
anestesista anestesiologa anestesiologo	16-88864-B
aneurisma	60-16039-B
aneutronica	46-77123-S
anexa anexo	60-15570-S
anexar anadir	46-45317-S
anexar unir	43-22741-S
anexion	22-17612-B
anexo	60-15570-S
anexo anadidura	34-26087-S
anexo apendice	19-50138-B
anfetamina	46-3699-B
anfibio	46-4018-B
anfibios	1-44963-B
anfidroma anfidromo	47-90771-S
anfidroma anfidromo anfidroma anfidromo	47-90771-B
anfidromo	47-90771-S
anfidromo anfidroma anfidromo	47-90771-S
anfigeno calcogeno	2-83074-B
anfillo	31-48557-S
anfiteatro	46-4872-B
anfitrion organizador organizadora	33-66170-S
anfitriona anfitrion organizador organizadora	33-66170-B
anfora	49-79474-B
anga	29-56826-S
angaatiha	35-8669-B
angal	35-7877-B
angal enen	35-74238-B
angal heneng	35-27781-B
angel	17-13071-B,17-13277-B
angel de la muerte	58-1859-B
angeles	14-91385-S
angelical	46-9923-B
angelicidad	68-48443-B
angevin	32-10325-B
angevin orleanais	32-9565-B
angevina angevino	60-55886-B
angevino	60-55886-S
angika	29-56376-B
angika escrito	29-56480-B
angika escrito con escritura anga	29-56826-B
angika escrito con escritura kaithi	29-56629-B
angika escrito en devanagari	29-57015-B
angika hablado	29-57202-B
angiogenesis	68-5872-B
angiografia	60-16381-B
angiograma	60-16876-B
angioplastia	48-23229-B
angiosperma	47-71479-B
angiospermas plantas de florecimiento	1-46460-B
angkola	35-27092-S
angku	27-6584-B
angkuico	27-6480-S
anglicana	46-10407-S
anglicana anglicano	51-50405-B
anglicano	46-10282-B,51-50405-S
anglicismo	18-89122-B
anglo normando	32-7775-S
anglofilo	46-11341-B
anglohablante angloparlante	60-89725-B
anglonormandas islas del canal	24-91921-S
anglonormando anglo normando	32-7775-B
angloparlante	60-89725-S
angloromani	30-22828-B,30-22983-S
angloromani africano	30-23388-B
angloromani americano	30-23223-B
angloromani australiano	30-23549-B
anglosajon ingles antiguo	9-97660-B
angola	8-4226-B
angolano	44-11481-S
angolar	32-36749-B
angolena angoleno	60-17145-B,60-17327-B
angoleno	60-17145-S,60-17327-S
angor	35-8097-B
angoram	35-74467-B
angosto del ancho de un cabello	61-37243-B
angosto delgado	66-86047-B
angstrom	26-10762-B
anguila	33-543-B
anguila angula	19-66631-B
anguila ingles criollo de antigua y barbuda ingles criollo de kokoy ingles criollo de monserrat ingles criollo de san cristobal	35-18408-S
anguilense	55-44765-B
angula	19-66631-S,47-82664-B
angular	24-35068-S,48-5319-B,55-56213-S,55-56420-S
angulema	50-23303-B
angulo	17-2344-B,17-2674-B,67-77068-S
angulo muerto	66-68-B
angustia	46-11497-B
angustiosa angustioso atroz espantosa espantoso	19-83557-B
angustiosa angustioso dolorosa doloroso	57-63535-B
angustioso atroz espantosa espantoso	19-83557-S
angustioso dolorosa doloroso	57-63535-S
angwe	28-43617-S
anhalt	18-59304-S
anhelante deseosa deseoso	20-60670-B
anhelar desear	14-3834-B
anhelo	22-18173-B
anhelo anoranza	14-99327-B
anhelo deseo solicitud pedido	19-71634-B
anhidrosis	64-72223-B
anhidruro	64-65054-B
ania	29-7488-B
anidamiento	6-67645-S
anidar	52-111570-B
anii	37-6409-B
anil indigo	47-28195-B,66-84639-B,66-84787-B
anillado	55-96058-S
anillo	8-36516-B
anillo algebra no asociativa	17-14047-B
anillo anillo asociativo	17-16241-B
anillo anillo unitario	17-13478-B
anillo asociativo	17-16241-S
anillo conmutativo	68-1543-B
anillo de boda anillo matrimonial	7-109866-S
anillo de compromiso	46-73933-B
anillo de crecimiento cerco anual	43-57344-B
anillo de diamantes	58-115101-B
anillo de oro	56-82758-B
anillo de piston segmento	13-30373-B
anillo de plata	56-82883-B
anillo matrimonial	7-109866-S
anillo planetario	39-30671-B
anillo unitario	17-13478-S
anillos	20-95598-S,21-0-S,33-20991-S,68-1757-S
animacion	19-63313-B
animacion con transparencias animacion sobre acetato	68-91537-B
animacion sobre acetato	68-91537-S
animada de pantalla	44-6656-S
animado historieta	48-78174-S
animador	68-90618-B
animal	1-47840-S,1-48335-S,1-48604-S,1-49130-S,1-49448-S,1-49725-S,1-49967-S,1-50840-B,4-1479-S,6-49602-S,6-53364-S,6-68120-S,6-68220-S,6-119630-S,45-48551-S,49-35095-S,57-83350-S
animal acuatico	1-57767-B
animal atropellado	12-65265-B
animal de caballeria cabalgadura	64-79633-B
animal de carga animal de tiro	56-32405-B
animal de piel	3-5434-B
animal de prueba	5-118345-B
animal de sangre caliente	6-16242-B
animal de tiro	56-32405-S
animal de trabajo	60-85339-B
animal del campo	2-130846-B
animal domesticado animal domestico	2-56033-B
animal domestico	2-56033-S,4-73333-B
animal legendario animal mitico criatura mitica	21-42185-B
animal mitico criatura mitica	21-42185-S
animal para matadero	1-50302-B
animales	1-47556-S,1-48076-S,1-50099-S,1-50523-S,1-51485-S,6-102010-S,23-68928-S
animales ganaderia	3-115216-S
animales refugio para animales	1-50523-S
animales zooterapia	67-77292-S
animalia animal	49-35095-B
animar	47-102508-B,47-102689-S,58-23014-B
anime	25-38454-B
animere	35-55776-B
animo	14-98658-S
animosa animoso corajuda corajudo valiente	55-72866-B
animoso corajuda corajudo valiente	55-72866-S
anindilyakwa	35-74660-B
anino	61-36583-B
anion	1-51607-B
aniquilacion	46-13243-B
aniquilador catastrofico devastador	20-25075-B,61-33338-B
aniquilar	22-17942-B
anis	46-11623-B
anisotropa anisotropo	53-42189-B
anisotropia	46-77501-B
anisotropo	53-42189-S
aniversario	8-32177-S,19-66349-B,42-36710-S
aniwa	41-48015-S
anjam	37-23366-B
anjou	48-7942-B,48-8085-B
ankara	18-73458-B,26-20521-B
ankave	34-76188-B
ankwa	43-2671-S
anmatyerre	35-53076-B
anmen	46-35665-S
anna	32-49837-B
annapolis	16-4801-B
annecy	50-20544-B
ano	5-33594-S,7-71606-B,7-94479-B,7-94730-B,14-26950-S,18-34130-S,18-70253-S,47-82998-B,62-92695-B,62-92932-B
ano academico ano escolar	47-929-B
ano anterior	56-4075-B
ano bisiesto	19-31459-B
ano comun	47-83339-B
ano de casado	38-27620-B
ano de construccion ano de fabricacion	66-37696-B
ano de fabricacion	66-37696-S
ano escolar	47-929-S
ano luz	37-14122-B
ano nuevo	18-13892-B,18-36933-S,18-63477-S
ano nuevo resolucion de ano nuevo	18-63477-S
ano sabatico	58-26662-B
anoche	60-88908-B
anochecer crepusculo	14-31461-B
anodina anodino	35-35244-S
anodina anodino insubstancial insustancial	54-40289-B
anodino	35-35244-S
anodino insubstancial insustancial	54-40289-S
anodo	42-27359-B,42-27519-B,42-27634-B
anomala anomalo desviada desviado	46-17683-S
anomala anomalo desviada desviado excepcional	15-94448-S
anomalia	35-54193-B
anomalia anormalidad	43-69757-B
anomalia desviacion	57-3239-B
anomalia monstruosidad	69-41299-S,69-41460-S
anomalo desviada desviado	46-17683-S
anomalo desviada desviado excepcional	15-94448-S
anomia	61-49532-B
anonima anonimo	19-49364-B
anonimato	19-49597-B
anonimo	19-49364-S
anor	35-55971-B
anorak	46-18600-B
anoranza	14-99327-S
anoranza nostalgia	66-67105-B
anorexia	23-10869-B,46-68201-B
anorexica	56-57748-B
anorexico	56-57558-B,56-57626-B,56-57882-B
anorexie nerviosa	46-18767-B
anormal	34-80200-B
anormal anomala anomalo desviada desviado	46-17683-B
anormal anomala anomalo desviada desviado excepcional	15-94448-S
anormal desviada desviado	57-3434-B
anormalidad	43-69757-S
anormalmente	60-69602-B
anos	20-10272-S,25-13866-S
anos tienes	66-57923-S
anosognosia	57-8048-B
anotacion	18-57972-B,46-13727-B
anotar	13-48122-B,46-13581-B
anotar marcar	10-91482-B
anoxia	51-48931-B
anoxica anoxico	51-72948-B
anoxico	51-72948-S
anquiloglosia	66-65245-B
ansar	25-61012-S
ansaron	63-90295-B
anseriforme	11-9543-B
anserma	35-58734-B
ansi instituto estadounidense de estandares	64-68760-B
ansiar	44-46282-B
ansiedad	19-42754-B
ansiolitico	65-88180-B
ansiosamente avidamente	59-6069-B
ansioso	46-29077-B
ansus	35-55515-B
antagonico	46-19904-S
antagonismo	1-51732-B
antagonista antagonico	46-19904-B
antagonista enemigo opositor	18-57101-S
antakarinya	35-58821-B
antalya	26-20965-B
antananarivo	18-73553-B
antankarana malgache	45-103051-B
