huishui hmong	30-61405-S,30-62196-S,31-2310-S,31-2839-S
huishui hmong written	31-0-S,31-2412-S,31-2933-S
huishui hmong written latin script	30-61497-S,31-177-S,31-2609-S,31-3112-S
huitoto	42-58978-S,42-63689-S
huitoto nɨpode	42-63980-S
huizhou chinese	39-29563-S
huizhou huizhou chinese	39-29563-S
hukumina	42-63889-B
hula	42-63065-B
hula painted frog	69-23749-B
hula ula hulaulá	42-64096-B
hulaulá	42-64096-S
huli	42-62894-B
hull craft	5-145906-S
hulled rice	65-12754-S
hulung	42-62977-B
hum	51-94255-S
human being	3-126098-S
human biology	3-43594-B
human body	6-49878-B
human computer interaction man machine interaction	35-32822-B
human ecology	3-43754-B
human genome	45-74952-B
human genome project	45-97319-B
human geography	25-83218-B
human growth hormone	23-43331-B
human health	3-44208-B
human hominid homo	22-78527-B
human immunodeficiency virus	21-51633-S
human kinetics kinesiology	66-78786-B
human made disaster	3-44653-B
human man human being	3-126098-B
human papillomavirus	23-33617-B
human pathology	3-44786-B
human physiology	3-44972-B
human resources personnel department	22-83095-S
human right	3-45132-B
human science	6-49957-B
human settlement	3-45219-B
humanism	37-48195-B,37-48527-B
humanitarian	21-30698-B
humanitarian aid	7-19484-B
humanitarian assistance	25-65678-B
humanitarianism	37-48932-B
humanities education	25-77682-B
humanities liberal arts	47-50045-B
humanity humankind man mankind	7-62381-B
humankind man mankind	7-62381-S
humanlike humanoid manlike	53-84603-S
humanoid humanoid robot mechanical man	24-58921-B
humanoid manlike	53-84603-S
humanoid robot mechanical man	24-58921-S
humble opinion	17-47618-S
humboldt current	37-67218-B
humburi senni humburi senni songai humburi senni songhai humburi senni songhay songhay of hombori	32-60429-B
humburi senni songai humburi senni songhai humburi senni songhay songhay of hombori	32-60429-S
humburi senni songhai humburi senni songhay songhay of hombori	32-60429-S
humburi senni songhay songhay of hombori	32-60429-S
humburi senni songhay spoken	32-60912-B
humburi senni songhay written	32-60733-B
humene	42-62667-B
humerus	35-16354-B
humidifier	23-74158-B
humidity	1-69416-S,51-72560-S,52-21517-S
humidity air humidity	51-72560-B
humiliate mortify	20-17823-S
humility	40-46566-B
humla	42-63629-B
hummingbird	34-60383-B
hummingbird moth sphingid sphinx moth	65-15231-S
humor humour	68-9828-S
humoral immunity	23-56013-B
humorous	9-70616-S
humorous humourous	42-38369-B
humour	68-9828-S
humourous	42-38369-S
humpback whale	56-33622-B
humus	3-45582-B,10-117902-B
hun saare	40-46584-B
hunanese xiang xiang chinese	42-58343-B
hunde	42-48178-B
hundred	9-72397-S,49-6276-S,66-40860-S,66-58582-S,66-59660-S,66-61295-S,67-56581-S,67-90438-S,68-2661-S
hundred and one	10-35746-S
hundred and one one hundred and one	10-35746-B
hundred million	68-1352-S
hundred one hundred	9-72397-B
hundredth	57-36724-B
hung	27-11357-B,31-11089-B
hung spoken	27-11436-B
hungana	42-63148-B
hungarian	8-81161-B,17-4143-B,17-4321-B
hungarian empire	15-48681-S
hungarian forint	44-9797-B
hungarian magyar	33-54508-B
hungarian sign language	42-58145-B
hungary	8-559-S
hungary austro hungarian empire	15-48681-S
hungary republic of hungary	8-559-B
hunger	10-95939-S,11-103146-B
hunger craving for power	22-32945-S
hunger famish starve	37-7237-B
hunger pang pang of hunger	10-95939-B
hungry	9-10797-B,22-32676-S
hungry covetous greedy moneygrubbing	54-94483-S
hungry power mad power obsessed power thirsty	54-95580-S
hungry power thirsty power crazed power hungry power mad power obsessed power thirsty	54-95580-S
hunker down squat squat down	62-37886-S
hunt	3-45747-S,8-61883-B
hunter	20-92716-B
hunter fugitive recovery agent	60-14389-S
hunting hunt	3-45747-B
hunzib	28-21237-B
hupa	41-14415-S
hupdë	43-54280-B
hupla	42-36120-B
hurcheon sea urchin sea urchin urchin	17-76816-B
hurdy gurdy	55-61710-B
hurl puke puke up regurgitate retch toss one s cookies yak	7-97481-S
hurricane	3-45916-B
hurry	14-53051-B
hurry rush festinate hasten look sharp	14-52897-B
hurt	13-86600-B,20-53985-B
hus	35-59105-S
hus haemolytic uraemic syndrome hemolytic uremic syndrome	66-22202-B
husband	60-65496-S
husband spouse	7-62657-B
husbandry	1-48820-S
hut	14-97673-B,27-22865-S,38-46188-B
hutterite german	41-12334-B
hutzpah	60-48641-S
huwa	27-54237-S
hwana	28-8404-B
hya	28-7802-B
hyacinth	6-26286-S
hyaluronan ha hyaluronate hyaluronic acid	69-24206-B
hyaluronate hyaluronic acid	69-24206-S
hyaluronic acid	69-24206-S
hyam	43-25789-B
hyanchal script	30-48941-S
hybrid	52-41584-B
hybrid learning	25-990-S
hybridization	25-54664-S
hybridization probe probe	25-53713-B
hydatid disease	67-16472-S
hyderabad	63-72603-B
hydramnios polyhydramnion	65-3087-S
hydraulic	23-80451-B,50-33793-B
hydraulic binder	40-30340-B
hydraulic engineering	3-46322-B
hydraulics	3-46838-B
hydride	3-143495-S
hydrobiology	3-47109-B
hydrocarbon	1-34433-S,1-35012-S,1-63031-S,1-136525-S,3-31736-S,3-47196-B,4-107108-S,4-107241-S
hydrochloric acid muriatic acid spirit of salt	3-47424-B
hydrocrystalophone	66-20072-S
hydroculture	3-47641-B
hydrodynamics	45-57019-B
hydroelectric	59-58836-B
hydroelectric energy	6-122671-B
hydroelectric power plant	3-48024-B
hydrogen	3-48176-B
hydrogen bomb	9-90558-B
hydrogeologist	63-69030-B
hydrogeology	3-48711-B
hydrographic	59-58610-B
hydrography	3-49152-B
hydrologic balance	3-49649-B
hydrologic cycle	3-49935-B
hydrologic flow	6-25109-B
hydrological cycle	25-68839-B
hydrology	3-50116-B
hydrology water science	6-30011-B
hydrolysis	3-50453-B
hydrometeorology	3-50699-B
hydrometry	6-130251-B
hydronephrosis	66-83706-B
hydronym	24-31747-B
hydropathy hydrotherapy water cure	67-73197-B
hydrophilic water soluble	39-13683-B
hydrophobic water insoluble	39-19025-B
hydrophyte	1-58615-S
hydroplaning	61-54615-S
hydroponics	25-94603-B
hydrosphere	3-51711-B
hydrostatics	45-56806-S
hydrotherapy water cure	67-73197-S
hyena	43-61501-B
hygiene	2-149416-S,3-51977-B
hygiene hygienics sanitation	5-28619-B
hygienics sanitation	5-28619-S
hygrometer	19-52232-B
hygroscope	61-75718-B
hygroscopic	58-78680-B
hygroscopically	61-76114-B
hygroscopicity	61-75925-B
hygroscopy	21-64590-B
hymen maidenhead	24-3408-B
hymeneals marriage ceremony nuptials wedding wedding ceremony marriage	7-82534-B
hymenopteran	3-52164-B
hymie kike sheeny yid	18-22544-S
hymn	48-21200-B
hyoid bone	67-60346-B
hyperactive	51-99358-B
hyperactivity	51-99566-B
hyperactivity disorder	48-7438-S
hyperbola	61-64910-B
hyperbole	17-92016-S
hyperbolic	61-64482-B
hypercortisolism	41-42812-S
hyperdactyly polydactylism	58-109546-S
hyperglycaemia hyperglycemia	65-51295-S
hyperglycemia	65-51295-S
hyperhidrosis	64-72106-B
hyperlink link	35-45402-B
hypermedia	35-46062-B
hypernym	1-221-B
hypersensitive oversensitive	15-92670-B
hypersensitivity ehs es electrical sensitivity electrohypersensitivity	65-81262-S
hypersonic	67-28876-B,67-29053-B
hypertension	41-42052-B
hypertext	7-38244-B
hypertext markup language	54-114292-S
hypertext markup language xhtml	64-54375-S
hypertonic	25-94445-B
hypertonicity	51-100997-S
hypertrophy	48-26026-B
hypervitaminosis vitamin overdose vitamin poisoning	60-64575-B
hyphen	56-16549-B
hyphenation	25-76283-B
hypnos	53-80367-B
hypoadrenalism hypoadrenocorticism hypocorticism hypocortisolism	65-9166-S
hypoadrenocorticism hypocorticism hypocortisolism	65-9166-S
hypochlorite	12-15497-B
hypocorticism hypocortisolism	65-9166-S
hypocortisolism	65-9166-S
hypocrite	24-93014-B
hypocrite phoney phony pretender	57-59117-S
hypodermic needle needle	8-44182-B
hypoglycemia hypoglycæmia	65-51516-B
hypoglycæmia	65-51516-S
hyponym	1-466-B
hypoplasia	44-14931-B
hypoptile hyporachis	68-25757-S
hyporachis	68-25757-S
hypostatisation reification	61-29234-S
hypotaxis	66-34511-B
hypotension	41-41521-B
hypotenuse	47-92917-B
hypothecary	68-33070-B
hypothecate hypothesise hypothesize speculate theorize	62-41470-S
hypothermia	61-70933-B
hypothesis	25-15685-S,52-41921-B
hypothesise hypothesize speculate theorize	62-41470-S
hypothesize speculate theorize	62-41470-S
hypotonic	25-94269-B
hypovitaminosis	60-65102-B
hypoxia	9-15194-B,9-98653-B
hyssop	66-82457-S
hysterectomy	52-55137-B
hysterical fit hissy fit	70-10562-S
hysterical pregnancy pseudocyesis pseudopregnancy	62-61915-S
hæmophilia	23-71727-S
hæmophilic	66-84152-S
hérault	34-8149-B,34-24164-B
hértevin	42-57817-B
hõne	43-53784-B
i	7-66254-B,9-40705-B
i adjective i type adjective	21-28061-B
i creole english	41-13293-S
i hate you	13-42092-B
i jen	27-34338-B
i kallahan	43-0-S
i love you	13-41912-B
i nyimang	31-24427-B
i pidgin sign language hawaii pidgin sign language	41-17519-S
i type adjective	21-28061-S
i wak	43-24443-B
i18n	16-54293-B
ia icity itas itia itude ity ivity ness ose osity ous ship th	63-45232-S
iaai	42-67469-B
iaea international atomic energy agency	12-35206-B
iaith y cofis	54-29822-B
iaith ynys môn	54-30015-B
iapama	42-67632-B
iatmul	42-67545-B
iatrogenesis	67-83959-B
ibaloi	42-70932-B
iban	17-69690-B
ibanag	42-70788-B
ibani	42-71287-B
ibarra murua	27-49987-B
ibatan	43-24292-B
ibeqqoyen	27-58496-B
iberia iberian peninsula	60-95275-B
iberian peninsula	60-95275-S
iberian romance languages ibero romance ibero romance languages	31-49999-B
iberian sea	68-74411-S
ibero romance	31-49834-S
ibero romance ibero romance languages	31-49999-S
ibero romance languages	31-49999-S
ibero romance north	31-50283-B
ibero romance north central	31-51815-B
ibero romance northwestern	31-50384-B
ibex	56-35776-B
ibibio	42-70586-B
ibidem	24-55088-B
ibility ability ality hood ia icity itas itia itude ity ivity ness ose osity ous ship th	63-45232-B
ibilo	42-70868-B
ibino	42-71075-B
ibiza	24-6334-B
ibm international business machines	53-79918-B
iboga	68-29769-B
ibrahim	39-18633-S
ibu	42-71205-B
ibuoro	42-71139-B
ibuprofen isobutylphenyl propionic acid	65-98432-S
ica	42-71351-S
icao radiotelephony spelling alphabet	14-19698-B
icarian sea	68-74916-B
icc chip card integrated circuit card smart card smartcard	36-74787-S
ice	3-52362-B,3-52948-S,26-10334-S,38-73972-B
ice age	51-32395-B
ice blue	25-6524-B
ice breaker ice breaker icebreaker	61-78636-B
ice breaker icebreaker	61-78636-S
ice cream	7-89772-B,12-89659-S
ice cube	25-6130-B
ice hockey hockey	41-42127-B
ice lolly	7-92554-B
ice metamfetamine meth methylamphetamine tik tina tweak	68-43522-S
ice sheet	66-38594-B
ice skate	13-69929-B
ice skate skate	69-21282-B
ice skating	16-92282-B
ice wine icewine	67-10799-B
iceberg	3-52665-B
icebreaker	61-78636-S
iced	38-73544-B
iced coffee	25-5933-B
iced tea	51-3693-B
iceland	7-119536-S
iceland republic of iceland	7-119536-B
icelander	17-8566-B
icelandic	8-94096-B,17-8326-B
icelandic króna	43-67532-B
icelandic sign language	42-71484-B
icetot ik	31-14449-B
iceve maci	36-53943-B
icewine	67-10799-S
iche	39-28256-S,56-76989-S
iche mixed language	39-10912-S
ichibemba	17-66522-S
ichthyologist	45-76895-B
ichthyology	24-7542-B
ichtyosis	64-70176-B
icicle	61-25478-B
icing sugar	20-60434-S
icity itas itia itude ity ivity ness ose osity ous ship th	63-45232-S
ico meo intermediate circular orbit medium earth orbit	64-14919-B
icon	69-37539-B
iconoclasm	61-37416-B
iconoclast	15-84148-B
iconography	25-78011-B
icosagon	17-46212-B
icosihenagon	17-46116-B
icterus	42-79249-S
icy	59-23016-B
id	38-28348-S
ida an	39-34274-B
idaca	42-72395-S
idaho	14-28917-B
idakho isukha tiriki	42-72155-B
idaté	42-73686-B
ide	54-55303-S
idea	33-35873-B
idea thought	9-56630-B
ideal	69-554-B,69-644-B
ideally	69-10878-B
identical same	9-30570-S
identical similar same	9-23729-S
identical twin monozygotic twin	19-53233-B
identifiable	64-16379-B
identification	22-47755-B,54-76402-S,57-19094-S
identification card identity card	56-79144-B
identification pinpoint	24-62346-B
identifier	64-38079-S
identify	22-11128-B,22-11272-B
identity	24-7317-B
identity card	56-79144-S
identity theft	54-115849-B
ideology	3-53103-B
idere	42-72464-B
idesa	42-73622-B
idi	42-73480-B
idi spoken arabic	35-1710-S
idiographic	64-13359-B
idiolect	24-7002-B
idiom	24-6456-B
idiomatic	24-7103-B
idiopathic parkinsonism paralysis agitans primary parkinsonism	42-28946-S
idiophone	18-4098-B
idiot box television television receiver tv tv set	10-98823-S
idiot not the sharpest tool in the shed putz simpleton	8-62453-S
ido	12-4149-B
ido spoken	32-35344-B
ido written	32-35086-B
ido written latin script	32-35189-B
idol	48-82281-S
idoma	42-73762-B
idon	42-72333-B
idu mishmi	39-11393-B
idun	49-45377-B
iea international energy agency	68-67674-B
ieee 802 11 802 11	54-105820-B
ieee computer society	58-34893-B
ieee institute of electrical and electronics engineers	64-69514-B
if	8-69310-B,12-28716-S
if ever if need be	33-28091-B
if need be	33-28091-S
if whether	67-67501-B
if you please	7-91495-S
iffy zweifelhaft	11-25672-S
ifo	42-74819-B
ifugao	42-74560-S,42-74652-S,42-74896-S,42-75094-S
ifè	42-74744-B
iga	27-22416-S
igala	43-313-B
igana	43-228-B
igbo	11-53041-B
igede	43-164-B
igeznayen	27-58892-B
iglesias	34-47326-S
ignaciano	43-571-B
igneous	19-32351-B
igneous rock	11-71312-B
ignition engine	2-43596-S
ignition engine compression ignition engine	2-43596-S
ignominy	42-41742-S
ignorance	59-96441-B
ignorant	54-119858-B
ignore	58-55514-B
igo	35-10657-B
iguana	34-31788-B
iguanodon	33-57169-B
igwe	43-1006-B
iha	43-1243-B
iha based pidgin	43-1068-B
ihievbe	43-1175-B
ii	67-37899-S
iise spoken	29-11850-S
ijo	43-1695-S
ik	31-14449-S
ik spoken	31-15045-B
ik written	31-14791-B
ik written latin script	31-14894-B
ikaite	67-28687-B
ikebana	57-77768-B
ikebdanen	27-58562-B
ikema jima	30-54835-B
ikizu	43-5135-B
iko	43-2039-B
ikom	43-2163-S
ikoma	43-17618-B
ikpeshi	43-2241-B
ikposo	17-27881-S
iku gora ankwa	43-2671-B
ikulu	43-2099-B
ikwere	43-5069-B
ikwo mgbo	43-25272-S
ila	43-8194-B
ile ape	43-8089-B
ileum	69-27715-B
ilgar	43-8252-S
ili turki	43-8332-B
ili uun	43-8593-B
iliad	22-27187-B
ilianen manobo	55-19156-B
ill	45-20947-S,54-123872-S,57-67214-S
ill fated	50-33191-B
ill sick	11-60885-B
ill tempered	32-65449-B
ill terminally ill	45-20947-S
ille et vilaine	34-8344-B
illegal	49-62443-B
illegal illicit prohibited	64-792-S
illegality	67-46797-B
illegalize outlaw	56-64779-S
illegally unofficially	12-37516-B
illegitimate	22-45365-B
illicit prohibited	64-792-S
illimitable measureless	61-62299-S
illinois	14-36094-B
illiteracy	60-15898-S
illiterate	19-65306-B
illness	4-125959-S,62-24302-S,62-24482-S
illness altitude sickness	11-102635-S
illness malady sickness	2-49516-S
illness sick building syndrome	5-48769-S
illogical	45-22811-S
illogically	61-51889-B
