priest	41-61001-S
priest clergyman	15-76399-B
prima facie	62-104597-B,62-104766-B
primarily principally chiefly in the main mainly	49-37435-B
primary	48-48283-B
primary case patient zero	66-30097-B
primary education	4-115266-B
primary energy consumption	4-115789-B
primary forest	4-116340-B
primary key	64-59623-B
primary parkinsonism	42-28946-S
primary school	23-83046-S
primary sector	4-116036-B
primary supporting	26-16166-B
primary teeth reborner teeth temporary teeth	67-3817-S
primary tooth temporary tooth	67-4075-S
primary treatment	6-139561-B
primate	4-116245-B,14-70223-B
primatology	45-51358-B
prime	69-5122-B
prime minister	63-54838-B
prime number	16-65488-S
prime prime number	16-65488-B
primer	61-44873-S
primiparous	68-41200-B
primitive	69-16725-B
prince	8-13853-B,8-14153-B,12-71674-S,32-38695-S,59-80459-S
prince consort	49-8528-B
princess	15-496-B,64-18914-S
princian	62-26416-S,62-26595-S
principal	21-60473-S
principal rafter rafter	15-47075-S
principality of andorra	8-1565-S
principality of liechtenstein	12-91857-S
principality of sealand sealand	16-70087-B
principally chiefly in the main mainly	49-37435-S
principle	1-156489-S,4-104156-S,6-84070-S,45-37134-S,46-93094-B,58-103742-S,66-19086-S
principles	5-140487-S
print	7-63141-B,10-4615-B,22-21945-B,40-35729-B
printer	16-40894-B,53-31511-B,61-54119-S
printer printmaker	53-31316-B
printing	18-87355-B,53-31112-B
printing industry	4-116473-B
printing machine	52-15921-S
printing work	4-116743-B
printmaker	53-31316-S
printmaking	53-30921-B
prion	66-86237-B
prior	53-41484-B
prior year	56-4075-S
priority	21-14002-B,33-61819-B
priority right of way	26-17954-B
prism	59-24961-S
prism prism	59-24961-S
prison	21-3877-B,21-4170-S
prison lockup	7-99080-S
prisoner	21-34924-B,21-35137-B
prisoner of war pow pw	46-74834-S
prisons	7-16462-S
privacy	53-77152-B,54-117905-S,65-64458-S
private	9-17485-B
private bank	9-89858-B
private enterprise number	13-35256-B
private forest	6-72498-B
private household	4-117186-B
private international law	7-15239-B
private law	4-117406-B
private network	36-75440-S,65-32016-S
private partnership	4-127891-S
private secretary	20-41742-S
private sector	4-117731-B
private soldier	9-17689-B
private transport	4-118025-B
privation	56-98283-S
privatize	25-90487-B
privilege	20-38785-S
privrško	32-58292-B
prix	24-9784-S
prize	10-105477-S,14-88113-B,44-17036-S
prize laureate nobelist	32-63694-S
pro	63-34981-B
pro russian	62-31148-B
probabilistic	20-90056-B
probability	37-74667-B
probability theory	45-61654-B
probable	33-61504-B
probable likely	33-61639-B
probably prolly	9-25651-B
probe	25-53713-S
probe probe	25-53713-S
probity	38-69788-B
problem	5-59618-S,8-14306-B,8-14455-B,12-39673-S,14-15818-S,25-34205-S,54-3747-S,58-98244-S
problem gambling	66-4410-S
problem sat	52-84009-S
problem solving troubleshooting	22-67066-B
problem you re welcome	11-22775-S
proboscidean	4-118154-B
procaryote	4-118364-B
procedural	53-40935-B
procedural law	4-118611-B
procedurally	61-46780-B
procedure	1-56939-S,6-106203-S,7-17167-S,7-18009-S,53-51578-B,53-51739-B
procedure call	66-13190-S,68-76704-S
procedure way	69-16927-S
proceed	10-76131-S,58-83700-B
proceedings	4-113132-S
proceeds	20-55921-S
process	1-14971-S,1-100800-S,3-62099-S,4-84363-S,5-122842-S,7-30548-S,53-14789-B,53-15009-B,54-81033-S,58-37631-S,66-18878-S,68-12220-S
process analysis	6-86562-B
process control	54-65492-B,54-84384-S
process execution language bpel	54-21323-S
process improvement	54-65895-B
process rup	55-78073-S
process triple alpha process	66-18878-S
process water	4-119512-B
process way	6-147915-S
processed food	7-6135-S
processed foodstuff	7-5881-B
processing	2-26198-S,3-53460-S,4-119309-B,5-21158-S,54-17263-S,63-100670-S,69-28343-S,69-74206-S
processing audio signal processing	54-17263-S
processing digital system	7-45004-S
processing industry	5-21550-S
processing system	7-22880-S
processing technique	7-45407-S
processing unit	35-47904-S
processing unit gpu graphics processing unit	35-47904-S
processing unit processor	22-90174-S
procession	68-31133-S
processor	22-90174-S,67-88844-S
processor document preparation system	36-48768-S
proclaim	69-61359-B,69-61619-S
proclaim predicate	69-61461-B
proclaim promulgate	56-14336-S
proclivity propensity tendency proneness	17-53367-S
procrastination	18-53131-B
procreate	22-596-S,24-35594-S
proctitis	62-21469-B
procure	14-7613-S,20-90258-B
prod stab	69-68000-S
produce	15-18903-B,69-53370-S
produce make	14-34285-S
producer	42-24411-B
producer liability	4-119741-B
producing carcinogenic	53-81709-S
producing round	24-35280-S
product	1-113418-S,2-27133-S,3-28603-S,4-81824-S,4-91707-S,4-120333-B,5-40525-S,6-49756-S,6-85904-S,7-31177-S,10-8681-S,48-20562-S,51-26404-S,61-24101-S,67-12010-B,67-12356-B,67-12448-B
product advertising	1-13681-B
product information	4-120551-B
product liability	4-121367-B
product life cycle	6-79335-B
product standard	4-121821-B
production	1-23006-S,2-90225-S,2-150667-S,49-7550-B,49-7704-B,49-7824-B,54-113416-S
production farm production	1-23006-S
productive	68-89256-B
productivity	4-120756-B
productivity trend	4-121067-B
products assortment	19-77247-S
profane	65-79471-B
profane violate	56-90840-S
profession	7-23369-S,44-22136-B
professional	12-46493-B,12-47758-B,44-53450-S,62-43802-S
professional killer	64-51092-S
professional professionally	61-86828-B
professional society	7-34971-B
professional training	25-85670-B
professionally	61-86828-S
professor	18-26529-B,60-83328-S,60-83518-S
profile	5-67615-S,23-57596-B,23-57787-B,40-59383-B,62-16456-S
profiling	47-62453-S
profiling dna testing dna typing genetic fingerprinting	45-81232-S
profit	4-122114-B,21-73009-B,40-54152-S,47-73844-B
profit profit profits	25-89792-S
profit profits	25-89792-S
profitable	22-41055-S,23-79812-S
profits	25-89792-S
profligacy	56-25241-S
profligate extravagant lavish wasteful	24-13840-B
profligate spendthrift	64-0-B
profligate unchaste	56-24519-S
profound	19-6063-B,50-41730-B
profoundly	50-41917-S
profusely	11-29701-S,59-17983-S
progenitor	10-2973-S,63-21130-B
progeny	62-60906-S
prognosis	51-102447-B
prognosticate promise anticipate forebode	59-30722-S
program	4-89154-S,22-36532-S,33-61936-S,70-7819-S
program application software applications software software application	19-63883-S
program computer program software program	22-36532-B
program programme	22-37600-B
program programme code hack write a program write code	22-37223-B
program refinement refinement	65-73700-B
program software program	22-36532-S
program write code	22-37223-S
programmable	53-53237-B
programme	22-37600-S
programme code hack write a program write code	22-37223-S
programme program	4-89154-S
programmer software developer	15-87945-S
programming	38-5712-S,38-6981-S,52-68514-S,54-17539-S,54-52903-S,54-53522-S,54-55975-S,54-56594-S,65-17459-S,65-19527-S
programming by contract	54-46818-S
programming coding	49-11411-S
programming event driven programming	65-19527-S
programming generative programming	54-17539-S
programming interface	63-95051-S
programming language	22-91753-B,52-67981-S
programming oop object oriented programming	52-68514-S
programming paradigm	54-56368-B
programming programming coding	49-11411-S
programming tool tool software development tool	54-81706-B
progress	44-37163-B
progression	54-3411-B,54-3589-B
progression arithmetic sequence	16-7151-S
progression geometric sequence	16-7378-S
progressive	21-16593-S,53-54845-B,53-54998-B
progressive multifocal leukoencephalopathy pml	23-31069-B
progressively	11-84962-B
prohibit proscribe veto	61-49994-S
prohibited	18-93277-S,64-792-S
prohibition	4-122405-B
proinflammatory	62-40709-B
project	4-87646-S,5-7329-S,45-97319-S,55-62421-S
project management	54-67012-B
projectile	19-13662-B
projection	7-52630-S,38-64010-B,38-64245-B,38-64454-B
projector	24-54827-S,35-68154-S,55-39741-S,67-30733-S
projector projector	67-30733-S
prokaryote	45-58242-B
prolapse	43-32653-B
proletariat	25-70043-S
proliferation	59-39177-B
prolix	20-90364-S
prolly	9-25651-S
promethium	14-67976-B
prominence	15-3660-S,39-46808-B
prominent salient remarkable	10-94764-S
promiscuity	63-21439-B
promise	10-9730-B,54-125056-B
promise anticipate forebode	59-30722-S
promised	54-124849-B
promising	69-17641-B
promote	10-82994-S,22-95111-B,23-0-B,23-153-B,39-49828-B
promoter	39-3488-B
promotion	20-90519-B,69-24047-B
promotion advertisement advertising	1-13160-B
promotion of trade and industry	6-52580-B
prompt instigate	33-33210-B
prompt rapid speedy swift	59-37118-S
promulgate	10-7274-B,56-14336-S
promulgate disseminate divulge	10-7381-B
proneness	17-53367-S
pronominal adverb	19-12366-B,33-25724-B
pronoun	15-75637-S,18-42712-B,18-44439-S,18-44711-S,18-45448-S,18-45716-S,18-46005-S,18-46333-S,18-46811-S,25-111168-S,25-111296-S
pronounce	20-57480-B,56-14585-S
pronounced	40-32860-B
pronunciation	10-98343-B
proof	52-88520-B
proof earthquake resistant	62-26127-S
proof of concept	19-12063-S
proof of concept proof of concept	19-12063-B
proof of the pudding is in the eating	24-56060-S
proof winterproof	65-13609-S
propaganda	36-64204-B
propagation	5-75656-S,39-9206-B,52-99744-B
propagule	25-51981-B
propane	50-63947-B
propanoic acid ibuprofen isobutylphenyl propionic acid	65-98432-S
propanone benzoylethanamine cathinone	67-78942-S
propellant	4-122635-B
propeller	9-31992-S
propelling pencil	66-64229-S
propellor propeller	9-31992-B
propensity tendency proneness	17-53367-S
proper	23-57331-S,27-51434-S,28-54646-S,29-47772-S,30-31602-S,33-29093-S,39-39136-S,41-27471-S
proper eastern	28-1476-S
proper name proper noun	8-50278-S
proper north	27-54821-S
proper noun	8-50278-S
proper western	27-51509-S
properly	62-46063-S
property	1-4849-S,1-132534-S,4-84587-S,6-118505-S,17-85-S,19-78288-S,20-67098-S,32-63472-S,39-6503-S,42-9803-B,56-70264-S,65-94713-S
property federal property	39-6503-S
property plant and equipment	68-28798-S
property register	3-93075-S
property tax	7-0-S
prophase	25-25777-B
prophecy	67-2719-S
prophesy	68-79620-S,69-65790-S
prophet of doom	60-67756-S
prophet seer soothsayer	57-70050-S
prophylactic rubber safety	11-40762-S
propinquity	42-5249-B
propionic acid	65-98432-S
propitiate	46-44835-S
propofol	66-79141-S
proponent advocator exponent	19-67827-S
propontis sea of marmara sea of marmora	44-7394-S
proportion	37-74835-B,37-75024-B,58-83814-B
proposal of marriage	62-68134-S
proposal proposal of marriage	62-68134-B
proposals	67-82101-S
propose	52-107837-B
propose again	21-18792-B
propose pop the question	62-68372-B
proposition	63-30510-B
propositional	53-100896-B
propositional calculus	53-101072-B
proprietary	53-77503-B
proprietary software	53-77742-B
proscribe veto	61-49994-S
proscription	48-61278-S
prosecution	4-122746-B
prosecutor	19-36908-B,20-90919-S
prosecutors office	32-64197-S
prospect	65-99338-S
prospective	24-15884-B
prosperity	4-122996-B
prostaglandin	54-104720-B
prostate	35-72813-B
prostate cancer	24-66999-B
prostatectomy	54-105164-B
prostatic	54-104577-B
prostatism	54-105323-S
prostatitis	62-13664-B
prosthesis	13-65227-B
prostitute oneself	62-37124-S
prostitute street strumpet streetwalker	57-2229-S
prostitute strumpet trollop whore	35-14376-S
prostitution	16-37992-B
protactinium	14-84924-B
protagonist agonist hero	10-115927-B
protease	26-8102-S
protect defend	8-14809-S
protection	1-50099-S,1-73937-S,1-97669-S,1-142203-S,1-144454-S,2-4615-S,2-26650-S,2-103382-S,2-138269-S,3-35203-S,4-33014-S,4-92637-S,4-135436-S,6-28669-S,6-65735-S,6-65928-S,6-72930-S,6-132244-S,6-141071-S,22-90912-B,22-91271-B
protection apparatus	5-10236-S
protection area	4-123070-S
protection auspices	62-62688-S
protection cost	2-103564-S
protection of species	4-123471-B
protection product	4-91707-S
protection refuge shelter shield shielding	70-2356-S
protection system	4-123755-B
protectionism	68-70526-B
protective	59-43453-B
protectorate	45-68545-B
protein	4-124083-S
protein biosynthesis	45-77038-B
protein domain	67-82577-S
protein engineering	63-103335-B
protest	13-16356-S
protest vote	63-52657-B
protestantism	42-3547-B
proteus	67-9168-S
protium	47-89732-B
proto germanic common germanic germanic	65-82903-B
proto greek	27-43614-B
proto indo european	40-11433-S
protocell	53-89592-B
protocol	4-124411-B,36-74112-S,39-7920-S,43-50784-S,52-96574-B,63-30103-S,65-32507-S,65-33381-S,65-33756-S,65-35171-S,65-35462-S,65-37154-S,65-46110-S,65-46444-S,65-55150-S,66-11957-S,66-27192-S
protocol bgp	54-107984-S
protocol dhcp dynamic host configuration protocol	63-30103-S
protocol protocol	65-37154-S
protocol suite tcp ip	65-66939-S
protohistory	48-56553-B
proton	12-21557-B
protoplast	25-54978-B
prototype	58-46654-S
prototype kilogram ipk	53-84024-S
protozoan	4-124506-B
protrude	40-34993-B
protruding	40-34971-B
proud	67-26870-B,67-30256-B,67-30432-S
prouvençau castellane	32-2434-B
prouvençau formal	32-1362-B
prove show demonstrate shew	20-15964-S
provenance	14-7384-B
provence	34-1882-S
provender	2-146624-S
provençal	32-331-B,66-24099-S
provençal maritime	32-1241-B
provençal patois	9-30867-S
provençal spoken	32-1119-B,32-20715-S
provençal written	32-633-B,32-20400-S
provençal written latin script	32-766-B,32-20541-S
provençal written latin script mistral model	32-928-B
prover	63-111597-B
proverb saying	23-24661-S
proverbial	39-4044-B
provide	22-19624-B
provide furnish render supply	16-46415-B
provided with	40-34887-S
provider	7-36089-S
provider internet service provider	7-36089-S
province	4-124932-B,34-64843-B
province of trieste	34-72300-S
provincial city	63-72108-S
provincialism regionalism	67-45708-B
proving automated deduction	58-87685-S
provirus	48-33579-B
provision of services	20-82093-B
provision stipulation	44-59616-S
provision supply	19-72227-B
provoke	23-40453-B,23-40572-B
proximal	63-21252-B
proxy proxy server	22-92116-B
proxy server	22-92116-S
prudery	63-69710-B
pruebas estructurales structural testing transparent box testing	65-29046-S
pruning	6-71888-B
pruritic	66-47934-S
pruritus	48-33838-B
prussia	54-131226-B
prussian	27-39950-B,59-83882-B,59-84099-B
prussic acid	56-54735-B
prut n	32-56568-B
pry	69-67835-S
pry bar	25-37977-S
príncipe	12-94828-S
príncipe dobra	55-47697-S
ps horsepower metric horsepower	63-35539-B
psalterium	15-54080-S
pseudo cyrillic pseudo russian	59-82561-S
pseudo russian	59-82561-S
pseudo wanna be wannabe would be	18-37288-B
pseudocyesis pseudopregnancy	62-61915-S
pseudogene	45-80373-B
pseudohypertrophic muscular dystrophy	44-22438-S
pseudonym	14-50540-B
pseudopregnancy	62-61915-S
pskov	37-21018-B
pskovskiy	32-53459-B
psora	52-21196-S
psoriasis psora	52-21196-B
pspp	64-57818-B
pstn public circuit switched telephone network public switched telephone network telephone network	20-76834-B
psychedelic	68-68618-B
psychedelic psychedelic substance	68-68370-B
psychedelic substance	68-68370-S
psychiatric	69-11199-B
psychiatrist	17-98636-B
psychiatry	17-95932-B
psychic	20-27855-S
psychoactive psychotropic	65-82806-B
psychologic psychological	66-66413-B
psychological	66-66413-S
psychological resilience resilience	64-42704-B
psychologically	66-66503-B
psychologist	42-5050-B
psychology	2-103752-S,4-125589-B,6-81780-S,36-39430-S,36-40690-S,36-40960-S,36-41208-S,36-41508-S,66-66104-S
psychometric psychology	36-40960-B
psychomotor	51-48392-B
psychopathology	69-11950-B
psychophysical	53-54184-B
psychophysics	53-54397-B
psychosomatic illness	4-125959-B
psychotropic	65-82806-S
psychrometer	20-1706-B
pteromechanophobia	56-46072-S
ptisan tisane	18-56124-S
ptsd post traumatic stress disorder posttraumatic stress disorder	68-82526-B
ptyalagogic sialagogic	24-88340-B
ptyalagogue sialagogue	24-88409-B
pu xian	39-17351-B
pub public house	9-77443-S
pubarche	67-77822-B
pubes pubic hair	57-87461-S
pubic bone pubis	66-24626-B
pubic hair	57-87461-S,67-77746-B
pubis	66-24626-S
pubis mons veneris	51-51822-S
public	6-76155-B
public action	4-126157-B
public address amplifier	55-60622-B
public authority	20-49313-B
public bath	4-126377-B
public building	4-126446-B
public circuit switched telephone network public switched telephone network telephone network	20-76834-S
public debt	7-13301-S
public health	4-126591-B
public house	9-77443-S
public inquiry	6-105326-B
public institution	6-143887-B
public international law	7-15572-B
public law	4-126828-B
public library	25-67330-B,51-93287-S
public license gnu gpl gpl	50-45638-S
public opinion	4-126947-B
public opinion poll	51-97587-S
public opinion polling	4-127165-B
public park	4-127362-B
public participation	4-127754-B
public phone public telephone	68-51497-S
public private partnership	4-127891-B
public prosecutor	20-90919-B
public prosecutors office	32-64197-B
public relations	7-40422-B
public sector	4-128308-B
public service public utility utility	4-128516-B
public switched telephone network telephone network	20-76834-S
public telephone	68-51497-S
